{
"type": "FeatureCollection",
"name": "動物多樣性熱區",
"xy_coordinate_resolution": 1e-06,
"features": [
{"type":"Feature","properties":{"GridID":8528,"ELE":1050,"MAMMAL":25.0,"BIRD":44.0,"AMPHIBIAN":12.0,"REPTILE":29.0,"BUTTERFLY":80.0,"maml_fst":"24","maml_opn":"12","bird_fst":"40","bird_opn":"10","bird_rvwet":"2","rptl_fst":"25","rptl_opn":"13","rptl_rvwet":"3","amph_fst":"11","amph_opn":"7","anm_hs_fst":1.0,"anm_hs_opn":0.0,"anm_hs_rvw":0.0,"anm_hotsp":2},"geometry":{"type":"Polygon","coordinates":[[[120.608179,23.556836],[120.608012,23.556835],[120.608029,23.556472],[120.607614,23.555656],[120.607911,23.554207],[120.607583,23.553911],[120.607212,23.553705],[120.607543,23.553071],[120.608192,23.552721],[120.608179,23.556836]]]}},
{"type":"Feature","properties":{"GridID":8529,"ELE":1020,"MAMMAL":24.0,"BIRD":49.0,"AMPHIBIAN":15.0,"REPTILE":38.0,"BUTTERFLY":79.0,"maml_fst":"22","maml_opn":"13","bird_fst":"42","bird_opn":"13","bird_rvwet":"4","rptl_fst":"32","rptl_opn":"17","rptl_rvwet":"3","amph_fst":"12","amph_opn":"11","anm_hs_fst":1.0,"anm_hs_opn":0.0,"anm_hs_rvw":0.0,"anm_hotsp":2},"geometry":{"type":"MultiPolygon","coordinates":[[[[120.608153,23.565865],[120.605527,23.565859],[120.605525,23.56578],[120.605756,23.565392],[120.606522,23.564721],[120.606753,23.564307],[120.606782,23.563871],[120.606915,23.563456],[120.607322,23.563161],[120.608162,23.562731],[120.608153,23.565865]]],[[[120.608172,23.559173],[120.608088,23.559025],[120.608012,23.556835],[120.608179,23.556836],[120.608172,23.559173]]]]}},
{"type":"Feature","properties":{"GridID":8530,"ELE":848,"MAMMAL":21.0,"BIRD":41.0,"AMPHIBIAN":12.0,"REPTILE":31.0,"BUTTERFLY":79.0,"maml_fst":"20","maml_opn":"12","bird_fst":"38","bird_opn":"11","bird_rvwet":"3","rptl_fst":"27","rptl_opn":"16","rptl_rvwet":"3","amph_fst":"12","amph_opn":"7","anm_hs_fst":0.0,"anm_hs_opn":0.0,"anm_hs_rvw":0.0,"anm_hotsp":1},"geometry":{"type":"Polygon","coordinates":[[[120.608149,23.567199],[120.606918,23.566689],[120.605837,23.566438],[120.605532,23.566227],[120.605527,23.565859],[120.608153,23.565865],[120.608149,23.567199]]]}},
{"type":"Feature","properties":{"GridID":8758,"ELE":769,"MAMMAL":18.0,"BIRD":46.0,"AMPHIBIAN":12.0,"REPTILE":33.0,"BUTTERFLY":82.0,"maml_fst":"17","maml_opn":"10","bird_fst":"40","bird_opn":"13","bird_rvwet":"5","rptl_fst":"27","rptl_opn":"18","rptl_rvwet":"3","amph_fst":"12","amph_opn":"6","anm_hs_fst":0.0,"anm_hs_opn":0.0,"anm_hs_rvw":0.0,"anm_hotsp":1},"geometry":{"type":"Polygon","coordinates":[[[120.618001,23.54783],[120.61548,23.547824],[120.616604,23.547188],[120.616472,23.546364],[120.61652,23.545879],[120.616689,23.545468],[120.61783,23.544107],[120.618012,23.543995],[120.618001,23.54783]]]}},
{"type":"Feature","properties":{"GridID":8759,"ELE":985,"MAMMAL":25.0,"BIRD":44.0,"AMPHIBIAN":11.0,"REPTILE":32.0,"BUTTERFLY":78.0,"maml_fst":"24","maml_opn":"13","bird_fst":"38","bird_opn":"13","bird_rvwet":"4","rptl_fst":"27","rptl_opn":"15","rptl_rvwet":"3","amph_fst":"10","amph_opn":"7","anm_hs_fst":1.0,"anm_hs_opn":0.0,"anm_hs_rvw":0.0,"anm_hotsp":2},"geometry":{"type":"Polygon","coordinates":[[[120.617975,23.55686],[120.608179,23.556836],[120.608192,23.552721],[120.609128,23.552526],[120.609505,23.552243],[120.610796,23.5517],[120.611524,23.551155],[120.611866,23.550684],[120.6122,23.550376],[120.613137,23.549769],[120.613897,23.549082],[120.614754,23.548538],[120.61548,23.547824],[120.618001,23.54783],[120.617975,23.55686]]]}},
{"type":"Feature","properties":{"GridID":8760,"ELE":962,"MAMMAL":25.0,"BIRD":42.0,"AMPHIBIAN":13.0,"REPTILE":32.0,"BUTTERFLY":80.0,"maml_fst":"24","maml_opn":"13","bird_fst":"38","bird_opn":"10","bird_rvwet":"3","rptl_fst":"27","rptl_opn":"15","rptl_rvwet":"3","amph_fst":"12","amph_opn":"9","anm_hs_fst":1.0,"anm_hs_opn":0.0,"anm_hs_rvw":0.0,"anm_hotsp":2},"geometry":{"type":"Polygon","coordinates":[[[120.617949,23.56589],[120.608153,23.565865],[120.608162,23.562731],[120.608567,23.562449],[120.608822,23.562079],[120.608814,23.561594],[120.608642,23.561146],[120.608364,23.560771],[120.608404,23.559846],[120.608172,23.559173],[120.608179,23.556836],[120.617975,23.55686],[120.617949,23.56589]]]}},
{"type":"Feature","properties":{"GridID":8761,"ELE":1085,"MAMMAL":25.0,"BIRD":44.0,"AMPHIBIAN":11.0,"REPTILE":28.0,"BUTTERFLY":78.0,"maml_fst":"24","maml_opn":"13","bird_fst":"41","bird_opn":"9","bird_rvwet":"2","rptl_fst":"25","rptl_opn":"13","rptl_rvwet":"3","amph_fst":"10","amph_opn":"7","anm_hs_fst":1.0,"anm_hs_opn":0.0,"anm_hs_rvw":0.0,"anm_hotsp":2},"geometry":{"type":"Polygon","coordinates":[[[120.617922,23.57492],[120.61717,23.574918],[120.617394,23.574316],[120.61719,23.573959],[120.616764,23.573655],[120.615362,23.573004],[120.615023,23.572594],[120.614464,23.572178],[120.614006,23.571953],[120.61376,23.571483],[120.611204,23.568632],[120.610614,23.568181],[120.610029,23.56792],[120.60896,23.567651],[120.608149,23.567199],[120.608153,23.565865],[120.617949,23.56589],[120.617922,23.57492]]]}},
{"type":"Feature","properties":{"GridID":8762,"ELE":961,"MAMMAL":23.0,"BIRD":45.0,"AMPHIBIAN":12.0,"REPTILE":32.0,"BUTTERFLY":81.0,"maml_fst":"22","maml_opn":"12","bird_fst":"40","bird_opn":"9","bird_rvwet":"4","rptl_fst":"27","rptl_opn":"16","rptl_rvwet":"3","amph_fst":"12","amph_opn":"6","anm_hs_fst":0.0,"anm_hs_opn":0.0,"anm_hs_rvw":0.0,"anm_hotsp":1},"geometry":{"type":"Polygon","coordinates":[[[120.617908,23.580012],[120.617342,23.57961],[120.617114,23.579196],[120.617056,23.57879],[120.617099,23.578146],[120.616915,23.576902],[120.61717,23.574918],[120.617922,23.57492],[120.617908,23.580012]]]}},
{"type":"Feature","properties":{"GridID":8789,"ELE":95,"MAMMAL":19.0,"BIRD":57.0,"AMPHIBIAN":16.0,"REPTILE":30.0,"BUTTERFLY":36.0,"maml_fst":"9","maml_opn":"16","bird_fst":"29","bird_opn":"32","bird_rvwet":"9","rptl_fst":"20","rptl_opn":"19","rptl_rvwet":"4","amph_fst":"12","amph_opn":"12","anm_hs_fst":0.0,"anm_hs_opn":2.0,"anm_hs_rvw":0.0,"anm_hotsp":1},"geometry":{"type":"Polygon","coordinates":[[[120.617186,23.827752],[120.60737,23.827727],[120.607397,23.818698],[120.617212,23.818722],[120.617186,23.827752]]]}},
{"type":"Feature","properties":{"GridID":8795,"ELE":133,"MAMMAL":21.0,"BIRD":58.0,"AMPHIBIAN":17.0,"REPTILE":35.0,"BUTTERFLY":28.0,"maml_fst":"12","maml_opn":"16","bird_fst":"33","bird_opn":"31","bird_rvwet":"7","rptl_fst":"24","rptl_opn":"23","rptl_rvwet":"5","amph_fst":"13","amph_opn":"13","anm_hs_fst":0.0,"anm_hs_opn":3.0,"anm_hs_rvw":0.0,"anm_hotsp":2},"geometry":{"type":"Polygon","coordinates":[[[120.617027,23.881929],[120.607207,23.881905],[120.607234,23.872875],[120.617053,23.8729],[120.617027,23.881929]]]}},
{"type":"Feature","properties":{"GridID":8796,"ELE":108,"MAMMAL":20.0,"BIRD":56.0,"AMPHIBIAN":18.0,"REPTILE":35.0,"BUTTERFLY":50.0,"maml_fst":"10","maml_opn":"16","bird_fst":"30","bird_opn":"30","bird_rvwet":"9","rptl_fst":"25","rptl_opn":"22","rptl_rvwet":"4","amph_fst":"14","amph_opn":"13","anm_hs_fst":0.0,"anm_hs_opn":3.0,"anm_hs_rvw":0.0,"anm_hotsp":1},"geometry":{"type":"Polygon","coordinates":[[[120.617,23.890959],[120.60718,23.890934],[120.607207,23.881905],[120.617027,23.881929],[120.617,23.890959]]]}},
{"type":"Feature","properties":{"GridID":8804,"ELE":137,"MAMMAL":21.0,"BIRD":57.0,"AMPHIBIAN":18.0,"REPTILE":38.0,"BUTTERFLY":47.0,"maml_fst":"12","maml_opn":"16","bird_fst":"35","bird_opn":"29","bird_rvwet":"6","rptl_fst":"26","rptl_opn":"23","rptl_rvwet":"5","amph_fst":"14","amph_opn":"13","anm_hs_fst":0.0,"anm_hs_opn":3.0,"anm_hs_rvw":0.0,"anm_hotsp":2},"geometry":{"type":"Polygon","coordinates":[[[120.616787,23.963194],[120.606961,23.96317],[120.606988,23.95414],[120.616813,23.954165],[120.616787,23.963194]]]}},
{"type":"Feature","properties":{"GridID":8808,"ELE":215,"MAMMAL":15.0,"BIRD":56.0,"AMPHIBIAN":17.0,"REPTILE":36.0,"BUTTERFLY":40.0,"maml_fst":"10","maml_opn":"11","bird_fst":"39","bird_opn":"25","bird_rvwet":"5","rptl_fst":"25","rptl_opn":"22","rptl_rvwet":"5","amph_fst":"13","amph_opn":"12","anm_hs_fst":0.0,"anm_hs_opn":1.0,"anm_hs_rvw":0.0,"anm_hotsp":1},"geometry":{"type":"Polygon","coordinates":[[[120.612586,23.990272],[120.611414,23.99487],[120.611223,23.995326],[120.610198,23.996825],[120.609149,23.999293],[120.606851,23.999287],[120.606879,23.990258],[120.612586,23.990272]]]}},
{"type":"Feature","properties":{"GridID":8991,"ELE":728,"MAMMAL":22.0,"BIRD":41.0,"AMPHIBIAN":14.0,"REPTILE":33.0,"BUTTERFLY":81.0,"maml_fst":"21","maml_opn":"12","bird_fst":"36","bird_opn":"11","bird_rvwet":"4","rptl_fst":"28","rptl_opn":"16","rptl_rvwet":"3","amph_fst":"14","amph_opn":"8","anm_hs_fst":1.0,"anm_hs_opn":0.0,"anm_hs_rvw":0.0,"anm_hotsp":1},"geometry":{"type":"Polygon","coordinates":[[[120.627821,23.538824],[120.624086,23.538815],[120.624571,23.538424],[120.625583,23.538185],[120.625989,23.537996],[120.626718,23.537354],[120.627555,23.537004],[120.627827,23.536802],[120.627821,23.538824]]]}},
{"type":"Feature","properties":{"GridID":8992,"ELE":838,"MAMMAL":20.0,"BIRD":46.0,"AMPHIBIAN":16.0,"REPTILE":32.0,"BUTTERFLY":79.0,"maml_fst":"19","maml_opn":"11","bird_fst":"40","bird_opn":"14","bird_rvwet":"4","rptl_fst":"26","rptl_opn":"17","rptl_rvwet":"3","amph_fst":"15","amph_opn":"9","anm_hs_fst":0.0,"anm_hs_opn":0.0,"anm_hs_rvw":0.0,"anm_hotsp":1},"geometry":{"type":"Polygon","coordinates":[[[120.627795,23.547854],[120.618001,23.54783],[120.618012,23.543995],[120.618644,23.543477],[120.618917,23.543117],[120.619367,23.542231],[120.620023,23.541458],[120.620233,23.540635],[120.62047,23.540209],[120.62188,23.539453],[120.623223,23.539229],[120.623763,23.539054],[120.624086,23.538815],[120.627821,23.538824],[120.627795,23.547854]]]}},
{"type":"Feature","properties":{"GridID":8993,"ELE":774,"MAMMAL":20.0,"BIRD":48.0,"AMPHIBIAN":15.0,"REPTILE":35.0,"BUTTERFLY":81.0,"maml_fst":"19","maml_opn":"11","bird_fst":"42","bird_opn":"15","bird_rvwet":"3","rptl_fst":"29","rptl_opn":"19","rptl_rvwet":"3","amph_fst":"13","amph_opn":"10","anm_hs_fst":1.0,"anm_hs_opn":0.0,"anm_hs_rvw":0.0,"anm_hotsp":2},"geometry":{"type":"Polygon","coordinates":[[[120.62777,23.556884],[120.617975,23.55686],[120.618001,23.54783],[120.627795,23.547854],[120.62777,23.556884]]]}},
{"type":"Feature","properties":{"GridID":8997,"ELE":1148,"MAMMAL":27.0,"BIRD":47.0,"AMPHIBIAN":7.0,"REPTILE":30.0,"BUTTERFLY":78.0,"maml_fst":"26","maml_opn":"14","bird_fst":"42","bird_opn":"11","bird_rvwet":"3","rptl_fst":"26","rptl_opn":"13","rptl_rvwet":"2","amph_fst":"7","amph_opn":"4","anm_hs_fst":1.0,"anm_hs_opn":0.0,"anm_hs_rvw":0.0,"anm_hotsp":2},"geometry":{"type":"Polygon","coordinates":[[[120.627668,23.593003],[120.625261,23.592997],[120.625271,23.592382],[120.625189,23.591953],[120.624868,23.591063],[120.623842,23.590112],[120.623529,23.589651],[120.623556,23.588766],[120.623426,23.588312],[120.623394,23.587799],[120.623098,23.587458],[120.622134,23.587099],[120.621535,23.586377],[120.621313,23.585929],[120.621022,23.585588],[120.619353,23.583953],[120.627694,23.583973],[120.627668,23.593003]]]}},
{"type":"Feature","properties":{"GridID":8998,"ELE":872,"MAMMAL":21.0,"BIRD":41.0,"AMPHIBIAN":14.0,"REPTILE":34.0,"BUTTERFLY":81.0,"maml_fst":"20","maml_opn":"12","bird_fst":"37","bird_opn":"12","bird_rvwet":"0","rptl_fst":"29","rptl_opn":"18","rptl_rvwet":"3","amph_fst":"14","amph_opn":"7","anm_hs_fst":1.0,"anm_hs_opn":0.0,"anm_hs_rvw":0.0,"anm_hotsp":1},"geometry":{"type":"Polygon","coordinates":[[[120.627652,23.598877],[120.627302,23.598548],[120.627104,23.598161],[120.627083,23.597243],[120.62619,23.595276],[120.625416,23.594304],[120.625195,23.593827],[120.625261,23.592997],[120.627668,23.593003],[120.627652,23.598877]]]}},
{"type":"Feature","properties":{"GridID":9022,"ELE":109,"MAMMAL":22.0,"BIRD":57.0,"AMPHIBIAN":17.0,"REPTILE":31.0,"BUTTERFLY":45.0,"maml_fst":"12","maml_opn":"16","bird_fst":"30","bird_opn":"32","bird_rvwet":"8","rptl_fst":"20","rptl_opn":"19","rptl_rvwet":"4","amph_fst":"13","amph_opn":"13","anm_hs_fst":0.0,"anm_hs_opn":2.0,"anm_hs_rvw":0.0,"anm_hotsp":1},"geometry":{"type":"Polygon","coordinates":[[[120.627027,23.818746],[120.617212,23.818722],[120.617239,23.809693],[120.627053,23.809717],[120.627027,23.818746]]]}},
{"type":"Feature","properties":{"GridID":9023,"ELE":190,"MAMMAL":23.0,"BIRD":59.0,"AMPHIBIAN":19.0,"REPTILE":33.0,"BUTTERFLY":61.0,"maml_fst":"17","maml_opn":"15","bird_fst":"39","bird_opn":"26","bird_rvwet":"8","rptl_fst":"21","rptl_opn":"22","rptl_rvwet":"5","amph_fst":"15","amph_opn":"13","anm_hs_fst":0.0,"anm_hs_opn":2.0,"anm_hs_rvw":0.0,"anm_hotsp":1},"geometry":{"type":"Polygon","coordinates":[[[120.627001,23.827776],[120.617186,23.827752],[120.617212,23.818722],[120.627027,23.818746],[120.627001,23.827776]]]}},
{"type":"Feature","properties":{"GridID":9024,"ELE":293,"MAMMAL":19.0,"BIRD":51.0,"AMPHIBIAN":20.0,"REPTILE":33.0,"BUTTERFLY":65.0,"maml_fst":"16","maml_opn":"12","bird_fst":"39","bird_opn":"19","bird_rvwet":"5","rptl_fst":"24","rptl_opn":"21","rptl_rvwet":"4","amph_fst":"16","amph_opn":"13","anm_hs_fst":1.0,"anm_hs_opn":0.0,"anm_hs_rvw":1.0,"anm_hotsp":1},"geometry":{"type":"Polygon","coordinates":[[[120.626975,23.836806],[120.617159,23.836782],[120.617186,23.827752],[120.627001,23.827776],[120.626975,23.836806]]]}},
{"type":"Feature","properties":{"GridID":9031,"ELE":227,"MAMMAL":25.0,"BIRD":53.0,"AMPHIBIAN":19.0,"REPTILE":33.0,"BUTTERFLY":55.0,"maml_fst":"20","maml_opn":"15","bird_fst":"39","bird_opn":"20","bird_rvwet":"6","rptl_fst":"23","rptl_opn":"20","rptl_rvwet":"4","amph_fst":"15","amph_opn":"13","anm_hs_fst":0.0,"anm_hs_opn":1.0,"anm_hs_rvw":0.0,"anm_hotsp":1},"geometry":{"type":"Polygon","coordinates":[[[120.626794,23.900012],[120.616973,23.899988],[120.617,23.890959],[120.62682,23.890983],[120.626794,23.900012]]]}},
{"type":"Feature","properties":{"GridID":9032,"ELE":222,"MAMMAL":22.0,"BIRD":57.0,"AMPHIBIAN":18.0,"REPTILE":33.0,"BUTTERFLY":50.0,"maml_fst":"17","maml_opn":"14","bird_fst":"39","bird_opn":"25","bird_rvwet":"7","rptl_fst":"23","rptl_opn":"22","rptl_rvwet":"5","amph_fst":"14","amph_opn":"13","anm_hs_fst":0.0,"anm_hs_opn":1.0,"anm_hs_rvw":0.0,"anm_hotsp":1},"geometry":{"type":"Polygon","coordinates":[[[120.626768,23.909042],[120.616947,23.909018],[120.616973,23.899988],[120.626794,23.900012],[120.626768,23.909042]]]}},
{"type":"Feature","properties":{"GridID":9036,"ELE":242,"MAMMAL":21.0,"BIRD":52.0,"AMPHIBIAN":20.0,"REPTILE":33.0,"BUTTERFLY":67.0,"maml_fst":"15","maml_opn":"13","bird_fst":"39","bird_opn":"23","bird_rvwet":"2","rptl_fst":"25","rptl_opn":"20","rptl_rvwet":"3","amph_fst":"16","amph_opn":"13","anm_hs_fst":1.0,"anm_hs_opn":0.0,"anm_hs_rvw":1.0,"anm_hotsp":1},"geometry":{"type":"Polygon","coordinates":[[[120.626665,23.94516],[120.61684,23.945136],[120.616867,23.936106],[120.626691,23.93613],[120.626665,23.94516]]]}},
{"type":"Feature","properties":{"GridID":9037,"ELE":244,"MAMMAL":18.0,"BIRD":52.0,"AMPHIBIAN":19.0,"REPTILE":35.0,"BUTTERFLY":63.0,"maml_fst":"15","maml_opn":"11","bird_fst":"38","bird_opn":"23","bird_rvwet":"4","rptl_fst":"25","rptl_opn":"21","rptl_rvwet":"5","amph_fst":"15","amph_opn":"13","anm_hs_fst":0.0,"anm_hs_opn":0.0,"anm_hs_rvw":0.0,"anm_hotsp":1},"geometry":{"type":"Polygon","coordinates":[[[120.626639,23.954189],[120.616813,23.954165],[120.61684,23.945136],[120.626665,23.94516],[120.626639,23.954189]]]}},
{"type":"Feature","properties":{"GridID":9227,"ELE":1035,"MAMMAL":27.0,"BIRD":46.0,"AMPHIBIAN":12.0,"REPTILE":31.0,"BUTTERFLY":81.0,"maml_fst":"26","maml_opn":"13","bird_fst":"42","bird_opn":"9","bird_rvwet":"2","rptl_fst":"28","rptl_opn":"13","rptl_rvwet":"3","amph_fst":"11","amph_opn":"8","anm_hs_fst":2.0,"anm_hs_opn":0.0,"anm_hs_rvw":0.0,"anm_hotsp":2},"geometry":{"type":"Polygon","coordinates":[[[120.63764,23.529817],[120.634784,23.52981],[120.635013,23.529559],[120.635423,23.528821],[120.636269,23.527941],[120.637058,23.527572],[120.637646,23.527565],[120.63764,23.529817]]]}},
{"type":"Feature","properties":{"GridID":9228,"ELE":952,"MAMMAL":26.0,"BIRD":48.0,"AMPHIBIAN":15.0,"REPTILE":35.0,"BUTTERFLY":80.0,"maml_fst":"25","maml_opn":"13","bird_fst":"42","bird_opn":"13","bird_rvwet":"4","rptl_fst":"30","rptl_opn":"15","rptl_rvwet":"3","amph_fst":"14","amph_opn":"10","anm_hs_fst":2.0,"anm_hs_opn":0.0,"anm_hs_rvw":0.0,"anm_hotsp":3},"geometry":{"type":"Polygon","coordinates":[[[120.637615,23.538847],[120.627821,23.538824],[120.627827,23.536802],[120.628011,23.536664],[120.628303,23.536245],[120.628442,23.535812],[120.628715,23.535447],[120.6293,23.535103],[120.629773,23.53496],[120.631073,23.534249],[120.631946,23.533884],[120.632803,23.533244],[120.633596,23.532194],[120.633868,23.531357],[120.634171,23.53095],[120.63448,23.530194],[120.634784,23.52981],[120.63764,23.529817],[120.637615,23.538847]]]}},
{"type":"Feature","properties":{"GridID":9230,"ELE":593,"MAMMAL":19.0,"BIRD":41.0,"AMPHIBIAN":20.0,"REPTILE":35.0,"BUTTERFLY":70.0,"maml_fst":"16","maml_opn":"11","bird_fst":"34","bird_opn":"16","bird_rvwet":"3","rptl_fst":"26","rptl_opn":"21","rptl_rvwet":"4","amph_fst":"16","amph_opn":"13","anm_hs_fst":1.0,"anm_hs_opn":0.0,"anm_hs_rvw":1.0,"anm_hotsp":2},"geometry":{"type":"Polygon","coordinates":[[[120.637565,23.556907],[120.62777,23.556884],[120.627795,23.547854],[120.63759,23.547877],[120.637565,23.556907]]]}},
{"type":"Feature","properties":{"GridID":9231,"ELE":596,"MAMMAL":18.0,"BIRD":46.0,"AMPHIBIAN":14.0,"REPTILE":33.0,"BUTTERFLY":78.0,"maml_fst":"17","maml_opn":"10","bird_fst":"38","bird_opn":"15","bird_rvwet":"5","rptl_fst":"26","rptl_opn":"19","rptl_rvwet":"3","amph_fst":"14","amph_opn":"7","anm_hs_fst":0.0,"anm_hs_opn":0.0,"anm_hs_rvw":0.0,"anm_hotsp":1},"geometry":{"type":"Polygon","coordinates":[[[120.637541,23.565937],[120.627745,23.565914],[120.62777,23.556884],[120.637565,23.556907],[120.637541,23.565937]]]}},
{"type":"Feature","properties":{"GridID":9232,"ELE":809,"MAMMAL":19.0,"BIRD":37.0,"AMPHIBIAN":14.0,"REPTILE":30.0,"BUTTERFLY":80.0,"maml_fst":"18","maml_opn":"10","bird_fst":"33","bird_opn":"11","bird_rvwet":"0","rptl_fst":"27","rptl_opn":"15","rptl_rvwet":"2","amph_fst":"13","amph_opn":"9","anm_hs_fst":0.0,"anm_hs_opn":0.0,"anm_hs_rvw":0.0,"anm_hotsp":1},"geometry":{"type":"Polygon","coordinates":[[[120.637516,23.574967],[120.627719,23.574943],[120.627745,23.565914],[120.637541,23.565937],[120.637516,23.574967]]]}},
{"type":"Feature","properties":{"GridID":9234,"ELE":930,"MAMMAL":19.0,"BIRD":42.0,"AMPHIBIAN":15.0,"REPTILE":35.0,"BUTTERFLY":77.0,"maml_fst":"18","maml_opn":"9","bird_fst":"37","bird_opn":"12","bird_rvwet":"1","rptl_fst":"30","rptl_opn":"17","rptl_rvwet":"3","amph_fst":"13","amph_opn":"10","anm_hs_fst":1.0,"anm_hs_opn":0.0,"anm_hs_rvw":0.0,"anm_hotsp":1},"geometry":{"type":"Polygon","coordinates":[[[120.637466,23.593026],[120.627668,23.593003],[120.627694,23.583973],[120.637491,23.583996],[120.637466,23.593026]]]}},
{"type":"Feature","properties":{"GridID":9235,"ELE":760,"MAMMAL":18.0,"BIRD":43.0,"AMPHIBIAN":18.0,"REPTILE":33.0,"BUTTERFLY":78.0,"maml_fst":"17","maml_opn":"10","bird_fst":"38","bird_opn":"12","bird_rvwet":"0","rptl_fst":"27","rptl_opn":"19","rptl_rvwet":"3","amph_fst":"15","amph_opn":"11","anm_hs_fst":0.0,"anm_hs_opn":0.0,"anm_hs_rvw":0.0,"anm_hotsp":1},"geometry":{"type":"Polygon","coordinates":[[[120.637441,23.602056],[120.629776,23.602038],[120.629754,23.601346],[120.629569,23.600917],[120.628837,23.599967],[120.627652,23.598877],[120.627668,23.593003],[120.637466,23.593026],[120.637441,23.602056]]]}},
{"type":"Feature","properties":{"GridID":9236,"ELE":749,"MAMMAL":20.0,"BIRD":43.0,"AMPHIBIAN":18.0,"REPTILE":33.0,"BUTTERFLY":80.0,"maml_fst":"19","maml_opn":"11","bird_fst":"39","bird_opn":"13","bird_rvwet":"0","rptl_fst":"27","rptl_opn":"19","rptl_rvwet":"3","amph_fst":"15","amph_opn":"12","anm_hs_fst":0.0,"anm_hs_opn":0.0,"anm_hs_rvw":0.0,"anm_hotsp":1},"geometry":{"type":"Polygon","coordinates":[[[120.637417,23.611086],[120.631088,23.611071],[120.630537,23.610442],[120.630339,23.610085],[120.630232,23.609152],[120.630003,23.608716],[120.629969,23.607858],[120.629839,23.607415],[120.62895,23.606291],[120.628597,23.605491],[120.628601,23.605062],[120.629166,23.603797],[120.629382,23.60298],[120.629764,23.602193],[120.629776,23.602038],[120.637441,23.602056],[120.637417,23.611086]]]}},
{"type":"Feature","properties":{"GridID":9237,"ELE":703,"MAMMAL":19.0,"BIRD":40.0,"AMPHIBIAN":15.0,"REPTILE":36.0,"BUTTERFLY":74.0,"maml_fst":"18","maml_opn":"11","bird_fst":"35","bird_opn":"13","bird_rvwet":"3","rptl_fst":"29","rptl_opn":"20","rptl_rvwet":"3","amph_fst":"14","amph_opn":"9","anm_hs_fst":1.0,"anm_hs_opn":0.0,"anm_hs_rvw":0.0,"anm_hotsp":1},"geometry":{"type":"Polygon","coordinates":[[[120.637392,23.620116],[120.635573,23.620112],[120.635426,23.619858],[120.635432,23.619416],[120.635856,23.618555],[120.635948,23.61806],[120.635837,23.617611],[120.635608,23.617283],[120.635468,23.615743],[120.635135,23.615543],[120.634185,23.615381],[120.633638,23.615197],[120.633088,23.614875],[120.632561,23.614982],[120.631469,23.613374],[120.631333,23.61292],[120.631344,23.612397],[120.631232,23.611983],[120.631225,23.611486],[120.631088,23.611071],[120.637417,23.611086],[120.637392,23.620116]]]}},
{"type":"Feature","properties":{"GridID":9238,"ELE":537,"MAMMAL":24.0,"BIRD":50.0,"AMPHIBIAN":17.0,"REPTILE":35.0,"BUTTERFLY":80.0,"maml_fst":"23","maml_opn":"13","bird_fst":"41","bird_opn":"16","bird_rvwet":"5","rptl_fst":"27","rptl_opn":"21","rptl_rvwet":"3","amph_fst":"15","amph_opn":"10","anm_hs_fst":0.0,"anm_hs_opn":0.0,"anm_hs_rvw":0.0,"anm_hotsp":2},"geometry":{"type":"Polygon","coordinates":[[[120.637367,23.629146],[120.629839,23.629128],[120.630143,23.628443],[120.632496,23.627232],[120.63312,23.624684],[120.633592,23.623304],[120.634232,23.622384],[120.634628,23.621645],[120.635314,23.620967],[120.635755,23.62095],[120.635963,23.620602],[120.635573,23.620112],[120.637392,23.620116],[120.637367,23.629146]]]}},
{"type":"Feature","properties":{"GridID":9239,"ELE":419,"MAMMAL":22.0,"BIRD":54.0,"AMPHIBIAN":21.0,"REPTILE":38.0,"BUTTERFLY":75.0,"maml_fst":"20","maml_opn":"11","bird_fst":"39","bird_opn":"22","bird_rvwet":"7","rptl_fst":"29","rptl_opn":"22","rptl_rvwet":"4","amph_fst":"17","amph_opn":"13","anm_hs_fst":2.0,"anm_hs_opn":1.0,"anm_hs_rvw":1.0,"anm_hotsp":2},"geometry":{"type":"Polygon","coordinates":[[[120.637342,23.638176],[120.630742,23.63816],[120.629906,23.637296],[120.630358,23.632981],[120.629155,23.630671],[120.629839,23.629128],[120.637367,23.629146],[120.637342,23.638176]]]}},
{"type":"Feature","properties":{"GridID":9240,"ELE":381,"MAMMAL":22.0,"BIRD":51.0,"AMPHIBIAN":20.0,"REPTILE":36.0,"BUTTERFLY":79.0,"maml_fst":"20","maml_opn":"11","bird_fst":"40","bird_opn":"18","bird_rvwet":"6","rptl_fst":"28","rptl_opn":"20","rptl_rvwet":"3","amph_fst":"16","amph_opn":"13","anm_hs_fst":2.0,"anm_hs_opn":0.0,"anm_hs_rvw":1.0,"anm_hotsp":3},"geometry":{"type":"Polygon","coordinates":[[[120.637317,23.647205],[120.635742,23.647202],[120.635224,23.646624],[120.63498,23.646284],[120.634883,23.645907],[120.634894,23.645433],[120.635167,23.643982],[120.635081,23.643515],[120.634794,23.642798],[120.633095,23.640589],[120.630742,23.63816],[120.637342,23.638176],[120.637317,23.647205]]]}},
{"type":"Feature","properties":{"GridID":9241,"ELE":388,"MAMMAL":22.0,"BIRD":50.0,"AMPHIBIAN":17.0,"REPTILE":36.0,"BUTTERFLY":82.0,"maml_fst":"20","maml_opn":"12","bird_fst":"40","bird_opn":"17","bird_rvwet":"6","rptl_fst":"26","rptl_opn":"22","rptl_rvwet":"4","amph_fst":"15","amph_opn":"10","anm_hs_fst":0.0,"anm_hs_opn":1.0,"anm_hs_rvw":0.0,"anm_hotsp":2},"geometry":{"type":"Polygon","coordinates":[[[120.637292,23.656235],[120.636686,23.656234],[120.636628,23.656143],[120.63676,23.65515],[120.635687,23.653077],[120.63515,23.652392],[120.634909,23.651854],[120.63513,23.651021],[120.635165,23.650084],[120.635897,23.649],[120.636674,23.648487],[120.635908,23.647826],[120.635742,23.647202],[120.637317,23.647205],[120.637292,23.656235]]]}},
{"type":"Feature","properties":{"GridID":9242,"ELE":342,"MAMMAL":21.0,"BIRD":54.0,"AMPHIBIAN":21.0,"REPTILE":38.0,"BUTTERFLY":78.0,"maml_fst":"17","maml_opn":"13","bird_fst":"39","bird_opn":"22","bird_rvwet":"6","rptl_fst":"28","rptl_opn":"22","rptl_rvwet":"5","amph_fst":"17","amph_opn":"13","anm_hs_fst":2.0,"anm_hs_opn":1.0,"anm_hs_rvw":1.0,"anm_hotsp":3},"geometry":{"type":"Polygon","coordinates":[[[120.63729,23.657072],[120.636866,23.656518],[120.636686,23.656234],[120.637292,23.656235],[120.63729,23.657072]]]}},
{"type":"Feature","properties":{"GridID":9261,"ELE":375,"MAMMAL":23.0,"BIRD":59.0,"AMPHIBIAN":21.0,"REPTILE":38.0,"BUTTERFLY":76.0,"maml_fst":"15","maml_opn":"15","bird_fst":"42","bird_opn":"24","bird_rvwet":"7","rptl_fst":"28","rptl_opn":"22","rptl_rvwet":"5","amph_fst":"17","amph_opn":"13","anm_hs_fst":2.0,"anm_hs_opn":2.0,"anm_hs_rvw":1.0,"anm_hotsp":3},"geometry":{"type":"Polygon","coordinates":[[[120.636801,23.833523],[120.635938,23.833781],[120.63495,23.83381],[120.63452,23.834024],[120.633758,23.83483],[120.632968,23.835345],[120.631956,23.836818],[120.626975,23.836806],[120.627001,23.827776],[120.636817,23.827799],[120.636801,23.833523]]]}},
{"type":"Feature","properties":{"GridID":9272,"ELE":379,"MAMMAL":21.0,"BIRD":54.0,"AMPHIBIAN":20.0,"REPTILE":34.0,"BUTTERFLY":63.0,"maml_fst":"15","maml_opn":"14","bird_fst":"43","bird_opn":"21","bird_rvwet":"2","rptl_fst":"25","rptl_opn":"21","rptl_rvwet":"4","amph_fst":"16","amph_opn":"13","anm_hs_fst":1.0,"anm_hs_opn":0.0,"anm_hs_rvw":1.0,"anm_hotsp":1},"geometry":{"type":"Polygon","coordinates":[[[120.636514,23.936154],[120.626691,23.93613],[120.626717,23.927101],[120.63654,23.927124],[120.636514,23.936154]]]}},
{"type":"Feature","properties":{"GridID":9273,"ELE":358,"MAMMAL":20.0,"BIRD":57.0,"AMPHIBIAN":21.0,"REPTILE":35.0,"BUTTERFLY":64.0,"maml_fst":"14","maml_opn":"13","bird_fst":"44","bird_opn":"22","bird_rvwet":"3","rptl_fst":"26","rptl_opn":"21","rptl_rvwet":"4","amph_fst":"17","amph_opn":"13","anm_hs_fst":1.0,"anm_hs_opn":0.0,"anm_hs_rvw":1.0,"anm_hotsp":3},"geometry":{"type":"Polygon","coordinates":[[[120.636489,23.945183],[120.626665,23.94516],[120.626691,23.93613],[120.636514,23.936154],[120.636489,23.945183]]]}},
{"type":"Feature","properties":{"GridID":9274,"ELE":343,"MAMMAL":18.0,"BIRD":51.0,"AMPHIBIAN":16.0,"REPTILE":35.0,"BUTTERFLY":49.0,"maml_fst":"14","maml_opn":"11","bird_fst":"41","bird_opn":"19","bird_rvwet":"4","rptl_fst":"26","rptl_opn":"21","rptl_rvwet":"4","amph_fst":"13","amph_opn":"11","anm_hs_fst":0.0,"anm_hs_opn":0.0,"anm_hs_rvw":0.0,"anm_hotsp":1},"geometry":{"type":"Polygon","coordinates":[[[120.636479,23.94861],[120.635237,23.949864],[120.634901,23.950355],[120.634732,23.95086],[120.634655,23.95165],[120.634381,23.952825],[120.633852,23.954207],[120.626639,23.954189],[120.626665,23.94516],[120.636489,23.945183],[120.636479,23.94861]]]}},
{"type":"Feature","properties":{"GridID":9275,"ELE":335,"MAMMAL":17.0,"BIRD":52.0,"AMPHIBIAN":18.0,"REPTILE":36.0,"BUTTERFLY":52.0,"maml_fst":"11","maml_opn":"12","bird_fst":"40","bird_opn":"22","bird_rvwet":"2","rptl_fst":"27","rptl_opn":"22","rptl_rvwet":"4","amph_fst":"14","amph_opn":"13","anm_hs_fst":0.0,"anm_hs_opn":1.0,"anm_hs_rvw":0.0,"anm_hotsp":1},"geometry":{"type":"Polygon","coordinates":[[[120.633852,23.954207],[120.63284,23.955429],[120.631761,23.956442],[120.631468,23.956965],[120.630423,23.959657],[120.629627,23.961114],[120.628838,23.963224],[120.626613,23.963219],[120.626639,23.954189],[120.633852,23.954207]]]}},
{"type":"Feature","properties":{"GridID":9467,"ELE":1047,"MAMMAL":26.0,"BIRD":43.0,"AMPHIBIAN":7.0,"REPTILE":28.0,"BUTTERFLY":81.0,"maml_fst":"25","maml_opn":"13","bird_fst":"40","bird_opn":"9","bird_rvwet":"1","rptl_fst":"26","rptl_opn":"12","rptl_rvwet":"3","amph_fst":"7","amph_opn":"2","anm_hs_fst":1.0,"anm_hs_opn":0.0,"anm_hs_rvw":0.0,"anm_hotsp":2},"geometry":{"type":"Polygon","coordinates":[[[120.647457,23.52081],[120.647363,23.520809],[120.647458,23.520582],[120.647457,23.52081]]]}},
{"type":"Feature","properties":{"GridID":9468,"ELE":1212,"MAMMAL":31.0,"BIRD":42.0,"AMPHIBIAN":8.0,"REPTILE":29.0,"BUTTERFLY":79.0,"maml_fst":"30","maml_opn":"16","bird_fst":"40","bird_opn":"8","bird_rvwet":"1","rptl_fst":"26","rptl_opn":"12","rptl_rvwet":"2","amph_fst":"8","amph_opn":"4","anm_hs_fst":1.0,"anm_hs_opn":1.0,"anm_hs_rvw":0.0,"anm_hotsp":2},"geometry":{"type":"Polygon","coordinates":[[[120.647433,23.529839],[120.63764,23.529817],[120.637646,23.527565],[120.638036,23.527595],[120.638445,23.527433],[120.638628,23.527007],[120.638725,23.526091],[120.639041,23.525304],[120.639594,23.524589],[120.640167,23.52416],[120.640634,23.523971],[120.64149,23.523998],[120.643787,23.523547],[120.644187,23.523261],[120.644938,23.52215],[120.645234,23.521939],[120.6462,23.52204],[120.646666,23.521858],[120.647043,23.521573],[120.647363,23.520809],[120.647457,23.52081],[120.647433,23.529839]]]}},
{"type":"Feature","properties":{"GridID":9469,"ELE":937,"MAMMAL":25.0,"BIRD":44.0,"AMPHIBIAN":15.0,"REPTILE":33.0,"BUTTERFLY":78.0,"maml_fst":"24","maml_opn":"13","bird_fst":"39","bird_opn":"12","bird_rvwet":"2","rptl_fst":"29","rptl_opn":"15","rptl_rvwet":"3","amph_fst":"14","amph_opn":"10","anm_hs_fst":2.0,"anm_hs_opn":0.0,"anm_hs_rvw":0.0,"anm_hotsp":2},"geometry":{"type":"Polygon","coordinates":[[[120.647409,23.538869],[120.637615,23.538847],[120.63764,23.529817],[120.647433,23.529839],[120.647409,23.538869]]]}},
{"type":"Feature","properties":{"GridID":9470,"ELE":606,"MAMMAL":20.0,"BIRD":47.0,"AMPHIBIAN":18.0,"REPTILE":36.0,"BUTTERFLY":75.0,"maml_fst":"19","maml_opn":"11","bird_fst":"39","bird_opn":"15","bird_rvwet":"4","rptl_fst":"28","rptl_opn":"21","rptl_rvwet":"3","amph_fst":"15","amph_opn":"11","anm_hs_fst":1.0,"anm_hs_opn":0.0,"anm_hs_rvw":0.0,"anm_hotsp":1},"geometry":{"type":"Polygon","coordinates":[[[120.647385,23.547899],[120.63759,23.547877],[120.637615,23.538847],[120.647409,23.538869],[120.647385,23.547899]]]}},
{"type":"Feature","properties":{"GridID":9471,"ELE":572,"MAMMAL":23.0,"BIRD":49.0,"AMPHIBIAN":16.0,"REPTILE":36.0,"BUTTERFLY":78.0,"maml_fst":"22","maml_opn":"12","bird_fst":"41","bird_opn":"16","bird_rvwet":"4","rptl_fst":"27","rptl_opn":"22","rptl_rvwet":"3","amph_fst":"15","amph_opn":"9","anm_hs_fst":0.0,"anm_hs_opn":1.0,"anm_hs_rvw":0.0,"anm_hotsp":2},"geometry":{"type":"Polygon","coordinates":[[[120.647361,23.556929],[120.637565,23.556907],[120.63759,23.547877],[120.647385,23.547899],[120.647361,23.556929]]]}},
{"type":"Feature","properties":{"GridID":9472,"ELE":492,"MAMMAL":24.0,"BIRD":53.0,"AMPHIBIAN":21.0,"REPTILE":37.0,"BUTTERFLY":79.0,"maml_fst":"21","maml_opn":"13","bird_fst":"42","bird_opn":"18","bird_rvwet":"6","rptl_fst":"28","rptl_opn":"22","rptl_rvwet":"3","amph_fst":"17","amph_opn":"13","anm_hs_fst":2.0,"anm_hs_opn":1.0,"anm_hs_rvw":1.0,"anm_hotsp":3},"geometry":{"type":"Polygon","coordinates":[[[120.647337,23.565959],[120.637541,23.565937],[120.637565,23.556907],[120.647361,23.556929],[120.647337,23.565959]]]}},
{"type":"Feature","properties":{"GridID":9473,"ELE":508,"MAMMAL":23.0,"BIRD":51.0,"AMPHIBIAN":21.0,"REPTILE":37.0,"BUTTERFLY":81.0,"maml_fst":"21","maml_opn":"12","bird_fst":"42","bird_opn":"18","bird_rvwet":"5","rptl_fst":"27","rptl_opn":"23","rptl_rvwet":"4","amph_fst":"17","amph_opn":"13","anm_hs_fst":1.0,"anm_hs_opn":1.0,"anm_hs_rvw":1.0,"anm_hotsp":3},"geometry":{"type":"Polygon","coordinates":[[[120.647313,23.574989],[120.637516,23.574967],[120.637541,23.565937],[120.647337,23.565959],[120.647313,23.574989]]]}},
{"type":"Feature","properties":{"GridID":9474,"ELE":514,"MAMMAL":24.0,"BIRD":45.0,"AMPHIBIAN":8.0,"REPTILE":29.0,"BUTTERFLY":80.0,"maml_fst":"22","maml_opn":"13","bird_fst":"39","bird_opn":"13","bird_rvwet":"4","rptl_fst":"23","rptl_opn":"19","rptl_rvwet":"4","amph_fst":"8","amph_opn":"3","anm_hs_fst":0.0,"anm_hs_opn":0.0,"anm_hs_rvw":0.0,"anm_hotsp":1},"geometry":{"type":"Polygon","coordinates":[[[120.647288,23.584019],[120.637491,23.583996],[120.637516,23.574967],[120.647313,23.574989],[120.647288,23.584019]]]}},
{"type":"Feature","properties":{"GridID":9475,"ELE":592,"MAMMAL":22.0,"BIRD":47.0,"AMPHIBIAN":13.0,"REPTILE":32.0,"BUTTERFLY":79.0,"maml_fst":"21","maml_opn":"12","bird_fst":"40","bird_opn":"14","bird_rvwet":"5","rptl_fst":"26","rptl_opn":"19","rptl_rvwet":"3","amph_fst":"13","amph_opn":"7","anm_hs_fst":0.0,"anm_hs_opn":0.0,"anm_hs_rvw":0.0,"anm_hotsp":1},"geometry":{"type":"Polygon","coordinates":[[[120.647264,23.593049],[120.637466,23.593026],[120.637491,23.583996],[120.647288,23.584019],[120.647264,23.593049]]]}},
{"type":"Feature","properties":{"GridID":9476,"ELE":562,"MAMMAL":23.0,"BIRD":47.0,"AMPHIBIAN":21.0,"REPTILE":34.0,"BUTTERFLY":74.0,"maml_fst":"20","maml_opn":"13","bird_fst":"39","bird_opn":"16","bird_rvwet":"4","rptl_fst":"25","rptl_opn":"22","rptl_rvwet":"3","amph_fst":"17","amph_opn":"13","anm_hs_fst":1.0,"anm_hs_opn":1.0,"anm_hs_rvw":1.0,"anm_hotsp":1},"geometry":{"type":"Polygon","coordinates":[[[120.64724,23.602079],[120.637441,23.602056],[120.637466,23.593026],[120.647264,23.593049],[120.64724,23.602079]]]}},
{"type":"Feature","properties":{"GridID":9477,"ELE":581,"MAMMAL":17.0,"BIRD":35.0,"AMPHIBIAN":20.0,"REPTILE":35.0,"BUTTERFLY":71.0,"maml_fst":"14","maml_opn":"10","bird_fst":"29","bird_opn":"15","bird_rvwet":"1","rptl_fst":"26","rptl_opn":"22","rptl_rvwet":"4","amph_fst":"16","amph_opn":"13","anm_hs_fst":1.0,"anm_hs_opn":1.0,"anm_hs_rvw":1.0,"anm_hotsp":2},"geometry":{"type":"Polygon","coordinates":[[[120.647216,23.611109],[120.637417,23.611086],[120.637441,23.602056],[120.64724,23.602079],[120.647216,23.611109]]]}},
{"type":"Feature","properties":{"GridID":9478,"ELE":597,"MAMMAL":18.0,"BIRD":48.0,"AMPHIBIAN":21.0,"REPTILE":35.0,"BUTTERFLY":75.0,"maml_fst":"17","maml_opn":"10","bird_fst":"40","bird_opn":"16","bird_rvwet":"4","rptl_fst":"27","rptl_opn":"21","rptl_rvwet":"3","amph_fst":"17","amph_opn":"13","anm_hs_fst":1.0,"anm_hs_opn":0.0,"anm_hs_rvw":1.0,"anm_hotsp":2},"geometry":{"type":"Polygon","coordinates":[[[120.647192,23.620139],[120.637392,23.620116],[120.637417,23.611086],[120.647216,23.611109],[120.647192,23.620139]]]}},
{"type":"Feature","properties":{"GridID":9479,"ELE":521,"MAMMAL":23.0,"BIRD":53.0,"AMPHIBIAN":21.0,"REPTILE":37.0,"BUTTERFLY":78.0,"maml_fst":"21","maml_opn":"12","bird_fst":"41","bird_opn":"20","bird_rvwet":"5","rptl_fst":"29","rptl_opn":"21","rptl_rvwet":"3","amph_fst":"17","amph_opn":"13","anm_hs_fst":2.0,"anm_hs_opn":0.0,"anm_hs_rvw":1.0,"anm_hotsp":3},"geometry":{"type":"Polygon","coordinates":[[[120.647168,23.629168],[120.637367,23.629146],[120.637392,23.620116],[120.647192,23.620139],[120.647168,23.629168]]]}},
{"type":"Feature","properties":{"GridID":9480,"ELE":426,"MAMMAL":22.0,"BIRD":53.0,"AMPHIBIAN":21.0,"REPTILE":36.0,"BUTTERFLY":80.0,"maml_fst":"20","maml_opn":"12","bird_fst":"42","bird_opn":"18","bird_rvwet":"6","rptl_fst":"28","rptl_opn":"21","rptl_rvwet":"3","amph_fst":"17","amph_opn":"13","anm_hs_fst":2.0,"anm_hs_opn":0.0,"anm_hs_rvw":1.0,"anm_hotsp":3},"geometry":{"type":"Polygon","coordinates":[[[120.647143,23.638198],[120.637342,23.638176],[120.637367,23.629146],[120.647168,23.629168],[120.647143,23.638198]]]}},
{"type":"Feature","properties":{"GridID":9481,"ELE":362,"MAMMAL":24.0,"BIRD":53.0,"AMPHIBIAN":21.0,"REPTILE":37.0,"BUTTERFLY":76.0,"maml_fst":"22","maml_opn":"13","bird_fst":"39","bird_opn":"21","bird_rvwet":"6","rptl_fst":"27","rptl_opn":"22","rptl_rvwet":"4","amph_fst":"17","amph_opn":"13","anm_hs_fst":1.0,"anm_hs_opn":1.0,"anm_hs_rvw":1.0,"anm_hotsp":2},"geometry":{"type":"Polygon","coordinates":[[[120.647119,23.647228],[120.637317,23.647205],[120.637342,23.638176],[120.647143,23.638198],[120.647119,23.647228]]]}},
{"type":"Feature","properties":{"GridID":9484,"ELE":400,"MAMMAL":24.0,"BIRD":47.0,"AMPHIBIAN":13.0,"REPTILE":30.0,"BUTTERFLY":80.0,"maml_fst":"22","maml_opn":"13","bird_fst":"39","bird_opn":"14","bird_rvwet":"5","rptl_fst":"24","rptl_opn":"18","rptl_rvwet":"4","amph_fst":"13","amph_opn":"7","anm_hs_fst":0.0,"anm_hs_opn":0.0,"anm_hs_rvw":0.0,"anm_hotsp":1},"geometry":{"type":"MultiPolygon","coordinates":[[[[120.647047,23.674317],[120.647005,23.674317],[120.647047,23.674257],[120.647047,23.674317]]],[[[120.647051,23.672656],[120.64573,23.671991],[120.64506,23.671448],[120.644901,23.6711],[120.644883,23.670678],[120.644753,23.670185],[120.64444,23.669394],[120.644465,23.668577],[120.644331,23.667778],[120.644085,23.667341],[120.643004,23.666447],[120.641286,23.665825],[120.640894,23.665273],[120.647071,23.665288],[120.647051,23.672656]]]]}},
{"type":"Feature","properties":{"GridID":9485,"ELE":312,"MAMMAL":22.0,"BIRD":37.0,"AMPHIBIAN":12.0,"REPTILE":25.0,"BUTTERFLY":79.0,"maml_fst":"20","maml_opn":"12","bird_fst":"34","bird_opn":"9","bird_rvwet":"2","rptl_fst":"18","rptl_opn":"16","rptl_rvwet":"4","amph_fst":"12","amph_opn":"7","anm_hs_fst":0.0,"anm_hs_opn":0.0,"anm_hs_rvw":0.0,"anm_hotsp":1},"geometry":{"type":"Polygon","coordinates":[[[120.647034,23.67904],[120.646994,23.67857],[120.64679,23.678071],[120.646541,23.677804],[120.646368,23.677309],[120.646508,23.676851],[120.646556,23.676316],[120.646275,23.675597],[120.646287,23.675209],[120.647005,23.674317],[120.647047,23.674317],[120.647034,23.67904]]]}},
{"type":"Feature","properties":{"GridID":9486,"ELE":262,"MAMMAL":26.0,"BIRD":41.0,"AMPHIBIAN":9.0,"REPTILE":25.0,"BUTTERFLY":79.0,"maml_fst":"24","maml_opn":"15","bird_fst":"33","bird_opn":"11","bird_rvwet":"7","rptl_fst":"18","rptl_opn":"16","rptl_rvwet":"3","amph_fst":"9","amph_opn":"5","anm_hs_fst":1.0,"anm_hs_opn":1.0,"anm_hs_rvw":0.0,"anm_hotsp":2},"geometry":{"type":"MultiPolygon","coordinates":[[[[120.646998,23.692377],[120.64655,23.692376],[120.646578,23.692191],[120.64648,23.691779],[120.646186,23.691402],[120.646014,23.690993],[120.646039,23.690614],[120.645796,23.690347],[120.645883,23.689591],[120.645693,23.688369],[120.645699,23.687935],[120.645809,23.6875],[120.646167,23.687219],[120.646564,23.687113],[120.647013,23.686846],[120.646998,23.692377]]],[[[120.647015,23.685876],[120.646584,23.685608],[120.646365,23.685318],[120.646341,23.684923],[120.646592,23.68447],[120.64702,23.684144],[120.647015,23.685876]]]]}},
{"type":"Feature","properties":{"GridID":9487,"ELE":260,"MAMMAL":28.0,"BIRD":56.0,"AMPHIBIAN":14.0,"REPTILE":30.0,"BUTTERFLY":78.0,"maml_fst":"25","maml_opn":"17","bird_fst":"37","bird_opn":"23","bird_rvwet":"9","rptl_fst":"23","rptl_opn":"18","rptl_rvwet":"3","amph_fst":"12","amph_opn":"10","anm_hs_fst":1.0,"anm_hs_opn":1.0,"anm_hs_rvw":0.0,"anm_hotsp":2},"geometry":{"type":"Polygon","coordinates":[[[120.646974,23.701407],[120.644505,23.701401],[120.644033,23.700445],[120.643716,23.700162],[120.643574,23.699674],[120.644339,23.698339],[120.644469,23.697983],[120.645172,23.696993],[120.64535,23.696612],[120.646,23.694526],[120.646227,23.693346],[120.646418,23.692987],[120.64655,23.692376],[120.646998,23.692377],[120.646974,23.701407]]]}},
{"type":"Feature","properties":{"GridID":9488,"ELE":277,"MAMMAL":22.0,"BIRD":37.0,"AMPHIBIAN":12.0,"REPTILE":23.0,"BUTTERFLY":78.0,"maml_fst":"20","maml_opn":"12","bird_fst":"34","bird_opn":"8","bird_rvwet":"3","rptl_fst":"16","rptl_opn":"15","rptl_rvwet":"4","amph_fst":"12","amph_opn":"7","anm_hs_fst":0.0,"anm_hs_opn":0.0,"anm_hs_rvw":0.0,"anm_hotsp":1},"geometry":{"type":"Polygon","coordinates":[[[120.646949,23.710437],[120.639964,23.71042],[120.640166,23.71021],[120.640357,23.70982],[120.640241,23.709443],[120.639949,23.709216],[120.639871,23.70888],[120.640291,23.708242],[120.641046,23.70621],[120.64128,23.705924],[120.641781,23.705722],[120.642315,23.705755],[120.642734,23.705516],[120.643886,23.7046],[120.645046,23.703808],[120.645373,23.7035],[120.645478,23.703105],[120.645369,23.702378],[120.645173,23.702032],[120.644505,23.701401],[120.646974,23.701407],[120.646949,23.710437]]]}},
{"type":"Feature","properties":{"GridID":9492,"ELE":262,"MAMMAL":21.0,"BIRD":59.0,"AMPHIBIAN":16.0,"REPTILE":35.0,"BUTTERFLY":68.0,"maml_fst":"18","maml_opn":"12","bird_fst":"41","bird_opn":"25","bird_rvwet":"7","rptl_fst":"25","rptl_opn":"22","rptl_rvwet":"4","amph_fst":"13","amph_opn":"11","anm_hs_fst":0.0,"anm_hs_opn":1.0,"anm_hs_rvw":0.0,"anm_hotsp":2},"geometry":{"type":"Polygon","coordinates":[[[120.646852,23.746555],[120.638837,23.746537],[120.639362,23.745691],[120.639749,23.745337],[120.640629,23.745078],[120.641433,23.745073],[120.641748,23.744832],[120.642056,23.744469],[120.642326,23.743619],[120.643084,23.743047],[120.643319,23.742745],[120.643529,23.74198],[120.644153,23.741442],[120.644439,23.739648],[120.644384,23.739237],[120.644746,23.738421],[120.644679,23.738039],[120.644461,23.73752],[120.646876,23.737526],[120.646852,23.746555]]]}},
{"type":"Feature","properties":{"GridID":9493,"ELE":269,"MAMMAL":20.0,"BIRD":61.0,"AMPHIBIAN":19.0,"REPTILE":37.0,"BUTTERFLY":61.0,"maml_fst":"14","maml_opn":"13","bird_fst":"40","bird_opn":"27","bird_rvwet":"8","rptl_fst":"26","rptl_opn":"23","rptl_rvwet":"5","amph_fst":"15","amph_opn":"13","anm_hs_fst":0.0,"anm_hs_opn":1.0,"anm_hs_rvw":0.0,"anm_hotsp":2},"geometry":{"type":"Polygon","coordinates":[[[120.646828,23.755585],[120.637951,23.755565],[120.638274,23.754116],[120.638602,23.753347],[120.638377,23.752414],[120.637835,23.751392],[120.637787,23.75006],[120.637864,23.749087],[120.638069,23.748715],[120.638837,23.746537],[120.646852,23.746555],[120.646828,23.755585]]]}},
{"type":"Feature","properties":{"GridID":9494,"ELE":245,"MAMMAL":25.0,"BIRD":61.0,"AMPHIBIAN":18.0,"REPTILE":35.0,"BUTTERFLY":62.0,"maml_fst":"18","maml_opn":"15","bird_fst":"38","bird_opn":"29","bird_rvwet":"7","rptl_fst":"23","rptl_opn":"22","rptl_rvwet":"5","amph_fst":"14","amph_opn":"13","anm_hs_fst":0.0,"anm_hs_opn":3.0,"anm_hs_rvw":0.0,"anm_hotsp":3},"geometry":{"type":"Polygon","coordinates":[[[120.646803,23.764615],[120.63804,23.764595],[120.638333,23.764106],[120.638543,23.763384],[120.63912,23.7625],[120.639243,23.762065],[120.63928,23.761557],[120.639,23.760242],[120.638994,23.759791],[120.639031,23.759409],[120.639491,23.758063],[120.639411,23.757654],[120.638987,23.757542],[120.638497,23.757293],[120.63804,23.75621],[120.637917,23.755806],[120.637951,23.755565],[120.646828,23.755585],[120.646803,23.764615]]]}},
{"type":"Feature","properties":{"GridID":9495,"ELE":157,"MAMMAL":24.0,"BIRD":60.0,"AMPHIBIAN":17.0,"REPTILE":34.0,"BUTTERFLY":58.0,"maml_fst":"16","maml_opn":"15","bird_fst":"37","bird_opn":"28","bird_rvwet":"8","rptl_fst":"22","rptl_opn":"21","rptl_rvwet":"5","amph_fst":"13","amph_opn":"12","anm_hs_fst":0.0,"anm_hs_opn":2.0,"anm_hs_rvw":0.0,"anm_hotsp":1},"geometry":{"type":"Polygon","coordinates":[[[120.646779,23.773644],[120.640811,23.773631],[120.641255,23.771901],[120.641286,23.771421],[120.641011,23.770054],[120.64064,23.769764],[120.639695,23.769257],[120.639421,23.7688],[120.639066,23.768533],[120.638021,23.767451],[120.637776,23.767101],[120.637496,23.766258],[120.63759,23.765208],[120.63778,23.764854],[120.63804,23.764595],[120.646803,23.764615],[120.646779,23.773644]]]}},
{"type":"Feature","properties":{"GridID":9512,"ELE":397,"MAMMAL":15.0,"BIRD":37.0,"AMPHIBIAN":15.0,"REPTILE":35.0,"BUTTERFLY":40.0,"maml_fst":"9","maml_opn":"12","bird_fst":"30","bird_opn":"17","bird_rvwet":"1","rptl_fst":"26","rptl_opn":"21","rptl_rvwet":"4","amph_fst":"11","amph_opn":"10","anm_hs_fst":0.0,"anm_hs_opn":0.0,"anm_hs_rvw":0.0,"anm_hotsp":1},"geometry":{"type":"Polygon","coordinates":[[[120.637312,23.918097],[120.637139,23.920046],[120.637154,23.920809],[120.637416,23.922965],[120.637948,23.924447],[120.637922,23.925447],[120.637605,23.925808],[120.637568,23.927127],[120.63654,23.927124],[120.636565,23.918095],[120.637312,23.918097]]]}},
{"type":"Feature","properties":{"GridID":9513,"ELE":387,"MAMMAL":13.0,"BIRD":46.0,"AMPHIBIAN":17.0,"REPTILE":35.0,"BUTTERFLY":50.0,"maml_fst":"7","maml_opn":"11","bird_fst":"35","bird_opn":"20","bird_rvwet":"2","rptl_fst":"25","rptl_opn":"21","rptl_rvwet":"5","amph_fst":"13","amph_opn":"12","anm_hs_fst":0.0,"anm_hs_opn":0.0,"anm_hs_rvw":0.0,"anm_hotsp":1},"geometry":{"type":"Polygon","coordinates":[[[120.637568,23.927127],[120.638538,23.930117],[120.638468,23.931042],[120.637793,23.932704],[120.638268,23.933015],[120.6389,23.933897],[120.639548,23.935359],[120.639788,23.936162],[120.636514,23.936154],[120.63654,23.927124],[120.637568,23.927127]]]}},
{"type":"Feature","properties":{"GridID":9514,"ELE":364,"MAMMAL":17.0,"BIRD":55.0,"AMPHIBIAN":20.0,"REPTILE":39.0,"BUTTERFLY":52.0,"maml_fst":"11","maml_opn":"12","bird_fst":"39","bird_opn":"23","bird_rvwet":"6","rptl_fst":"28","rptl_opn":"23","rptl_rvwet":"5","amph_fst":"16","amph_opn":"13","anm_hs_fst":2.0,"anm_hs_opn":1.0,"anm_hs_rvw":1.0,"anm_hotsp":2},"geometry":{"type":"Polygon","coordinates":[[[120.639788,23.936162],[120.639811,23.936788],[120.640223,23.937209],[120.640657,23.93942],[120.640538,23.940923],[120.640185,23.942053],[120.638657,23.945188],[120.636489,23.945183],[120.636514,23.936154],[120.639788,23.936162]]]}},
{"type":"Feature","properties":{"GridID":9711,"ELE":1242,"MAMMAL":23.0,"BIRD":20.0,"AMPHIBIAN":2.0,"REPTILE":21.0,"BUTTERFLY":81.0,"maml_fst":"22","maml_opn":"10","bird_fst":"19","bird_opn":"3","bird_rvwet":"0","rptl_fst":"20","rptl_opn":"9","rptl_rvwet":"1","amph_fst":"2","amph_opn":"1","anm_hs_fst":0.0,"anm_hs_opn":0.0,"anm_hs_rvw":0.0,"anm_hotsp":1},"geometry":{"type":"Polygon","coordinates":[[[120.657273,23.511801],[120.651345,23.511788],[120.651792,23.511197],[120.653042,23.510633],[120.653327,23.510374],[120.653723,23.509447],[120.653806,23.509084],[120.653834,23.50823],[120.654134,23.507161],[120.654347,23.506674],[120.654644,23.506343],[120.655908,23.506255],[120.656706,23.505819],[120.657289,23.505606],[120.657273,23.511801]]]}},
{"type":"Feature","properties":{"GridID":9712,"ELE":1257,"MAMMAL":26.0,"BIRD":27.0,"AMPHIBIAN":4.0,"REPTILE":24.0,"BUTTERFLY":80.0,"maml_fst":"25","maml_opn":"13","bird_fst":"25","bird_opn":"4","bird_rvwet":"1","rptl_fst":"22","rptl_opn":"11","rptl_rvwet":"2","amph_fst":"4","amph_opn":"1","anm_hs_fst":1.0,"anm_hs_opn":0.0,"anm_hs_rvw":0.0,"anm_hotsp":2},"geometry":{"type":"Polygon","coordinates":[[[120.65725,23.520831],[120.647457,23.52081],[120.647458,23.520582],[120.647975,23.519453],[120.64934,23.518946],[120.649716,23.518477],[120.649927,23.518066],[120.65117,23.516843],[120.651325,23.515851],[120.651673,23.515012],[120.651689,23.514632],[120.651465,23.514309],[120.65082,23.513757],[120.65091,23.512531],[120.651345,23.511788],[120.657273,23.511801],[120.65725,23.520831]]]}},
{"type":"Feature","properties":{"GridID":9713,"ELE":1129,"MAMMAL":27.0,"BIRD":45.0,"AMPHIBIAN":9.0,"REPTILE":27.0,"BUTTERFLY":80.0,"maml_fst":"26","maml_opn":"13","bird_fst":"41","bird_opn":"9","bird_rvwet":"2","rptl_fst":"24","rptl_opn":"12","rptl_rvwet":"2","amph_fst":"9","amph_opn":"4","anm_hs_fst":1.0,"anm_hs_opn":0.0,"anm_hs_rvw":0.0,"anm_hotsp":2},"geometry":{"type":"Polygon","coordinates":[[[120.657226,23.529861],[120.647433,23.529839],[120.647457,23.52081],[120.65725,23.520831],[120.657226,23.529861]]]}},
{"type":"Feature","properties":{"GridID":9714,"ELE":833,"MAMMAL":26.0,"BIRD":52.0,"AMPHIBIAN":13.0,"REPTILE":37.0,"BUTTERFLY":81.0,"maml_fst":"25","maml_opn":"14","bird_fst":"45","bird_opn":"14","bird_rvwet":"5","rptl_fst":"31","rptl_opn":"18","rptl_rvwet":"3","amph_fst":"13","amph_opn":"7","anm_hs_fst":3.0,"anm_hs_opn":0.0,"anm_hs_rvw":0.0,"anm_hotsp":3},"geometry":{"type":"Polygon","coordinates":[[[120.657203,23.538891],[120.647409,23.538869],[120.647433,23.529839],[120.657226,23.529861],[120.657203,23.538891]]]}},
{"type":"Feature","properties":{"GridID":9715,"ELE":711,"MAMMAL":23.0,"BIRD":53.0,"AMPHIBIAN":14.0,"REPTILE":37.0,"BUTTERFLY":81.0,"maml_fst":"22","maml_opn":"12","bird_fst":"44","bird_opn":"16","bird_rvwet":"6","rptl_fst":"31","rptl_opn":"19","rptl_rvwet":"3","amph_fst":"14","amph_opn":"8","anm_hs_fst":1.0,"anm_hs_opn":0.0,"anm_hs_rvw":0.0,"anm_hotsp":2},"geometry":{"type":"Polygon","coordinates":[[[120.65718,23.547921],[120.647385,23.547899],[120.647409,23.538869],[120.657203,23.538891],[120.65718,23.547921]]]}},
{"type":"Feature","properties":{"GridID":9716,"ELE":837,"MAMMAL":24.0,"BIRD":52.0,"AMPHIBIAN":16.0,"REPTILE":38.0,"BUTTERFLY":80.0,"maml_fst":"23","maml_opn":"13","bird_fst":"45","bird_opn":"15","bird_rvwet":"4","rptl_fst":"32","rptl_opn":"19","rptl_rvwet":"3","amph_fst":"14","amph_opn":"10","anm_hs_fst":2.0,"anm_hs_opn":0.0,"anm_hs_rvw":0.0,"anm_hotsp":2},"geometry":{"type":"Polygon","coordinates":[[[120.657156,23.556951],[120.647361,23.556929],[120.647385,23.547899],[120.65718,23.547921],[120.657156,23.556951]]]}},
{"type":"Feature","properties":{"GridID":9717,"ELE":716,"MAMMAL":20.0,"BIRD":49.0,"AMPHIBIAN":19.0,"REPTILE":37.0,"BUTTERFLY":75.0,"maml_fst":"19","maml_opn":"11","bird_fst":"41","bird_opn":"16","bird_rvwet":"4","rptl_fst":"30","rptl_opn":"20","rptl_rvwet":"3","amph_fst":"15","amph_opn":"13","anm_hs_fst":1.0,"anm_hs_opn":0.0,"anm_hs_rvw":0.0,"anm_hotsp":1},"geometry":{"type":"Polygon","coordinates":[[[120.657133,23.565981],[120.647337,23.565959],[120.647361,23.556929],[120.657156,23.556951],[120.657133,23.565981]]]}},
{"type":"Feature","properties":{"GridID":9719,"ELE":558,"MAMMAL":25.0,"BIRD":46.0,"AMPHIBIAN":11.0,"REPTILE":34.0,"BUTTERFLY":80.0,"maml_fst":"24","maml_opn":"14","bird_fst":"40","bird_opn":"13","bird_rvwet":"4","rptl_fst":"25","rptl_opn":"22","rptl_rvwet":"3","amph_fst":"11","amph_opn":"6","anm_hs_fst":1.0,"anm_hs_opn":1.0,"anm_hs_rvw":0.0,"anm_hotsp":2},"geometry":{"type":"Polygon","coordinates":[[[120.657086,23.584041],[120.647288,23.584019],[120.647313,23.574989],[120.657109,23.575011],[120.657086,23.584041]]]}},
{"type":"Feature","properties":{"GridID":9720,"ELE":525,"MAMMAL":26.0,"BIRD":50.0,"AMPHIBIAN":12.0,"REPTILE":32.0,"BUTTERFLY":81.0,"maml_fst":"24","maml_opn":"15","bird_fst":"41","bird_opn":"16","bird_rvwet":"5","rptl_fst":"25","rptl_opn":"20","rptl_rvwet":"4","amph_fst":"12","amph_opn":"6","anm_hs_fst":1.0,"anm_hs_opn":1.0,"anm_hs_rvw":0.0,"anm_hotsp":2},"geometry":{"type":"Polygon","coordinates":[[[120.657062,23.593071],[120.647264,23.593049],[120.647288,23.584019],[120.657086,23.584041],[120.657062,23.593071]]]}},
{"type":"Feature","properties":{"GridID":9721,"ELE":411,"MAMMAL":25.0,"BIRD":49.0,"AMPHIBIAN":15.0,"REPTILE":34.0,"BUTTERFLY":81.0,"maml_fst":"22","maml_opn":"15","bird_fst":"40","bird_opn":"16","bird_rvwet":"5","rptl_fst":"24","rptl_opn":"22","rptl_rvwet":"4","amph_fst":"14","amph_opn":"8","anm_hs_fst":0.0,"anm_hs_opn":2.0,"anm_hs_rvw":0.0,"anm_hotsp":2},"geometry":{"type":"Polygon","coordinates":[[[120.657039,23.602101],[120.64724,23.602079],[120.647264,23.593049],[120.657062,23.593071],[120.657039,23.602101]]]}},
{"type":"Feature","properties":{"GridID":9722,"ELE":403,"MAMMAL":24.0,"BIRD":44.0,"AMPHIBIAN":13.0,"REPTILE":33.0,"BUTTERFLY":81.0,"maml_fst":"22","maml_opn":"13","bird_fst":"38","bird_opn":"13","bird_rvwet":"4","rptl_fst":"24","rptl_opn":"22","rptl_rvwet":"3","amph_fst":"12","amph_opn":"7","anm_hs_fst":0.0,"anm_hs_opn":1.0,"anm_hs_rvw":0.0,"anm_hotsp":1},"geometry":{"type":"Polygon","coordinates":[[[120.657015,23.611131],[120.647216,23.611109],[120.64724,23.602079],[120.657039,23.602101],[120.657015,23.611131]]]}},
{"type":"Feature","properties":{"GridID":9723,"ELE":408,"MAMMAL":25.0,"BIRD":46.0,"AMPHIBIAN":13.0,"REPTILE":34.0,"BUTTERFLY":81.0,"maml_fst":"23","maml_opn":"14","bird_fst":"40","bird_opn":"13","bird_rvwet":"4","rptl_fst":"25","rptl_opn":"22","rptl_rvwet":"3","amph_fst":"12","amph_opn":"7","anm_hs_fst":0.0,"anm_hs_opn":1.0,"anm_hs_rvw":0.0,"anm_hotsp":2},"geometry":{"type":"Polygon","coordinates":[[[120.656992,23.620161],[120.647192,23.620139],[120.647216,23.611109],[120.657015,23.611131],[120.656992,23.620161]]]}},
{"type":"Feature","properties":{"GridID":9724,"ELE":309,"MAMMAL":22.0,"BIRD":54.0,"AMPHIBIAN":16.0,"REPTILE":35.0,"BUTTERFLY":77.0,"maml_fst":"19","maml_opn":"11","bird_fst":"41","bird_opn":"20","bird_rvwet":"6","rptl_fst":"25","rptl_opn":"22","rptl_rvwet":"4","amph_fst":"14","amph_opn":"9","anm_hs_fst":0.0,"anm_hs_opn":1.0,"anm_hs_rvw":0.0,"anm_hotsp":1},"geometry":{"type":"Polygon","coordinates":[[[120.656968,23.62919],[120.647168,23.629168],[120.647192,23.620139],[120.656992,23.620161],[120.656968,23.62919]]]}},
{"type":"Feature","properties":{"GridID":9725,"ELE":389,"MAMMAL":21.0,"BIRD":50.0,"AMPHIBIAN":20.0,"REPTILE":35.0,"BUTTERFLY":80.0,"maml_fst":"17","maml_opn":"13","bird_fst":"38","bird_opn":"21","bird_rvwet":"4","rptl_fst":"27","rptl_opn":"21","rptl_rvwet":"3","amph_fst":"16","amph_opn":"13","anm_hs_fst":1.0,"anm_hs_opn":0.0,"anm_hs_rvw":1.0,"anm_hotsp":3},"geometry":{"type":"Polygon","coordinates":[[[120.656945,23.63822],[120.647143,23.638198],[120.647168,23.629168],[120.656968,23.62919],[120.656945,23.63822]]]}},
{"type":"Feature","properties":{"GridID":9726,"ELE":302,"MAMMAL":20.0,"BIRD":59.0,"AMPHIBIAN":21.0,"REPTILE":37.0,"BUTTERFLY":77.0,"maml_fst":"15","maml_opn":"12","bird_fst":"39","bird_opn":"27","bird_rvwet":"8","rptl_fst":"26","rptl_opn":"23","rptl_rvwet":"5","amph_fst":"17","amph_opn":"13","anm_hs_fst":1.0,"anm_hs_opn":1.0,"anm_hs_rvw":1.0,"anm_hotsp":3},"geometry":{"type":"Polygon","coordinates":[[[120.656921,23.64725],[120.647119,23.647228],[120.647143,23.638198],[120.656945,23.63822],[120.656921,23.64725]]]}},
{"type":"Feature","properties":{"GridID":9727,"ELE":227,"MAMMAL":21.0,"BIRD":62.0,"AMPHIBIAN":19.0,"REPTILE":33.0,"BUTTERFLY":64.0,"maml_fst":"17","maml_opn":"11","bird_fst":"38","bird_opn":"30","bird_rvwet":"9","rptl_fst":"23","rptl_opn":"23","rptl_rvwet":"5","amph_fst":"15","amph_opn":"13","anm_hs_fst":0.0,"anm_hs_opn":2.0,"anm_hs_rvw":0.0,"anm_hotsp":1},"geometry":{"type":"Polygon","coordinates":[[[120.656898,23.65628],[120.647095,23.656258],[120.647119,23.647228],[120.656921,23.64725],[120.656898,23.65628]]]}},
{"type":"Feature","properties":{"GridID":9728,"ELE":246,"MAMMAL":22.0,"BIRD":58.0,"AMPHIBIAN":15.0,"REPTILE":31.0,"BUTTERFLY":63.0,"maml_fst":"20","maml_opn":"11","bird_fst":"38","bird_opn":"27","bird_rvwet":"7","rptl_fst":"21","rptl_opn":"21","rptl_rvwet":"5","amph_fst":"13","amph_opn":"10","anm_hs_fst":0.0,"anm_hs_opn":0.0,"anm_hs_rvw":0.0,"anm_hotsp":1},"geometry":{"type":"Polygon","coordinates":[[[120.656874,23.66531],[120.647071,23.665288],[120.647095,23.656258],[120.656898,23.65628],[120.656874,23.66531]]]}},
{"type":"Feature","properties":{"GridID":9729,"ELE":304,"MAMMAL":21.0,"BIRD":56.0,"AMPHIBIAN":17.0,"REPTILE":34.0,"BUTTERFLY":78.0,"maml_fst":"19","maml_opn":"11","bird_fst":"40","bird_opn":"23","bird_rvwet":"6","rptl_fst":"25","rptl_opn":"20","rptl_rvwet":"4","amph_fst":"14","amph_opn":"11","anm_hs_fst":0.0,"anm_hs_opn":0.0,"anm_hs_rvw":0.0,"anm_hotsp":1},"geometry":{"type":"Polygon","coordinates":[[[120.656851,23.674339],[120.647047,23.674317],[120.647112,23.674161],[120.647148,23.673299],[120.647144,23.672696],[120.647051,23.672656],[120.647071,23.665288],[120.656874,23.66531],[120.656851,23.674339]]]}},
{"type":"Feature","properties":{"GridID":9730,"ELE":276,"MAMMAL":20.0,"BIRD":57.0,"AMPHIBIAN":21.0,"REPTILE":36.0,"BUTTERFLY":74.0,"maml_fst":"16","maml_opn":"11","bird_fst":"38","bird_opn":"25","bird_rvwet":"8","rptl_fst":"26","rptl_opn":"22","rptl_rvwet":"4","amph_fst":"17","amph_opn":"13","anm_hs_fst":1.0,"anm_hs_opn":1.0,"anm_hs_rvw":1.0,"anm_hotsp":3},"geometry":{"type":"Polygon","coordinates":[[[120.656827,23.683369],[120.648044,23.68335],[120.648172,23.683097],[120.648191,23.68272],[120.648172,23.681857],[120.648056,23.681058],[120.64783,23.680351],[120.647153,23.679333],[120.647034,23.67904],[120.647047,23.674317],[120.656851,23.674339],[120.656827,23.683369]]]}},
{"type":"Feature","properties":{"GridID":9731,"ELE":207,"MAMMAL":25.0,"BIRD":57.0,"AMPHIBIAN":20.0,"REPTILE":35.0,"BUTTERFLY":66.0,"maml_fst":"16","maml_opn":"17","bird_fst":"32","bird_opn":"31","bird_rvwet":"8","rptl_fst":"24","rptl_opn":"23","rptl_rvwet":"5","amph_fst":"16","amph_opn":"13","anm_hs_fst":1.0,"anm_hs_opn":3.0,"anm_hs_rvw":1.0,"anm_hotsp":4},"geometry":{"type":"Polygon","coordinates":[[[120.656803,23.692399],[120.646998,23.692377],[120.647013,23.686846],[120.647217,23.686508],[120.647248,23.686083],[120.647015,23.685876],[120.64702,23.684144],[120.648044,23.68335],[120.656827,23.683369],[120.656803,23.692399]]]}},
{"type":"Feature","properties":{"GridID":9732,"ELE":191,"MAMMAL":26.0,"BIRD":64.0,"AMPHIBIAN":20.0,"REPTILE":37.0,"BUTTERFLY":70.0,"maml_fst":"18","maml_opn":"16","bird_fst":"39","bird_opn":"30","bird_rvwet":"9","rptl_fst":"26","rptl_opn":"23","rptl_rvwet":"5","amph_fst":"16","amph_opn":"13","anm_hs_fst":1.0,"anm_hs_opn":3.0,"anm_hs_rvw":1.0,"anm_hotsp":4},"geometry":{"type":"Polygon","coordinates":[[[120.65678,23.701429],[120.646974,23.701407],[120.646998,23.692377],[120.656803,23.692399],[120.65678,23.701429]]]}},
{"type":"Feature","properties":{"GridID":9733,"ELE":205,"MAMMAL":25.0,"BIRD":59.0,"AMPHIBIAN":18.0,"REPTILE":32.0,"BUTTERFLY":60.0,"maml_fst":"18","maml_opn":"15","bird_fst":"35","bird_opn":"31","bird_rvwet":"6","rptl_fst":"22","rptl_opn":"22","rptl_rvwet":"5","amph_fst":"14","amph_opn":"13","anm_hs_fst":0.0,"anm_hs_opn":3.0,"anm_hs_rvw":0.0,"anm_hotsp":2},"geometry":{"type":"Polygon","coordinates":[[[120.656756,23.710459],[120.646949,23.710437],[120.646974,23.701407],[120.65678,23.701429],[120.656756,23.710459]]]}},
{"type":"Feature","properties":{"GridID":9734,"ELE":217,"MAMMAL":25.0,"BIRD":62.0,"AMPHIBIAN":21.0,"REPTILE":34.0,"BUTTERFLY":67.0,"maml_fst":"17","maml_opn":"15","bird_fst":"38","bird_opn":"30","bird_rvwet":"8","rptl_fst":"23","rptl_opn":"20","rptl_rvwet":"5","amph_fst":"17","amph_opn":"13","anm_hs_fst":1.0,"anm_hs_opn":2.0,"anm_hs_rvw":1.0,"anm_hotsp":3},"geometry":{"type":"Polygon","coordinates":[[[120.656733,23.719488],[120.646925,23.719466],[120.646949,23.710437],[120.656756,23.710459],[120.656733,23.719488]]]}},
{"type":"Feature","properties":{"GridID":9735,"ELE":204,"MAMMAL":23.0,"BIRD":61.0,"AMPHIBIAN":20.0,"REPTILE":36.0,"BUTTERFLY":67.0,"maml_fst":"15","maml_opn":"15","bird_fst":"39","bird_opn":"28","bird_rvwet":"9","rptl_fst":"24","rptl_opn":"23","rptl_rvwet":"5","amph_fst":"16","amph_opn":"13","anm_hs_fst":1.0,"anm_hs_opn":3.0,"anm_hs_rvw":1.0,"anm_hotsp":3},"geometry":{"type":"Polygon","coordinates":[[[120.656709,23.728518],[120.646901,23.728496],[120.646925,23.719466],[120.656733,23.719488],[120.656709,23.728518]]]}},
{"type":"Feature","properties":{"GridID":9736,"ELE":190,"MAMMAL":24.0,"BIRD":59.0,"AMPHIBIAN":17.0,"REPTILE":34.0,"BUTTERFLY":70.0,"maml_fst":"17","maml_opn":"15","bird_fst":"37","bird_opn":"29","bird_rvwet":"6","rptl_fst":"23","rptl_opn":"21","rptl_rvwet":"5","amph_fst":"14","amph_opn":"11","anm_hs_fst":0.0,"anm_hs_opn":2.0,"anm_hs_rvw":0.0,"anm_hotsp":1},"geometry":{"type":"Polygon","coordinates":[[[120.656685,23.737548],[120.646876,23.737526],[120.646901,23.728496],[120.656709,23.728518],[120.656685,23.737548]]]}},
{"type":"Feature","properties":{"GridID":9738,"ELE":143,"MAMMAL":22.0,"BIRD":62.0,"AMPHIBIAN":14.0,"REPTILE":31.0,"BUTTERFLY":43.0,"maml_fst":"16","maml_opn":"13","bird_fst":"38","bird_opn":"31","bird_rvwet":"7","rptl_fst":"21","rptl_opn":"21","rptl_rvwet":"5","amph_fst":"11","amph_opn":"10","anm_hs_fst":0.0,"anm_hs_opn":1.0,"anm_hs_rvw":0.0,"anm_hotsp":1},"geometry":{"type":"Polygon","coordinates":[[[120.656638,23.755607],[120.646828,23.755585],[120.646852,23.746555],[120.656662,23.746578],[120.656638,23.755607]]]}},
{"type":"Feature","properties":{"GridID":9739,"ELE":123,"MAMMAL":22.0,"BIRD":58.0,"AMPHIBIAN":15.0,"REPTILE":30.0,"BUTTERFLY":25.0,"maml_fst":"16","maml_opn":"14","bird_fst":"31","bird_opn":"31","bird_rvwet":"9","rptl_fst":"19","rptl_opn":"21","rptl_rvwet":"5","amph_fst":"11","amph_opn":"11","anm_hs_fst":0.0,"anm_hs_opn":1.0,"anm_hs_rvw":0.0,"anm_hotsp":1},"geometry":{"type":"Polygon","coordinates":[[[120.656614,23.764637],[120.646803,23.764615],[120.646828,23.755585],[120.656638,23.755607],[120.656614,23.764637]]]}},
{"type":"Feature","properties":{"GridID":9952,"ELE":1102,"MAMMAL":27.0,"BIRD":37.0,"AMPHIBIAN":6.0,"REPTILE":26.0,"BUTTERFLY":82.0,"maml_fst":"26","maml_opn":"14","bird_fst":"34","bird_opn":"7","bird_rvwet":"2","rptl_fst":"25","rptl_opn":"12","rptl_rvwet":"2","amph_fst":"6","amph_opn":"2","anm_hs_fst":1.0,"anm_hs_opn":1.0,"anm_hs_rvw":0.0,"anm_hotsp":2},"geometry":{"type":"Polygon","coordinates":[[[120.663249,23.502784],[120.663463,23.502516],[120.664476,23.501628],[120.66484,23.501428],[120.665288,23.501357],[120.665693,23.501396],[120.666108,23.501627],[120.666264,23.502059],[120.666322,23.502495],[120.666276,23.502791],[120.663249,23.502784]]]}},
{"type":"Feature","properties":{"GridID":9953,"ELE":521,"MAMMAL":22.0,"BIRD":42.0,"AMPHIBIAN":9.0,"REPTILE":33.0,"BUTTERFLY":79.0,"maml_fst":"21","maml_opn":"12","bird_fst":"36","bird_opn":"12","bird_rvwet":"4","rptl_fst":"27","rptl_opn":"18","rptl_rvwet":"3","amph_fst":"9","amph_opn":"4","anm_hs_fst":0.0,"anm_hs_opn":0.0,"anm_hs_rvw":0.0,"anm_hotsp":1},"geometry":{"type":"Polygon","coordinates":[[[120.666838,23.602122],[120.657039,23.602101],[120.657062,23.593071],[120.66686,23.593092],[120.666838,23.602122]]]}},
{"type":"Feature","properties":{"GridID":9954,"ELE":673,"MAMMAL":23.0,"BIRD":34.0,"AMPHIBIAN":11.0,"REPTILE":27.0,"BUTTERFLY":82.0,"maml_fst":"22","maml_opn":"12","bird_fst":"33","bird_opn":"7","bird_rvwet":"0","rptl_fst":"25","rptl_opn":"12","rptl_rvwet":"2","amph_fst":"10","amph_opn":"7","anm_hs_fst":2.0,"anm_hs_opn":0.0,"anm_hs_rvw":0.0,"anm_hotsp":3},"geometry":{"type":"Polygon","coordinates":[[[120.666815,23.611152],[120.657015,23.611131],[120.657039,23.602101],[120.666838,23.602122],[120.666815,23.611152]]]}},
{"type":"Feature","properties":{"GridID":9955,"ELE":625,"MAMMAL":13.0,"BIRD":1.0,"AMPHIBIAN":0.0,"REPTILE":6.0,"BUTTERFLY":48.0,"maml_fst":"12","maml_opn":"8","bird_fst":"1","bird_opn":"0","bird_rvwet":"0","rptl_fst":"6","rptl_opn":"2","rptl_rvwet":"0","amph_fst":"0","amph_opn":"0","anm_hs_fst":0.0,"anm_hs_opn":0.0,"anm_hs_rvw":0.0,"anm_hotsp":1},"geometry":{"type":"Polygon","coordinates":[[[120.666792,23.620182],[120.656992,23.620161],[120.657015,23.611131],[120.666815,23.611152],[120.666792,23.620182]]]}},
{"type":"Feature","properties":{"GridID":9956,"ELE":382,"MAMMAL":22.0,"BIRD":40.0,"AMPHIBIAN":8.0,"REPTILE":27.0,"BUTTERFLY":82.0,"maml_fst":"21","maml_opn":"12","bird_fst":"35","bird_opn":"8","bird_rvwet":"4","rptl_fst":"23","rptl_opn":"11","rptl_rvwet":"3","amph_fst":"8","amph_opn":"3","anm_hs_fst":0.0,"anm_hs_opn":1.0,"anm_hs_rvw":0.0,"anm_hotsp":1},"geometry":{"type":"Polygon","coordinates":[[[120.666769,23.629212],[120.656968,23.62919],[120.656992,23.620161],[120.666792,23.620182],[120.666769,23.629212]]]}},
{"type":"Feature","properties":{"GridID":9957,"ELE":281,"MAMMAL":30.0,"BIRD":37.0,"AMPHIBIAN":4.0,"REPTILE":27.0,"BUTTERFLY":81.0,"maml_fst":"29","maml_opn":"15","bird_fst":"35","bird_opn":"7","bird_rvwet":"0","rptl_fst":"25","rptl_opn":"12","rptl_rvwet":"3","amph_fst":"4","amph_opn":"1","anm_hs_fst":0.0,"anm_hs_opn":1.0,"anm_hs_rvw":0.0,"anm_hotsp":1},"geometry":{"type":"Polygon","coordinates":[[[120.666746,23.638242],[120.656945,23.63822],[120.656968,23.62919],[120.666769,23.629212],[120.666746,23.638242]]]}},
{"type":"Feature","properties":{"GridID":9958,"ELE":255,"MAMMAL":23.0,"BIRD":49.0,"AMPHIBIAN":14.0,"REPTILE":34.0,"BUTTERFLY":79.0,"maml_fst":"22","maml_opn":"12","bird_fst":"41","bird_opn":"15","bird_rvwet":"5","rptl_fst":"26","rptl_opn":"21","rptl_rvwet":"4","amph_fst":"14","amph_opn":"8","anm_hs_fst":1.0,"anm_hs_opn":1.0,"anm_hs_rvw":1.0,"anm_hotsp":2},"geometry":{"type":"Polygon","coordinates":[[[120.666723,23.647271],[120.656921,23.64725],[120.656945,23.63822],[120.666746,23.638242],[120.666723,23.647271]]]}},
{"type":"Feature","properties":{"GridID":9959,"ELE":263,"MAMMAL":25.0,"BIRD":51.0,"AMPHIBIAN":15.0,"REPTILE":36.0,"BUTTERFLY":81.0,"maml_fst":"24","maml_opn":"13","bird_fst":"42","bird_opn":"15","bird_rvwet":"5","rptl_fst":"29","rptl_opn":"20","rptl_rvwet":"3","amph_fst":"15","amph_opn":"8","anm_hs_fst":1.0,"anm_hs_opn":1.0,"anm_hs_rvw":1.0,"anm_hotsp":3},"geometry":{"type":"Polygon","coordinates":[[[120.666701,23.656301],[120.656898,23.65628],[120.656921,23.64725],[120.666723,23.647271],[120.666701,23.656301]]]}},
{"type":"Feature","properties":{"GridID":9960,"ELE":215,"MAMMAL":21.0,"BIRD":17.0,"AMPHIBIAN":6.0,"REPTILE":14.0,"BUTTERFLY":80.0,"maml_fst":"20","maml_opn":"11","bird_fst":"17","bird_opn":"3","bird_rvwet":"0","rptl_fst":"12","rptl_opn":"10","rptl_rvwet":"0","amph_fst":"6","amph_opn":"2","anm_hs_fst":1.0,"anm_hs_opn":3.0,"anm_hs_rvw":1.0,"anm_hotsp":2},"geometry":{"type":"Polygon","coordinates":[[[120.666678,23.665331],[120.656874,23.66531],[120.656898,23.65628],[120.666701,23.656301],[120.666678,23.665331]]]}},
{"type":"Feature","properties":{"GridID":9962,"ELE":187,"MAMMAL":17.0,"BIRD":51.0,"AMPHIBIAN":19.0,"REPTILE":36.0,"BUTTERFLY":69.0,"maml_fst":"14","maml_opn":"10","bird_fst":"37","bird_opn":"20","bird_rvwet":"6","rptl_fst":"25","rptl_opn":"23","rptl_rvwet":"5","amph_fst":"15","amph_opn":"12","anm_hs_fst":0.0,"anm_hs_opn":3.0,"anm_hs_rvw":0.0,"anm_hotsp":1},"geometry":{"type":"Polygon","coordinates":[[[120.666632,23.683391],[120.656827,23.683369],[120.656851,23.674339],[120.666655,23.674361],[120.666632,23.683391]]]}},
{"type":"Feature","properties":{"GridID":9963,"ELE":184,"MAMMAL":17.0,"BIRD":56.0,"AMPHIBIAN":21.0,"REPTILE":35.0,"BUTTERFLY":74.0,"maml_fst":"14","maml_opn":"10","bird_fst":"38","bird_opn":"25","bird_rvwet":"7","rptl_fst":"24","rptl_opn":"23","rptl_rvwet":"5","amph_fst":"17","amph_opn":"13","anm_hs_fst":0.0,"anm_hs_opn":2.0,"anm_hs_rvw":0.0,"anm_hotsp":2},"geometry":{"type":"Polygon","coordinates":[[[120.666609,23.69242],[120.656803,23.692399],[120.656827,23.683369],[120.666632,23.683391],[120.666609,23.69242]]]}},
{"type":"Feature","properties":{"GridID":9964,"ELE":181,"MAMMAL":21.0,"BIRD":57.0,"AMPHIBIAN":21.0,"REPTILE":36.0,"BUTTERFLY":71.0,"maml_fst":"17","maml_opn":"11","bird_fst":"37","bird_opn":"27","bird_rvwet":"8","rptl_fst":"25","rptl_opn":"23","rptl_rvwet":"5","amph_fst":"17","amph_opn":"13","anm_hs_fst":0.0,"anm_hs_opn":3.0,"anm_hs_rvw":0.0,"anm_hotsp":2},"geometry":{"type":"Polygon","coordinates":[[[120.666586,23.70145],[120.65678,23.701429],[120.656803,23.692399],[120.666609,23.69242],[120.666586,23.70145]]]}},
{"type":"Feature","properties":{"GridID":9965,"ELE":172,"MAMMAL":23.0,"BIRD":58.0,"AMPHIBIAN":20.0,"REPTILE":34.0,"BUTTERFLY":63.0,"maml_fst":"15","maml_opn":"15","bird_fst":"31","bird_opn":"33","bird_rvwet":"8","rptl_fst":"24","rptl_opn":"23","rptl_rvwet":"5","amph_fst":"16","amph_opn":"13","anm_hs_fst":0.0,"anm_hs_opn":2.0,"anm_hs_rvw":0.0,"anm_hotsp":1},"geometry":{"type":"Polygon","coordinates":[[[120.666563,23.71048],[120.656756,23.710459],[120.65678,23.701429],[120.666586,23.70145],[120.666563,23.71048]]]}},
{"type":"Feature","properties":{"GridID":9967,"ELE":144,"MAMMAL":24.0,"BIRD":58.0,"AMPHIBIAN":19.0,"REPTILE":31.0,"BUTTERFLY":38.0,"maml_fst":"16","maml_opn":"15","bird_fst":"32","bird_opn":"32","bird_rvwet":"7","rptl_fst":"21","rptl_opn":"22","rptl_rvwet":"5","amph_fst":"15","amph_opn":"13","anm_hs_fst":0.0,"anm_hs_opn":2.0,"anm_hs_rvw":0.0,"anm_hotsp":1},"geometry":{"type":"Polygon","coordinates":[[[120.666517,23.72854],[120.656709,23.728518],[120.656733,23.719488],[120.66654,23.71951],[120.666517,23.72854]]]}},
{"type":"Feature","properties":{"GridID":9970,"ELE":126,"MAMMAL":24.0,"BIRD":60.0,"AMPHIBIAN":17.0,"REPTILE":29.0,"BUTTERFLY":42.0,"maml_fst":"15","maml_opn":"17","bird_fst":"32","bird_opn":"33","bird_rvwet":"8","rptl_fst":"19","rptl_opn":"21","rptl_rvwet":"5","amph_fst":"13","amph_opn":"13","anm_hs_fst":0.0,"anm_hs_opn":2.0,"anm_hs_rvw":1.0,"anm_hotsp":1},"geometry":{"type":"Polygon","coordinates":[[[120.666448,23.755629],[120.656638,23.755607],[120.656662,23.746578],[120.666471,23.746599],[120.666448,23.755629]]]}},
{"type":"Feature","properties":{"GridID":9976,"ELE":191,"MAMMAL":18.0,"BIRD":51.0,"AMPHIBIAN":14.0,"REPTILE":28.0,"BUTTERFLY":32.0,"maml_fst":"10","maml_opn":"15","bird_fst":"21","bird_opn":"32","bird_rvwet":"10","rptl_fst":"18","rptl_opn":"20","rptl_rvwet":"5","amph_fst":"10","amph_opn":"10","anm_hs_fst":0.0,"anm_hs_opn":1.0,"anm_hs_rvw":1.0,"anm_hotsp":1},"geometry":{"type":"Polygon","coordinates":[[[120.66631,23.809807],[120.656496,23.809785],[120.656519,23.800756],[120.666333,23.800777],[120.66631,23.809807]]]}},
{"type":"Feature","properties":{"GridID":9977,"ELE":327,"MAMMAL":15.0,"BIRD":41.0,"AMPHIBIAN":11.0,"REPTILE":20.0,"BUTTERFLY":25.0,"maml_fst":"6","maml_opn":"13","bird_fst":"14","bird_opn":"27","bird_rvwet":"9","rptl_fst":"12","rptl_opn":"14","rptl_rvwet":"3","amph_fst":"7","amph_opn":"9","anm_hs_fst":0.0,"anm_hs_opn":1.0,"anm_hs_rvw":0.0,"anm_hotsp":1},"geometry":{"type":"Polygon","coordinates":[[[120.666287,23.818836],[120.656472,23.818815],[120.656496,23.809785],[120.66631,23.809807],[120.666287,23.818836]]]}},
{"type":"Feature","properties":{"GridID":10188,"ELE":673,"MAMMAL":23.0,"BIRD":18.0,"AMPHIBIAN":3.0,"REPTILE":18.0,"BUTTERFLY":81.0,"maml_fst":"22","maml_opn":"13","bird_fst":"16","bird_opn":"1","bird_rvwet":"2","rptl_fst":"16","rptl_opn":"9","rptl_rvwet":"0","amph_fst":"3","amph_opn":"1","anm_hs_fst":0.0,"anm_hs_opn":0.0,"anm_hs_rvw":0.0,"anm_hotsp":1},"geometry":{"type":"Polygon","coordinates":[[[120.676636,23.602143],[120.666838,23.602122],[120.66686,23.593092],[120.676659,23.593113],[120.676636,23.602143]]]}},
{"type":"Feature","properties":{"GridID":10189,"ELE":755,"MAMMAL":14.0,"BIRD":1.0,"AMPHIBIAN":0.0,"REPTILE":6.0,"BUTTERFLY":68.0,"maml_fst":"13","maml_opn":"7","bird_fst":"1","bird_opn":"0","bird_rvwet":"0","rptl_fst":"6","rptl_opn":"2","rptl_rvwet":"0","amph_fst":"0","amph_opn":"0","anm_hs_fst":2.0,"anm_hs_opn":0.0,"anm_hs_rvw":0.0,"anm_hotsp":3},"geometry":{"type":"Polygon","coordinates":[[[120.676614,23.611173],[120.666815,23.611152],[120.666838,23.602122],[120.676636,23.602143],[120.676614,23.611173]]]}},
{"type":"Feature","properties":{"GridID":10194,"ELE":399,"MAMMAL":23.0,"BIRD":34.0,"AMPHIBIAN":14.0,"REPTILE":32.0,"BUTTERFLY":79.0,"maml_fst":"22","maml_opn":"13","bird_fst":"30","bird_opn":"9","bird_rvwet":"3","rptl_fst":"27","rptl_opn":"17","rptl_rvwet":"3","amph_fst":"13","amph_opn":"8","anm_hs_fst":0.0,"anm_hs_opn":0.0,"anm_hs_rvw":0.0,"anm_hotsp":2},"geometry":{"type":"Polygon","coordinates":[[[120.676503,23.656322],[120.666701,23.656301],[120.666723,23.647271],[120.676526,23.647292],[120.676503,23.656322]]]}},
{"type":"Feature","properties":{"GridID":10195,"ELE":323,"MAMMAL":25.0,"BIRD":39.0,"AMPHIBIAN":7.0,"REPTILE":27.0,"BUTTERFLY":80.0,"maml_fst":"24","maml_opn":"12","bird_fst":"36","bird_opn":"7","bird_rvwet":"2","rptl_fst":"24","rptl_opn":"12","rptl_rvwet":"3","amph_fst":"7","amph_opn":"3","anm_hs_fst":1.0,"anm_hs_opn":1.0,"anm_hs_rvw":1.0,"anm_hotsp":4},"geometry":{"type":"Polygon","coordinates":[[[120.676481,23.665352],[120.666678,23.665331],[120.666701,23.656301],[120.676503,23.656322],[120.676481,23.665352]]]}},
{"type":"Feature","properties":{"GridID":10196,"ELE":228,"MAMMAL":16.0,"BIRD":0.0,"AMPHIBIAN":0.0,"REPTILE":6.0,"BUTTERFLY":64.0,"maml_fst":"15","maml_opn":"8","bird_fst":"0","bird_opn":"0","bird_rvwet":"0","rptl_fst":"6","rptl_opn":"1","rptl_rvwet":"0","amph_fst":"0","amph_opn":"0","anm_hs_fst":0.0,"anm_hs_opn":3.0,"anm_hs_rvw":0.0,"anm_hotsp":2},"geometry":{"type":"Polygon","coordinates":[[[120.676459,23.674382],[120.666655,23.674361],[120.666678,23.665331],[120.676481,23.665352],[120.676459,23.674382]]]}},
{"type":"Feature","properties":{"GridID":10197,"ELE":311,"MAMMAL":29.0,"BIRD":39.0,"AMPHIBIAN":6.0,"REPTILE":26.0,"BUTTERFLY":81.0,"maml_fst":"28","maml_opn":"15","bird_fst":"35","bird_opn":"7","bird_rvwet":"2","rptl_fst":"24","rptl_opn":"11","rptl_rvwet":"2","amph_fst":"6","amph_opn":"3","anm_hs_fst":1.0,"anm_hs_opn":1.0,"anm_hs_rvw":1.0,"anm_hotsp":3},"geometry":{"type":"Polygon","coordinates":[[[120.676437,23.683411],[120.666632,23.683391],[120.666655,23.674361],[120.676459,23.674382],[120.676437,23.683411]]]}},
{"type":"Feature","properties":{"GridID":10201,"ELE":258,"MAMMAL":9.0,"BIRD":2.0,"AMPHIBIAN":1.0,"REPTILE":4.0,"BUTTERFLY":59.0,"maml_fst":"9","maml_opn":"5","bird_fst":"1","bird_opn":"1","bird_rvwet":"0","rptl_fst":"3","rptl_opn":"3","rptl_rvwet":"0","amph_fst":"1","amph_opn":"0","anm_hs_fst":1.0,"anm_hs_opn":1.0,"anm_hs_rvw":1.0,"anm_hotsp":3},"geometry":{"type":"Polygon","coordinates":[[[120.676348,23.719531],[120.66654,23.71951],[120.666563,23.71048],[120.67637,23.710501],[120.676348,23.719531]]]}},
{"type":"Feature","properties":{"GridID":10202,"ELE":206,"MAMMAL":14.0,"BIRD":3.0,"AMPHIBIAN":2.0,"REPTILE":10.0,"BUTTERFLY":65.0,"maml_fst":"13","maml_opn":"7","bird_fst":"2","bird_opn":"1","bird_rvwet":"0","rptl_fst":"7","rptl_opn":"8","rptl_rvwet":"1","amph_fst":"2","amph_opn":"0","anm_hs_fst":1.0,"anm_hs_opn":3.0,"anm_hs_rvw":1.0,"anm_hotsp":3},"geometry":{"type":"Polygon","coordinates":[[[120.676325,23.72856],[120.666517,23.72854],[120.66654,23.71951],[120.676348,23.719531],[120.676325,23.72856]]]}},
{"type":"Feature","properties":{"GridID":10203,"ELE":178,"MAMMAL":13.0,"BIRD":6.0,"AMPHIBIAN":2.0,"REPTILE":9.0,"BUTTERFLY":67.0,"maml_fst":"12","maml_opn":"6","bird_fst":"5","bird_opn":"1","bird_rvwet":"0","rptl_fst":"6","rptl_opn":"6","rptl_rvwet":"1","amph_fst":"2","amph_opn":"0","anm_hs_fst":0.0,"anm_hs_opn":2.0,"anm_hs_rvw":0.0,"anm_hotsp":1},"geometry":{"type":"Polygon","coordinates":[[[120.676303,23.73759],[120.666494,23.737569],[120.666517,23.72854],[120.676325,23.72856],[120.676303,23.73759]]]}},
{"type":"Feature","properties":{"GridID":10207,"ELE":129,"MAMMAL":21.0,"BIRD":58.0,"AMPHIBIAN":21.0,"REPTILE":37.0,"BUTTERFLY":69.0,"maml_fst":"17","maml_opn":"12","bird_fst":"40","bird_opn":"23","bird_rvwet":"8","rptl_fst":"27","rptl_opn":"22","rptl_rvwet":"4","amph_fst":"17","amph_opn":"13","anm_hs_fst":0.0,"anm_hs_opn":2.0,"anm_hs_rvw":0.0,"anm_hotsp":1},"geometry":{"type":"Polygon","coordinates":[[[120.676214,23.773709],[120.666402,23.773688],[120.666425,23.764658],[120.676236,23.764679],[120.676214,23.773709]]]}},
{"type":"Feature","properties":{"GridID":10433,"ELE":797,"MAMMAL":12.0,"BIRD":0.0,"AMPHIBIAN":0.0,"REPTILE":3.0,"BUTTERFLY":71.0,"maml_fst":"12","maml_opn":"6","bird_fst":"0","bird_opn":"0","bird_rvwet":"0","rptl_fst":"3","rptl_opn":"0","rptl_rvwet":"0","amph_fst":"0","amph_opn":"0","anm_hs_fst":0.0,"anm_hs_opn":0.0,"anm_hs_rvw":0.0,"anm_hotsp":1},"geometry":{"type":"Polygon","coordinates":[[[120.686435,23.602163],[120.676636,23.602143],[120.676659,23.593113],[120.686457,23.593133],[120.686435,23.602163]]]}},
{"type":"Feature","properties":{"GridID":10434,"ELE":764,"MAMMAL":25.0,"BIRD":42.0,"AMPHIBIAN":10.0,"REPTILE":29.0,"BUTTERFLY":82.0,"maml_fst":"23","maml_opn":"14","bird_fst":"36","bird_opn":"13","bird_rvwet":"4","rptl_fst":"26","rptl_opn":"16","rptl_rvwet":"2","amph_fst":"10","amph_opn":"5","anm_hs_fst":2.0,"anm_hs_opn":0.0,"anm_hs_rvw":0.0,"anm_hotsp":2},"geometry":{"type":"Polygon","coordinates":[[[120.686414,23.611193],[120.676614,23.611173],[120.676636,23.602143],[120.686435,23.602163],[120.686414,23.611193]]]}},
{"type":"Feature","properties":{"GridID":10435,"ELE":903,"MAMMAL":15.0,"BIRD":2.0,"AMPHIBIAN":0.0,"REPTILE":5.0,"BUTTERFLY":78.0,"maml_fst":"14","maml_opn":"8","bird_fst":"2","bird_opn":"0","bird_rvwet":"0","rptl_fst":"4","rptl_opn":"4","rptl_rvwet":"0","amph_fst":"0","amph_opn":"0","anm_hs_fst":0.0,"anm_hs_opn":0.0,"anm_hs_rvw":0.0,"anm_hotsp":1},"geometry":{"type":"Polygon","coordinates":[[[120.686392,23.620223],[120.676592,23.620203],[120.676614,23.611173],[120.686414,23.611193],[120.686392,23.620223]]]}},
{"type":"Feature","properties":{"GridID":10437,"ELE":1003,"MAMMAL":16.0,"BIRD":0.0,"AMPHIBIAN":0.0,"REPTILE":1.0,"BUTTERFLY":69.0,"maml_fst":"15","maml_opn":"8","bird_fst":"0","bird_opn":"0","bird_rvwet":"0","rptl_fst":"1","rptl_opn":"1","rptl_rvwet":"0","amph_fst":"0","amph_opn":"0","anm_hs_fst":2.0,"anm_hs_opn":0.0,"anm_hs_rvw":0.0,"anm_hotsp":2},"geometry":{"type":"Polygon","coordinates":[[[120.686349,23.638282],[120.676548,23.638262],[120.67657,23.629232],[120.686371,23.629253],[120.686349,23.638282]]]}},
{"type":"Feature","properties":{"GridID":10439,"ELE":609,"MAMMAL":15.0,"BIRD":0.0,"AMPHIBIAN":1.0,"REPTILE":6.0,"BUTTERFLY":80.0,"maml_fst":"14","maml_opn":"7","bird_fst":"0","bird_opn":"0","bird_rvwet":"0","rptl_fst":"5","rptl_opn":"4","rptl_rvwet":"0","amph_fst":"1","amph_opn":"0","anm_hs_fst":1.0,"anm_hs_opn":0.0,"anm_hs_rvw":1.0,"anm_hotsp":2},"geometry":{"type":"Polygon","coordinates":[[[120.686306,23.656342],[120.676503,23.656322],[120.676526,23.647292],[120.686328,23.647312],[120.686306,23.656342]]]}},
{"type":"Feature","properties":{"GridID":10440,"ELE":444,"MAMMAL":14.0,"BIRD":2.0,"AMPHIBIAN":2.0,"REPTILE":5.0,"BUTTERFLY":75.0,"maml_fst":"13","maml_opn":"6","bird_fst":"2","bird_opn":"0","bird_rvwet":"0","rptl_fst":"5","rptl_opn":"2","rptl_rvwet":"0","amph_fst":"2","amph_opn":"1","anm_hs_fst":0.0,"anm_hs_opn":0.0,"anm_hs_rvw":0.0,"anm_hotsp":2},"geometry":{"type":"Polygon","coordinates":[[[120.686285,23.665372],[120.676481,23.665352],[120.676503,23.656322],[120.686306,23.656342],[120.686285,23.665372]]]}},
{"type":"Feature","properties":{"GridID":10441,"ELE":279,"MAMMAL":23.0,"BIRD":13.0,"AMPHIBIAN":4.0,"REPTILE":22.0,"BUTTERFLY":75.0,"maml_fst":"22","maml_opn":"13","bird_fst":"11","bird_opn":"2","bird_rvwet":"1","rptl_fst":"21","rptl_opn":"10","rptl_rvwet":"1","amph_fst":"4","amph_opn":"1","anm_hs_fst":1.0,"anm_hs_opn":2.0,"anm_hs_rvw":1.0,"anm_hotsp":1},"geometry":{"type":"Polygon","coordinates":[[[120.686263,23.674402],[120.676459,23.674382],[120.676481,23.665352],[120.686285,23.665372],[120.686263,23.674402]]]}},
{"type":"Feature","properties":{"GridID":10442,"ELE":378,"MAMMAL":27.0,"BIRD":33.0,"AMPHIBIAN":3.0,"REPTILE":27.0,"BUTTERFLY":81.0,"maml_fst":"26","maml_opn":"14","bird_fst":"30","bird_opn":"8","bird_rvwet":"1","rptl_fst":"25","rptl_opn":"12","rptl_rvwet":"3","amph_fst":"3","amph_opn":"1","anm_hs_fst":2.0,"anm_hs_opn":1.0,"anm_hs_rvw":1.0,"anm_hotsp":3},"geometry":{"type":"Polygon","coordinates":[[[120.686242,23.683432],[120.676437,23.683411],[120.676459,23.674382],[120.686263,23.674402],[120.686242,23.683432]]]}},
{"type":"Feature","properties":{"GridID":10443,"ELE":433,"MAMMAL":27.0,"BIRD":42.0,"AMPHIBIAN":7.0,"REPTILE":28.0,"BUTTERFLY":81.0,"maml_fst":"26","maml_opn":"14","bird_fst":"38","bird_opn":"8","bird_rvwet":"2","rptl_fst":"26","rptl_opn":"12","rptl_rvwet":"3","amph_fst":"7","amph_opn":"3","anm_hs_fst":1.0,"anm_hs_opn":1.0,"anm_hs_rvw":0.0,"anm_hotsp":1},"geometry":{"type":"Polygon","coordinates":[[[120.68622,23.692461],[120.676414,23.692441],[120.676437,23.683411],[120.686242,23.683432],[120.68622,23.692461]]]}},
{"type":"Feature","properties":{"GridID":10446,"ELE":317,"MAMMAL":29.0,"BIRD":41.0,"AMPHIBIAN":10.0,"REPTILE":29.0,"BUTTERFLY":75.0,"maml_fst":"28","maml_opn":"15","bird_fst":"37","bird_opn":"9","bird_rvwet":"2","rptl_fst":"26","rptl_opn":"12","rptl_rvwet":"3","amph_fst":"9","amph_opn":"6","anm_hs_fst":1.0,"anm_hs_opn":1.0,"anm_hs_rvw":1.0,"anm_hotsp":2},"geometry":{"type":"Polygon","coordinates":[[[120.686155,23.719551],[120.676348,23.719531],[120.67637,23.710501],[120.686177,23.710521],[120.686155,23.719551]]]}},
{"type":"Feature","properties":{"GridID":10447,"ELE":221,"MAMMAL":28.0,"BIRD":38.0,"AMPHIBIAN":4.0,"REPTILE":23.0,"BUTTERFLY":79.0,"maml_fst":"27","maml_opn":"14","bird_fst":"36","bird_opn":"8","bird_rvwet":"0","rptl_fst":"23","rptl_opn":"8","rptl_rvwet":"1","amph_fst":"4","amph_opn":"1","anm_hs_fst":0.0,"anm_hs_opn":3.0,"anm_hs_rvw":0.0,"anm_hotsp":2},"geometry":{"type":"Polygon","coordinates":[[[120.686134,23.728581],[120.676325,23.72856],[120.676348,23.719531],[120.686155,23.719551],[120.686134,23.728581]]]}},
{"type":"Feature","properties":{"GridID":10448,"ELE":229,"MAMMAL":23.0,"BIRD":40.0,"AMPHIBIAN":12.0,"REPTILE":30.0,"BUTTERFLY":79.0,"maml_fst":"22","maml_opn":"13","bird_fst":"36","bird_opn":"10","bird_rvwet":"3","rptl_fst":"26","rptl_opn":"16","rptl_rvwet":"3","amph_fst":"12","amph_opn":"7","anm_hs_fst":1.0,"anm_hs_opn":1.0,"anm_hs_rvw":1.0,"anm_hotsp":3},"geometry":{"type":"Polygon","coordinates":[[[120.686112,23.73761],[120.676303,23.73759],[120.676325,23.72856],[120.686134,23.728581],[120.686112,23.73761]]]}},
{"type":"Feature","properties":{"GridID":10449,"ELE":197,"MAMMAL":19.0,"BIRD":49.0,"AMPHIBIAN":18.0,"REPTILE":36.0,"BUTTERFLY":78.0,"maml_fst":"18","maml_opn":"11","bird_fst":"41","bird_opn":"16","bird_rvwet":"4","rptl_fst":"30","rptl_opn":"19","rptl_rvwet":"3","amph_fst":"16","amph_opn":"11","anm_hs_fst":0.0,"anm_hs_opn":3.0,"anm_hs_rvw":0.0,"anm_hotsp":2},"geometry":{"type":"Polygon","coordinates":[[[120.68609,23.74664],[120.676281,23.74662],[120.676303,23.73759],[120.686112,23.73761],[120.68609,23.74664]]]}},
{"type":"Feature","properties":{"GridID":10452,"ELE":150,"MAMMAL":26.0,"BIRD":47.0,"AMPHIBIAN":12.0,"REPTILE":28.0,"BUTTERFLY":81.0,"maml_fst":"25","maml_opn":"14","bird_fst":"45","bird_opn":"8","bird_rvwet":"2","rptl_fst":"25","rptl_opn":"14","rptl_rvwet":"3","amph_fst":"12","amph_opn":"6","anm_hs_fst":0.0,"anm_hs_opn":2.0,"anm_hs_rvw":0.0,"anm_hotsp":1},"geometry":{"type":"Polygon","coordinates":[[[120.686025,23.773729],[120.676214,23.773709],[120.676236,23.764679],[120.686047,23.7647],[120.686025,23.773729]]]}},
{"type":"Feature","properties":{"GridID":10453,"ELE":151,"MAMMAL":9.0,"BIRD":0.0,"AMPHIBIAN":1.0,"REPTILE":3.0,"BUTTERFLY":64.0,"maml_fst":"9","maml_opn":"4","bird_fst":"0","bird_opn":"0","bird_rvwet":"0","rptl_fst":"3","rptl_opn":"2","rptl_rvwet":"0","amph_fst":"1","amph_opn":"0","anm_hs_fst":0.0,"anm_hs_opn":2.0,"anm_hs_rvw":0.0,"anm_hotsp":1},"geometry":{"type":"Polygon","coordinates":[[[120.686004,23.782759],[120.676191,23.782739],[120.676214,23.773709],[120.686025,23.773729],[120.686004,23.782759]]]}},
{"type":"Feature","properties":{"GridID":10687,"ELE":990,"MAMMAL":23.0,"BIRD":21.0,"AMPHIBIAN":4.0,"REPTILE":22.0,"BUTTERFLY":81.0,"maml_fst":"22","maml_opn":"12","bird_fst":"20","bird_opn":"2","bird_rvwet":"2","rptl_fst":"17","rptl_opn":"14","rptl_rvwet":"3","amph_fst":"4","amph_opn":"1","anm_hs_fst":2.0,"anm_hs_opn":0.0,"anm_hs_rvw":0.0,"anm_hotsp":2},"geometry":{"type":"Polygon","coordinates":[[[120.696234,23.602182],[120.686435,23.602163],[120.686457,23.593133],[120.696255,23.593152],[120.696234,23.602182]]]}},
{"type":"Feature","properties":{"GridID":10688,"ELE":935,"MAMMAL":22.0,"BIRD":35.0,"AMPHIBIAN":8.0,"REPTILE":26.0,"BUTTERFLY":81.0,"maml_fst":"21","maml_opn":"12","bird_fst":"31","bird_opn":"9","bird_rvwet":"2","rptl_fst":"22","rptl_opn":"15","rptl_rvwet":"3","amph_fst":"8","amph_opn":"3","anm_hs_fst":1.0,"anm_hs_opn":1.0,"anm_hs_rvw":0.0,"anm_hotsp":2},"geometry":{"type":"Polygon","coordinates":[[[120.696213,23.611212],[120.686414,23.611193],[120.686435,23.602163],[120.696234,23.602182],[120.696213,23.611212]]]}},
{"type":"Feature","properties":{"GridID":10692,"ELE":960,"MAMMAL":13.0,"BIRD":0.0,"AMPHIBIAN":0.0,"REPTILE":4.0,"BUTTERFLY":78.0,"maml_fst":"13","maml_opn":"7","bird_fst":"0","bird_opn":"0","bird_rvwet":"0","rptl_fst":"4","rptl_opn":"1","rptl_rvwet":"0","amph_fst":"0","amph_opn":"0","anm_hs_fst":1.0,"anm_hs_opn":0.0,"anm_hs_rvw":0.0,"anm_hotsp":2},"geometry":{"type":"Polygon","coordinates":[[[120.69613,23.647332],[120.686328,23.647312],[120.686349,23.638282],[120.696151,23.638302],[120.69613,23.647332]]]}},
{"type":"Feature","properties":{"GridID":10693,"ELE":681,"MAMMAL":14.0,"BIRD":0.0,"AMPHIBIAN":0.0,"REPTILE":4.0,"BUTTERFLY":75.0,"maml_fst":"13","maml_opn":"6","bird_fst":"0","bird_opn":"0","bird_rvwet":"0","rptl_fst":"4","rptl_opn":"1","rptl_rvwet":"0","amph_fst":"0","amph_opn":"0","anm_hs_fst":1.0,"anm_hs_opn":0.0,"anm_hs_rvw":0.0,"anm_hotsp":2},"geometry":{"type":"Polygon","coordinates":[[[120.696109,23.656362],[120.686306,23.656342],[120.686328,23.647312],[120.69613,23.647332],[120.696109,23.656362]]]}},
{"type":"Feature","properties":{"GridID":10694,"ELE":420,"MAMMAL":15.0,"BIRD":0.0,"AMPHIBIAN":0.0,"REPTILE":3.0,"BUTTERFLY":76.0,"maml_fst":"14","maml_opn":"7","bird_fst":"0","bird_opn":"0","bird_rvwet":"0","rptl_fst":"3","rptl_opn":"0","rptl_rvwet":"0","amph_fst":"0","amph_opn":"0","anm_hs_fst":0.0,"anm_hs_opn":0.0,"anm_hs_rvw":0.0,"anm_hotsp":2},"geometry":{"type":"Polygon","coordinates":[[[120.696088,23.665392],[120.686285,23.665372],[120.686306,23.656342],[120.696109,23.656362],[120.696088,23.665392]]]}},
{"type":"Feature","properties":{"GridID":10695,"ELE":439,"MAMMAL":15.0,"BIRD":0.0,"AMPHIBIAN":0.0,"REPTILE":5.0,"BUTTERFLY":79.0,"maml_fst":"14","maml_opn":"9","bird_fst":"0","bird_opn":"0","bird_rvwet":"0","rptl_fst":"5","rptl_opn":"2","rptl_rvwet":"0","amph_fst":"0","amph_opn":"0","anm_hs_fst":2.0,"anm_hs_opn":0.0,"anm_hs_rvw":1.0,"anm_hotsp":2},"geometry":{"type":"Polygon","coordinates":[[[120.696067,23.674421],[120.686263,23.674402],[120.686285,23.665372],[120.696088,23.665392],[120.696067,23.674421]]]}},
{"type":"Feature","properties":{"GridID":10696,"ELE":483,"MAMMAL":17.0,"BIRD":1.0,"AMPHIBIAN":0.0,"REPTILE":3.0,"BUTTERFLY":76.0,"maml_fst":"16","maml_opn":"8","bird_fst":"1","bird_opn":"0","bird_rvwet":"0","rptl_fst":"3","rptl_opn":"1","rptl_rvwet":"0","amph_fst":"0","amph_opn":"0","anm_hs_fst":2.0,"anm_hs_opn":0.0,"anm_hs_rvw":1.0,"anm_hotsp":3},"geometry":{"type":"Polygon","coordinates":[[[120.696046,23.683451],[120.686242,23.683432],[120.686263,23.674402],[120.696067,23.674421],[120.696046,23.683451]]]}},
{"type":"Feature","properties":{"GridID":10697,"ELE":562,"MAMMAL":14.0,"BIRD":0.0,"AMPHIBIAN":0.0,"REPTILE":5.0,"BUTTERFLY":64.0,"maml_fst":"13","maml_opn":"10","bird_fst":"0","bird_opn":"0","bird_rvwet":"0","rptl_fst":"5","rptl_opn":"0","rptl_rvwet":"1","amph_fst":"0","amph_opn":"0","anm_hs_fst":2.0,"anm_hs_opn":0.0,"anm_hs_rvw":0.0,"anm_hotsp":3},"geometry":{"type":"Polygon","coordinates":[[[120.696025,23.692481],[120.68622,23.692461],[120.686242,23.683432],[120.696046,23.683451],[120.696025,23.692481]]]}},
{"type":"Feature","properties":{"GridID":10698,"ELE":488,"MAMMAL":17.0,"BIRD":0.0,"AMPHIBIAN":0.0,"REPTILE":6.0,"BUTTERFLY":77.0,"maml_fst":"16","maml_opn":"8","bird_fst":"0","bird_opn":"0","bird_rvwet":"0","rptl_fst":"6","rptl_opn":"2","rptl_rvwet":"0","amph_fst":"0","amph_opn":"0","anm_hs_fst":2.0,"anm_hs_opn":0.0,"anm_hs_rvw":1.0,"anm_hotsp":2},"geometry":{"type":"Polygon","coordinates":[[[120.696005,23.701511],[120.686198,23.701491],[120.68622,23.692461],[120.696025,23.692481],[120.696005,23.701511]]]}},
{"type":"Feature","properties":{"GridID":10699,"ELE":389,"MAMMAL":17.0,"BIRD":0.0,"AMPHIBIAN":0.0,"REPTILE":4.0,"BUTTERFLY":80.0,"maml_fst":"16","maml_opn":"9","bird_fst":"0","bird_opn":"0","bird_rvwet":"0","rptl_fst":"4","rptl_opn":"2","rptl_rvwet":"0","amph_fst":"0","amph_opn":"0","anm_hs_fst":2.0,"anm_hs_opn":1.0,"anm_hs_rvw":1.0,"anm_hotsp":2},"geometry":{"type":"Polygon","coordinates":[[[120.695984,23.710541],[120.686177,23.710521],[120.686198,23.701491],[120.696005,23.701511],[120.695984,23.710541]]]}},
{"type":"Feature","properties":{"GridID":10700,"ELE":297,"MAMMAL":19.0,"BIRD":11.0,"AMPHIBIAN":3.0,"REPTILE":18.0,"BUTTERFLY":78.0,"maml_fst":"18","maml_opn":"11","bird_fst":"10","bird_opn":"1","bird_rvwet":"0","rptl_fst":"16","rptl_opn":"10","rptl_rvwet":"0","amph_fst":"3","amph_opn":"1","anm_hs_fst":1.0,"anm_hs_opn":0.0,"anm_hs_rvw":1.0,"anm_hotsp":2},"geometry":{"type":"Polygon","coordinates":[[[120.695963,23.71957],[120.686155,23.719551],[120.686177,23.710521],[120.695984,23.710541],[120.695963,23.71957]]]}},
{"type":"Feature","properties":{"GridID":10701,"ELE":238,"MAMMAL":16.0,"BIRD":1.0,"AMPHIBIAN":1.0,"REPTILE":5.0,"BUTTERFLY":62.0,"maml_fst":"15","maml_opn":"8","bird_fst":"1","bird_opn":"0","bird_rvwet":"0","rptl_fst":"5","rptl_opn":"3","rptl_rvwet":"0","amph_fst":"1","amph_opn":"0","anm_hs_fst":1.0,"anm_hs_opn":2.0,"anm_hs_rvw":1.0,"anm_hotsp":2},"geometry":{"type":"Polygon","coordinates":[[[120.695942,23.7286],[120.686134,23.728581],[120.686155,23.719551],[120.695963,23.71957],[120.695942,23.7286]]]}},
{"type":"Feature","properties":{"GridID":10702,"ELE":231,"MAMMAL":27.0,"BIRD":41.0,"AMPHIBIAN":11.0,"REPTILE":30.0,"BUTTERFLY":74.0,"maml_fst":"25","maml_opn":"14","bird_fst":"35","bird_opn":"12","bird_rvwet":"1","rptl_fst":"26","rptl_opn":"14","rptl_rvwet":"2","amph_fst":"10","amph_opn":"7","anm_hs_fst":1.0,"anm_hs_opn":2.0,"anm_hs_rvw":1.0,"anm_hotsp":2},"geometry":{"type":"Polygon","coordinates":[[[120.695921,23.73763],[120.686112,23.73761],[120.686134,23.728581],[120.695942,23.7286],[120.695921,23.73763]]]}},
{"type":"Feature","properties":{"GridID":10704,"ELE":165,"MAMMAL":31.0,"BIRD":36.0,"AMPHIBIAN":4.0,"REPTILE":27.0,"BUTTERFLY":81.0,"maml_fst":"30","maml_opn":"16","bird_fst":"34","bird_opn":"8","bird_rvwet":"0","rptl_fst":"25","rptl_opn":"11","rptl_rvwet":"1","amph_fst":"4","amph_opn":"1","anm_hs_fst":0.0,"anm_hs_opn":3.0,"anm_hs_rvw":1.0,"anm_hotsp":1},"geometry":{"type":"Polygon","coordinates":[[[120.695879,23.755689],[120.686069,23.75567],[120.68609,23.74664],[120.6959,23.74666],[120.695879,23.755689]]]}},
{"type":"Feature","properties":{"GridID":10706,"ELE":183,"MAMMAL":29.0,"BIRD":23.0,"AMPHIBIAN":3.0,"REPTILE":20.0,"BUTTERFLY":79.0,"maml_fst":"28","maml_opn":"16","bird_fst":"22","bird_opn":"1","bird_rvwet":"1","rptl_fst":"19","rptl_opn":"9","rptl_rvwet":"2","amph_fst":"3","amph_opn":"1","anm_hs_fst":0.0,"anm_hs_opn":2.0,"anm_hs_rvw":0.0,"anm_hotsp":1},"geometry":{"type":"Polygon","coordinates":[[[120.695837,23.773749],[120.686025,23.773729],[120.686047,23.7647],[120.695858,23.764719],[120.695837,23.773749]]]}},
{"type":"Feature","properties":{"GridID":10952,"ELE":894,"MAMMAL":26.0,"BIRD":42.0,"AMPHIBIAN":8.0,"REPTILE":29.0,"BUTTERFLY":82.0,"maml_fst":"25","maml_opn":"12","bird_fst":"38","bird_opn":"11","bird_rvwet":"0","rptl_fst":"26","rptl_opn":"13","rptl_rvwet":"2","amph_fst":"8","amph_opn":"4","anm_hs_fst":2.0,"anm_hs_opn":0.0,"anm_hs_rvw":0.0,"anm_hotsp":3},"geometry":{"type":"Polygon","coordinates":[[[120.706033,23.602201],[120.696234,23.602182],[120.696255,23.593152],[120.706053,23.593171],[120.706033,23.602201]]]}},
{"type":"Feature","properties":{"GridID":10953,"ELE":1302,"MAMMAL":25.0,"BIRD":37.0,"AMPHIBIAN":13.0,"REPTILE":31.0,"BUTTERFLY":75.0,"maml_fst":"24","maml_opn":"12","bird_fst":"32","bird_opn":"11","bird_rvwet":"0","rptl_fst":"28","rptl_opn":"14","rptl_rvwet":"2","amph_fst":"11","amph_opn":"8","anm_hs_fst":1.0,"anm_hs_opn":1.0,"anm_hs_rvw":0.0,"anm_hotsp":1},"geometry":{"type":"Polygon","coordinates":[[[120.706013,23.611231],[120.696213,23.611212],[120.696234,23.602182],[120.706033,23.602201],[120.706013,23.611231]]]}},
{"type":"Feature","properties":{"GridID":10955,"ELE":1451,"MAMMAL":16.0,"BIRD":1.0,"AMPHIBIAN":0.0,"REPTILE":6.0,"BUTTERFLY":60.0,"maml_fst":"15","maml_opn":"9","bird_fst":"1","bird_opn":"0","bird_rvwet":"0","rptl_fst":"6","rptl_opn":"1","rptl_rvwet":"0","amph_fst":"0","amph_opn":"0","anm_hs_fst":1.0,"anm_hs_opn":0.0,"anm_hs_rvw":0.0,"anm_hotsp":1},"geometry":{"type":"Polygon","coordinates":[[[120.705972,23.629291],[120.696172,23.629272],[120.696192,23.620242],[120.705993,23.620261],[120.705972,23.629291]]]}},
{"type":"Feature","properties":{"GridID":10957,"ELE":856,"MAMMAL":13.0,"BIRD":0.0,"AMPHIBIAN":0.0,"REPTILE":4.0,"BUTTERFLY":73.0,"maml_fst":"12","maml_opn":"5","bird_fst":"0","bird_opn":"0","bird_rvwet":"0","rptl_fst":"3","rptl_opn":"3","rptl_rvwet":"0","amph_fst":"0","amph_opn":"0","anm_hs_fst":1.0,"anm_hs_opn":0.0,"anm_hs_rvw":0.0,"anm_hotsp":1},"geometry":{"type":"Polygon","coordinates":[[[120.705932,23.647351],[120.69613,23.647332],[120.696151,23.638302],[120.705952,23.638321],[120.705932,23.647351]]]}},
{"type":"Feature","properties":{"GridID":10958,"ELE":762,"MAMMAL":11.0,"BIRD":0.0,"AMPHIBIAN":0.0,"REPTILE":4.0,"BUTTERFLY":58.0,"maml_fst":"10","maml_opn":"6","bird_fst":"0","bird_opn":"0","bird_rvwet":"0","rptl_fst":"3","rptl_opn":"2","rptl_rvwet":"0","amph_fst":"0","amph_opn":"0","anm_hs_fst":3.0,"anm_hs_opn":1.0,"anm_hs_rvw":0.0,"anm_hotsp":3},"geometry":{"type":"Polygon","coordinates":[[[120.705912,23.656381],[120.696109,23.656362],[120.69613,23.647332],[120.705932,23.647351],[120.705912,23.656381]]]}},
{"type":"Feature","properties":{"GridID":10959,"ELE":568,"MAMMAL":12.0,"BIRD":0.0,"AMPHIBIAN":0.0,"REPTILE":3.0,"BUTTERFLY":58.0,"maml_fst":"11","maml_opn":"7","bird_fst":"0","bird_opn":"0","bird_rvwet":"0","rptl_fst":"3","rptl_opn":"1","rptl_rvwet":"0","amph_fst":"0","amph_opn":"0","anm_hs_fst":1.0,"anm_hs_opn":0.0,"anm_hs_rvw":0.0,"anm_hotsp":2},"geometry":{"type":"Polygon","coordinates":[[[120.705892,23.66541],[120.696088,23.665392],[120.696109,23.656362],[120.705912,23.656381],[120.705892,23.66541]]]}},
{"type":"Feature","properties":{"GridID":10960,"ELE":485,"MAMMAL":11.0,"BIRD":0.0,"AMPHIBIAN":0.0,"REPTILE":5.0,"BUTTERFLY":60.0,"maml_fst":"10","maml_opn":"6","bird_fst":"0","bird_opn":"0","bird_rvwet":"0","rptl_fst":"5","rptl_opn":"1","rptl_rvwet":"1","amph_fst":"0","amph_opn":"0","anm_hs_fst":1.0,"anm_hs_opn":1.0,"anm_hs_rvw":0.0,"anm_hotsp":2},"geometry":{"type":"Polygon","coordinates":[[[120.705871,23.67444],[120.696067,23.674421],[120.696088,23.665392],[120.705892,23.66541],[120.705871,23.67444]]]}},
{"type":"Feature","properties":{"GridID":10961,"ELE":726,"MAMMAL":11.0,"BIRD":1.0,"AMPHIBIAN":0.0,"REPTILE":5.0,"BUTTERFLY":39.0,"maml_fst":"12","maml_opn":"6","bird_fst":"1","bird_opn":"0","bird_rvwet":"0","rptl_fst":"5","rptl_opn":"0","rptl_rvwet":"0","amph_fst":"0","amph_opn":"0","anm_hs_fst":1.0,"anm_hs_opn":0.0,"anm_hs_rvw":0.0,"anm_hotsp":2},"geometry":{"type":"Polygon","coordinates":[[[120.705851,23.68347],[120.696046,23.683451],[120.696067,23.674421],[120.705871,23.67444],[120.705851,23.68347]]]}},
{"type":"Feature","properties":{"GridID":10962,"ELE":829,"MAMMAL":17.0,"BIRD":0.0,"AMPHIBIAN":0.0,"REPTILE":4.0,"BUTTERFLY":80.0,"maml_fst":"16","maml_opn":"8","bird_fst":"0","bird_opn":"0","bird_rvwet":"0","rptl_fst":"4","rptl_opn":"1","rptl_rvwet":"0","amph_fst":"0","amph_opn":"0","anm_hs_fst":1.0,"anm_hs_opn":0.0,"anm_hs_rvw":0.0,"anm_hotsp":2},"geometry":{"type":"Polygon","coordinates":[[[120.705831,23.6925],[120.696025,23.692481],[120.696046,23.683451],[120.705851,23.68347],[120.705831,23.6925]]]}},
{"type":"Feature","properties":{"GridID":10964,"ELE":441,"MAMMAL":16.0,"BIRD":3.0,"AMPHIBIAN":0.0,"REPTILE":8.0,"BUTTERFLY":65.0,"maml_fst":"15","maml_opn":"8","bird_fst":"3","bird_opn":"0","bird_rvwet":"0","rptl_fst":"8","rptl_opn":"1","rptl_rvwet":"1","amph_fst":"0","amph_opn":"0","anm_hs_fst":2.0,"anm_hs_opn":0.0,"anm_hs_rvw":1.0,"anm_hotsp":2},"geometry":{"type":"Polygon","coordinates":[[[120.705791,23.71056],[120.695984,23.710541],[120.696005,23.701511],[120.705811,23.70153],[120.705791,23.71056]]]}},
{"type":"Feature","properties":{"GridID":10965,"ELE":327,"MAMMAL":24.0,"BIRD":17.0,"AMPHIBIAN":2.0,"REPTILE":25.0,"BUTTERFLY":81.0,"maml_fst":"23","maml_opn":"13","bird_fst":"16","bird_opn":"3","bird_rvwet":"1","rptl_fst":"23","rptl_opn":"12","rptl_rvwet":"3","amph_fst":"2","amph_opn":"1","anm_hs_fst":1.0,"anm_hs_opn":1.0,"anm_hs_rvw":1.0,"anm_hotsp":2},"geometry":{"type":"Polygon","coordinates":[[[120.70577,23.719589],[120.695963,23.71957],[120.695984,23.710541],[120.705791,23.71056],[120.70577,23.719589]]]}},
{"type":"Feature","properties":{"GridID":10966,"ELE":350,"MAMMAL":18.0,"BIRD":0.0,"AMPHIBIAN":0.0,"REPTILE":6.0,"BUTTERFLY":74.0,"maml_fst":"17","maml_opn":"10","bird_fst":"0","bird_opn":"0","bird_rvwet":"0","rptl_fst":"6","rptl_opn":"2","rptl_rvwet":"0","amph_fst":"0","amph_opn":"0","anm_hs_fst":2.0,"anm_hs_opn":1.0,"anm_hs_rvw":1.0,"anm_hotsp":3},"geometry":{"type":"Polygon","coordinates":[[[120.70575,23.728619],[120.695942,23.7286],[120.695963,23.71957],[120.70577,23.719589],[120.70575,23.728619]]]}},
{"type":"Feature","properties":{"GridID":10967,"ELE":337,"MAMMAL":13.0,"BIRD":2.0,"AMPHIBIAN":0.0,"REPTILE":4.0,"BUTTERFLY":38.0,"maml_fst":"14","maml_opn":"6","bird_fst":"2","bird_opn":"0","bird_rvwet":"0","rptl_fst":"4","rptl_opn":"0","rptl_rvwet":"0","amph_fst":"0","amph_opn":"0","anm_hs_fst":2.0,"anm_hs_opn":1.0,"anm_hs_rvw":1.0,"anm_hotsp":2},"geometry":{"type":"Polygon","coordinates":[[[120.70573,23.737649],[120.695921,23.73763],[120.695942,23.7286],[120.70575,23.728619],[120.70573,23.737649]]]}},
{"type":"Feature","properties":{"GridID":10968,"ELE":266,"MAMMAL":18.0,"BIRD":1.0,"AMPHIBIAN":0.0,"REPTILE":8.0,"BUTTERFLY":68.0,"maml_fst":"17","maml_opn":"9","bird_fst":"1","bird_opn":"0","bird_rvwet":"0","rptl_fst":"8","rptl_opn":"2","rptl_rvwet":"1","amph_fst":"0","amph_opn":"0","anm_hs_fst":1.0,"anm_hs_opn":1.0,"anm_hs_rvw":1.0,"anm_hotsp":3},"geometry":{"type":"Polygon","coordinates":[[[120.705709,23.746679],[120.6959,23.74666],[120.695921,23.73763],[120.70573,23.737649],[120.705709,23.746679]]]}},
{"type":"Feature","properties":{"GridID":10969,"ELE":185,"MAMMAL":18.0,"BIRD":0.0,"AMPHIBIAN":1.0,"REPTILE":6.0,"BUTTERFLY":73.0,"maml_fst":"17","maml_opn":"9","bird_fst":"0","bird_opn":"0","bird_rvwet":"0","rptl_fst":"6","rptl_opn":"2","rptl_rvwet":"0","amph_fst":"1","amph_opn":"0","anm_hs_fst":1.0,"anm_hs_opn":3.0,"anm_hs_rvw":1.0,"anm_hotsp":2},"geometry":{"type":"Polygon","coordinates":[[[120.705689,23.755708],[120.695879,23.755689],[120.6959,23.74666],[120.705709,23.746679],[120.705689,23.755708]]]}},
{"type":"Feature","properties":{"GridID":11213,"ELE":1718,"MAMMAL":24.0,"BIRD":43.0,"AMPHIBIAN":9.0,"REPTILE":31.0,"BUTTERFLY":81.0,"maml_fst":"23","maml_opn":"12","bird_fst":"36","bird_opn":"10","bird_rvwet":"5","rptl_fst":"27","rptl_opn":"17","rptl_rvwet":"3","amph_fst":"9","amph_opn":"5","anm_hs_fst":2.0,"anm_hs_opn":1.0,"anm_hs_rvw":0.0,"anm_hotsp":1},"geometry":{"type":"Polygon","coordinates":[[[120.716045,23.50289],[120.711328,23.502881],[120.711953,23.501501],[120.713153,23.50093],[120.714435,23.500485],[120.714852,23.500161],[120.715319,23.499137],[120.716054,23.498717],[120.716045,23.50289]]]}},
{"type":"Feature","properties":{"GridID":11214,"ELE":1649,"MAMMAL":27.0,"BIRD":40.0,"AMPHIBIAN":5.0,"REPTILE":30.0,"BUTTERFLY":82.0,"maml_fst":"26","maml_opn":"14","bird_fst":"38","bird_opn":"7","bird_rvwet":"2","rptl_fst":"28","rptl_opn":"14","rptl_rvwet":"3","amph_fst":"5","amph_opn":"2","anm_hs_fst":1.0,"anm_hs_opn":0.0,"anm_hs_rvw":0.0,"anm_hotsp":1},"geometry":{"type":"Polygon","coordinates":[[[120.716026,23.51192],[120.706234,23.511901],[120.706238,23.510119],[120.706833,23.51018],[120.707799,23.510412],[120.708318,23.51042],[120.708723,23.510111],[120.708829,23.509671],[120.70892,23.508026],[120.708416,23.506485],[120.708199,23.505135],[120.70845,23.504756],[120.708571,23.504397],[120.708812,23.503131],[120.70979,23.503036],[120.710814,23.503174],[120.711244,23.503116],[120.711328,23.502881],[120.716045,23.50289],[120.716026,23.51192]]]}},
{"type":"Feature","properties":{"GridID":11216,"ELE":1239,"MAMMAL":11.0,"BIRD":2.0,"AMPHIBIAN":0.0,"REPTILE":3.0,"BUTTERFLY":35.0,"maml_fst":"12","maml_opn":"6","bird_fst":"2","bird_opn":"0","bird_rvwet":"0","rptl_fst":"3","rptl_opn":"0","rptl_rvwet":"0","amph_fst":"0","amph_opn":"0","anm_hs_fst":1.0,"anm_hs_opn":0.0,"anm_hs_rvw":0.0,"anm_hotsp":1},"geometry":{"type":"Polygon","coordinates":[[[120.715987,23.52998],[120.706194,23.529962],[120.706214,23.520931],[120.716006,23.52095],[120.715987,23.52998]]]}},
{"type":"Feature","properties":{"GridID":11217,"ELE":1098,"MAMMAL":21.0,"BIRD":36.0,"AMPHIBIAN":3.0,"REPTILE":16.0,"BUTTERFLY":79.0,"maml_fst":"21","maml_opn":"10","bird_fst":"35","bird_opn":"3","bird_rvwet":"2","rptl_fst":"16","rptl_opn":"5","rptl_rvwet":"0","amph_fst":"3","amph_opn":"1","anm_hs_fst":1.0,"anm_hs_opn":0.0,"anm_hs_rvw":0.0,"anm_hotsp":1},"geometry":{"type":"Polygon","coordinates":[[[120.715968,23.53901],[120.706173,23.538992],[120.706194,23.529962],[120.715987,23.52998],[120.715968,23.53901]]]}},
{"type":"Feature","properties":{"GridID":11218,"ELE":1170,"MAMMAL":24.0,"BIRD":36.0,"AMPHIBIAN":4.0,"REPTILE":12.0,"BUTTERFLY":79.0,"maml_fst":"24","maml_opn":"11","bird_fst":"36","bird_opn":"3","bird_rvwet":"1","rptl_fst":"12","rptl_opn":"3","rptl_rvwet":"0","amph_fst":"4","amph_opn":"1","anm_hs_fst":1.0,"anm_hs_opn":0.0,"anm_hs_rvw":0.0,"anm_hotsp":1},"geometry":{"type":"Polygon","coordinates":[[[120.715948,23.54804],[120.706153,23.548022],[120.706173,23.538992],[120.715968,23.53901],[120.715948,23.54804]]]}},
{"type":"Feature","properties":{"GridID":11221,"ELE":670,"MAMMAL":14.0,"BIRD":0.0,"AMPHIBIAN":0.0,"REPTILE":4.0,"BUTTERFLY":67.0,"maml_fst":"15","maml_opn":"7","bird_fst":"0","bird_opn":"0","bird_rvwet":"0","rptl_fst":"4","rptl_opn":"0","rptl_rvwet":"0","amph_fst":"0","amph_opn":"0","anm_hs_fst":0.0,"anm_hs_opn":0.0,"anm_hs_rvw":0.0,"anm_hotsp":1},"geometry":{"type":"Polygon","coordinates":[[[120.71589,23.57513],[120.706093,23.575111],[120.706113,23.566081],[120.715909,23.5661],[120.71589,23.57513]]]}},
{"type":"Feature","properties":{"GridID":11223,"ELE":942,"MAMMAL":12.0,"BIRD":0.0,"AMPHIBIAN":0.0,"REPTILE":4.0,"BUTTERFLY":73.0,"maml_fst":"12","maml_opn":"7","bird_fst":"0","bird_opn":"0","bird_rvwet":"0","rptl_fst":"4","rptl_opn":"0","rptl_rvwet":"0","amph_fst":"0","amph_opn":"0","anm_hs_fst":1.0,"anm_hs_opn":0.0,"anm_hs_rvw":0.0,"anm_hotsp":2},"geometry":{"type":"Polygon","coordinates":[[[120.715851,23.59319],[120.706053,23.593171],[120.706073,23.584141],[120.715871,23.58416],[120.715851,23.59319]]]}},
{"type":"Feature","properties":{"GridID":11225,"ELE":1132,"MAMMAL":24.0,"BIRD":23.0,"AMPHIBIAN":2.0,"REPTILE":12.0,"BUTTERFLY":82.0,"maml_fst":"23","maml_opn":"12","bird_fst":"22","bird_opn":"1","bird_rvwet":"1","rptl_fst":"12","rptl_opn":"5","rptl_rvwet":"0","amph_fst":"2","amph_opn":"1","anm_hs_fst":1.0,"anm_hs_opn":1.0,"anm_hs_rvw":0.0,"anm_hotsp":1},"geometry":{"type":"Polygon","coordinates":[[[120.715715,23.656399],[120.705912,23.656381],[120.705932,23.647351],[120.715734,23.647369],[120.715715,23.656399]]]}},
{"type":"Feature","properties":{"GridID":11226,"ELE":887,"MAMMAL":23.0,"BIRD":34.0,"AMPHIBIAN":8.0,"REPTILE":24.0,"BUTTERFLY":76.0,"maml_fst":"22","maml_opn":"11","bird_fst":"32","bird_opn":"7","bird_rvwet":"2","rptl_fst":"22","rptl_opn":"11","rptl_rvwet":"2","amph_fst":"7","amph_opn":"4","anm_hs_fst":1.0,"anm_hs_opn":0.0,"anm_hs_rvw":0.0,"anm_hotsp":2},"geometry":{"type":"Polygon","coordinates":[[[120.715695,23.665429],[120.705892,23.66541],[120.705912,23.656381],[120.715715,23.656399],[120.715695,23.665429]]]}},
{"type":"Feature","properties":{"GridID":11227,"ELE":581,"MAMMAL":24.0,"BIRD":50.0,"AMPHIBIAN":19.0,"REPTILE":39.0,"BUTTERFLY":79.0,"maml_fst":"23","maml_opn":"13","bird_fst":"41","bird_opn":"16","bird_rvwet":"5","rptl_fst":"32","rptl_opn":"19","rptl_rvwet":"3","amph_fst":"15","amph_opn":"13","anm_hs_fst":0.0,"anm_hs_opn":0.0,"anm_hs_rvw":0.0,"anm_hotsp":1},"geometry":{"type":"Polygon","coordinates":[[[120.715676,23.674459],[120.705871,23.67444],[120.705892,23.66541],[120.715695,23.665429],[120.715676,23.674459]]]}},
{"type":"Feature","properties":{"GridID":11229,"ELE":952,"MAMMAL":21.0,"BIRD":33.0,"AMPHIBIAN":7.0,"REPTILE":26.0,"BUTTERFLY":81.0,"maml_fst":"20","maml_opn":"11","bird_fst":"30","bird_opn":"6","bird_rvwet":"3","rptl_fst":"23","rptl_opn":"13","rptl_rvwet":"3","amph_fst":"7","amph_opn":"3","anm_hs_fst":1.0,"anm_hs_opn":1.0,"anm_hs_rvw":0.0,"anm_hotsp":2},"geometry":{"type":"Polygon","coordinates":[[[120.715637,23.692518],[120.705831,23.6925],[120.705851,23.68347],[120.715656,23.683488],[120.715637,23.692518]]]}},
{"type":"Feature","properties":{"GridID":11230,"ELE":748,"MAMMAL":26.0,"BIRD":34.0,"AMPHIBIAN":6.0,"REPTILE":26.0,"BUTTERFLY":81.0,"maml_fst":"25","maml_opn":"12","bird_fst":"32","bird_opn":"5","bird_rvwet":"0","rptl_fst":"24","rptl_opn":"12","rptl_rvwet":"3","amph_fst":"6","amph_opn":"3","anm_hs_fst":2.0,"anm_hs_opn":0.0,"anm_hs_rvw":0.0,"anm_hotsp":2},"geometry":{"type":"Polygon","coordinates":[[[120.715617,23.701548],[120.705811,23.70153],[120.705831,23.6925],[120.715637,23.692518],[120.715617,23.701548]]]}},
{"type":"Feature","properties":{"GridID":11231,"ELE":593,"MAMMAL":22.0,"BIRD":21.0,"AMPHIBIAN":2.0,"REPTILE":21.0,"BUTTERFLY":81.0,"maml_fst":"21","maml_opn":"10","bird_fst":"20","bird_opn":"5","bird_rvwet":"0","rptl_fst":"20","rptl_opn":"10","rptl_rvwet":"2","amph_fst":"2","amph_opn":"1","anm_hs_fst":1.0,"anm_hs_opn":0.0,"anm_hs_rvw":0.0,"anm_hotsp":2},"geometry":{"type":"Polygon","coordinates":[[[120.715597,23.710578],[120.705791,23.71056],[120.705811,23.70153],[120.715617,23.701548],[120.715597,23.710578]]]}},
{"type":"Feature","properties":{"GridID":11232,"ELE":581,"MAMMAL":19.0,"BIRD":9.0,"AMPHIBIAN":0.0,"REPTILE":7.0,"BUTTERFLY":59.0,"maml_fst":"17","maml_opn":"10","bird_fst":"8","bird_opn":"1","bird_rvwet":"0","rptl_fst":"7","rptl_opn":"1","rptl_rvwet":"1","amph_fst":"0","amph_opn":"0","anm_hs_fst":1.0,"anm_hs_opn":0.0,"anm_hs_rvw":0.0,"anm_hotsp":2},"geometry":{"type":"Polygon","coordinates":[[[120.715578,23.719608],[120.70577,23.719589],[120.705791,23.71056],[120.715597,23.710578],[120.715578,23.719608]]]}},
{"type":"Feature","properties":{"GridID":11233,"ELE":601,"MAMMAL":11.0,"BIRD":3.0,"AMPHIBIAN":0.0,"REPTILE":5.0,"BUTTERFLY":65.0,"maml_fst":"9","maml_opn":"7","bird_fst":"3","bird_opn":"0","bird_rvwet":"0","rptl_fst":"5","rptl_opn":"0","rptl_rvwet":"1","amph_fst":"0","amph_opn":"0","anm_hs_fst":0.0,"anm_hs_opn":0.0,"anm_hs_rvw":0.0,"anm_hotsp":1},"geometry":{"type":"Polygon","coordinates":[[[120.715558,23.728637],[120.70575,23.728619],[120.70577,23.719589],[120.715578,23.719608],[120.715558,23.728637]]]}},
{"type":"Feature","properties":{"GridID":11234,"ELE":508,"MAMMAL":10.0,"BIRD":0.0,"AMPHIBIAN":0.0,"REPTILE":4.0,"BUTTERFLY":54.0,"maml_fst":"9","maml_opn":"6","bird_fst":"0","bird_opn":"0","bird_rvwet":"0","rptl_fst":"4","rptl_opn":"1","rptl_rvwet":"0","amph_fst":"0","amph_opn":"0","anm_hs_fst":1.0,"anm_hs_opn":0.0,"anm_hs_rvw":0.0,"anm_hotsp":1},"geometry":{"type":"Polygon","coordinates":[[[120.715539,23.737667],[120.70573,23.737649],[120.70575,23.728619],[120.715558,23.728637],[120.715539,23.737667]]]}},
{"type":"Feature","properties":{"GridID":11235,"ELE":361,"MAMMAL":13.0,"BIRD":0.0,"AMPHIBIAN":0.0,"REPTILE":5.0,"BUTTERFLY":72.0,"maml_fst":"12","maml_opn":"8","bird_fst":"0","bird_opn":"0","bird_rvwet":"0","rptl_fst":"5","rptl_opn":"2","rptl_rvwet":"0","amph_fst":"0","amph_opn":"0","anm_hs_fst":1.0,"anm_hs_opn":1.0,"anm_hs_rvw":1.0,"anm_hotsp":4},"geometry":{"type":"Polygon","coordinates":[[[120.715519,23.746697],[120.705709,23.746679],[120.70573,23.737649],[120.715539,23.737667],[120.715519,23.746697]]]}},
{"type":"Feature","properties":{"GridID":11236,"ELE":303,"MAMMAL":13.0,"BIRD":1.0,"AMPHIBIAN":0.0,"REPTILE":6.0,"BUTTERFLY":72.0,"maml_fst":"12","maml_opn":"8","bird_fst":"1","bird_opn":"0","bird_rvwet":"0","rptl_fst":"6","rptl_opn":"1","rptl_rvwet":"0","amph_fst":"0","amph_opn":"0","anm_hs_fst":1.0,"anm_hs_opn":0.0,"anm_hs_rvw":1.0,"anm_hotsp":1},"geometry":{"type":"Polygon","coordinates":[[[120.715499,23.755727],[120.705689,23.755708],[120.705709,23.746679],[120.715519,23.746697],[120.715499,23.755727]]]}},
{"type":"Feature","properties":{"GridID":11237,"ELE":220,"MAMMAL":14.0,"BIRD":1.0,"AMPHIBIAN":0.0,"REPTILE":8.0,"BUTTERFLY":63.0,"maml_fst":"14","maml_opn":"7","bird_fst":"1","bird_opn":"0","bird_rvwet":"0","rptl_fst":"8","rptl_opn":"0","rptl_rvwet":"1","amph_fst":"0","amph_opn":"0","anm_hs_fst":1.0,"anm_hs_opn":2.0,"anm_hs_rvw":1.0,"anm_hotsp":3},"geometry":{"type":"Polygon","coordinates":[[[120.71548,23.764757],[120.705669,23.764738],[120.705689,23.755708],[120.715499,23.755727],[120.71548,23.764757]]]}},
{"type":"Feature","properties":{"GridID":11238,"ELE":178,"MAMMAL":10.0,"BIRD":1.0,"AMPHIBIAN":0.0,"REPTILE":4.0,"BUTTERFLY":48.0,"maml_fst":"11","maml_opn":"6","bird_fst":"1","bird_opn":"0","bird_rvwet":"0","rptl_fst":"4","rptl_opn":"0","rptl_rvwet":"0","amph_fst":"0","amph_opn":"0","anm_hs_fst":0.0,"anm_hs_opn":3.0,"anm_hs_rvw":0.0,"anm_hotsp":1},"geometry":{"type":"Polygon","coordinates":[[[120.71546,23.773786],[120.705649,23.773768],[120.705669,23.764738],[120.71548,23.764757],[120.71546,23.773786]]]}},
{"type":"Feature","properties":{"GridID":11239,"ELE":159,"MAMMAL":16.0,"BIRD":0.0,"AMPHIBIAN":0.0,"REPTILE":5.0,"BUTTERFLY":80.0,"maml_fst":"15","maml_opn":"8","bird_fst":"0","bird_opn":"0","bird_rvwet":"0","rptl_fst":"5","rptl_opn":"2","rptl_rvwet":"0","amph_fst":"0","amph_opn":"0","anm_hs_fst":0.0,"anm_hs_opn":3.0,"anm_hs_rvw":0.0,"anm_hotsp":1},"geometry":{"type":"Polygon","coordinates":[[[120.71544,23.782816],[120.705628,23.782798],[120.705649,23.773768],[120.71546,23.773786],[120.71544,23.782816]]]}},
{"type":"Feature","properties":{"GridID":11240,"ELE":172,"MAMMAL":16.0,"BIRD":3.0,"AMPHIBIAN":0.0,"REPTILE":9.0,"BUTTERFLY":68.0,"maml_fst":"15","maml_opn":"8","bird_fst":"3","bird_opn":"0","bird_rvwet":"0","rptl_fst":"9","rptl_opn":"1","rptl_rvwet":"1","amph_fst":"0","amph_opn":"0","anm_hs_fst":0.0,"anm_hs_opn":3.0,"anm_hs_rvw":0.0,"anm_hotsp":1},"geometry":{"type":"Polygon","coordinates":[[[120.715421,23.791846],[120.705608,23.791827],[120.705628,23.782798],[120.71544,23.782816],[120.715421,23.791846]]]}},
{"type":"Feature","properties":{"GridID":11241,"ELE":152,"MAMMAL":17.0,"BIRD":2.0,"AMPHIBIAN":0.0,"REPTILE":11.0,"BUTTERFLY":59.0,"maml_fst":"16","maml_opn":"9","bird_fst":"2","bird_opn":"0","bird_rvwet":"0","rptl_fst":"11","rptl_opn":"2","rptl_rvwet":"1","amph_fst":"0","amph_opn":"0","anm_hs_fst":0.0,"anm_hs_opn":2.0,"anm_hs_rvw":0.0,"anm_hotsp":1},"geometry":{"type":"Polygon","coordinates":[[[120.715401,23.800875],[120.705588,23.800857],[120.705608,23.791827],[120.715421,23.791846],[120.715401,23.800875]]]}},
{"type":"Feature","properties":{"GridID":11483,"ELE":1647,"MAMMAL":21.0,"BIRD":25.0,"AMPHIBIAN":1.0,"REPTILE":7.0,"BUTTERFLY":66.0,"maml_fst":"21","maml_opn":"10","bird_fst":"25","bird_opn":"1","bird_rvwet":"0","rptl_fst":"7","rptl_opn":"2","rptl_rvwet":"0","amph_fst":"1","amph_opn":"1","anm_hs_fst":2.0,"anm_hs_opn":1.0,"anm_hs_rvw":0.0,"anm_hotsp":2},"geometry":{"type":"Polygon","coordinates":[[[120.725855,23.493877],[120.724841,23.493875],[120.725857,23.493168],[120.725855,23.493877]]]}},
{"type":"Feature","properties":{"GridID":11485,"ELE":1513,"MAMMAL":16.0,"BIRD":3.0,"AMPHIBIAN":0.0,"REPTILE":4.0,"BUTTERFLY":56.0,"maml_fst":"16","maml_opn":"6","bird_fst":"3","bird_opn":"0","bird_rvwet":"0","rptl_fst":"4","rptl_opn":"0","rptl_rvwet":"0","amph_fst":"0","amph_opn":"0","anm_hs_fst":2.0,"anm_hs_opn":1.0,"anm_hs_rvw":0.0,"anm_hotsp":2},"geometry":{"type":"Polygon","coordinates":[[[120.725818,23.511937],[120.716026,23.51192],[120.716045,23.50289],[120.725837,23.502907],[120.725818,23.511937]]]}},
{"type":"Feature","properties":{"GridID":11486,"ELE":1313,"MAMMAL":13.0,"BIRD":1.0,"AMPHIBIAN":0.0,"REPTILE":4.0,"BUTTERFLY":79.0,"maml_fst":"12","maml_opn":"7","bird_fst":"1","bird_opn":"0","bird_rvwet":"0","rptl_fst":"4","rptl_opn":"1","rptl_rvwet":"0","amph_fst":"0","amph_opn":"0","anm_hs_fst":1.0,"anm_hs_opn":0.0,"anm_hs_rvw":0.0,"anm_hotsp":2},"geometry":{"type":"Polygon","coordinates":[[[120.725799,23.520967],[120.716006,23.52095],[120.716026,23.51192],[120.725818,23.511937],[120.725799,23.520967]]]}},
{"type":"Feature","properties":{"GridID":11487,"ELE":1089,"MAMMAL":12.0,"BIRD":0.0,"AMPHIBIAN":0.0,"REPTILE":5.0,"BUTTERFLY":78.0,"maml_fst":"11","maml_opn":"7","bird_fst":"0","bird_opn":"0","bird_rvwet":"0","rptl_fst":"5","rptl_opn":"1","rptl_rvwet":"0","amph_fst":"0","amph_opn":"0","anm_hs_fst":1.0,"anm_hs_opn":1.0,"anm_hs_rvw":0.0,"anm_hotsp":2},"geometry":{"type":"Polygon","coordinates":[[[120.72578,23.529997],[120.715987,23.52998],[120.716006,23.52095],[120.725799,23.520967],[120.72578,23.529997]]]}},
{"type":"Feature","properties":{"GridID":11489,"ELE":995,"MAMMAL":29.0,"BIRD":41.0,"AMPHIBIAN":5.0,"REPTILE":27.0,"BUTTERFLY":81.0,"maml_fst":"28","maml_opn":"15","bird_fst":"37","bird_opn":"9","bird_rvwet":"2","rptl_fst":"24","rptl_opn":"11","rptl_rvwet":"2","amph_fst":"5","amph_opn":"2","anm_hs_fst":0.0,"anm_hs_opn":0.0,"anm_hs_rvw":0.0,"anm_hotsp":1},"geometry":{"type":"Polygon","coordinates":[[[120.725743,23.548057],[120.715948,23.54804],[120.715968,23.53901],[120.725762,23.539027],[120.725743,23.548057]]]}},
{"type":"Feature","properties":{"GridID":11492,"ELE":627,"MAMMAL":26.0,"BIRD":45.0,"AMPHIBIAN":7.0,"REPTILE":30.0,"BUTTERFLY":82.0,"maml_fst":"25","maml_opn":"13","bird_fst":"40","bird_opn":"10","bird_rvwet":"3","rptl_fst":"27","rptl_opn":"12","rptl_rvwet":"3","amph_fst":"7","amph_opn":"3","anm_hs_fst":1.0,"anm_hs_opn":0.0,"anm_hs_rvw":0.0,"anm_hotsp":1},"geometry":{"type":"Polygon","coordinates":[[[120.725687,23.575147],[120.71589,23.57513],[120.715909,23.5661],[120.725706,23.566117],[120.725687,23.575147]]]}},
{"type":"Feature","properties":{"GridID":11493,"ELE":844,"MAMMAL":26.0,"BIRD":41.0,"AMPHIBIAN":10.0,"REPTILE":32.0,"BUTTERFLY":82.0,"maml_fst":"25","maml_opn":"14","bird_fst":"35","bird_opn":"9","bird_rvwet":"5","rptl_fst":"29","rptl_opn":"16","rptl_rvwet":"3","amph_fst":"10","amph_opn":"6","anm_hs_fst":0.0,"anm_hs_opn":0.0,"anm_hs_rvw":0.0,"anm_hotsp":1},"geometry":{"type":"Polygon","coordinates":[[[120.725668,23.584177],[120.715871,23.58416],[120.71589,23.57513],[120.725687,23.575147],[120.725668,23.584177]]]}},
{"type":"Feature","properties":{"GridID":11494,"ELE":926,"MAMMAL":26.0,"BIRD":38.0,"AMPHIBIAN":11.0,"REPTILE":31.0,"BUTTERFLY":82.0,"maml_fst":"25","maml_opn":"14","bird_fst":"34","bird_opn":"9","bird_rvwet":"3","rptl_fst":"27","rptl_opn":"16","rptl_rvwet":"3","amph_fst":"11","amph_opn":"6","anm_hs_fst":1.0,"anm_hs_opn":0.0,"anm_hs_rvw":0.0,"anm_hotsp":2},"geometry":{"type":"Polygon","coordinates":[[[120.725649,23.593207],[120.715851,23.59319],[120.715871,23.58416],[120.725668,23.584177],[120.725649,23.593207]]]}},
{"type":"Feature","properties":{"GridID":11495,"ELE":1364,"MAMMAL":26.0,"BIRD":37.0,"AMPHIBIAN":12.0,"REPTILE":31.0,"BUTTERFLY":82.0,"maml_fst":"25","maml_opn":"12","bird_fst":"33","bird_opn":"10","bird_rvwet":"2","rptl_fst":"27","rptl_opn":"15","rptl_rvwet":"2","amph_fst":"11","amph_opn":"8","anm_hs_fst":1.0,"anm_hs_opn":0.0,"anm_hs_rvw":0.0,"anm_hotsp":1},"geometry":{"type":"Polygon","coordinates":[[[120.725536,23.647387],[120.715734,23.647369],[120.715754,23.638339],[120.725555,23.638357],[120.725536,23.647387]]]}},
{"type":"Feature","properties":{"GridID":11496,"ELE":1178,"MAMMAL":18.0,"BIRD":36.0,"AMPHIBIAN":11.0,"REPTILE":26.0,"BUTTERFLY":78.0,"maml_fst":"17","maml_opn":"11","bird_fst":"32","bird_opn":"10","bird_rvwet":"4","rptl_fst":"21","rptl_opn":"13","rptl_rvwet":"3","amph_fst":"10","amph_opn":"6","anm_hs_fst":1.0,"anm_hs_opn":1.0,"anm_hs_rvw":0.0,"anm_hotsp":1},"geometry":{"type":"Polygon","coordinates":[[[120.725518,23.656417],[120.715715,23.656399],[120.715734,23.647369],[120.725536,23.647387],[120.725518,23.656417]]]}},
{"type":"Feature","properties":{"GridID":11497,"ELE":889,"MAMMAL":20.0,"BIRD":24.0,"AMPHIBIAN":8.0,"REPTILE":21.0,"BUTTERFLY":77.0,"maml_fst":"19","maml_opn":"12","bird_fst":"22","bird_opn":"4","bird_rvwet":"1","rptl_fst":"19","rptl_opn":"11","rptl_rvwet":"2","amph_fst":"8","amph_opn":"4","anm_hs_fst":1.0,"anm_hs_opn":1.0,"anm_hs_rvw":0.0,"anm_hotsp":2},"geometry":{"type":"Polygon","coordinates":[[[120.725499,23.665446],[120.715695,23.665429],[120.715715,23.656399],[120.725518,23.656417],[120.725499,23.665446]]]}},
{"type":"Feature","properties":{"GridID":11500,"ELE":972,"MAMMAL":10.0,"BIRD":0.0,"AMPHIBIAN":2.0,"REPTILE":6.0,"BUTTERFLY":63.0,"maml_fst":"9","maml_opn":"6","bird_fst":"0","bird_opn":"0","bird_rvwet":"0","rptl_fst":"6","rptl_opn":"4","rptl_rvwet":"0","amph_fst":"2","amph_opn":"1","anm_hs_fst":1.0,"anm_hs_opn":1.0,"anm_hs_rvw":0.0,"anm_hotsp":2},"geometry":{"type":"Polygon","coordinates":[[[120.725442,23.692536],[120.715637,23.692518],[120.715656,23.683488],[120.725461,23.683506],[120.725442,23.692536]]]}},
{"type":"Feature","properties":{"GridID":11501,"ELE":710,"MAMMAL":10.0,"BIRD":0.0,"AMPHIBIAN":0.0,"REPTILE":7.0,"BUTTERFLY":74.0,"maml_fst":"9","maml_opn":"7","bird_fst":"0","bird_opn":"0","bird_rvwet":"0","rptl_fst":"7","rptl_opn":"3","rptl_rvwet":"0","amph_fst":"0","amph_opn":"0","anm_hs_fst":1.0,"anm_hs_opn":0.0,"anm_hs_rvw":0.0,"anm_hotsp":1},"geometry":{"type":"Polygon","coordinates":[[[120.725423,23.701566],[120.715617,23.701548],[120.715637,23.692518],[120.725442,23.692536],[120.725423,23.701566]]]}},
{"type":"Feature","properties":{"GridID":11504,"ELE":722,"MAMMAL":19.0,"BIRD":29.0,"AMPHIBIAN":1.0,"REPTILE":11.0,"BUTTERFLY":74.0,"maml_fst":"19","maml_opn":"9","bird_fst":"29","bird_opn":"1","bird_rvwet":"1","rptl_fst":"11","rptl_opn":"2","rptl_rvwet":"0","amph_fst":"1","amph_opn":"1","anm_hs_fst":0.0,"anm_hs_opn":0.0,"anm_hs_rvw":0.0,"anm_hotsp":1},"geometry":{"type":"Polygon","coordinates":[[[120.725366,23.728655],[120.715558,23.728637],[120.715578,23.719608],[120.725385,23.719625],[120.725366,23.728655]]]}},
{"type":"Feature","properties":{"GridID":11505,"ELE":608,"MAMMAL":11.0,"BIRD":5.0,"AMPHIBIAN":0.0,"REPTILE":3.0,"BUTTERFLY":20.0,"maml_fst":"12","maml_opn":"5","bird_fst":"5","bird_opn":"0","bird_rvwet":"0","rptl_fst":"3","rptl_opn":"0","rptl_rvwet":"0","amph_fst":"0","amph_opn":"0","anm_hs_fst":1.0,"anm_hs_opn":0.0,"anm_hs_rvw":0.0,"anm_hotsp":1},"geometry":{"type":"Polygon","coordinates":[[[120.725348,23.737685],[120.715539,23.737667],[120.715558,23.728637],[120.725366,23.728655],[120.725348,23.737685]]]}},
{"type":"Feature","properties":{"GridID":11506,"ELE":474,"MAMMAL":15.0,"BIRD":1.0,"AMPHIBIAN":0.0,"REPTILE":4.0,"BUTTERFLY":60.0,"maml_fst":"15","maml_opn":"7","bird_fst":"1","bird_opn":"0","bird_rvwet":"0","rptl_fst":"4","rptl_opn":"1","rptl_rvwet":"0","amph_fst":"0","amph_opn":"0","anm_hs_fst":1.0,"anm_hs_opn":0.0,"anm_hs_rvw":1.0,"anm_hotsp":1},"geometry":{"type":"Polygon","coordinates":[[[120.725329,23.746715],[120.715519,23.746697],[120.715539,23.737667],[120.725348,23.737685],[120.725329,23.746715]]]}},
{"type":"Feature","properties":{"GridID":11507,"ELE":334,"MAMMAL":21.0,"BIRD":25.0,"AMPHIBIAN":2.0,"REPTILE":8.0,"BUTTERFLY":74.0,"maml_fst":"21","maml_opn":"9","bird_fst":"25","bird_opn":"1","bird_rvwet":"0","rptl_fst":"8","rptl_opn":"2","rptl_rvwet":"0","amph_fst":"2","amph_opn":"1","anm_hs_fst":1.0,"anm_hs_opn":1.0,"anm_hs_rvw":1.0,"anm_hotsp":3},"geometry":{"type":"Polygon","coordinates":[[[120.72531,23.755745],[120.715499,23.755727],[120.715519,23.746697],[120.725329,23.746715],[120.72531,23.755745]]]}},
{"type":"Feature","properties":{"GridID":11508,"ELE":236,"MAMMAL":28.0,"BIRD":39.0,"AMPHIBIAN":4.0,"REPTILE":16.0,"BUTTERFLY":79.0,"maml_fst":"28","maml_opn":"13","bird_fst":"38","bird_opn":"3","bird_rvwet":"2","rptl_fst":"16","rptl_opn":"5","rptl_rvwet":"0","amph_fst":"4","amph_opn":"1","anm_hs_fst":1.0,"anm_hs_opn":2.0,"anm_hs_rvw":1.0,"anm_hotsp":3},"geometry":{"type":"Polygon","coordinates":[[[120.725291,23.764774],[120.71548,23.764757],[120.715499,23.755727],[120.72531,23.755745],[120.725291,23.764774]]]}},
{"type":"Feature","properties":{"GridID":11509,"ELE":234,"MAMMAL":25.0,"BIRD":36.0,"AMPHIBIAN":4.0,"REPTILE":21.0,"BUTTERFLY":80.0,"maml_fst":"25","maml_opn":"12","bird_fst":"35","bird_opn":"3","bird_rvwet":"2","rptl_fst":"20","rptl_opn":"7","rptl_rvwet":"2","amph_fst":"4","amph_opn":"1","anm_hs_fst":1.0,"anm_hs_opn":1.0,"anm_hs_rvw":1.0,"anm_hotsp":3},"geometry":{"type":"Polygon","coordinates":[[[120.725272,23.773804],[120.71546,23.773786],[120.71548,23.764757],[120.725291,23.764774],[120.725272,23.773804]]]}},
{"type":"Feature","properties":{"GridID":11510,"ELE":266,"MAMMAL":27.0,"BIRD":40.0,"AMPHIBIAN":6.0,"REPTILE":25.0,"BUTTERFLY":82.0,"maml_fst":"27","maml_opn":"13","bird_fst":"38","bird_opn":"5","bird_rvwet":"2","rptl_fst":"24","rptl_opn":"10","rptl_rvwet":"2","amph_fst":"6","amph_opn":"2","anm_hs_fst":1.0,"anm_hs_opn":2.0,"anm_hs_rvw":1.0,"anm_hotsp":3},"geometry":{"type":"Polygon","coordinates":[[[120.725253,23.782834],[120.71544,23.782816],[120.71546,23.773786],[120.725272,23.773804],[120.725253,23.782834]]]}},
{"type":"Feature","properties":{"GridID":11512,"ELE":293,"MAMMAL":9.0,"BIRD":3.0,"AMPHIBIAN":0.0,"REPTILE":3.0,"BUTTERFLY":57.0,"maml_fst":"10","maml_opn":"6","bird_fst":"3","bird_opn":"0","bird_rvwet":"0","rptl_fst":"3","rptl_opn":"1","rptl_rvwet":"0","amph_fst":"0","amph_opn":"0","anm_hs_fst":1.0,"anm_hs_opn":1.0,"anm_hs_rvw":1.0,"anm_hotsp":1},"geometry":{"type":"Polygon","coordinates":[[[120.725215,23.800893],[120.715401,23.800875],[120.715421,23.791846],[120.725234,23.791864],[120.725215,23.800893]]]}},
{"type":"Feature","properties":{"GridID":11513,"ELE":195,"MAMMAL":25.0,"BIRD":50.0,"AMPHIBIAN":12.0,"REPTILE":34.0,"BUTTERFLY":82.0,"maml_fst":"24","maml_opn":"13","bird_fst":"44","bird_opn":"12","bird_rvwet":"3","rptl_fst":"31","rptl_opn":"14","rptl_rvwet":"3","amph_fst":"11","amph_opn":"7","anm_hs_fst":0.0,"anm_hs_opn":2.0,"anm_hs_rvw":0.0,"anm_hotsp":1},"geometry":{"type":"Polygon","coordinates":[[[120.725196,23.809923],[120.715381,23.809905],[120.715401,23.800875],[120.725215,23.800893],[120.725196,23.809923]]]}},
{"type":"Feature","properties":{"GridID":11755,"ELE":1778,"MAMMAL":8.0,"BIRD":2.0,"AMPHIBIAN":0.0,"REPTILE":3.0,"BUTTERFLY":46.0,"maml_fst":"9","maml_opn":"5","bird_fst":"2","bird_opn":"0","bird_rvwet":"0","rptl_fst":"3","rptl_opn":"0","rptl_rvwet":"0","amph_fst":"0","amph_opn":"0","anm_hs_fst":1.0,"anm_hs_opn":0.0,"anm_hs_rvw":0.0,"anm_hotsp":1},"geometry":{"type":"Polygon","coordinates":[[[120.729788,23.484854],[120.730076,23.484275],[120.730201,23.483817],[120.730227,23.483309],[120.731448,23.483492],[120.732828,23.483804],[120.735548,23.484864],[120.729788,23.484854]]]}},
{"type":"Feature","properties":{"GridID":11756,"ELE":1679,"MAMMAL":8.0,"BIRD":1.0,"AMPHIBIAN":0.0,"REPTILE":4.0,"BUTTERFLY":50.0,"maml_fst":"9","maml_opn":"5","bird_fst":"1","bird_opn":"0","bird_rvwet":"0","rptl_fst":"4","rptl_opn":"0","rptl_rvwet":"0","amph_fst":"0","amph_opn":"0","anm_hs_fst":0.0,"anm_hs_opn":0.0,"anm_hs_rvw":0.0,"anm_hotsp":1},"geometry":{"type":"Polygon","coordinates":[[[120.735646,23.493894],[120.725855,23.493877],[120.725857,23.493168],[120.726841,23.492414],[120.72823,23.490582],[120.728642,23.487713],[120.729088,23.486653],[120.729442,23.485453],[120.729788,23.484854],[120.735664,23.484901],[120.735646,23.493894]]]}},
{"type":"Feature","properties":{"GridID":11757,"ELE":1455,"MAMMAL":19.0,"BIRD":24.0,"AMPHIBIAN":2.0,"REPTILE":13.0,"BUTTERFLY":80.0,"maml_fst":"20","maml_opn":"11","bird_fst":"24","bird_opn":"1","bird_rvwet":"0","rptl_fst":"13","rptl_opn":"3","rptl_rvwet":"0","amph_fst":"2","amph_opn":"1","anm_hs_fst":1.0,"anm_hs_opn":1.0,"anm_hs_rvw":0.0,"anm_hotsp":2},"geometry":{"type":"Polygon","coordinates":[[[120.735628,23.502924],[120.725837,23.502907],[120.725855,23.493877],[120.735646,23.493894],[120.735628,23.502924]]]}},
{"type":"Feature","properties":{"GridID":11758,"ELE":1233,"MAMMAL":22.0,"BIRD":34.0,"AMPHIBIAN":3.0,"REPTILE":16.0,"BUTTERFLY":79.0,"maml_fst":"22","maml_opn":"9","bird_fst":"34","bird_opn":"4","bird_rvwet":"0","rptl_fst":"16","rptl_opn":"4","rptl_rvwet":"1","amph_fst":"3","amph_opn":"1","anm_hs_fst":1.0,"anm_hs_opn":1.0,"anm_hs_rvw":0.0,"anm_hotsp":2},"geometry":{"type":"Polygon","coordinates":[[[120.73561,23.511954],[120.725818,23.511937],[120.725837,23.502907],[120.735628,23.502924],[120.73561,23.511954]]]}},
{"type":"Feature","properties":{"GridID":11759,"ELE":1204,"MAMMAL":29.0,"BIRD":36.0,"AMPHIBIAN":5.0,"REPTILE":24.0,"BUTTERFLY":82.0,"maml_fst":"28","maml_opn":"14","bird_fst":"35","bird_opn":"6","bird_rvwet":"0","rptl_fst":"24","rptl_opn":"9","rptl_rvwet":"1","amph_fst":"5","amph_opn":"2","anm_hs_fst":1.0,"anm_hs_opn":0.0,"anm_hs_rvw":0.0,"anm_hotsp":2},"geometry":{"type":"Polygon","coordinates":[[[120.735592,23.520984],[120.725799,23.520967],[120.725818,23.511937],[120.73561,23.511954],[120.735592,23.520984]]]}},
{"type":"Feature","properties":{"GridID":11761,"ELE":839,"MAMMAL":23.0,"BIRD":25.0,"AMPHIBIAN":3.0,"REPTILE":21.0,"BUTTERFLY":82.0,"maml_fst":"22","maml_opn":"12","bird_fst":"24","bird_opn":"3","bird_rvwet":"2","rptl_fst":"18","rptl_opn":"13","rptl_rvwet":"3","amph_fst":"3","amph_opn":"1","anm_hs_fst":2.0,"anm_hs_opn":0.0,"anm_hs_rvw":0.0,"anm_hotsp":2},"geometry":{"type":"Polygon","coordinates":[[[120.735556,23.539044],[120.725762,23.539027],[120.72578,23.529997],[120.735574,23.530014],[120.735556,23.539044]]]}},
{"type":"Feature","properties":{"GridID":11762,"ELE":728,"MAMMAL":15.0,"BIRD":0.0,"AMPHIBIAN":0.0,"REPTILE":4.0,"BUTTERFLY":80.0,"maml_fst":"14","maml_opn":"9","bird_fst":"0","bird_opn":"0","bird_rvwet":"0","rptl_fst":"4","rptl_opn":"2","rptl_rvwet":"0","amph_fst":"0","amph_opn":"0","anm_hs_fst":2.0,"anm_hs_opn":0.0,"anm_hs_rvw":0.0,"anm_hotsp":2},"geometry":{"type":"Polygon","coordinates":[[[120.735538,23.548074],[120.725743,23.548057],[120.725762,23.539027],[120.735556,23.539044],[120.735538,23.548074]]]}},
{"type":"Feature","properties":{"GridID":11765,"ELE":695,"MAMMAL":12.0,"BIRD":1.0,"AMPHIBIAN":1.0,"REPTILE":6.0,"BUTTERFLY":80.0,"maml_fst":"12","maml_opn":"7","bird_fst":"1","bird_opn":"0","bird_rvwet":"0","rptl_fst":"5","rptl_opn":"4","rptl_rvwet":"0","amph_fst":"1","amph_opn":"0","anm_hs_fst":1.0,"anm_hs_opn":0.0,"anm_hs_rvw":0.0,"anm_hotsp":2},"geometry":{"type":"Polygon","coordinates":[[[120.735484,23.575164],[120.725687,23.575147],[120.725706,23.566117],[120.735502,23.566134],[120.735484,23.575164]]]}},
{"type":"Feature","properties":{"GridID":11766,"ELE":1022,"MAMMAL":11.0,"BIRD":0.0,"AMPHIBIAN":0.0,"REPTILE":5.0,"BUTTERFLY":79.0,"maml_fst":"11","maml_opn":"7","bird_fst":"0","bird_opn":"0","bird_rvwet":"0","rptl_fst":"5","rptl_opn":"3","rptl_rvwet":"0","amph_fst":"0","amph_opn":"0","anm_hs_fst":1.0,"anm_hs_opn":1.0,"anm_hs_rvw":0.0,"anm_hotsp":2},"geometry":{"type":"Polygon","coordinates":[[[120.735465,23.584194],[120.725668,23.584177],[120.725687,23.575147],[120.735484,23.575164],[120.735465,23.584194]]]}},
{"type":"Feature","properties":{"GridID":11767,"ELE":1319,"MAMMAL":10.0,"BIRD":0.0,"AMPHIBIAN":0.0,"REPTILE":5.0,"BUTTERFLY":77.0,"maml_fst":"10","maml_opn":"7","bird_fst":"0","bird_opn":"0","bird_rvwet":"0","rptl_fst":"5","rptl_opn":"1","rptl_rvwet":"0","amph_fst":"0","amph_opn":"0","anm_hs_fst":1.0,"anm_hs_opn":0.0,"anm_hs_rvw":0.0,"anm_hotsp":1},"geometry":{"type":"Polygon","coordinates":[[[120.735447,23.593224],[120.725649,23.593207],[120.725668,23.584177],[120.735465,23.584194],[120.735447,23.593224]]]}},
{"type":"Feature","properties":{"GridID":11768,"ELE":1209,"MAMMAL":9.0,"BIRD":0.0,"AMPHIBIAN":0.0,"REPTILE":4.0,"BUTTERFLY":74.0,"maml_fst":"10","maml_opn":"6","bird_fst":"0","bird_opn":"0","bird_rvwet":"0","rptl_fst":"4","rptl_opn":"0","rptl_rvwet":"0","amph_fst":"0","amph_opn":"0","anm_hs_fst":1.0,"anm_hs_opn":1.0,"anm_hs_rvw":0.0,"anm_hotsp":1},"geometry":{"type":"Polygon","coordinates":[[[120.735339,23.647404],[120.725536,23.647387],[120.725555,23.638357],[120.735357,23.638374],[120.735339,23.647404]]]}},
{"type":"Feature","properties":{"GridID":11769,"ELE":1000,"MAMMAL":12.0,"BIRD":0.0,"AMPHIBIAN":0.0,"REPTILE":4.0,"BUTTERFLY":74.0,"maml_fst":"13","maml_opn":"8","bird_fst":"0","bird_opn":"0","bird_rvwet":"0","rptl_fst":"4","rptl_opn":"0","rptl_rvwet":"0","amph_fst":"0","amph_opn":"0","anm_hs_fst":1.0,"anm_hs_opn":1.0,"anm_hs_rvw":0.0,"anm_hotsp":2},"geometry":{"type":"Polygon","coordinates":[[[120.73532,23.656434],[120.725518,23.656417],[120.725536,23.647387],[120.735339,23.647404],[120.73532,23.656434]]]}},
{"type":"Feature","properties":{"GridID":11772,"ELE":1035,"MAMMAL":14.0,"BIRD":7.0,"AMPHIBIAN":0.0,"REPTILE":3.0,"BUTTERFLY":31.0,"maml_fst":"15","maml_opn":"5","bird_fst":"7","bird_opn":"0","bird_rvwet":"0","rptl_fst":"3","rptl_opn":"0","rptl_rvwet":"0","amph_fst":"0","amph_opn":"0","anm_hs_fst":1.0,"anm_hs_opn":0.0,"anm_hs_rvw":0.0,"anm_hotsp":2},"geometry":{"type":"Polygon","coordinates":[[[120.735266,23.683523],[120.725461,23.683506],[120.72548,23.674476],[120.735284,23.674493],[120.735266,23.683523]]]}},
{"type":"Feature","properties":{"GridID":11773,"ELE":853,"MAMMAL":24.0,"BIRD":29.0,"AMPHIBIAN":3.0,"REPTILE":12.0,"BUTTERFLY":73.0,"maml_fst":"24","maml_opn":"12","bird_fst":"28","bird_opn":"1","bird_rvwet":"2","rptl_fst":"11","rptl_opn":"4","rptl_rvwet":"1","amph_fst":"3","amph_opn":"1","anm_hs_fst":1.0,"anm_hs_opn":0.0,"anm_hs_rvw":0.0,"anm_hotsp":2},"geometry":{"type":"Polygon","coordinates":[[[120.735248,23.692553],[120.725442,23.692536],[120.725461,23.683506],[120.735266,23.683523],[120.735248,23.692553]]]}},
{"type":"Feature","properties":{"GridID":11774,"ELE":747,"MAMMAL":27.0,"BIRD":33.0,"AMPHIBIAN":4.0,"REPTILE":16.0,"BUTTERFLY":80.0,"maml_fst":"27","maml_opn":"13","bird_fst":"33","bird_opn":"3","bird_rvwet":"1","rptl_fst":"16","rptl_opn":"4","rptl_rvwet":"1","amph_fst":"4","amph_opn":"1","anm_hs_fst":0.0,"anm_hs_opn":0.0,"anm_hs_rvw":0.0,"anm_hotsp":1},"geometry":{"type":"Polygon","coordinates":[[[120.735229,23.701583],[120.725423,23.701566],[120.725442,23.692536],[120.735248,23.692553],[120.735229,23.701583]]]}},
{"type":"Feature","properties":{"GridID":11775,"ELE":641,"MAMMAL":26.0,"BIRD":34.0,"AMPHIBIAN":4.0,"REPTILE":16.0,"BUTTERFLY":81.0,"maml_fst":"26","maml_opn":"13","bird_fst":"34","bird_opn":"4","bird_rvwet":"1","rptl_fst":"16","rptl_opn":"4","rptl_rvwet":"1","amph_fst":"4","amph_opn":"1","anm_hs_fst":1.0,"anm_hs_opn":0.0,"anm_hs_rvw":0.0,"anm_hotsp":1},"geometry":{"type":"Polygon","coordinates":[[[120.735211,23.710613],[120.725404,23.710596],[120.725423,23.701566],[120.735229,23.701583],[120.735211,23.710613]]]}},
{"type":"Feature","properties":{"GridID":11776,"ELE":499,"MAMMAL":9.0,"BIRD":1.0,"AMPHIBIAN":0.0,"REPTILE":2.0,"BUTTERFLY":52.0,"maml_fst":"10","maml_opn":"5","bird_fst":"1","bird_opn":"0","bird_rvwet":"0","rptl_fst":"2","rptl_opn":"0","rptl_rvwet":"0","amph_fst":"0","amph_opn":"0","anm_hs_fst":0.0,"anm_hs_opn":0.0,"anm_hs_rvw":0.0,"anm_hotsp":1},"geometry":{"type":"Polygon","coordinates":[[[120.735193,23.719643],[120.725385,23.719625],[120.725404,23.710596],[120.735211,23.710613],[120.735193,23.719643]]]}},
{"type":"Feature","properties":{"GridID":11777,"ELE":494,"MAMMAL":15.0,"BIRD":1.0,"AMPHIBIAN":0.0,"REPTILE":6.0,"BUTTERFLY":79.0,"maml_fst":"14","maml_opn":"8","bird_fst":"1","bird_opn":"0","bird_rvwet":"0","rptl_fst":"6","rptl_opn":"2","rptl_rvwet":"0","amph_fst":"0","amph_opn":"0","anm_hs_fst":0.0,"anm_hs_opn":0.0,"anm_hs_rvw":0.0,"anm_hotsp":1},"geometry":{"type":"Polygon","coordinates":[[[120.735175,23.728672],[120.725366,23.728655],[120.725385,23.719625],[120.735193,23.719643],[120.735175,23.728672]]]}},
{"type":"Feature","properties":{"GridID":11778,"ELE":420,"MAMMAL":30.0,"BIRD":40.0,"AMPHIBIAN":4.0,"REPTILE":25.0,"BUTTERFLY":80.0,"maml_fst":"29","maml_opn":"15","bird_fst":"38","bird_opn":"8","bird_rvwet":"1","rptl_fst":"23","rptl_opn":"11","rptl_rvwet":"2","amph_fst":"4","amph_opn":"1","anm_hs_fst":2.0,"anm_hs_opn":1.0,"anm_hs_rvw":1.0,"anm_hotsp":2},"geometry":{"type":"Polygon","coordinates":[[[120.735156,23.737702],[120.725348,23.737685],[120.725366,23.728655],[120.735175,23.728672],[120.735156,23.737702]]]}},
{"type":"Feature","properties":{"GridID":11779,"ELE":364,"MAMMAL":28.0,"BIRD":26.0,"AMPHIBIAN":3.0,"REPTILE":19.0,"BUTTERFLY":80.0,"maml_fst":"27","maml_opn":"14","bird_fst":"25","bird_opn":"1","bird_rvwet":"1","rptl_fst":"18","rptl_opn":"9","rptl_rvwet":"1","amph_fst":"3","amph_opn":"1","anm_hs_fst":1.0,"anm_hs_opn":1.0,"anm_hs_rvw":1.0,"anm_hotsp":3},"geometry":{"type":"Polygon","coordinates":[[[120.735138,23.746732],[120.725329,23.746715],[120.725348,23.737685],[120.735156,23.737702],[120.735138,23.746732]]]}},
{"type":"Feature","properties":{"GridID":11780,"ELE":389,"MAMMAL":17.0,"BIRD":0.0,"AMPHIBIAN":0.0,"REPTILE":8.0,"BUTTERFLY":76.0,"maml_fst":"16","maml_opn":"9","bird_fst":"0","bird_opn":"0","bird_rvwet":"0","rptl_fst":"8","rptl_opn":"4","rptl_rvwet":"0","amph_fst":"0","amph_opn":"0","anm_hs_fst":1.0,"anm_hs_opn":1.0,"anm_hs_rvw":1.0,"anm_hotsp":1},"geometry":{"type":"Polygon","coordinates":[[[120.73512,23.755762],[120.72531,23.755745],[120.725329,23.746715],[120.735138,23.746732],[120.73512,23.755762]]]}},
{"type":"Feature","properties":{"GridID":11781,"ELE":283,"MAMMAL":26.0,"BIRD":37.0,"AMPHIBIAN":8.0,"REPTILE":30.0,"BUTTERFLY":82.0,"maml_fst":"25","maml_opn":"14","bird_fst":"34","bird_opn":"6","bird_rvwet":"3","rptl_fst":"26","rptl_opn":"15","rptl_rvwet":"3","amph_fst":"8","amph_opn":"4","anm_hs_fst":1.0,"anm_hs_opn":1.0,"anm_hs_rvw":1.0,"anm_hotsp":3},"geometry":{"type":"Polygon","coordinates":[[[120.735102,23.764791],[120.725291,23.764774],[120.72531,23.755745],[120.73512,23.755762],[120.735102,23.764791]]]}},
{"type":"Feature","properties":{"GridID":11782,"ELE":330,"MAMMAL":23.0,"BIRD":32.0,"AMPHIBIAN":8.0,"REPTILE":29.0,"BUTTERFLY":82.0,"maml_fst":"22","maml_opn":"13","bird_fst":"29","bird_opn":"6","bird_rvwet":"2","rptl_fst":"26","rptl_opn":"14","rptl_rvwet":"3","amph_fst":"8","amph_opn":"5","anm_hs_fst":2.0,"anm_hs_opn":0.0,"anm_hs_rvw":1.0,"anm_hotsp":2},"geometry":{"type":"Polygon","coordinates":[[[120.735083,23.773821],[120.725272,23.773804],[120.725291,23.764774],[120.735102,23.764791],[120.735083,23.773821]]]}},
{"type":"Feature","properties":{"GridID":11783,"ELE":371,"MAMMAL":27.0,"BIRD":34.0,"AMPHIBIAN":8.0,"REPTILE":29.0,"BUTTERFLY":81.0,"maml_fst":"26","maml_opn":"14","bird_fst":"33","bird_opn":"6","bird_rvwet":"0","rptl_fst":"26","rptl_opn":"12","rptl_rvwet":"2","amph_fst":"8","amph_opn":"4","anm_hs_fst":1.0,"anm_hs_opn":0.0,"anm_hs_rvw":1.0,"anm_hotsp":1},"geometry":{"type":"Polygon","coordinates":[[[120.735065,23.782851],[120.725253,23.782834],[120.725272,23.773804],[120.735083,23.773821],[120.735065,23.782851]]]}},
{"type":"Feature","properties":{"GridID":11784,"ELE":326,"MAMMAL":19.0,"BIRD":35.0,"AMPHIBIAN":15.0,"REPTILE":29.0,"BUTTERFLY":72.0,"maml_fst":"18","maml_opn":"10","bird_fst":"32","bird_opn":"9","bird_rvwet":"2","rptl_fst":"24","rptl_opn":"14","rptl_rvwet":"4","amph_fst":"13","amph_opn":"9","anm_hs_fst":1.0,"anm_hs_opn":0.0,"anm_hs_rvw":1.0,"anm_hotsp":1},"geometry":{"type":"Polygon","coordinates":[[[120.735047,23.791881],[120.725234,23.791864],[120.725253,23.782834],[120.735065,23.782851],[120.735047,23.791881]]]}},
{"type":"Feature","properties":{"GridID":11785,"ELE":300,"MAMMAL":17.0,"BIRD":8.0,"AMPHIBIAN":4.0,"REPTILE":17.0,"BUTTERFLY":76.0,"maml_fst":"16","maml_opn":"9","bird_fst":"6","bird_opn":"3","bird_rvwet":"0","rptl_fst":"16","rptl_opn":"8","rptl_rvwet":"2","amph_fst":"4","amph_opn":"1","anm_hs_fst":1.0,"anm_hs_opn":0.0,"anm_hs_rvw":1.0,"anm_hotsp":1},"geometry":{"type":"Polygon","coordinates":[[[120.735029,23.80091],[120.725215,23.800893],[120.725234,23.791864],[120.735047,23.791881],[120.735029,23.80091]]]}},
{"type":"Feature","properties":{"GridID":11786,"ELE":219,"MAMMAL":24.0,"BIRD":36.0,"AMPHIBIAN":10.0,"REPTILE":33.0,"BUTTERFLY":80.0,"maml_fst":"23","maml_opn":"13","bird_fst":"29","bird_opn":"10","bird_rvwet":"5","rptl_fst":"27","rptl_opn":"18","rptl_rvwet":"3","amph_fst":"9","amph_opn":"6","anm_hs_fst":1.0,"anm_hs_opn":3.0,"anm_hs_rvw":1.0,"anm_hotsp":3},"geometry":{"type":"Polygon","coordinates":[[[120.73501,23.80994],[120.725196,23.809923],[120.725215,23.800893],[120.735029,23.80091],[120.73501,23.80994]]]}},
{"type":"Feature","properties":{"GridID":11792,"ELE":286,"MAMMAL":9.0,"BIRD":6.0,"AMPHIBIAN":0.0,"REPTILE":3.0,"BUTTERFLY":20.0,"maml_fst":"10","maml_opn":"5","bird_fst":"6","bird_opn":"0","bird_rvwet":"0","rptl_fst":"3","rptl_opn":"0","rptl_rvwet":"0","amph_fst":"0","amph_opn":"0","anm_hs_fst":0.0,"anm_hs_opn":1.0,"anm_hs_rvw":0.0,"anm_hotsp":2},"geometry":{"type":"Polygon","coordinates":[[[120.734918,23.85532],[120.734857,23.85528],[120.734758,23.855088],[120.734918,23.855088],[120.734918,23.85532]]]}},
{"type":"Feature","properties":{"GridID":12028,"ELE":1533,"MAMMAL":5.0,"BIRD":5.0,"AMPHIBIAN":0.0,"REPTILE":3.0,"BUTTERFLY":24.0,"maml_fst":"5","maml_opn":"1","bird_fst":"5","bird_opn":"0","bird_rvwet":"0","rptl_fst":"3","rptl_opn":"0","rptl_rvwet":"0","amph_fst":"0","amph_opn":"0","anm_hs_fst":1.0,"anm_hs_opn":1.0,"anm_hs_rvw":0.0,"anm_hotsp":2},"geometry":{"type":"Polygon","coordinates":[[[120.736358,23.484865],[120.737211,23.484732],[120.738309,23.484868],[120.736358,23.484865]]]}},
{"type":"Feature","properties":{"GridID":12029,"ELE":1544,"MAMMAL":27.0,"BIRD":46.0,"AMPHIBIAN":3.0,"REPTILE":14.0,"BUTTERFLY":66.0,"maml_fst":"26","maml_opn":"14","bird_fst":"45","bird_opn":"6","bird_rvwet":"1","rptl_fst":"13","rptl_opn":"3","rptl_rvwet":"1","amph_fst":"3","amph_opn":"1","anm_hs_fst":1.0,"anm_hs_opn":0.0,"anm_hs_rvw":0.0,"anm_hotsp":2},"geometry":{"type":"Polygon","coordinates":[[[120.745437,23.49391],[120.735646,23.493894],[120.735664,23.484901],[120.738309,23.484868],[120.739653,23.485441],[120.740141,23.485579],[120.741077,23.485734],[120.742479,23.485847],[120.742942,23.485972],[120.743351,23.486259],[120.744601,23.487735],[120.744851,23.488519],[120.745446,23.489059],[120.745437,23.49391]]]}},
{"type":"Feature","properties":{"GridID":12032,"ELE":991,"MAMMAL":25.0,"BIRD":41.0,"AMPHIBIAN":10.0,"REPTILE":31.0,"BUTTERFLY":82.0,"maml_fst":"24","maml_opn":"13","bird_fst":"38","bird_opn":"8","bird_rvwet":"3","rptl_fst":"28","rptl_opn":"15","rptl_rvwet":"3","amph_fst":"10","amph_opn":"6","anm_hs_fst":1.0,"anm_hs_opn":0.0,"anm_hs_rvw":0.0,"anm_hotsp":2},"geometry":{"type":"Polygon","coordinates":[[[120.745385,23.521],[120.735592,23.520984],[120.73561,23.511954],[120.745402,23.51197],[120.745385,23.521]]]}},
{"type":"Feature","properties":{"GridID":12033,"ELE":875,"MAMMAL":21.0,"BIRD":40.0,"AMPHIBIAN":6.0,"REPTILE":22.0,"BUTTERFLY":82.0,"maml_fst":"21","maml_opn":"12","bird_fst":"36","bird_opn":"11","bird_rvwet":"3","rptl_fst":"18","rptl_opn":"15","rptl_rvwet":"3","amph_fst":"6","amph_opn":"2","anm_hs_fst":1.0,"anm_hs_opn":0.0,"anm_hs_rvw":0.0,"anm_hotsp":2},"geometry":{"type":"Polygon","coordinates":[[[120.745367,23.530031],[120.735574,23.530014],[120.735592,23.520984],[120.745385,23.521],[120.745367,23.530031]]]}},
{"type":"Feature","properties":{"GridID":12034,"ELE":854,"MAMMAL":22.0,"BIRD":40.0,"AMPHIBIAN":8.0,"REPTILE":28.0,"BUTTERFLY":82.0,"maml_fst":"22","maml_opn":"13","bird_fst":"35","bird_opn":"10","bird_rvwet":"4","rptl_fst":"23","rptl_opn":"17","rptl_rvwet":"3","amph_fst":"8","amph_opn":"3","anm_hs_fst":1.0,"anm_hs_opn":0.0,"anm_hs_rvw":0.0,"anm_hotsp":2},"geometry":{"type":"Polygon","coordinates":[[[120.74535,23.539061],[120.735556,23.539044],[120.735574,23.530014],[120.745367,23.530031],[120.74535,23.539061]]]}},
{"type":"Feature","properties":{"GridID":12035,"ELE":815,"MAMMAL":18.0,"BIRD":21.0,"AMPHIBIAN":3.0,"REPTILE":16.0,"BUTTERFLY":81.0,"maml_fst":"19","maml_opn":"11","bird_fst":"20","bird_opn":"0","bird_rvwet":"1","rptl_fst":"15","rptl_opn":"6","rptl_rvwet":"1","amph_fst":"3","amph_opn":"1","anm_hs_fst":1.0,"anm_hs_opn":0.0,"anm_hs_rvw":0.0,"anm_hotsp":2},"geometry":{"type":"Polygon","coordinates":[[[120.745333,23.548091],[120.735538,23.548074],[120.735556,23.539044],[120.74535,23.539061],[120.745333,23.548091]]]}},
{"type":"Feature","properties":{"GridID":12038,"ELE":702,"MAMMAL":22.0,"BIRD":27.0,"AMPHIBIAN":2.0,"REPTILE":13.0,"BUTTERFLY":75.0,"maml_fst":"22","maml_opn":"12","bird_fst":"26","bird_opn":"1","bird_rvwet":"2","rptl_fst":"12","rptl_opn":"4","rptl_rvwet":"1","amph_fst":"2","amph_opn":"1","anm_hs_fst":0.0,"anm_hs_opn":0.0,"anm_hs_rvw":0.0,"anm_hotsp":1},"geometry":{"type":"Polygon","coordinates":[[[120.74528,23.575181],[120.735484,23.575164],[120.735502,23.566134],[120.745298,23.566151],[120.74528,23.575181]]]}},
{"type":"Feature","properties":{"GridID":12039,"ELE":926,"MAMMAL":12.0,"BIRD":10.0,"AMPHIBIAN":0.0,"REPTILE":3.0,"BUTTERFLY":17.0,"maml_fst":"13","maml_opn":"5","bird_fst":"10","bird_opn":"0","bird_rvwet":"0","rptl_fst":"3","rptl_opn":"0","rptl_rvwet":"0","amph_fst":"0","amph_opn":"0","anm_hs_fst":1.0,"anm_hs_opn":0.0,"anm_hs_rvw":0.0,"anm_hotsp":2},"geometry":{"type":"Polygon","coordinates":[[[120.745263,23.584211],[120.735465,23.584194],[120.735484,23.575164],[120.74528,23.575181],[120.745263,23.584211]]]}},
{"type":"Feature","properties":{"GridID":12040,"ELE":1102,"MAMMAL":12.0,"BIRD":16.0,"AMPHIBIAN":0.0,"REPTILE":3.0,"BUTTERFLY":10.0,"maml_fst":"12","maml_opn":"5","bird_fst":"16","bird_opn":"0","bird_rvwet":"0","rptl_fst":"3","rptl_opn":"0","rptl_rvwet":"0","amph_fst":"0","amph_opn":"0","anm_hs_fst":1.0,"anm_hs_opn":0.0,"anm_hs_rvw":0.0,"anm_hotsp":2},"geometry":{"type":"Polygon","coordinates":[[[120.745246,23.593241],[120.735447,23.593224],[120.735465,23.584194],[120.745263,23.584211],[120.745246,23.593241]]]}},
{"type":"Feature","properties":{"GridID":12041,"ELE":967,"MAMMAL":9.0,"BIRD":9.0,"AMPHIBIAN":0.0,"REPTILE":3.0,"BUTTERFLY":17.0,"maml_fst":"9","maml_opn":"5","bird_fst":"9","bird_opn":"0","bird_rvwet":"0","rptl_fst":"3","rptl_opn":"0","rptl_rvwet":"0","amph_fst":"0","amph_opn":"0","anm_hs_fst":1.0,"anm_hs_opn":1.0,"anm_hs_rvw":0.0,"anm_hotsp":2},"geometry":{"type":"Polygon","coordinates":[[[120.745141,23.64742],[120.735339,23.647404],[120.735357,23.638374],[120.745158,23.63839],[120.745141,23.64742]]]}},
{"type":"Feature","properties":{"GridID":12044,"ELE":990,"MAMMAL":25.0,"BIRD":34.0,"AMPHIBIAN":3.0,"REPTILE":18.0,"BUTTERFLY":79.0,"maml_fst":"25","maml_opn":"12","bird_fst":"33","bird_opn":"3","bird_rvwet":"2","rptl_fst":"18","rptl_opn":"6","rptl_rvwet":"1","amph_fst":"3","amph_opn":"1","anm_hs_fst":1.0,"anm_hs_opn":0.0,"anm_hs_rvw":0.0,"anm_hotsp":1},"geometry":{"type":"Polygon","coordinates":[[[120.745088,23.67451],[120.735284,23.674493],[120.735302,23.665463],[120.745106,23.66548],[120.745088,23.67451]]]}},
{"type":"Feature","properties":{"GridID":12045,"ELE":1091,"MAMMAL":24.0,"BIRD":37.0,"AMPHIBIAN":4.0,"REPTILE":11.0,"BUTTERFLY":78.0,"maml_fst":"24","maml_opn":"9","bird_fst":"36","bird_opn":"5","bird_rvwet":"0","rptl_fst":"11","rptl_opn":"2","rptl_rvwet":"0","amph_fst":"4","amph_opn":"1","anm_hs_fst":1.0,"anm_hs_opn":0.0,"anm_hs_rvw":0.0,"anm_hotsp":1},"geometry":{"type":"Polygon","coordinates":[[[120.745071,23.68354],[120.735266,23.683523],[120.735284,23.674493],[120.745088,23.67451],[120.745071,23.68354]]]}},
{"type":"Feature","properties":{"GridID":12047,"ELE":927,"MAMMAL":27.0,"BIRD":24.0,"AMPHIBIAN":2.0,"REPTILE":22.0,"BUTTERFLY":82.0,"maml_fst":"26","maml_opn":"13","bird_fst":"23","bird_opn":"1","bird_rvwet":"1","rptl_fst":"20","rptl_opn":"10","rptl_rvwet":"1","amph_fst":"2","amph_opn":"1","anm_hs_fst":2.0,"anm_hs_opn":0.0,"anm_hs_rvw":0.0,"anm_hotsp":1},"geometry":{"type":"Polygon","coordinates":[[[120.745036,23.701599],[120.735229,23.701583],[120.735248,23.692553],[120.745053,23.69257],[120.745036,23.701599]]]}},
{"type":"Feature","properties":{"GridID":12048,"ELE":715,"MAMMAL":24.0,"BIRD":21.0,"AMPHIBIAN":6.0,"REPTILE":25.0,"BUTTERFLY":82.0,"maml_fst":"23","maml_opn":"13","bird_fst":"20","bird_opn":"1","bird_rvwet":"2","rptl_fst":"23","rptl_opn":"12","rptl_rvwet":"3","amph_fst":"6","amph_opn":"3","anm_hs_fst":2.0,"anm_hs_opn":1.0,"anm_hs_rvw":0.0,"anm_hotsp":2},"geometry":{"type":"Polygon","coordinates":[[[120.745018,23.710629],[120.735211,23.710613],[120.735229,23.701583],[120.745036,23.701599],[120.745018,23.710629]]]}},
{"type":"Feature","properties":{"GridID":12049,"ELE":570,"MAMMAL":10.0,"BIRD":0.0,"AMPHIBIAN":0.0,"REPTILE":6.0,"BUTTERFLY":78.0,"maml_fst":"10","maml_opn":"7","bird_fst":"0","bird_opn":"0","bird_rvwet":"0","rptl_fst":"6","rptl_opn":"2","rptl_rvwet":"0","amph_fst":"0","amph_opn":"0","anm_hs_fst":0.0,"anm_hs_opn":0.0,"anm_hs_rvw":0.0,"anm_hotsp":1},"geometry":{"type":"Polygon","coordinates":[[[120.745001,23.719659],[120.735193,23.719643],[120.735211,23.710613],[120.745018,23.710629],[120.745001,23.719659]]]}},
{"type":"Feature","properties":{"GridID":12050,"ELE":459,"MAMMAL":9.0,"BIRD":0.0,"AMPHIBIAN":0.0,"REPTILE":3.0,"BUTTERFLY":74.0,"maml_fst":"10","maml_opn":"7","bird_fst":"0","bird_opn":"0","bird_rvwet":"0","rptl_fst":"3","rptl_opn":"0","rptl_rvwet":"0","amph_fst":"0","amph_opn":"0","anm_hs_fst":1.0,"anm_hs_opn":0.0,"anm_hs_rvw":1.0,"anm_hotsp":2},"geometry":{"type":"Polygon","coordinates":[[[120.744983,23.728689],[120.735175,23.728672],[120.735193,23.719643],[120.745001,23.719659],[120.744983,23.728689]]]}},
{"type":"Feature","properties":{"GridID":12051,"ELE":455,"MAMMAL":10.0,"BIRD":1.0,"AMPHIBIAN":0.0,"REPTILE":5.0,"BUTTERFLY":75.0,"maml_fst":"10","maml_opn":"7","bird_fst":"1","bird_opn":"0","bird_rvwet":"0","rptl_fst":"5","rptl_opn":"2","rptl_rvwet":"0","amph_fst":"0","amph_opn":"0","anm_hs_fst":1.0,"anm_hs_opn":0.0,"anm_hs_rvw":1.0,"anm_hotsp":1},"geometry":{"type":"Polygon","coordinates":[[[120.744965,23.737719],[120.735156,23.737702],[120.735175,23.728672],[120.744983,23.728689],[120.744965,23.737719]]]}},
{"type":"Feature","properties":{"GridID":12052,"ELE":370,"MAMMAL":9.0,"BIRD":0.0,"AMPHIBIAN":0.0,"REPTILE":4.0,"BUTTERFLY":72.0,"maml_fst":"10","maml_opn":"7","bird_fst":"0","bird_opn":"0","bird_rvwet":"0","rptl_fst":"4","rptl_opn":"0","rptl_rvwet":"0","amph_fst":"0","amph_opn":"0","anm_hs_fst":2.0,"anm_hs_opn":1.0,"anm_hs_rvw":1.0,"anm_hotsp":3},"geometry":{"type":"Polygon","coordinates":[[[120.744948,23.746748],[120.735138,23.746732],[120.735156,23.737702],[120.744965,23.737719],[120.744948,23.746748]]]}},
{"type":"Feature","properties":{"GridID":12053,"ELE":327,"MAMMAL":11.0,"BIRD":1.0,"AMPHIBIAN":0.0,"REPTILE":4.0,"BUTTERFLY":79.0,"maml_fst":"11","maml_opn":"6","bird_fst":"1","bird_opn":"0","bird_rvwet":"1","rptl_fst":"4","rptl_opn":"2","rptl_rvwet":"0","amph_fst":"0","amph_opn":"0","anm_hs_fst":1.0,"anm_hs_opn":1.0,"anm_hs_rvw":1.0,"anm_hotsp":3},"geometry":{"type":"Polygon","coordinates":[[[120.74493,23.755778],[120.73512,23.755762],[120.735138,23.746732],[120.744948,23.746748],[120.74493,23.755778]]]}},
{"type":"Feature","properties":{"GridID":12054,"ELE":382,"MAMMAL":12.0,"BIRD":0.0,"AMPHIBIAN":0.0,"REPTILE":5.0,"BUTTERFLY":80.0,"maml_fst":"12","maml_opn":"7","bird_fst":"0","bird_opn":"0","bird_rvwet":"0","rptl_fst":"5","rptl_opn":"3","rptl_rvwet":"0","amph_fst":"0","amph_opn":"0","anm_hs_fst":1.0,"anm_hs_opn":1.0,"anm_hs_rvw":1.0,"anm_hotsp":2},"geometry":{"type":"Polygon","coordinates":[[[120.744913,23.764808],[120.735102,23.764791],[120.73512,23.755762],[120.74493,23.755778],[120.744913,23.764808]]]}},
{"type":"Feature","properties":{"GridID":12055,"ELE":376,"MAMMAL":11.0,"BIRD":0.0,"AMPHIBIAN":0.0,"REPTILE":5.0,"BUTTERFLY":78.0,"maml_fst":"11","maml_opn":"8","bird_fst":"0","bird_opn":"0","bird_rvwet":"0","rptl_fst":"5","rptl_opn":"2","rptl_rvwet":"0","amph_fst":"0","amph_opn":"0","anm_hs_fst":2.0,"anm_hs_opn":1.0,"anm_hs_rvw":1.0,"anm_hotsp":2},"geometry":{"type":"Polygon","coordinates":[[[120.744895,23.773838],[120.735083,23.773821],[120.735102,23.764791],[120.744913,23.764808],[120.744895,23.773838]]]}},
{"type":"Feature","properties":{"GridID":12056,"ELE":364,"MAMMAL":11.0,"BIRD":0.0,"AMPHIBIAN":1.0,"REPTILE":4.0,"BUTTERFLY":77.0,"maml_fst":"11","maml_opn":"8","bird_fst":"0","bird_opn":"0","bird_rvwet":"0","rptl_fst":"4","rptl_opn":"2","rptl_rvwet":"0","amph_fst":"1","amph_opn":"0","anm_hs_fst":2.0,"anm_hs_opn":1.0,"anm_hs_rvw":1.0,"anm_hotsp":2},"geometry":{"type":"Polygon","coordinates":[[[120.744877,23.782867],[120.735065,23.782851],[120.735083,23.773821],[120.744895,23.773838],[120.744877,23.782867]]]}},
{"type":"Feature","properties":{"GridID":12057,"ELE":406,"MAMMAL":10.0,"BIRD":0.0,"AMPHIBIAN":0.0,"REPTILE":6.0,"BUTTERFLY":77.0,"maml_fst":"10","maml_opn":"8","bird_fst":"0","bird_opn":"0","bird_rvwet":"0","rptl_fst":"6","rptl_opn":"2","rptl_rvwet":"0","amph_fst":"0","amph_opn":"0","anm_hs_fst":0.0,"anm_hs_opn":0.0,"anm_hs_rvw":0.0,"anm_hotsp":1},"geometry":{"type":"Polygon","coordinates":[[[120.74486,23.791897],[120.735047,23.791881],[120.735065,23.782851],[120.744877,23.782867],[120.74486,23.791897]]]}},
{"type":"Feature","properties":{"GridID":12059,"ELE":228,"MAMMAL":9.0,"BIRD":0.0,"AMPHIBIAN":0.0,"REPTILE":4.0,"BUTTERFLY":55.0,"maml_fst":"10","maml_opn":"6","bird_fst":"0","bird_opn":"0","bird_rvwet":"0","rptl_fst":"4","rptl_opn":"0","rptl_rvwet":"0","amph_fst":"0","amph_opn":"0","anm_hs_fst":1.0,"anm_hs_opn":3.0,"anm_hs_rvw":1.0,"anm_hotsp":3},"geometry":{"type":"Polygon","coordinates":[[[120.744825,23.809957],[120.73501,23.80994],[120.735029,23.80091],[120.744842,23.800927],[120.744825,23.809957]]]}},
{"type":"Feature","properties":{"GridID":12064,"ELE":306,"MAMMAL":14.0,"BIRD":4.0,"AMPHIBIAN":0.0,"REPTILE":3.0,"BUTTERFLY":30.0,"maml_fst":"14","maml_opn":"5","bird_fst":"4","bird_opn":"0","bird_rvwet":"0","rptl_fst":"3","rptl_opn":"0","rptl_rvwet":"0","amph_fst":"0","amph_opn":"0","anm_hs_fst":0.0,"anm_hs_opn":1.0,"anm_hs_rvw":0.0,"anm_hotsp":1},"geometry":{"type":"Polygon","coordinates":[[[120.744736,23.855105],[120.734918,23.855088],[120.734937,23.846059],[120.744754,23.846075],[120.744736,23.855105]]]}},
{"type":"Feature","properties":{"GridID":12065,"ELE":331,"MAMMAL":11.0,"BIRD":5.0,"AMPHIBIAN":0.0,"REPTILE":3.0,"BUTTERFLY":40.0,"maml_fst":"12","maml_opn":"6","bird_fst":"5","bird_opn":"0","bird_rvwet":"0","rptl_fst":"3","rptl_opn":"0","rptl_rvwet":"0","amph_fst":"0","amph_opn":"0","anm_hs_fst":0.0,"anm_hs_opn":1.0,"anm_hs_rvw":0.0,"anm_hotsp":1},"geometry":{"type":"Polygon","coordinates":[[[120.744729,23.858573],[120.742785,23.858487],[120.74176,23.859494],[120.741421,23.859712],[120.740968,23.85984],[120.739618,23.859794],[120.738592,23.859573],[120.737587,23.859508],[120.737436,23.859081],[120.736811,23.858393],[120.736769,23.857969],[120.736316,23.856787],[120.736145,23.856037],[120.735826,23.855747],[120.735268,23.855545],[120.734918,23.85532],[120.734918,23.855088],[120.744736,23.855105],[120.744729,23.858573]]]}},
{"type":"Feature","properties":{"GridID":12302,"ELE":1542,"MAMMAL":14.0,"BIRD":9.0,"AMPHIBIAN":0.0,"REPTILE":3.0,"BUTTERFLY":13.0,"maml_fst":"14","maml_opn":"7","bird_fst":"9","bird_opn":"0","bird_rvwet":"0","rptl_fst":"3","rptl_opn":"0","rptl_rvwet":"0","amph_fst":"0","amph_opn":"0","anm_hs_fst":2.0,"anm_hs_opn":1.0,"anm_hs_rvw":0.0,"anm_hotsp":2},"geometry":{"type":"Polygon","coordinates":[[[120.755228,23.493926],[120.745437,23.49391],[120.745446,23.489059],[120.746187,23.489402],[120.746785,23.490084],[120.747294,23.490148],[120.74882,23.489912],[120.749425,23.489725],[120.74979,23.489426],[120.75002,23.48904],[120.750354,23.488718],[120.750774,23.488492],[120.75124,23.488482],[120.751507,23.488882],[120.752124,23.490323],[120.75276,23.49127],[120.753569,23.491951],[120.754422,23.49253],[120.75523,23.492849],[120.755228,23.493926]]]}},
{"type":"Feature","properties":{"GridID":12305,"ELE":1012,"MAMMAL":10.0,"BIRD":2.0,"AMPHIBIAN":0.0,"REPTILE":1.0,"BUTTERFLY":11.0,"maml_fst":"10","maml_opn":"5","bird_fst":"2","bird_opn":"0","bird_rvwet":"0","rptl_fst":"1","rptl_opn":"0","rptl_rvwet":"0","amph_fst":"0","amph_opn":"0","anm_hs_fst":1.0,"anm_hs_opn":1.0,"anm_hs_rvw":0.0,"anm_hotsp":2},"geometry":{"type":"Polygon","coordinates":[[[120.755178,23.521016],[120.745385,23.521],[120.745402,23.51197],[120.755194,23.511986],[120.755178,23.521016]]]}},
{"type":"Feature","properties":{"GridID":12306,"ELE":1074,"MAMMAL":6.0,"BIRD":2.0,"AMPHIBIAN":0.0,"REPTILE":3.0,"BUTTERFLY":4.0,"maml_fst":"6","maml_opn":"4","bird_fst":"2","bird_opn":"0","bird_rvwet":"0","rptl_fst":"3","rptl_opn":"0","rptl_rvwet":"0","amph_fst":"0","amph_opn":"0","anm_hs_fst":1.0,"anm_hs_opn":0.0,"anm_hs_rvw":0.0,"anm_hotsp":2},"geometry":{"type":"Polygon","coordinates":[[[120.755161,23.530046],[120.745367,23.530031],[120.745385,23.521],[120.755178,23.521016],[120.755161,23.530046]]]}},
{"type":"Feature","properties":{"GridID":12307,"ELE":1184,"MAMMAL":8.0,"BIRD":3.0,"AMPHIBIAN":0.0,"REPTILE":3.0,"BUTTERFLY":13.0,"maml_fst":"8","maml_opn":"3","bird_fst":"3","bird_opn":"0","bird_rvwet":"0","rptl_fst":"3","rptl_opn":"0","rptl_rvwet":"0","amph_fst":"0","amph_opn":"0","anm_hs_fst":1.0,"anm_hs_opn":1.0,"anm_hs_rvw":0.0,"anm_hotsp":2},"geometry":{"type":"Polygon","coordinates":[[[120.755144,23.539076],[120.74535,23.539061],[120.745367,23.530031],[120.755161,23.530046],[120.755144,23.539076]]]}},
{"type":"Feature","properties":{"GridID":12311,"ELE":754,"MAMMAL":4.0,"BIRD":1.0,"AMPHIBIAN":0.0,"REPTILE":2.0,"BUTTERFLY":42.0,"maml_fst":"4","maml_opn":"3","bird_fst":"1","bird_opn":"0","bird_rvwet":"0","rptl_fst":"2","rptl_opn":"0","rptl_rvwet":"0","amph_fst":"0","amph_opn":"0","anm_hs_fst":1.0,"anm_hs_opn":0.0,"anm_hs_rvw":0.0,"anm_hotsp":2},"geometry":{"type":"Polygon","coordinates":[[[120.755077,23.575196],[120.74528,23.575181],[120.745298,23.566151],[120.755094,23.566166],[120.755077,23.575196]]]}},
{"type":"Feature","properties":{"GridID":12312,"ELE":812,"MAMMAL":14.0,"BIRD":1.0,"AMPHIBIAN":1.0,"REPTILE":4.0,"BUTTERFLY":77.0,"maml_fst":"14","maml_opn":"8","bird_fst":"1","bird_opn":"0","bird_rvwet":"0","rptl_fst":"4","rptl_opn":"2","rptl_rvwet":"0","amph_fst":"1","amph_opn":"0","anm_hs_fst":1.0,"anm_hs_opn":0.0,"anm_hs_rvw":0.0,"anm_hotsp":2},"geometry":{"type":"Polygon","coordinates":[[[120.75506,23.584226],[120.745263,23.584211],[120.74528,23.575181],[120.755077,23.575196],[120.75506,23.584226]]]}},
{"type":"Feature","properties":{"GridID":12313,"ELE":1004,"MAMMAL":12.0,"BIRD":0.0,"AMPHIBIAN":0.0,"REPTILE":6.0,"BUTTERFLY":80.0,"maml_fst":"12","maml_opn":"7","bird_fst":"0","bird_opn":"0","bird_rvwet":"0","rptl_fst":"6","rptl_opn":"2","rptl_rvwet":"0","amph_fst":"0","amph_opn":"0","anm_hs_fst":1.0,"anm_hs_opn":0.0,"anm_hs_rvw":0.0,"anm_hotsp":2},"geometry":{"type":"Polygon","coordinates":[[[120.755044,23.593256],[120.745246,23.593241],[120.745263,23.584211],[120.75506,23.584226],[120.755044,23.593256]]]}},
{"type":"Feature","properties":{"GridID":12315,"ELE":1093,"MAMMAL":11.0,"BIRD":2.0,"AMPHIBIAN":0.0,"REPTILE":4.0,"BUTTERFLY":67.0,"maml_fst":"9","maml_opn":"3","bird_fst":"2","bird_opn":"0","bird_rvwet":"0","rptl_fst":"4","rptl_opn":"1","rptl_rvwet":"0","amph_fst":"0","amph_opn":"0","anm_hs_fst":1.0,"anm_hs_opn":1.0,"anm_hs_rvw":0.0,"anm_hotsp":1},"geometry":{"type":"Polygon","coordinates":[[[120.754926,23.656466],[120.745123,23.65645],[120.745141,23.64742],[120.754943,23.647436],[120.754926,23.656466]]]}},
{"type":"Feature","properties":{"GridID":12316,"ELE":1137,"MAMMAL":16.0,"BIRD":5.0,"AMPHIBIAN":0.0,"REPTILE":4.0,"BUTTERFLY":52.0,"maml_fst":"15","maml_opn":"6","bird_fst":"5","bird_opn":"0","bird_rvwet":"0","rptl_fst":"4","rptl_opn":"0","rptl_rvwet":"0","amph_fst":"0","amph_opn":"0","anm_hs_fst":1.0,"anm_hs_opn":0.0,"anm_hs_rvw":0.0,"anm_hotsp":1},"geometry":{"type":"Polygon","coordinates":[[[120.754909,23.665496],[120.745106,23.66548],[120.745123,23.65645],[120.754926,23.656466],[120.754909,23.665496]]]}},
{"type":"Feature","properties":{"GridID":12318,"ELE":1250,"MAMMAL":28.0,"BIRD":36.0,"AMPHIBIAN":3.0,"REPTILE":17.0,"BUTTERFLY":80.0,"maml_fst":"28","maml_opn":"13","bird_fst":"34","bird_opn":"4","bird_rvwet":"2","rptl_fst":"16","rptl_opn":"7","rptl_rvwet":"2","amph_fst":"3","amph_opn":"1","anm_hs_fst":1.0,"anm_hs_opn":1.0,"anm_hs_rvw":0.0,"anm_hotsp":1},"geometry":{"type":"Polygon","coordinates":[[[120.754876,23.683555],[120.745071,23.68354],[120.745088,23.67451],[120.754892,23.674526],[120.754876,23.683555]]]}},
{"type":"Feature","properties":{"GridID":12319,"ELE":1214,"MAMMAL":30.0,"BIRD":37.0,"AMPHIBIAN":4.0,"REPTILE":28.0,"BUTTERFLY":81.0,"maml_fst":"29","maml_opn":"15","bird_fst":"35","bird_opn":"6","bird_rvwet":"1","rptl_fst":"26","rptl_opn":"12","rptl_rvwet":"2","amph_fst":"4","amph_opn":"1","anm_hs_fst":1.0,"anm_hs_opn":0.0,"anm_hs_rvw":0.0,"anm_hotsp":1},"geometry":{"type":"Polygon","coordinates":[[[120.754859,23.692585],[120.745053,23.69257],[120.745071,23.68354],[120.754876,23.683555],[120.754859,23.692585]]]}},
{"type":"Feature","properties":{"GridID":12320,"ELE":919,"MAMMAL":25.0,"BIRD":36.0,"AMPHIBIAN":7.0,"REPTILE":28.0,"BUTTERFLY":82.0,"maml_fst":"24","maml_opn":"13","bird_fst":"31","bird_opn":"8","bird_rvwet":"3","rptl_fst":"23","rptl_opn":"17","rptl_rvwet":"3","amph_fst":"7","amph_opn":"3","anm_hs_fst":3.0,"anm_hs_opn":1.0,"anm_hs_rvw":0.0,"anm_hotsp":2},"geometry":{"type":"Polygon","coordinates":[[[120.754842,23.701615],[120.745036,23.701599],[120.745053,23.69257],[120.754859,23.692585],[120.754842,23.701615]]]}},
{"type":"Feature","properties":{"GridID":12321,"ELE":722,"MAMMAL":22.0,"BIRD":48.0,"AMPHIBIAN":16.0,"REPTILE":37.0,"BUTTERFLY":79.0,"maml_fst":"21","maml_opn":"12","bird_fst":"39","bird_opn":"15","bird_rvwet":"5","rptl_fst":"30","rptl_opn":"20","rptl_rvwet":"3","amph_fst":"13","amph_opn":"11","anm_hs_fst":2.0,"anm_hs_opn":1.0,"anm_hs_rvw":0.0,"anm_hotsp":2},"geometry":{"type":"Polygon","coordinates":[[[120.754825,23.710645],[120.745018,23.710629],[120.745036,23.701599],[120.754842,23.701615],[120.754825,23.710645]]]}},
{"type":"Feature","properties":{"GridID":12323,"ELE":539,"MAMMAL":10.0,"BIRD":1.0,"AMPHIBIAN":0.0,"REPTILE":3.0,"BUTTERFLY":56.0,"maml_fst":"11","maml_opn":"5","bird_fst":"1","bird_opn":"0","bird_rvwet":"0","rptl_fst":"3","rptl_opn":"0","rptl_rvwet":"0","amph_fst":"0","amph_opn":"0","anm_hs_fst":1.0,"anm_hs_opn":0.0,"anm_hs_rvw":1.0,"anm_hotsp":2},"geometry":{"type":"Polygon","coordinates":[[[120.754791,23.728705],[120.744983,23.728689],[120.745001,23.719659],[120.754808,23.719675],[120.754791,23.728705]]]}},
{"type":"Feature","properties":{"GridID":12324,"ELE":470,"MAMMAL":7.0,"BIRD":3.0,"AMPHIBIAN":0.0,"REPTILE":2.0,"BUTTERFLY":42.0,"maml_fst":"8","maml_opn":"4","bird_fst":"3","bird_opn":"0","bird_rvwet":"0","rptl_fst":"2","rptl_opn":"0","rptl_rvwet":"0","amph_fst":"0","amph_opn":"0","anm_hs_fst":2.0,"anm_hs_opn":1.0,"anm_hs_rvw":1.0,"anm_hotsp":2},"geometry":{"type":"Polygon","coordinates":[[[120.754774,23.737734],[120.744965,23.737719],[120.744983,23.728689],[120.754791,23.728705],[120.754774,23.737734]]]}},
{"type":"Feature","properties":{"GridID":12325,"ELE":433,"MAMMAL":7.0,"BIRD":3.0,"AMPHIBIAN":0.0,"REPTILE":4.0,"BUTTERFLY":43.0,"maml_fst":"6","maml_opn":"2","bird_fst":"3","bird_opn":"0","bird_rvwet":"0","rptl_fst":"4","rptl_opn":"0","rptl_rvwet":"0","amph_fst":"0","amph_opn":"0","anm_hs_fst":2.0,"anm_hs_opn":1.0,"anm_hs_rvw":1.0,"anm_hotsp":2},"geometry":{"type":"Polygon","coordinates":[[[120.754757,23.746764],[120.744948,23.746748],[120.744965,23.737719],[120.754774,23.737734],[120.754757,23.746764]]]}},
{"type":"Feature","properties":{"GridID":12326,"ELE":469,"MAMMAL":5.0,"BIRD":8.0,"AMPHIBIAN":0.0,"REPTILE":3.0,"BUTTERFLY":12.0,"maml_fst":"5","maml_opn":"2","bird_fst":"8","bird_opn":"0","bird_rvwet":"0","rptl_fst":"3","rptl_opn":"0","rptl_rvwet":"0","amph_fst":"0","amph_opn":"0","anm_hs_fst":1.0,"anm_hs_opn":1.0,"anm_hs_rvw":1.0,"anm_hotsp":2},"geometry":{"type":"Polygon","coordinates":[[[120.754741,23.755794],[120.74493,23.755778],[120.744948,23.746748],[120.754757,23.746764],[120.754741,23.755794]]]}},
{"type":"Feature","properties":{"GridID":12327,"ELE":450,"MAMMAL":9.0,"BIRD":15.0,"AMPHIBIAN":0.0,"REPTILE":3.0,"BUTTERFLY":14.0,"maml_fst":"9","maml_opn":"5","bird_fst":"15","bird_opn":"0","bird_rvwet":"0","rptl_fst":"3","rptl_opn":"0","rptl_rvwet":"0","amph_fst":"0","amph_opn":"0","anm_hs_fst":2.0,"anm_hs_opn":1.0,"anm_hs_rvw":1.0,"anm_hotsp":2},"geometry":{"type":"Polygon","coordinates":[[[120.754724,23.764824],[120.744913,23.764808],[120.74493,23.755778],[120.754741,23.755794],[120.754724,23.764824]]]}},
{"type":"Feature","properties":{"GridID":12328,"ELE":391,"MAMMAL":9.0,"BIRD":11.0,"AMPHIBIAN":0.0,"REPTILE":3.0,"BUTTERFLY":13.0,"maml_fst":"9","maml_opn":"5","bird_fst":"11","bird_opn":"0","bird_rvwet":"0","rptl_fst":"3","rptl_opn":"0","rptl_rvwet":"0","amph_fst":"0","amph_opn":"0","anm_hs_fst":2.0,"anm_hs_opn":1.0,"anm_hs_rvw":1.0,"anm_hotsp":2},"geometry":{"type":"Polygon","coordinates":[[[120.754707,23.773854],[120.744895,23.773838],[120.744913,23.764808],[120.754724,23.764824],[120.754707,23.773854]]]}},
{"type":"Feature","properties":{"GridID":12329,"ELE":459,"MAMMAL":10.0,"BIRD":16.0,"AMPHIBIAN":0.0,"REPTILE":3.0,"BUTTERFLY":8.0,"maml_fst":"10","maml_opn":"5","bird_fst":"16","bird_opn":"0","bird_rvwet":"0","rptl_fst":"3","rptl_opn":"0","rptl_rvwet":"0","amph_fst":"0","amph_opn":"0","anm_hs_fst":1.0,"anm_hs_opn":0.0,"anm_hs_rvw":1.0,"anm_hotsp":1},"geometry":{"type":"Polygon","coordinates":[[[120.75469,23.782883],[120.744877,23.782867],[120.744895,23.773838],[120.754707,23.773854],[120.75469,23.782883]]]}},
{"type":"Feature","properties":{"GridID":12335,"ELE":204,"MAMMAL":12.0,"BIRD":0.0,"AMPHIBIAN":0.0,"REPTILE":6.0,"BUTTERFLY":75.0,"maml_fst":"12","maml_opn":"8","bird_fst":"0","bird_opn":"0","bird_rvwet":"0","rptl_fst":"6","rptl_opn":"2","rptl_rvwet":"0","amph_fst":"0","amph_opn":"0","anm_hs_fst":0.0,"anm_hs_opn":3.0,"anm_hs_rvw":0.0,"anm_hotsp":2},"geometry":{"type":"Polygon","coordinates":[[[120.754588,23.837062],[120.744772,23.837046],[120.744789,23.828016],[120.754605,23.828032],[120.754588,23.837062]]]}},
{"type":"Feature","properties":{"GridID":12336,"ELE":247,"MAMMAL":10.0,"BIRD":0.0,"AMPHIBIAN":0.0,"REPTILE":4.0,"BUTTERFLY":76.0,"maml_fst":"11","maml_opn":"7","bird_fst":"0","bird_opn":"0","bird_rvwet":"0","rptl_fst":"4","rptl_opn":"0","rptl_rvwet":"0","amph_fst":"0","amph_opn":"0","anm_hs_fst":0.0,"anm_hs_opn":2.0,"anm_hs_rvw":0.0,"anm_hotsp":2},"geometry":{"type":"Polygon","coordinates":[[[120.754571,23.846091],[120.744754,23.846075],[120.744772,23.837046],[120.754588,23.837062],[120.754571,23.846091]]]}},
{"type":"Feature","properties":{"GridID":12337,"ELE":275,"MAMMAL":6.0,"BIRD":0.0,"AMPHIBIAN":0.0,"REPTILE":4.0,"BUTTERFLY":50.0,"maml_fst":"7","maml_opn":"4","bird_fst":"0","bird_opn":"0","bird_rvwet":"0","rptl_fst":"4","rptl_opn":"0","rptl_rvwet":"0","amph_fst":"0","amph_opn":"0","anm_hs_fst":0.0,"anm_hs_opn":1.0,"anm_hs_rvw":0.0,"anm_hotsp":1},"geometry":{"type":"Polygon","coordinates":[[[120.754554,23.855121],[120.744736,23.855105],[120.744754,23.846075],[120.754571,23.846091],[120.754554,23.855121]]]}},
{"type":"Feature","properties":{"GridID":12565,"ELE":1562,"MAMMAL":10.0,"BIRD":1.0,"AMPHIBIAN":0.0,"REPTILE":2.0,"BUTTERFLY":48.0,"maml_fst":"11","maml_opn":"5","bird_fst":"1","bird_opn":"0","bird_rvwet":"0","rptl_fst":"2","rptl_opn":"0","rptl_rvwet":"0","amph_fst":"0","amph_opn":"0","anm_hs_fst":2.0,"anm_hs_opn":1.0,"anm_hs_rvw":0.0,"anm_hotsp":2},"geometry":{"type":"Polygon","coordinates":[[[120.75523,23.492849],[120.756184,23.493269],[120.757055,23.493929],[120.755228,23.493926],[120.75523,23.492849]]]}},
{"type":"Feature","properties":{"GridID":12566,"ELE":1641,"MAMMAL":13.0,"BIRD":1.0,"AMPHIBIAN":0.0,"REPTILE":3.0,"BUTTERFLY":58.0,"maml_fst":"13","maml_opn":"5","bird_fst":"1","bird_opn":"0","bird_rvwet":"0","rptl_fst":"3","rptl_opn":"1","rptl_rvwet":"0","amph_fst":"0","amph_opn":"0","anm_hs_fst":2.0,"anm_hs_opn":1.0,"anm_hs_rvw":0.0,"anm_hotsp":1},"geometry":{"type":"Polygon","coordinates":[[[120.765002,23.502971],[120.755211,23.502956],[120.755228,23.493926],[120.757055,23.493929],[120.757201,23.494074],[120.757676,23.494237],[120.758137,23.494188],[120.759061,23.494578],[120.76132,23.495069],[120.763886,23.495001],[120.764347,23.494859],[120.765018,23.494388],[120.765002,23.502971]]]}},
{"type":"Feature","properties":{"GridID":12570,"ELE":871,"MAMMAL":10.0,"BIRD":4.0,"AMPHIBIAN":0.0,"REPTILE":3.0,"BUTTERFLY":14.0,"maml_fst":"11","maml_opn":"4","bird_fst":"4","bird_opn":"0","bird_rvwet":"0","rptl_fst":"3","rptl_opn":"0","rptl_rvwet":"0","amph_fst":"0","amph_opn":"0","anm_hs_fst":1.0,"anm_hs_opn":1.0,"anm_hs_rvw":0.0,"anm_hotsp":2},"geometry":{"type":"Polygon","coordinates":[[[120.764858,23.584241],[120.75506,23.584226],[120.755077,23.575196],[120.764874,23.575211],[120.764858,23.584241]]]}},
{"type":"Feature","properties":{"GridID":12576,"ELE":1245,"MAMMAL":12.0,"BIRD":10.0,"AMPHIBIAN":0.0,"REPTILE":3.0,"BUTTERFLY":10.0,"maml_fst":"13","maml_opn":"4","bird_fst":"10","bird_opn":"0","bird_rvwet":"0","rptl_fst":"3","rptl_opn":"0","rptl_rvwet":"0","amph_fst":"0","amph_opn":"0","anm_hs_fst":1.0,"anm_hs_opn":0.0,"anm_hs_rvw":0.0,"anm_hotsp":1},"geometry":{"type":"Polygon","coordinates":[[[120.764761,23.638421],[120.75496,23.638406],[120.754977,23.629376],[120.764777,23.629391],[120.764761,23.638421]]]}},
{"type":"Feature","properties":{"GridID":12577,"ELE":1168,"MAMMAL":11.0,"BIRD":13.0,"AMPHIBIAN":0.0,"REPTILE":3.0,"BUTTERFLY":6.0,"maml_fst":"11","maml_opn":"4","bird_fst":"13","bird_opn":"0","bird_rvwet":"0","rptl_fst":"3","rptl_opn":"0","rptl_rvwet":"0","amph_fst":"0","amph_opn":"0","anm_hs_fst":1.0,"anm_hs_opn":1.0,"anm_hs_rvw":0.0,"anm_hotsp":1},"geometry":{"type":"Polygon","coordinates":[[[120.764664,23.692601],[120.754859,23.692585],[120.754876,23.683555],[120.764681,23.683571],[120.764664,23.692601]]]}},
{"type":"Feature","properties":{"GridID":12578,"ELE":1019,"MAMMAL":13.0,"BIRD":11.0,"AMPHIBIAN":0.0,"REPTILE":3.0,"BUTTERFLY":12.0,"maml_fst":"13","maml_opn":"6","bird_fst":"11","bird_opn":"0","bird_rvwet":"0","rptl_fst":"3","rptl_opn":"0","rptl_rvwet":"0","amph_fst":"0","amph_opn":"0","anm_hs_fst":3.0,"anm_hs_opn":1.0,"anm_hs_rvw":0.0,"anm_hotsp":1},"geometry":{"type":"Polygon","coordinates":[[[120.764648,23.70163],[120.754842,23.701615],[120.754859,23.692585],[120.764664,23.692601],[120.764648,23.70163]]]}},
{"type":"Feature","properties":{"GridID":12579,"ELE":900,"MAMMAL":11.0,"BIRD":14.0,"AMPHIBIAN":0.0,"REPTILE":3.0,"BUTTERFLY":7.0,"maml_fst":"11","maml_opn":"4","bird_fst":"14","bird_opn":"0","bird_rvwet":"0","rptl_fst":"3","rptl_opn":"0","rptl_rvwet":"0","amph_fst":"0","amph_opn":"0","anm_hs_fst":3.0,"anm_hs_opn":1.0,"anm_hs_rvw":0.0,"anm_hotsp":1},"geometry":{"type":"Polygon","coordinates":[[[120.764632,23.71066],[120.754825,23.710645],[120.754842,23.701615],[120.764648,23.70163],[120.764632,23.71066]]]}},
{"type":"Feature","properties":{"GridID":12580,"ELE":686,"MAMMAL":16.0,"BIRD":8.0,"AMPHIBIAN":0.0,"REPTILE":3.0,"BUTTERFLY":50.0,"maml_fst":"16","maml_opn":"4","bird_fst":"8","bird_opn":"0","bird_rvwet":"0","rptl_fst":"3","rptl_opn":"0","rptl_rvwet":"0","amph_fst":"0","amph_opn":"0","anm_hs_fst":1.0,"anm_hs_opn":0.0,"anm_hs_rvw":0.0,"anm_hotsp":2},"geometry":{"type":"Polygon","coordinates":[[[120.764616,23.71969],[120.754808,23.719675],[120.754825,23.710645],[120.764632,23.71066],[120.764616,23.71969]]]}},
{"type":"Feature","properties":{"GridID":12581,"ELE":567,"MAMMAL":14.0,"BIRD":4.0,"AMPHIBIAN":0.0,"REPTILE":3.0,"BUTTERFLY":21.0,"maml_fst":"13","maml_opn":"4","bird_fst":"4","bird_opn":"0","bird_rvwet":"0","rptl_fst":"3","rptl_opn":"0","rptl_rvwet":"0","amph_fst":"0","amph_opn":"0","anm_hs_fst":2.0,"anm_hs_opn":0.0,"anm_hs_rvw":1.0,"anm_hotsp":2},"geometry":{"type":"Polygon","coordinates":[[[120.7646,23.72872],[120.754791,23.728705],[120.754808,23.719675],[120.764616,23.71969],[120.7646,23.72872]]]}},
{"type":"Feature","properties":{"GridID":12582,"ELE":492,"MAMMAL":10.0,"BIRD":4.0,"AMPHIBIAN":0.0,"REPTILE":3.0,"BUTTERFLY":10.0,"maml_fst":"10","maml_opn":"4","bird_fst":"4","bird_opn":"0","bird_rvwet":"0","rptl_fst":"3","rptl_opn":"0","rptl_rvwet":"0","amph_fst":"0","amph_opn":"0","anm_hs_fst":2.0,"anm_hs_opn":1.0,"anm_hs_rvw":1.0,"anm_hotsp":2},"geometry":{"type":"Polygon","coordinates":[[[120.764583,23.73775],[120.754774,23.737734],[120.754791,23.728705],[120.7646,23.72872],[120.764583,23.73775]]]}},
{"type":"Feature","properties":{"GridID":12583,"ELE":536,"MAMMAL":8.0,"BIRD":4.0,"AMPHIBIAN":0.0,"REPTILE":3.0,"BUTTERFLY":11.0,"maml_fst":"8","maml_opn":"3","bird_fst":"4","bird_opn":"0","bird_rvwet":"0","rptl_fst":"3","rptl_opn":"0","rptl_rvwet":"0","amph_fst":"0","amph_opn":"0","anm_hs_fst":2.0,"anm_hs_opn":1.0,"anm_hs_rvw":1.0,"anm_hotsp":2},"geometry":{"type":"Polygon","coordinates":[[[120.764567,23.74678],[120.754757,23.746764],[120.754774,23.737734],[120.764583,23.73775],[120.764567,23.74678]]]}},
{"type":"Feature","properties":{"GridID":12584,"ELE":563,"MAMMAL":10.0,"BIRD":2.0,"AMPHIBIAN":0.0,"REPTILE":1.0,"BUTTERFLY":10.0,"maml_fst":"10","maml_opn":"6","bird_fst":"2","bird_opn":"0","bird_rvwet":"0","rptl_fst":"1","rptl_opn":"0","rptl_rvwet":"0","amph_fst":"0","amph_opn":"0","anm_hs_fst":1.0,"anm_hs_opn":1.0,"anm_hs_rvw":1.0,"anm_hotsp":2},"geometry":{"type":"Polygon","coordinates":[[[120.764551,23.755809],[120.754741,23.755794],[120.754757,23.746764],[120.764567,23.74678],[120.764551,23.755809]]]}},
{"type":"Feature","properties":{"GridID":12585,"ELE":472,"MAMMAL":11.0,"BIRD":2.0,"AMPHIBIAN":0.0,"REPTILE":1.0,"BUTTERFLY":11.0,"maml_fst":"11","maml_opn":"6","bird_fst":"2","bird_opn":"0","bird_rvwet":"0","rptl_fst":"1","rptl_opn":"0","rptl_rvwet":"0","amph_fst":"0","amph_opn":"0","anm_hs_fst":1.0,"anm_hs_opn":0.0,"anm_hs_rvw":1.0,"anm_hotsp":2},"geometry":{"type":"Polygon","coordinates":[[[120.764535,23.764839],[120.754724,23.764824],[120.754741,23.755794],[120.764551,23.755809],[120.764535,23.764839]]]}},
{"type":"Feature","properties":{"GridID":12586,"ELE":366,"MAMMAL":8.0,"BIRD":6.0,"AMPHIBIAN":0.0,"REPTILE":3.0,"BUTTERFLY":7.0,"maml_fst":"8","maml_opn":"4","bird_fst":"6","bird_opn":"0","bird_rvwet":"0","rptl_fst":"3","rptl_opn":"0","rptl_rvwet":"0","amph_fst":"0","amph_opn":"0","anm_hs_fst":2.0,"anm_hs_opn":0.0,"anm_hs_rvw":1.0,"anm_hotsp":2},"geometry":{"type":"Polygon","coordinates":[[[120.764518,23.773869],[120.754707,23.773854],[120.754724,23.764824],[120.764535,23.764839],[120.764518,23.773869]]]}},
{"type":"Feature","properties":{"GridID":12587,"ELE":347,"MAMMAL":13.0,"BIRD":3.0,"AMPHIBIAN":0.0,"REPTILE":4.0,"BUTTERFLY":54.0,"maml_fst":"13","maml_opn":"3","bird_fst":"3","bird_opn":"0","bird_rvwet":"0","rptl_fst":"4","rptl_opn":"0","rptl_rvwet":"0","amph_fst":"0","amph_opn":"0","anm_hs_fst":1.0,"anm_hs_opn":0.0,"anm_hs_rvw":1.0,"anm_hotsp":1},"geometry":{"type":"Polygon","coordinates":[[[120.764502,23.782899],[120.75469,23.782883],[120.754707,23.773854],[120.764518,23.773869],[120.764502,23.782899]]]}},
{"type":"Feature","properties":{"GridID":12588,"ELE":409,"MAMMAL":8.0,"BIRD":2.0,"AMPHIBIAN":0.0,"REPTILE":5.0,"BUTTERFLY":59.0,"maml_fst":"9","maml_opn":"5","bird_fst":"2","bird_opn":"0","bird_rvwet":"0","rptl_fst":"5","rptl_opn":"2","rptl_rvwet":"0","amph_fst":"0","amph_opn":"0","anm_hs_fst":0.0,"anm_hs_opn":0.0,"anm_hs_rvw":0.0,"anm_hotsp":1},"geometry":{"type":"Polygon","coordinates":[[[120.764486,23.791928],[120.754673,23.791913],[120.75469,23.782883],[120.764502,23.782899],[120.764486,23.791928]]]}},
{"type":"Feature","properties":{"GridID":12589,"ELE":507,"MAMMAL":11.0,"BIRD":1.0,"AMPHIBIAN":0.0,"REPTILE":4.0,"BUTTERFLY":77.0,"maml_fst":"12","maml_opn":"6","bird_fst":"1","bird_opn":"0","bird_rvwet":"0","rptl_fst":"4","rptl_opn":"2","rptl_rvwet":"0","amph_fst":"0","amph_opn":"0","anm_hs_fst":0.0,"anm_hs_opn":0.0,"anm_hs_rvw":0.0,"anm_hotsp":1},"geometry":{"type":"Polygon","coordinates":[[[120.76447,23.800958],[120.754656,23.800943],[120.754673,23.791913],[120.764486,23.791928],[120.76447,23.800958]]]}},
{"type":"Feature","properties":{"GridID":12591,"ELE":263,"MAMMAL":15.0,"BIRD":1.0,"AMPHIBIAN":0.0,"REPTILE":3.0,"BUTTERFLY":77.0,"maml_fst":"15","maml_opn":"7","bird_fst":"1","bird_opn":"0","bird_rvwet":"0","rptl_fst":"3","rptl_opn":"1","rptl_rvwet":"0","amph_fst":"0","amph_opn":"0","anm_hs_fst":1.0,"anm_hs_opn":1.0,"anm_hs_rvw":1.0,"anm_hotsp":3},"geometry":{"type":"Polygon","coordinates":[[[120.764437,23.819018],[120.754622,23.819002],[120.754639,23.809973],[120.764453,23.809988],[120.764437,23.819018]]]}},
{"type":"Feature","properties":{"GridID":12593,"ELE":257,"MAMMAL":11.0,"BIRD":9.0,"AMPHIBIAN":0.0,"REPTILE":3.0,"BUTTERFLY":10.0,"maml_fst":"11","maml_opn":"4","bird_fst":"9","bird_opn":"0","bird_rvwet":"0","rptl_fst":"3","rptl_opn":"0","rptl_rvwet":"0","amph_fst":"0","amph_opn":"0","anm_hs_fst":0.0,"anm_hs_opn":0.0,"anm_hs_rvw":0.0,"anm_hotsp":1},"geometry":{"type":"Polygon","coordinates":[[[120.764404,23.837077],[120.754588,23.837062],[120.754605,23.828032],[120.764421,23.828047],[120.764404,23.837077]]]}},
{"type":"Feature","properties":{"GridID":12595,"ELE":315,"MAMMAL":30.0,"BIRD":45.0,"AMPHIBIAN":8.0,"REPTILE":28.0,"BUTTERFLY":81.0,"maml_fst":"29","maml_opn":"15","bird_fst":"42","bird_opn":"7","bird_rvwet":"2","rptl_fst":"25","rptl_opn":"10","rptl_rvwet":"2","amph_fst":"8","amph_opn":"4","anm_hs_fst":0.0,"anm_hs_opn":0.0,"anm_hs_rvw":0.0,"anm_hotsp":1},"geometry":{"type":"Polygon","coordinates":[[[120.764382,23.849712],[120.764149,23.849977],[120.761751,23.849761],[120.761215,23.849794],[120.760853,23.849938],[120.760535,23.850195],[120.759549,23.85156],[120.75923,23.852311],[120.758862,23.852414],[120.7576,23.852383],[120.757354,23.85271],[120.757226,23.853563],[120.756881,23.854432],[120.756217,23.855124],[120.754554,23.855121],[120.754571,23.846091],[120.764388,23.846107],[120.764382,23.849712]]]}},
{"type":"Feature","properties":{"GridID":12596,"ELE":245,"MAMMAL":29.0,"BIRD":44.0,"AMPHIBIAN":7.0,"REPTILE":31.0,"BUTTERFLY":82.0,"maml_fst":"28","maml_opn":"15","bird_fst":"40","bird_opn":"8","bird_rvwet":"3","rptl_fst":"28","rptl_opn":"12","rptl_rvwet":"3","amph_fst":"7","amph_opn":"4","anm_hs_fst":0.0,"anm_hs_opn":0.0,"anm_hs_rvw":0.0,"anm_hotsp":1},"geometry":{"type":"Polygon","coordinates":[[[120.756217,23.855124],[120.755578,23.855652],[120.755347,23.85599],[120.755234,23.856848],[120.755008,23.857624],[120.754711,23.858513],[120.754548,23.858482],[120.754554,23.855121],[120.756217,23.855124]]]}},
{"type":"Feature","properties":{"GridID":12827,"ELE":1781,"MAMMAL":13.0,"BIRD":4.0,"AMPHIBIAN":3.0,"REPTILE":6.0,"BUTTERFLY":64.0,"maml_fst":"13","maml_opn":"5","bird_fst":"4","bird_opn":"0","bird_rvwet":"0","rptl_fst":"5","rptl_opn":"4","rptl_rvwet":"0","amph_fst":"3","amph_opn":"1","anm_hs_fst":2.0,"anm_hs_opn":0.0,"anm_hs_rvw":0.0,"anm_hotsp":1},"geometry":{"type":"Polygon","coordinates":[[[120.774794,23.502986],[120.765002,23.502971],[120.765018,23.494388],[120.765195,23.494267],[120.765649,23.494154],[120.767132,23.49466],[120.768532,23.495412],[120.769597,23.496242],[120.770062,23.496436],[120.770808,23.496478],[120.772896,23.496328],[120.773275,23.496346],[120.773697,23.4966],[120.774228,23.497147],[120.774802,23.497998],[120.774794,23.502986]]]}},
{"type":"Feature","properties":{"GridID":12830,"ELE":1207,"MAMMAL":4.0,"BIRD":0.0,"AMPHIBIAN":0.0,"REPTILE":2.0,"BUTTERFLY":21.0,"maml_fst":"4","maml_opn":"0","bird_fst":"0","bird_opn":"0","bird_rvwet":"0","rptl_fst":"2","rptl_opn":"1","rptl_rvwet":"0","amph_fst":"0","amph_opn":"0","anm_hs_fst":1.0,"anm_hs_opn":0.0,"anm_hs_rvw":0.0,"anm_hotsp":2},"geometry":{"type":"Polygon","coordinates":[[[120.774671,23.575226],[120.764874,23.575211],[120.76489,23.566181],[120.774686,23.566196],[120.774671,23.575226]]]}},
{"type":"Feature","properties":{"GridID":12838,"ELE":1244,"MAMMAL":7.0,"BIRD":0.0,"AMPHIBIAN":0.0,"REPTILE":2.0,"BUTTERFLY":27.0,"maml_fst":"8","maml_opn":"4","bird_fst":"0","bird_opn":"0","bird_rvwet":"0","rptl_fst":"2","rptl_opn":"1","rptl_rvwet":"0","amph_fst":"0","amph_opn":"0","anm_hs_fst":1.0,"anm_hs_opn":0.0,"anm_hs_rvw":0.0,"anm_hotsp":1},"geometry":{"type":"Polygon","coordinates":[[[120.77447,23.692615],[120.764664,23.692601],[120.764681,23.683571],[120.774485,23.683585],[120.77447,23.692615]]]}},
{"type":"Feature","properties":{"GridID":12839,"ELE":1059,"MAMMAL":14.0,"BIRD":0.0,"AMPHIBIAN":0.0,"REPTILE":5.0,"BUTTERFLY":65.0,"maml_fst":"13","maml_opn":"7","bird_fst":"0","bird_opn":"0","bird_rvwet":"0","rptl_fst":"4","rptl_opn":"3","rptl_rvwet":"0","amph_fst":"0","amph_opn":"0","anm_hs_fst":3.0,"anm_hs_opn":1.0,"anm_hs_rvw":0.0,"anm_hotsp":1},"geometry":{"type":"Polygon","coordinates":[[[120.774454,23.701645],[120.764648,23.70163],[120.764664,23.692601],[120.77447,23.692615],[120.774454,23.701645]]]}},
{"type":"Feature","properties":{"GridID":12840,"ELE":893,"MAMMAL":11.0,"BIRD":0.0,"AMPHIBIAN":0.0,"REPTILE":4.0,"BUTTERFLY":55.0,"maml_fst":"11","maml_opn":"5","bird_fst":"0","bird_opn":"0","bird_rvwet":"0","rptl_fst":"4","rptl_opn":"2","rptl_rvwet":"0","amph_fst":"0","amph_opn":"0","anm_hs_fst":2.0,"anm_hs_opn":0.0,"anm_hs_rvw":0.0,"anm_hotsp":1},"geometry":{"type":"Polygon","coordinates":[[[120.774439,23.710675],[120.764632,23.71066],[120.764648,23.70163],[120.774454,23.701645],[120.774439,23.710675]]]}},
{"type":"Feature","properties":{"GridID":12841,"ELE":722,"MAMMAL":12.0,"BIRD":3.0,"AMPHIBIAN":0.0,"REPTILE":2.0,"BUTTERFLY":16.0,"maml_fst":"13","maml_opn":"4","bird_fst":"3","bird_opn":"0","bird_rvwet":"0","rptl_fst":"2","rptl_opn":"0","rptl_rvwet":"0","amph_fst":"0","amph_opn":"0","anm_hs_fst":2.0,"anm_hs_opn":0.0,"anm_hs_rvw":0.0,"anm_hotsp":1},"geometry":{"type":"Polygon","coordinates":[[[120.774423,23.719705],[120.764616,23.71969],[120.764632,23.71066],[120.774439,23.710675],[120.774423,23.719705]]]}},
{"type":"Feature","properties":{"GridID":12842,"ELE":589,"MAMMAL":6.0,"BIRD":3.0,"AMPHIBIAN":0.0,"REPTILE":2.0,"BUTTERFLY":18.0,"maml_fst":"7","maml_opn":"2","bird_fst":"3","bird_opn":"0","bird_rvwet":"0","rptl_fst":"2","rptl_opn":"0","rptl_rvwet":"0","amph_fst":"0","amph_opn":"0","anm_hs_fst":2.0,"anm_hs_opn":0.0,"anm_hs_rvw":1.0,"anm_hotsp":2},"geometry":{"type":"Polygon","coordinates":[[[120.774408,23.728735],[120.7646,23.72872],[120.764616,23.71969],[120.774423,23.719705],[120.774408,23.728735]]]}},
{"type":"Feature","properties":{"GridID":12843,"ELE":561,"MAMMAL":5.0,"BIRD":2.0,"AMPHIBIAN":0.0,"REPTILE":2.0,"BUTTERFLY":18.0,"maml_fst":"6","maml_opn":"2","bird_fst":"2","bird_opn":"0","bird_rvwet":"0","rptl_fst":"2","rptl_opn":"0","rptl_rvwet":"0","amph_fst":"0","amph_opn":"0","anm_hs_fst":1.0,"anm_hs_opn":0.0,"anm_hs_rvw":1.0,"anm_hotsp":1},"geometry":{"type":"Polygon","coordinates":[[[120.774392,23.737764],[120.764583,23.73775],[120.7646,23.72872],[120.774408,23.728735],[120.774392,23.737764]]]}},
{"type":"Feature","properties":{"GridID":12844,"ELE":619,"MAMMAL":8.0,"BIRD":0.0,"AMPHIBIAN":0.0,"REPTILE":4.0,"BUTTERFLY":61.0,"maml_fst":"8","maml_opn":"3","bird_fst":"0","bird_opn":"0","bird_rvwet":"0","rptl_fst":"4","rptl_opn":"1","rptl_rvwet":"0","amph_fst":"0","amph_opn":"0","anm_hs_fst":1.0,"anm_hs_opn":0.0,"anm_hs_rvw":1.0,"anm_hotsp":1},"geometry":{"type":"Polygon","coordinates":[[[120.774377,23.746794],[120.764567,23.74678],[120.764583,23.73775],[120.774392,23.737764],[120.774377,23.746794]]]}},
{"type":"Feature","properties":{"GridID":12846,"ELE":528,"MAMMAL":9.0,"BIRD":2.0,"AMPHIBIAN":0.0,"REPTILE":2.0,"BUTTERFLY":17.0,"maml_fst":"10","maml_opn":"3","bird_fst":"2","bird_opn":"0","bird_rvwet":"0","rptl_fst":"2","rptl_opn":"0","rptl_rvwet":"0","amph_fst":"0","amph_opn":"0","anm_hs_fst":1.0,"anm_hs_opn":0.0,"anm_hs_rvw":1.0,"anm_hotsp":1},"geometry":{"type":"Polygon","coordinates":[[[120.774346,23.764854],[120.764535,23.764839],[120.764551,23.755809],[120.774361,23.755824],[120.774346,23.764854]]]}},
{"type":"Feature","properties":{"GridID":12847,"ELE":396,"MAMMAL":12.0,"BIRD":1.0,"AMPHIBIAN":0.0,"REPTILE":5.0,"BUTTERFLY":60.0,"maml_fst":"12","maml_opn":"6","bird_fst":"1","bird_opn":"0","bird_rvwet":"0","rptl_fst":"5","rptl_opn":"2","rptl_rvwet":"0","amph_fst":"0","amph_opn":"0","anm_hs_fst":1.0,"anm_hs_opn":0.0,"anm_hs_rvw":1.0,"anm_hotsp":1},"geometry":{"type":"Polygon","coordinates":[[[120.77433,23.773884],[120.764518,23.773869],[120.764535,23.764839],[120.774346,23.764854],[120.77433,23.773884]]]}},
{"type":"Feature","properties":{"GridID":12848,"ELE":315,"MAMMAL":17.0,"BIRD":2.0,"AMPHIBIAN":1.0,"REPTILE":6.0,"BUTTERFLY":72.0,"maml_fst":"16","maml_opn":"7","bird_fst":"1","bird_opn":"1","bird_rvwet":"0","rptl_fst":"4","rptl_opn":"5","rptl_rvwet":"1","amph_fst":"1","amph_opn":"0","anm_hs_fst":2.0,"anm_hs_opn":0.0,"anm_hs_rvw":1.0,"anm_hotsp":3},"geometry":{"type":"Polygon","coordinates":[[[120.774314,23.782913],[120.764502,23.782899],[120.764518,23.773869],[120.77433,23.773884],[120.774314,23.782913]]]}},
{"type":"Feature","properties":{"GridID":12850,"ELE":398,"MAMMAL":12.0,"BIRD":1.0,"AMPHIBIAN":0.0,"REPTILE":2.0,"BUTTERFLY":36.0,"maml_fst":"12","maml_opn":"4","bird_fst":"1","bird_opn":"0","bird_rvwet":"0","rptl_fst":"2","rptl_opn":"0","rptl_rvwet":"0","amph_fst":"0","amph_opn":"0","anm_hs_fst":0.0,"anm_hs_opn":0.0,"anm_hs_rvw":0.0,"anm_hotsp":1},"geometry":{"type":"Polygon","coordinates":[[[120.774283,23.800973],[120.76447,23.800958],[120.764486,23.791928],[120.774299,23.791943],[120.774283,23.800973]]]}},
{"type":"Feature","properties":{"GridID":12851,"ELE":328,"MAMMAL":11.0,"BIRD":6.0,"AMPHIBIAN":0.0,"REPTILE":3.0,"BUTTERFLY":11.0,"maml_fst":"12","maml_opn":"4","bird_fst":"6","bird_opn":"0","bird_rvwet":"0","rptl_fst":"3","rptl_opn":"0","rptl_rvwet":"0","amph_fst":"0","amph_opn":"0","anm_hs_fst":1.0,"anm_hs_opn":1.0,"anm_hs_rvw":1.0,"anm_hotsp":2},"geometry":{"type":"Polygon","coordinates":[[[120.774268,23.810003],[120.764453,23.809988],[120.76447,23.800958],[120.774283,23.800973],[120.774268,23.810003]]]}},
{"type":"Feature","properties":{"GridID":12853,"ELE":225,"MAMMAL":13.0,"BIRD":4.0,"AMPHIBIAN":0.0,"REPTILE":3.0,"BUTTERFLY":24.0,"maml_fst":"14","maml_opn":"5","bird_fst":"4","bird_opn":"0","bird_rvwet":"0","rptl_fst":"3","rptl_opn":"0","rptl_rvwet":"0","amph_fst":"0","amph_opn":"0","anm_hs_fst":0.0,"anm_hs_opn":2.0,"anm_hs_rvw":0.0,"anm_hotsp":1},"geometry":{"type":"Polygon","coordinates":[[[120.774236,23.828062],[120.764421,23.828047],[120.764437,23.819018],[120.774252,23.819032],[120.774236,23.828062]]]}},
{"type":"Feature","properties":{"GridID":12854,"ELE":301,"MAMMAL":12.0,"BIRD":1.0,"AMPHIBIAN":0.0,"REPTILE":3.0,"BUTTERFLY":54.0,"maml_fst":"12","maml_opn":"5","bird_fst":"1","bird_opn":"0","bird_rvwet":"0","rptl_fst":"3","rptl_opn":"1","rptl_rvwet":"0","amph_fst":"0","amph_opn":"0","anm_hs_fst":0.0,"anm_hs_opn":1.0,"anm_hs_rvw":0.0,"anm_hotsp":1},"geometry":{"type":"Polygon","coordinates":[[[120.774221,23.837092],[120.764404,23.837077],[120.764421,23.828047],[120.774236,23.828062],[120.774221,23.837092]]]}},
{"type":"Feature","properties":{"GridID":12855,"ELE":291,"MAMMAL":15.0,"BIRD":3.0,"AMPHIBIAN":0.0,"REPTILE":5.0,"BUTTERFLY":68.0,"maml_fst":"14","maml_opn":"6","bird_fst":"3","bird_opn":"0","bird_rvwet":"0","rptl_fst":"4","rptl_opn":"3","rptl_rvwet":"1","amph_fst":"0","amph_opn":"0","anm_hs_fst":1.0,"anm_hs_opn":1.0,"anm_hs_rvw":1.0,"anm_hotsp":2},"geometry":{"type":"Polygon","coordinates":[[[120.774205,23.846121],[120.773627,23.846121],[120.773477,23.845759],[120.773028,23.845605],[120.772605,23.845615],[120.771718,23.846118],[120.764388,23.846107],[120.764404,23.837077],[120.774221,23.837092],[120.774205,23.846121]]]}},
{"type":"Feature","properties":{"GridID":13089,"ELE":1854,"MAMMAL":16.0,"BIRD":10.0,"AMPHIBIAN":1.0,"REPTILE":14.0,"BUTTERFLY":43.0,"maml_fst":"15","maml_opn":"9","bird_fst":"10","bird_opn":"3","bird_rvwet":"0","rptl_fst":"11","rptl_opn":"9","rptl_rvwet":"2","amph_fst":"1","amph_opn":"0","anm_hs_fst":2.0,"anm_hs_opn":0.0,"anm_hs_rvw":0.0,"anm_hotsp":1},"geometry":{"type":"Polygon","coordinates":[[[120.774802,23.497998],[120.774941,23.49822],[120.777748,23.50299],[120.774794,23.502986],[120.774802,23.497998]]]}},
{"type":"Feature","properties":{"GridID":13099,"ELE":1778,"MAMMAL":26.0,"BIRD":47.0,"AMPHIBIAN":6.0,"REPTILE":18.0,"BUTTERFLY":80.0,"maml_fst":"24","maml_opn":"15","bird_fst":"31","bird_opn":"17","bird_rvwet":"10","rptl_fst":"13","rptl_opn":"13","rptl_rvwet":"1","amph_fst":"6","amph_opn":"4","anm_hs_fst":1.0,"anm_hs_opn":0.0,"anm_hs_rvw":0.0,"anm_hotsp":1},"geometry":{"type":"Polygon","coordinates":[[[120.784364,23.63845],[120.774563,23.638436],[120.774578,23.629406],[120.784379,23.62942],[120.784364,23.63845]]]}},
{"type":"Feature","properties":{"GridID":13100,"ELE":1027,"MAMMAL":22.0,"BIRD":36.0,"AMPHIBIAN":9.0,"REPTILE":21.0,"BUTTERFLY":78.0,"maml_fst":"21","maml_opn":"11","bird_fst":"30","bird_opn":"12","bird_rvwet":"3","rptl_fst":"15","rptl_opn":"14","rptl_rvwet":"3","amph_fst":"8","amph_opn":"5","anm_hs_fst":3.0,"anm_hs_opn":0.0,"anm_hs_rvw":0.0,"anm_hotsp":1},"geometry":{"type":"Polygon","coordinates":[[[120.784276,23.692629],[120.77447,23.692615],[120.774485,23.683585],[120.78429,23.683599],[120.784276,23.692629]]]}},
{"type":"Feature","properties":{"GridID":13101,"ELE":827,"MAMMAL":22.0,"BIRD":33.0,"AMPHIBIAN":11.0,"REPTILE":22.0,"BUTTERFLY":70.0,"maml_fst":"21","maml_opn":"11","bird_fst":"29","bird_opn":"9","bird_rvwet":"2","rptl_fst":"16","rptl_opn":"15","rptl_rvwet":"4","amph_fst":"11","amph_opn":"6","anm_hs_fst":2.0,"anm_hs_opn":0.0,"anm_hs_rvw":0.0,"anm_hotsp":2},"geometry":{"type":"Polygon","coordinates":[[[120.784261,23.701659],[120.774454,23.701645],[120.77447,23.692615],[120.784276,23.692629],[120.784261,23.701659]]]}},
{"type":"Feature","properties":{"GridID":13102,"ELE":760,"MAMMAL":8.0,"BIRD":2.0,"AMPHIBIAN":2.0,"REPTILE":6.0,"BUTTERFLY":43.0,"maml_fst":"8","maml_opn":"4","bird_fst":"2","bird_opn":"0","bird_rvwet":"0","rptl_fst":"5","rptl_opn":"3","rptl_rvwet":"0","amph_fst":"2","amph_opn":"1","anm_hs_fst":2.0,"anm_hs_opn":0.0,"anm_hs_rvw":0.0,"anm_hotsp":2},"geometry":{"type":"Polygon","coordinates":[[[120.784246,23.710689],[120.774439,23.710675],[120.774454,23.701645],[120.784261,23.701659],[120.784246,23.710689]]]}},
{"type":"Feature","properties":{"GridID":13103,"ELE":698,"MAMMAL":6.0,"BIRD":0.0,"AMPHIBIAN":0.0,"REPTILE":3.0,"BUTTERFLY":20.0,"maml_fst":"7","maml_opn":"3","bird_fst":"0","bird_opn":"0","bird_rvwet":"0","rptl_fst":"3","rptl_opn":"1","rptl_rvwet":"0","amph_fst":"0","amph_opn":"0","anm_hs_fst":2.0,"anm_hs_opn":1.0,"anm_hs_rvw":0.0,"anm_hotsp":2},"geometry":{"type":"Polygon","coordinates":[[[120.784231,23.719719],[120.774423,23.719705],[120.774439,23.710675],[120.784246,23.710689],[120.784231,23.719719]]]}},
{"type":"Feature","properties":{"GridID":13104,"ELE":678,"MAMMAL":3.0,"BIRD":1.0,"AMPHIBIAN":0.0,"REPTILE":2.0,"BUTTERFLY":20.0,"maml_fst":"3","maml_opn":"2","bird_fst":"1","bird_opn":"0","bird_rvwet":"0","rptl_fst":"2","rptl_opn":"1","rptl_rvwet":"0","amph_fst":"0","amph_opn":"0","anm_hs_fst":2.0,"anm_hs_opn":0.0,"anm_hs_rvw":1.0,"anm_hotsp":2},"geometry":{"type":"Polygon","coordinates":[[[120.784216,23.728749],[120.774408,23.728735],[120.774423,23.719705],[120.784231,23.719719],[120.784216,23.728749]]]}},
{"type":"Feature","properties":{"GridID":13105,"ELE":694,"MAMMAL":18.0,"BIRD":0.0,"AMPHIBIAN":2.0,"REPTILE":4.0,"BUTTERFLY":57.0,"maml_fst":"17","maml_opn":"9","bird_fst":"0","bird_opn":"0","bird_rvwet":"0","rptl_fst":"4","rptl_opn":"2","rptl_rvwet":"0","amph_fst":"2","amph_opn":"0","anm_hs_fst":1.0,"anm_hs_opn":0.0,"anm_hs_rvw":0.0,"anm_hotsp":2},"geometry":{"type":"Polygon","coordinates":[[[120.784201,23.737778],[120.774392,23.737764],[120.774408,23.728735],[120.784216,23.728749],[120.784201,23.737778]]]}},
{"type":"Feature","properties":{"GridID":13106,"ELE":678,"MAMMAL":9.0,"BIRD":0.0,"AMPHIBIAN":1.0,"REPTILE":2.0,"BUTTERFLY":17.0,"maml_fst":"10","maml_opn":"4","bird_fst":"0","bird_opn":"0","bird_rvwet":"0","rptl_fst":"2","rptl_opn":"1","rptl_rvwet":"0","amph_fst":"1","amph_opn":"0","anm_hs_fst":1.0,"anm_hs_opn":0.0,"anm_hs_rvw":0.0,"anm_hotsp":1},"geometry":{"type":"Polygon","coordinates":[[[120.784186,23.746808],[120.774377,23.746794],[120.774392,23.737764],[120.784201,23.737778],[120.784186,23.746808]]]}},
{"type":"Feature","properties":{"GridID":13108,"ELE":528,"MAMMAL":13.0,"BIRD":1.0,"AMPHIBIAN":3.0,"REPTILE":4.0,"BUTTERFLY":68.0,"maml_fst":"13","maml_opn":"5","bird_fst":"1","bird_opn":"0","bird_rvwet":"0","rptl_fst":"3","rptl_opn":"3","rptl_rvwet":"0","amph_fst":"3","amph_opn":"1","anm_hs_fst":1.0,"anm_hs_opn":0.0,"anm_hs_rvw":1.0,"anm_hotsp":1},"geometry":{"type":"Polygon","coordinates":[[[120.784157,23.764868],[120.774346,23.764854],[120.774361,23.755824],[120.784172,23.755838],[120.784157,23.764868]]]}},
{"type":"Feature","properties":{"GridID":13109,"ELE":376,"MAMMAL":17.0,"BIRD":1.0,"AMPHIBIAN":4.0,"REPTILE":6.0,"BUTTERFLY":63.0,"maml_fst":"16","maml_opn":"8","bird_fst":"1","bird_opn":"0","bird_rvwet":"0","rptl_fst":"5","rptl_opn":"4","rptl_rvwet":"0","amph_fst":"4","amph_opn":"1","anm_hs_fst":1.0,"anm_hs_opn":0.0,"anm_hs_rvw":1.0,"anm_hotsp":1},"geometry":{"type":"Polygon","coordinates":[[[120.784142,23.773898],[120.77433,23.773884],[120.774346,23.764854],[120.784157,23.764868],[120.784142,23.773898]]]}},
{"type":"Feature","properties":{"GridID":13110,"ELE":306,"MAMMAL":7.0,"BIRD":0.0,"AMPHIBIAN":0.0,"REPTILE":2.0,"BUTTERFLY":20.0,"maml_fst":"8","maml_opn":"3","bird_fst":"0","bird_opn":"0","bird_rvwet":"0","rptl_fst":"2","rptl_opn":"1","rptl_rvwet":"0","amph_fst":"0","amph_opn":"0","anm_hs_fst":1.0,"anm_hs_opn":1.0,"anm_hs_rvw":1.0,"anm_hotsp":2},"geometry":{"type":"Polygon","coordinates":[[[120.784127,23.782927],[120.774314,23.782913],[120.77433,23.773884],[120.784142,23.773898],[120.784127,23.782927]]]}},
{"type":"Feature","properties":{"GridID":13113,"ELE":256,"MAMMAL":7.0,"BIRD":0.0,"AMPHIBIAN":0.0,"REPTILE":2.0,"BUTTERFLY":46.0,"maml_fst":"6","maml_opn":"4","bird_fst":"0","bird_opn":"0","bird_rvwet":"0","rptl_fst":"2","rptl_opn":"1","rptl_rvwet":"0","amph_fst":"0","amph_opn":"0","anm_hs_fst":1.0,"anm_hs_opn":3.0,"anm_hs_rvw":1.0,"anm_hotsp":4},"geometry":{"type":"Polygon","coordinates":[[[120.784082,23.810017],[120.774268,23.810003],[120.774283,23.800973],[120.784097,23.800987],[120.784082,23.810017]]]}},
{"type":"Feature","properties":{"GridID":13116,"ELE":252,"MAMMAL":4.0,"BIRD":0.0,"AMPHIBIAN":0.0,"REPTILE":2.0,"BUTTERFLY":17.0,"maml_fst":"4","maml_opn":"2","bird_fst":"0","bird_opn":"0","bird_rvwet":"0","rptl_fst":"2","rptl_opn":"0","rptl_rvwet":"0","amph_fst":"0","amph_opn":"0","anm_hs_fst":1.0,"anm_hs_opn":3.0,"anm_hs_rvw":1.0,"anm_hotsp":3},"geometry":{"type":"Polygon","coordinates":[[[120.784037,23.837106],[120.774221,23.837092],[120.774236,23.828062],[120.784052,23.828076],[120.784037,23.837106]]]}},
{"type":"Feature","properties":{"GridID":13117,"ELE":307,"MAMMAL":11.0,"BIRD":0.0,"AMPHIBIAN":0.0,"REPTILE":1.0,"BUTTERFLY":54.0,"maml_fst":"11","maml_opn":"5","bird_fst":"0","bird_opn":"0","bird_rvwet":"0","rptl_fst":"1","rptl_opn":"0","rptl_rvwet":"0","amph_fst":"0","amph_opn":"0","anm_hs_fst":1.0,"anm_hs_opn":1.0,"anm_hs_rvw":1.0,"anm_hotsp":2},"geometry":{"type":"Polygon","coordinates":[[[120.784022,23.846135],[120.774205,23.846121],[120.774221,23.837092],[120.784037,23.837106],[120.784022,23.846135]]]}},
{"type":"Feature","properties":{"GridID":13118,"ELE":313,"MAMMAL":16.0,"BIRD":0.0,"AMPHIBIAN":1.0,"REPTILE":5.0,"BUTTERFLY":67.0,"maml_fst":"15","maml_opn":"6","bird_fst":"0","bird_opn":"0","bird_rvwet":"0","rptl_fst":"5","rptl_opn":"3","rptl_rvwet":"0","amph_fst":"1","amph_opn":"0","anm_hs_fst":0.0,"anm_hs_opn":1.0,"anm_hs_rvw":0.0,"anm_hotsp":1},"geometry":{"type":"Polygon","coordinates":[[[120.784013,23.851538],[120.782271,23.851375],[120.780345,23.851499],[120.779479,23.851114],[120.778632,23.850874],[120.777803,23.85078],[120.777498,23.850585],[120.777711,23.848978],[120.777681,23.848549],[120.777457,23.848232],[120.777158,23.847956],[120.776772,23.847759],[120.775924,23.84746],[120.775463,23.847426],[120.774397,23.847603],[120.774203,23.847512],[120.774205,23.846121],[120.784022,23.846135],[120.784013,23.851538]]]}},
{"type":"Feature","properties":{"GridID":13352,"ELE":1965,"MAMMAL":16.0,"BIRD":45.0,"AMPHIBIAN":12.0,"REPTILE":22.0,"BUTTERFLY":30.0,"maml_fst":"8","maml_opn":"13","bird_fst":"23","bird_opn":"25","bird_rvwet":"8","rptl_fst":"14","rptl_opn":"17","rptl_rvwet":"6","amph_fst":"7","amph_opn":"11","anm_hs_fst":2.0,"anm_hs_opn":0.0,"anm_hs_rvw":0.0,"anm_hotsp":1},"geometry":{"type":"Polygon","coordinates":[[[120.785802,23.503001],[120.78638,23.50248],[120.786771,23.50235],[120.787676,23.502322],[120.788498,23.502501],[120.789443,23.503006],[120.785802,23.503001]]]}},
{"type":"Feature","properties":{"GridID":13362,"ELE":1737,"MAMMAL":7.0,"BIRD":10.0,"AMPHIBIAN":5.0,"REPTILE":13.0,"BUTTERFLY":4.0,"maml_fst":"1","maml_opn":"7","bird_fst":"0","bird_opn":"6","bird_rvwet":"5","rptl_fst":"5","rptl_opn":"11","rptl_rvwet":"4","amph_fst":"1","amph_opn":"4","anm_hs_fst":2.0,"anm_hs_opn":0.0,"anm_hs_rvw":0.0,"anm_hotsp":2},"geometry":{"type":"Polygon","coordinates":[[[120.794166,23.638463],[120.784364,23.63845],[120.784379,23.62942],[120.79418,23.629433],[120.794166,23.638463]]]}},
{"type":"Feature","properties":{"GridID":13363,"ELE":969,"MAMMAL":6.0,"BIRD":11.0,"AMPHIBIAN":1.0,"REPTILE":5.0,"BUTTERFLY":5.0,"maml_fst":"1","maml_opn":"6","bird_fst":"0","bird_opn":"5","bird_rvwet":"6","rptl_fst":"3","rptl_opn":"4","rptl_rvwet":"1","amph_fst":"0","amph_opn":"1","anm_hs_fst":3.0,"anm_hs_opn":1.0,"anm_hs_rvw":0.0,"anm_hotsp":3},"geometry":{"type":"Polygon","coordinates":[[[120.794081,23.692642],[120.784276,23.692629],[120.78429,23.683599],[120.794095,23.683613],[120.794081,23.692642]]]}},
{"type":"Feature","properties":{"GridID":13364,"ELE":971,"MAMMAL":6.0,"BIRD":10.0,"AMPHIBIAN":1.0,"REPTILE":5.0,"BUTTERFLY":4.0,"maml_fst":"1","maml_opn":"6","bird_fst":"0","bird_opn":"6","bird_rvwet":"4","rptl_fst":"2","rptl_opn":"4","rptl_rvwet":"1","amph_fst":"0","amph_opn":"1","anm_hs_fst":3.0,"anm_hs_opn":1.0,"anm_hs_rvw":0.0,"anm_hotsp":3},"geometry":{"type":"Polygon","coordinates":[[[120.794067,23.701672],[120.784261,23.701659],[120.784276,23.692629],[120.794081,23.692642],[120.794067,23.701672]]]}},
{"type":"Feature","properties":{"GridID":13365,"ELE":968,"MAMMAL":6.0,"BIRD":8.0,"AMPHIBIAN":1.0,"REPTILE":2.0,"BUTTERFLY":4.0,"maml_fst":"1","maml_opn":"5","bird_fst":"0","bird_opn":"4","bird_rvwet":"4","rptl_fst":"2","rptl_opn":"2","rptl_rvwet":"0","amph_fst":"0","amph_opn":"1","anm_hs_fst":3.0,"anm_hs_opn":1.0,"anm_hs_rvw":0.0,"anm_hotsp":2},"geometry":{"type":"Polygon","coordinates":[[[120.794053,23.710702],[120.784246,23.710689],[120.784261,23.701659],[120.794067,23.701672],[120.794053,23.710702]]]}},
{"type":"Feature","properties":{"GridID":13366,"ELE":873,"MAMMAL":5.0,"BIRD":20.0,"AMPHIBIAN":1.0,"REPTILE":3.0,"BUTTERFLY":10.0,"maml_fst":"0","maml_opn":"5","bird_fst":"0","bird_opn":"14","bird_rvwet":"7","rptl_fst":"2","rptl_opn":"3","rptl_rvwet":"1","amph_fst":"0","amph_opn":"1","anm_hs_fst":3.0,"anm_hs_opn":1.0,"anm_hs_rvw":0.0,"anm_hotsp":2},"geometry":{"type":"Polygon","coordinates":[[[120.794039,23.719732],[120.784231,23.719719],[120.784246,23.710689],[120.794053,23.710702],[120.794039,23.719732]]]}},
{"type":"Feature","properties":{"GridID":13367,"ELE":856,"MAMMAL":9.0,"BIRD":19.0,"AMPHIBIAN":3.0,"REPTILE":10.0,"BUTTERFLY":5.0,"maml_fst":"2","maml_opn":"8","bird_fst":"1","bird_opn":"14","bird_rvwet":"7","rptl_fst":"5","rptl_opn":"9","rptl_rvwet":"2","amph_fst":"1","amph_opn":"3","anm_hs_fst":2.0,"anm_hs_opn":0.0,"anm_hs_rvw":0.0,"anm_hotsp":2},"geometry":{"type":"Polygon","coordinates":[[[120.794024,23.728762],[120.784216,23.728749],[120.784231,23.719719],[120.794039,23.719732],[120.794024,23.728762]]]}},
{"type":"Feature","properties":{"GridID":13368,"ELE":748,"MAMMAL":15.0,"BIRD":22.0,"AMPHIBIAN":2.0,"REPTILE":20.0,"BUTTERFLY":44.0,"maml_fst":"15","maml_opn":"9","bird_fst":"15","bird_opn":"13","bird_rvwet":"0","rptl_fst":"15","rptl_opn":"14","rptl_rvwet":"3","amph_fst":"2","amph_opn":"1","anm_hs_fst":1.0,"anm_hs_opn":0.0,"anm_hs_rvw":0.0,"anm_hotsp":1},"geometry":{"type":"Polygon","coordinates":[[[120.79401,23.737792],[120.784201,23.737778],[120.784216,23.728749],[120.794024,23.728762],[120.79401,23.737792]]]}},
{"type":"Feature","properties":{"GridID":13370,"ELE":491,"MAMMAL":5.0,"BIRD":3.0,"AMPHIBIAN":1.0,"REPTILE":8.0,"BUTTERFLY":1.0,"maml_fst":"5","maml_opn":"4","bird_fst":"1","bird_opn":"3","bird_rvwet":"0","rptl_fst":"6","rptl_opn":"4","rptl_rvwet":"0","amph_fst":"1","amph_opn":"0","anm_hs_fst":1.0,"anm_hs_opn":0.0,"anm_hs_rvw":1.0,"anm_hotsp":1},"geometry":{"type":"Polygon","coordinates":[[[120.793982,23.755851],[120.784172,23.755838],[120.784186,23.746808],[120.793996,23.746822],[120.793982,23.755851]]]}},
{"type":"Feature","properties":{"GridID":13371,"ELE":382,"MAMMAL":13.0,"BIRD":31.0,"AMPHIBIAN":6.0,"REPTILE":22.0,"BUTTERFLY":8.0,"maml_fst":"10","maml_opn":"9","bird_fst":"16","bird_opn":"20","bird_rvwet":"3","rptl_fst":"16","rptl_opn":"13","rptl_rvwet":"3","amph_fst":"4","amph_opn":"5","anm_hs_fst":2.0,"anm_hs_opn":1.0,"anm_hs_rvw":1.0,"anm_hotsp":3},"geometry":{"type":"Polygon","coordinates":[[[120.793968,23.764881],[120.784157,23.764868],[120.784172,23.755838],[120.793982,23.755851],[120.793968,23.764881]]]}},
{"type":"Feature","properties":{"GridID":13372,"ELE":354,"MAMMAL":17.0,"BIRD":39.0,"AMPHIBIAN":9.0,"REPTILE":23.0,"BUTTERFLY":37.0,"maml_fst":"15","maml_opn":"10","bird_fst":"20","bird_opn":"25","bird_rvwet":"4","rptl_fst":"17","rptl_opn":"14","rptl_rvwet":"3","amph_fst":"6","amph_opn":"8","anm_hs_fst":1.0,"anm_hs_opn":1.0,"anm_hs_rvw":1.0,"anm_hotsp":3},"geometry":{"type":"Polygon","coordinates":[[[120.793953,23.773911],[120.784142,23.773898],[120.784157,23.764868],[120.793968,23.764881],[120.793953,23.773911]]]}},
{"type":"Feature","properties":{"GridID":13375,"ELE":276,"MAMMAL":23.0,"BIRD":47.0,"AMPHIBIAN":15.0,"REPTILE":24.0,"BUTTERFLY":74.0,"maml_fst":"22","maml_opn":"11","bird_fst":"34","bird_opn":"17","bird_rvwet":"5","rptl_fst":"20","rptl_opn":"15","rptl_rvwet":"3","amph_fst":"12","amph_opn":"10","anm_hs_fst":1.0,"anm_hs_opn":1.0,"anm_hs_rvw":1.0,"anm_hotsp":3},"geometry":{"type":"Polygon","coordinates":[[[120.793911,23.801],[120.784097,23.800987],[120.784112,23.791957],[120.793925,23.791971],[120.793911,23.801]]]}},
{"type":"Feature","properties":{"GridID":13381,"ELE":334,"MAMMAL":21.0,"BIRD":31.0,"AMPHIBIAN":8.0,"REPTILE":19.0,"BUTTERFLY":72.0,"maml_fst":"20","maml_opn":"10","bird_fst":"29","bird_opn":"9","bird_rvwet":"1","rptl_fst":"15","rptl_opn":"14","rptl_rvwet":"2","amph_fst":"8","amph_opn":"5","anm_hs_fst":0.0,"anm_hs_opn":1.0,"anm_hs_rvw":0.0,"anm_hotsp":1},"geometry":{"type":"Polygon","coordinates":[[[120.793831,23.851259],[120.793229,23.850853],[120.792824,23.850789],[120.792375,23.85083],[120.791384,23.850571],[120.790081,23.850592],[120.789689,23.850689],[120.789339,23.850925],[120.789059,23.851257],[120.787369,23.851761],[120.786552,23.85274],[120.786209,23.852895],[120.785816,23.852917],[120.785474,23.852738],[120.785056,23.852458],[120.784266,23.851563],[120.784013,23.851538],[120.784022,23.846135],[120.793839,23.846149],[120.793831,23.851259]]]}},
{"type":"Feature","properties":{"GridID":13616,"ELE":2160,"MAMMAL":26.0,"BIRD":60.0,"AMPHIBIAN":20.0,"REPTILE":37.0,"BUTTERFLY":74.0,"maml_fst":"21","maml_opn":"17","bird_fst":"42","bird_opn":"23","bird_rvwet":"8","rptl_fst":"26","rptl_opn":"22","rptl_rvwet":"5","amph_fst":"16","amph_opn":"13","anm_hs_fst":2.0,"anm_hs_opn":0.0,"anm_hs_rvw":0.0,"anm_hotsp":2},"geometry":{"type":"Polygon","coordinates":[[[120.801044,23.503021],[120.80149,23.502283],[120.801911,23.502157],[120.802782,23.503024],[120.801044,23.503021]]]}},
{"type":"Feature","properties":{"GridID":13624,"ELE":1913,"MAMMAL":16.0,"BIRD":27.0,"AMPHIBIAN":6.0,"REPTILE":13.0,"BUTTERFLY":57.0,"maml_fst":"15","maml_opn":"10","bird_fst":"27","bird_opn":"4","bird_rvwet":"1","rptl_fst":"12","rptl_opn":"9","rptl_rvwet":"2","amph_fst":"6","amph_opn":"3","anm_hs_fst":1.0,"anm_hs_opn":0.0,"anm_hs_rvw":0.0,"anm_hotsp":1},"geometry":{"type":"Polygon","coordinates":[[[120.803994,23.620416],[120.794194,23.620403],[120.794208,23.611373],[120.804008,23.611386],[120.803994,23.620416]]]}},
{"type":"Feature","properties":{"GridID":13625,"ELE":1772,"MAMMAL":5.0,"BIRD":5.0,"AMPHIBIAN":0.0,"REPTILE":1.0,"BUTTERFLY":5.0,"maml_fst":"5","maml_opn":"3","bird_fst":"5","bird_opn":"0","bird_rvwet":"0","rptl_fst":"1","rptl_opn":"1","rptl_rvwet":"0","amph_fst":"0","amph_opn":"0","anm_hs_fst":2.0,"anm_hs_opn":0.0,"anm_hs_rvw":0.0,"anm_hotsp":2},"geometry":{"type":"Polygon","coordinates":[[[120.803981,23.629446],[120.79418,23.629433],[120.794194,23.620403],[120.803994,23.620416],[120.803981,23.629446]]]}},
{"type":"Feature","properties":{"GridID":13626,"ELE":1796,"MAMMAL":8.0,"BIRD":5.0,"AMPHIBIAN":0.0,"REPTILE":2.0,"BUTTERFLY":3.0,"maml_fst":"7","maml_opn":"5","bird_fst":"5","bird_opn":"0","bird_rvwet":"0","rptl_fst":"2","rptl_opn":"2","rptl_rvwet":"0","amph_fst":"0","amph_opn":"0","anm_hs_fst":2.0,"anm_hs_opn":0.0,"anm_hs_rvw":0.0,"anm_hotsp":2},"geometry":{"type":"Polygon","coordinates":[[[120.803968,23.638476],[120.794166,23.638463],[120.79418,23.629433],[120.803981,23.629446],[120.803968,23.638476]]]}},
{"type":"Feature","properties":{"GridID":13627,"ELE":1212,"MAMMAL":22.0,"BIRD":47.0,"AMPHIBIAN":15.0,"REPTILE":25.0,"BUTTERFLY":70.0,"maml_fst":"21","maml_opn":"12","bird_fst":"43","bird_opn":"12","bird_rvwet":"2","rptl_fst":"21","rptl_opn":"16","rptl_rvwet":"2","amph_fst":"13","amph_opn":"10","anm_hs_fst":2.0,"anm_hs_opn":0.0,"anm_hs_rvw":0.0,"anm_hotsp":1},"geometry":{"type":"Polygon","coordinates":[[[120.803887,23.692655],[120.794081,23.692642],[120.794095,23.683613],[120.8039,23.683625],[120.803887,23.692655]]]}},
{"type":"Feature","properties":{"GridID":13628,"ELE":1299,"MAMMAL":20.0,"BIRD":59.0,"AMPHIBIAN":20.0,"REPTILE":34.0,"BUTTERFLY":57.0,"maml_fst":"17","maml_opn":"12","bird_fst":"43","bird_opn":"24","bird_rvwet":"6","rptl_fst":"24","rptl_opn":"22","rptl_rvwet":"4","amph_fst":"16","amph_opn":"14","anm_hs_fst":2.0,"anm_hs_opn":0.0,"anm_hs_rvw":0.0,"anm_hotsp":1},"geometry":{"type":"Polygon","coordinates":[[[120.803873,23.701685],[120.794067,23.701672],[120.794081,23.692642],[120.803887,23.692655],[120.803873,23.701685]]]}},
{"type":"Feature","properties":{"GridID":13629,"ELE":1358,"MAMMAL":17.0,"BIRD":40.0,"AMPHIBIAN":13.0,"REPTILE":26.0,"BUTTERFLY":42.0,"maml_fst":"9","maml_opn":"13","bird_fst":"25","bird_opn":"21","bird_rvwet":"4","rptl_fst":"19","rptl_opn":"19","rptl_rvwet":"3","amph_fst":"9","amph_opn":"11","anm_hs_fst":1.0,"anm_hs_opn":0.0,"anm_hs_rvw":0.0,"anm_hotsp":1},"geometry":{"type":"Polygon","coordinates":[[[120.80386,23.710715],[120.794053,23.710702],[120.794067,23.701672],[120.803873,23.701685],[120.80386,23.710715]]]}},
{"type":"Feature","properties":{"GridID":13631,"ELE":1023,"MAMMAL":10.0,"BIRD":20.0,"AMPHIBIAN":6.0,"REPTILE":16.0,"BUTTERFLY":14.0,"maml_fst":"4","maml_opn":"9","bird_fst":"10","bird_opn":"12","bird_rvwet":"4","rptl_fst":"12","rptl_opn":"13","rptl_rvwet":"2","amph_fst":"3","amph_opn":"5","anm_hs_fst":3.0,"anm_hs_opn":0.0,"anm_hs_rvw":0.0,"anm_hotsp":3},"geometry":{"type":"Polygon","coordinates":[[[120.803833,23.728775],[120.794024,23.728762],[120.794039,23.719732],[120.803846,23.719745],[120.803833,23.728775]]]}},
{"type":"Feature","properties":{"GridID":13632,"ELE":690,"MAMMAL":11.0,"BIRD":27.0,"AMPHIBIAN":7.0,"REPTILE":19.0,"BUTTERFLY":21.0,"maml_fst":"5","maml_opn":"10","bird_fst":"13","bird_opn":"18","bird_rvwet":"4","rptl_fst":"13","rptl_opn":"16","rptl_rvwet":"2","amph_fst":"4","amph_opn":"6","anm_hs_fst":2.0,"anm_hs_opn":0.0,"anm_hs_rvw":0.0,"anm_hotsp":2},"geometry":{"type":"Polygon","coordinates":[[[120.803819,23.737804],[120.79401,23.737792],[120.794024,23.728762],[120.803833,23.728775],[120.803819,23.737804]]]}},
{"type":"Feature","properties":{"GridID":13633,"ELE":559,"MAMMAL":15.0,"BIRD":42.0,"AMPHIBIAN":13.0,"REPTILE":30.0,"BUTTERFLY":41.0,"maml_fst":"7","maml_opn":"12","bird_fst":"24","bird_opn":"22","bird_rvwet":"7","rptl_fst":"21","rptl_opn":"20","rptl_rvwet":"5","amph_fst":"9","amph_opn":"11","anm_hs_fst":1.0,"anm_hs_opn":0.0,"anm_hs_rvw":0.0,"anm_hotsp":1},"geometry":{"type":"Polygon","coordinates":[[[120.803806,23.746834],[120.793996,23.746822],[120.79401,23.737792],[120.803819,23.737804],[120.803806,23.746834]]]}},
{"type":"Feature","properties":{"GridID":13634,"ELE":496,"MAMMAL":11.0,"BIRD":47.0,"AMPHIBIAN":15.0,"REPTILE":32.0,"BUTTERFLY":28.0,"maml_fst":"7","maml_opn":"9","bird_fst":"29","bird_opn":"24","bird_rvwet":"7","rptl_fst":"22","rptl_opn":"22","rptl_rvwet":"5","amph_fst":"11","amph_opn":"13","anm_hs_fst":1.0,"anm_hs_opn":0.0,"anm_hs_rvw":1.0,"anm_hotsp":2},"geometry":{"type":"Polygon","coordinates":[[[120.803792,23.755864],[120.793982,23.755851],[120.793996,23.746822],[120.803806,23.746834],[120.803792,23.755864]]]}},
{"type":"Feature","properties":{"GridID":13636,"ELE":568,"MAMMAL":14.0,"BIRD":41.0,"AMPHIBIAN":15.0,"REPTILE":30.0,"BUTTERFLY":28.0,"maml_fst":"8","maml_opn":"11","bird_fst":"23","bird_opn":"24","bird_rvwet":"5","rptl_fst":"21","rptl_opn":"21","rptl_rvwet":"5","amph_fst":"11","amph_opn":"12","anm_hs_fst":0.0,"anm_hs_opn":0.0,"anm_hs_rvw":0.0,"anm_hotsp":1},"geometry":{"type":"Polygon","coordinates":[[[120.803765,23.773924],[120.793953,23.773911],[120.793968,23.764881],[120.803779,23.764894],[120.803765,23.773924]]]}},
{"type":"Feature","properties":{"GridID":13643,"ELE":250,"MAMMAL":11.0,"BIRD":41.0,"AMPHIBIAN":9.0,"REPTILE":18.0,"BUTTERFLY":18.0,"maml_fst":"5","maml_opn":"10","bird_fst":"20","bird_opn":"23","bird_rvwet":"8","rptl_fst":"11","rptl_opn":"13","rptl_rvwet":"5","amph_fst":"5","amph_opn":"8","anm_hs_fst":0.0,"anm_hs_opn":3.0,"anm_hs_rvw":0.0,"anm_hotsp":1},"geometry":{"type":"Polygon","coordinates":[[[120.80367,23.837132],[120.793854,23.837119],[120.793868,23.828089],[120.803684,23.828102],[120.80367,23.837132]]]}},
{"type":"Feature","properties":{"GridID":13644,"ELE":287,"MAMMAL":12.0,"BIRD":38.0,"AMPHIBIAN":7.0,"REPTILE":17.0,"BUTTERFLY":19.0,"maml_fst":"5","maml_opn":"10","bird_fst":"16","bird_opn":"23","bird_rvwet":"8","rptl_fst":"10","rptl_opn":"13","rptl_rvwet":"4","amph_fst":"3","amph_opn":"6","anm_hs_fst":0.0,"anm_hs_opn":1.0,"anm_hs_rvw":0.0,"anm_hotsp":1},"geometry":{"type":"Polygon","coordinates":[[[120.803657,23.846162],[120.793839,23.846149],[120.793854,23.837119],[120.80367,23.837132],[120.803657,23.846162]]]}},
{"type":"Feature","properties":{"GridID":13645,"ELE":346,"MAMMAL":10.0,"BIRD":29.0,"AMPHIBIAN":4.0,"REPTILE":14.0,"BUTTERFLY":3.0,"maml_fst":"3","maml_opn":"9","bird_fst":"5","bird_opn":"20","bird_rvwet":"10","rptl_fst":"5","rptl_opn":"12","rptl_rvwet":"3","amph_fst":"1","amph_opn":"4","anm_hs_fst":1.0,"anm_hs_opn":1.0,"anm_hs_rvw":0.0,"anm_hotsp":1},"geometry":{"type":"Polygon","coordinates":[[[120.803649,23.851152],[120.802989,23.850928],[120.802596,23.850887],[120.801213,23.850989],[120.800714,23.85093],[120.800265,23.851004],[120.799536,23.851319],[120.798557,23.851376],[120.797236,23.851673],[120.795658,23.85233],[120.794836,23.852117],[120.793831,23.851259],[120.793839,23.846149],[120.803657,23.846162],[120.803649,23.851152]]]}},
{"type":"Feature","properties":{"GridID":13895,"ELE":1935,"MAMMAL":18.0,"BIRD":57.0,"AMPHIBIAN":19.0,"REPTILE":37.0,"BUTTERFLY":40.0,"maml_fst":"11","maml_opn":"13","bird_fst":"37","bird_opn":"27","bird_rvwet":"7","rptl_fst":"27","rptl_opn":"23","rptl_rvwet":"4","amph_fst":"15","amph_opn":"13","anm_hs_fst":2.0,"anm_hs_opn":0.0,"anm_hs_rvw":0.0,"anm_hotsp":1},"geometry":{"type":"Polygon","coordinates":[[[120.813769,23.638488],[120.803968,23.638476],[120.803981,23.629446],[120.813782,23.629458],[120.813769,23.638488]]]}},
{"type":"Feature","properties":{"GridID":13898,"ELE":1660,"MAMMAL":21.0,"BIRD":40.0,"AMPHIBIAN":19.0,"REPTILE":30.0,"BUTTERFLY":40.0,"maml_fst":"15","maml_opn":"12","bird_fst":"29","bird_opn":"18","bird_rvwet":"3","rptl_fst":"20","rptl_opn":"21","rptl_rvwet":"4","amph_fst":"15","amph_opn":"13","anm_hs_fst":2.0,"anm_hs_opn":0.0,"anm_hs_rvw":0.0,"anm_hotsp":1},"geometry":{"type":"Polygon","coordinates":[[[120.813731,23.665578],[120.803927,23.665565],[120.803941,23.656536],[120.813744,23.656548],[120.813731,23.665578]]]}},
{"type":"Feature","properties":{"GridID":13903,"ELE":1308,"MAMMAL":21.0,"BIRD":49.0,"AMPHIBIAN":15.0,"REPTILE":29.0,"BUTTERFLY":72.0,"maml_fst":"20","maml_opn":"11","bird_fst":"45","bird_opn":"13","bird_rvwet":"1","rptl_fst":"26","rptl_opn":"15","rptl_rvwet":"3","amph_fst":"13","amph_opn":"9","anm_hs_fst":2.0,"anm_hs_opn":0.0,"anm_hs_rvw":0.0,"anm_hotsp":1},"geometry":{"type":"Polygon","coordinates":[[[120.813667,23.710727],[120.80386,23.710715],[120.803873,23.701685],[120.81368,23.701697],[120.813667,23.710727]]]}},
{"type":"Feature","properties":{"GridID":13904,"ELE":1203,"MAMMAL":21.0,"BIRD":54.0,"AMPHIBIAN":17.0,"REPTILE":34.0,"BUTTERFLY":72.0,"maml_fst":"20","maml_opn":"11","bird_fst":"46","bird_opn":"15","bird_rvwet":"5","rptl_fst":"27","rptl_opn":"19","rptl_rvwet":"3","amph_fst":"14","amph_opn":"11","anm_hs_fst":1.0,"anm_hs_opn":0.0,"anm_hs_rvw":0.0,"anm_hotsp":1},"geometry":{"type":"Polygon","coordinates":[[[120.813654,23.719757],[120.803846,23.719745],[120.80386,23.710715],[120.813667,23.710727],[120.813654,23.719757]]]}},
{"type":"Feature","properties":{"GridID":13905,"ELE":951,"MAMMAL":22.0,"BIRD":61.0,"AMPHIBIAN":19.0,"REPTILE":39.0,"BUTTERFLY":71.0,"maml_fst":"19","maml_opn":"12","bird_fst":"46","bird_opn":"22","bird_rvwet":"7","rptl_fst":"29","rptl_opn":"22","rptl_rvwet":"4","amph_fst":"15","amph_opn":"13","anm_hs_fst":1.0,"anm_hs_opn":0.0,"anm_hs_rvw":0.0,"anm_hotsp":1},"geometry":{"type":"Polygon","coordinates":[[[120.813641,23.728787],[120.803833,23.728775],[120.803846,23.719745],[120.813654,23.719757],[120.813641,23.728787]]]}},
{"type":"Feature","properties":{"GridID":13906,"ELE":869,"MAMMAL":19.0,"BIRD":59.0,"AMPHIBIAN":20.0,"REPTILE":39.0,"BUTTERFLY":63.0,"maml_fst":"17","maml_opn":"10","bird_fst":"44","bird_opn":"22","bird_rvwet":"7","rptl_fst":"29","rptl_opn":"22","rptl_rvwet":"4","amph_fst":"16","amph_opn":"14","anm_hs_fst":3.0,"anm_hs_opn":1.0,"anm_hs_rvw":0.0,"anm_hotsp":2},"geometry":{"type":"Polygon","coordinates":[[[120.813628,23.737817],[120.803819,23.737804],[120.803833,23.728775],[120.813641,23.728787],[120.813628,23.737817]]]}},
{"type":"Feature","properties":{"GridID":13907,"ELE":849,"MAMMAL":21.0,"BIRD":60.0,"AMPHIBIAN":20.0,"REPTILE":38.0,"BUTTERFLY":74.0,"maml_fst":"16","maml_opn":"13","bird_fst":"43","bird_opn":"25","bird_rvwet":"6","rptl_fst":"27","rptl_opn":"23","rptl_rvwet":"5","amph_fst":"16","amph_opn":"14","anm_hs_fst":2.0,"anm_hs_opn":1.0,"anm_hs_rvw":0.0,"anm_hotsp":2},"geometry":{"type":"Polygon","coordinates":[[[120.813615,23.746846],[120.803806,23.746834],[120.803819,23.737804],[120.813628,23.737817],[120.813615,23.746846]]]}},
{"type":"Feature","properties":{"GridID":13908,"ELE":710,"MAMMAL":21.0,"BIRD":50.0,"AMPHIBIAN":19.0,"REPTILE":29.0,"BUTTERFLY":60.0,"maml_fst":"20","maml_opn":"11","bird_fst":"39","bird_opn":"18","bird_rvwet":"4","rptl_fst":"23","rptl_opn":"17","rptl_rvwet":"3","amph_fst":"16","amph_opn":"13","anm_hs_fst":3.0,"anm_hs_opn":0.0,"anm_hs_rvw":0.0,"anm_hotsp":3},"geometry":{"type":"Polygon","coordinates":[[[120.813603,23.755876],[120.803792,23.755864],[120.803806,23.746834],[120.813615,23.746846],[120.813603,23.755876]]]}},
{"type":"Feature","properties":{"GridID":13910,"ELE":893,"MAMMAL":19.0,"BIRD":58.0,"AMPHIBIAN":19.0,"REPTILE":36.0,"BUTTERFLY":55.0,"maml_fst":"17","maml_opn":"10","bird_fst":"44","bird_opn":"20","bird_rvwet":"7","rptl_fst":"26","rptl_opn":"21","rptl_rvwet":"4","amph_fst":"16","amph_opn":"13","anm_hs_fst":1.0,"anm_hs_opn":0.0,"anm_hs_rvw":0.0,"anm_hotsp":2},"geometry":{"type":"Polygon","coordinates":[[[120.813577,23.773936],[120.803765,23.773924],[120.803779,23.764894],[120.81359,23.764906],[120.813577,23.773936]]]}},
{"type":"Feature","properties":{"GridID":13912,"ELE":512,"MAMMAL":18.0,"BIRD":35.0,"AMPHIBIAN":5.0,"REPTILE":16.0,"BUTTERFLY":44.0,"maml_fst":"16","maml_opn":"12","bird_fst":"34","bird_opn":"7","bird_rvwet":"2","rptl_fst":"12","rptl_opn":"12","rptl_rvwet":"4","amph_fst":"5","amph_opn":"3","anm_hs_fst":0.0,"anm_hs_opn":1.0,"anm_hs_rvw":0.0,"anm_hotsp":1},"geometry":{"type":"Polygon","coordinates":[[[120.813551,23.791995],[120.803738,23.791983],[120.803752,23.782954],[120.813564,23.782966],[120.813551,23.791995]]]}},
{"type":"Feature","properties":{"GridID":13917,"ELE":318,"MAMMAL":8.0,"BIRD":27.0,"AMPHIBIAN":2.0,"REPTILE":15.0,"BUTTERFLY":11.0,"maml_fst":"4","maml_opn":"6","bird_fst":"8","bird_opn":"19","bird_rvwet":"7","rptl_fst":"8","rptl_opn":"13","rptl_rvwet":"2","amph_fst":"1","amph_opn":"1","anm_hs_fst":1.0,"anm_hs_opn":1.0,"anm_hs_rvw":1.0,"anm_hotsp":3},"geometry":{"type":"Polygon","coordinates":[[[120.813487,23.837144],[120.80367,23.837132],[120.803684,23.828102],[120.813499,23.828114],[120.813487,23.837144]]]}},
{"type":"Feature","properties":{"GridID":13918,"ELE":359,"MAMMAL":9.0,"BIRD":34.0,"AMPHIBIAN":5.0,"REPTILE":16.0,"BUTTERFLY":20.0,"maml_fst":"5","maml_opn":"7","bird_fst":"14","bird_opn":"20","bird_rvwet":"7","rptl_fst":"8","rptl_opn":"12","rptl_rvwet":"4","amph_fst":"2","amph_opn":"4","anm_hs_fst":0.0,"anm_hs_opn":0.0,"anm_hs_rvw":0.0,"anm_hotsp":1},"geometry":{"type":"Polygon","coordinates":[[[120.813474,23.846174],[120.803657,23.846162],[120.80367,23.837132],[120.813487,23.837144],[120.813474,23.846174]]]}},
{"type":"Feature","properties":{"GridID":13919,"ELE":437,"MAMMAL":10.0,"BIRD":41.0,"AMPHIBIAN":10.0,"REPTILE":22.0,"BUTTERFLY":17.0,"maml_fst":"5","maml_opn":"8","bird_fst":"21","bird_opn":"23","bird_rvwet":"6","rptl_fst":"13","rptl_opn":"17","rptl_rvwet":"5","amph_fst":"7","amph_opn":"9","anm_hs_fst":0.0,"anm_hs_opn":1.0,"anm_hs_rvw":0.0,"anm_hotsp":1},"geometry":{"type":"Polygon","coordinates":[[[120.813466,23.851586],[120.812863,23.850969],[120.812464,23.850768],[120.811529,23.850618],[120.810619,23.850728],[120.808892,23.851523],[120.808443,23.851582],[120.807925,23.8515],[120.80686,23.850884],[120.806436,23.850832],[120.805526,23.850953],[120.804678,23.850957],[120.803649,23.851152],[120.803657,23.846162],[120.813474,23.846174],[120.813466,23.851586]]]}},
{"type":"Feature","properties":{"GridID":14159,"ELE":2267,"MAMMAL":23.0,"BIRD":53.0,"AMPHIBIAN":19.0,"REPTILE":42.0,"BUTTERFLY":82.0,"maml_fst":"21","maml_opn":"12","bird_fst":"44","bird_opn":"16","bird_rvwet":"5","rptl_fst":"32","rptl_opn":"22","rptl_rvwet":"4","amph_fst":"16","amph_opn":"12","anm_hs_fst":2.0,"anm_hs_opn":0.0,"anm_hs_rvw":0.0,"anm_hotsp":1},"geometry":{"type":"Polygon","coordinates":[[[120.823754,23.501346],[120.823372,23.500619],[120.823281,23.500145],[120.823474,23.498379],[120.823759,23.497791],[120.823754,23.501346]]]}},
{"type":"Feature","properties":{"GridID":14171,"ELE":1548,"MAMMAL":17.0,"BIRD":44.0,"AMPHIBIAN":18.0,"REPTILE":35.0,"BUTTERFLY":25.0,"maml_fst":"10","maml_opn":"14","bird_fst":"27","bird_opn":"24","bird_rvwet":"4","rptl_fst":"24","rptl_opn":"23","rptl_rvwet":"5","amph_fst":"14","amph_opn":"13","anm_hs_fst":2.0,"anm_hs_opn":0.0,"anm_hs_rvw":0.0,"anm_hotsp":1},"geometry":{"type":"Polygon","coordinates":[[[120.823547,23.656559],[120.813744,23.656548],[120.813756,23.647518],[120.823559,23.647529],[120.823547,23.656559]]]}},
{"type":"Feature","properties":{"GridID":14172,"ELE":1363,"MAMMAL":18.0,"BIRD":51.0,"AMPHIBIAN":20.0,"REPTILE":33.0,"BUTTERFLY":24.0,"maml_fst":"10","maml_opn":"15","bird_fst":"30","bird_opn":"26","bird_rvwet":"7","rptl_fst":"23","rptl_opn":"23","rptl_rvwet":"5","amph_fst":"16","amph_opn":"14","anm_hs_fst":2.0,"anm_hs_opn":0.0,"anm_hs_rvw":0.0,"anm_hotsp":1},"geometry":{"type":"Polygon","coordinates":[[[120.823534,23.665589],[120.813731,23.665578],[120.813744,23.656548],[120.823547,23.656559],[120.823534,23.665589]]]}},
{"type":"Feature","properties":{"GridID":14173,"ELE":1244,"MAMMAL":17.0,"BIRD":55.0,"AMPHIBIAN":20.0,"REPTILE":36.0,"BUTTERFLY":45.0,"maml_fst":"14","maml_opn":"10","bird_fst":"42","bird_opn":"21","bird_rvwet":"5","rptl_fst":"27","rptl_opn":"22","rptl_rvwet":"4","amph_fst":"16","amph_opn":"13","anm_hs_fst":1.0,"anm_hs_opn":0.0,"anm_hs_rvw":0.0,"anm_hotsp":1},"geometry":{"type":"Polygon","coordinates":[[[120.823522,23.674619],[120.813718,23.674608],[120.813731,23.665578],[120.823534,23.665589],[120.823522,23.674619]]]}},
{"type":"Feature","properties":{"GridID":14174,"ELE":1247,"MAMMAL":16.0,"BIRD":54.0,"AMPHIBIAN":19.0,"REPTILE":36.0,"BUTTERFLY":30.0,"maml_fst":"10","maml_opn":"13","bird_fst":"36","bird_opn":"25","bird_rvwet":"7","rptl_fst":"26","rptl_opn":"23","rptl_rvwet":"4","amph_fst":"15","amph_opn":"13","anm_hs_fst":1.0,"anm_hs_opn":1.0,"anm_hs_rvw":0.0,"anm_hotsp":1},"geometry":{"type":"Polygon","coordinates":[[[120.82351,23.683649],[120.813705,23.683637],[120.813718,23.674608],[120.823522,23.674619],[120.82351,23.683649]]]}},
{"type":"Feature","properties":{"GridID":14175,"ELE":1222,"MAMMAL":17.0,"BIRD":31.0,"AMPHIBIAN":14.0,"REPTILE":30.0,"BUTTERFLY":5.0,"maml_fst":"9","maml_opn":"14","bird_fst":"17","bird_opn":"18","bird_rvwet":"5","rptl_fst":"20","rptl_opn":"22","rptl_rvwet":"3","amph_fst":"12","amph_opn":"10","anm_hs_fst":2.0,"anm_hs_opn":1.0,"anm_hs_rvw":0.0,"anm_hotsp":1},"geometry":{"type":"Polygon","coordinates":[[[120.823498,23.692679],[120.813692,23.692667],[120.813705,23.683637],[120.82351,23.683649],[120.823498,23.692679]]]}},
{"type":"Feature","properties":{"GridID":14176,"ELE":1174,"MAMMAL":16.0,"BIRD":32.0,"AMPHIBIAN":14.0,"REPTILE":24.0,"BUTTERFLY":6.0,"maml_fst":"10","maml_opn":"12","bird_fst":"17","bird_opn":"18","bird_rvwet":"6","rptl_fst":"14","rptl_opn":"20","rptl_rvwet":"3","amph_fst":"11","amph_opn":"11","anm_hs_fst":2.0,"anm_hs_opn":1.0,"anm_hs_rvw":0.0,"anm_hotsp":1},"geometry":{"type":"Polygon","coordinates":[[[120.823486,23.701709],[120.81368,23.701697],[120.813692,23.692667],[120.823498,23.692679],[120.823486,23.701709]]]}},
{"type":"Feature","properties":{"GridID":14177,"ELE":1045,"MAMMAL":17.0,"BIRD":52.0,"AMPHIBIAN":19.0,"REPTILE":30.0,"BUTTERFLY":16.0,"maml_fst":"11","maml_opn":"13","bird_fst":"33","bird_opn":"27","bird_rvwet":"5","rptl_fst":"20","rptl_opn":"20","rptl_rvwet":"4","amph_fst":"15","amph_opn":"13","anm_hs_fst":3.0,"anm_hs_opn":1.0,"anm_hs_rvw":0.0,"anm_hotsp":1},"geometry":{"type":"Polygon","coordinates":[[[120.823474,23.710739],[120.813667,23.710727],[120.81368,23.701697],[120.823486,23.701709],[120.823474,23.710739]]]}},
{"type":"Feature","properties":{"GridID":14178,"ELE":932,"MAMMAL":28.0,"BIRD":51.0,"AMPHIBIAN":18.0,"REPTILE":31.0,"BUTTERFLY":70.0,"maml_fst":"22","maml_opn":"19","bird_fst":"37","bird_opn":"21","bird_rvwet":"7","rptl_fst":"23","rptl_opn":"20","rptl_rvwet":"3","amph_fst":"14","amph_opn":"12","anm_hs_fst":3.0,"anm_hs_opn":0.0,"anm_hs_rvw":0.0,"anm_hotsp":3},"geometry":{"type":"Polygon","coordinates":[[[120.823462,23.719768],[120.813654,23.719757],[120.813667,23.710727],[120.823474,23.710739],[120.823462,23.719768]]]}},
{"type":"Feature","properties":{"GridID":14179,"ELE":863,"MAMMAL":28.0,"BIRD":46.0,"AMPHIBIAN":7.0,"REPTILE":24.0,"BUTTERFLY":78.0,"maml_fst":"25","maml_opn":"17","bird_fst":"37","bird_opn":"16","bird_rvwet":"6","rptl_fst":"19","rptl_opn":"16","rptl_rvwet":"2","amph_fst":"7","amph_opn":"3","anm_hs_fst":3.0,"anm_hs_opn":0.0,"anm_hs_rvw":0.0,"anm_hotsp":2},"geometry":{"type":"Polygon","coordinates":[[[120.823449,23.728798],[120.813641,23.728787],[120.813654,23.719757],[120.823462,23.719768],[120.823449,23.728798]]]}},
{"type":"Feature","properties":{"GridID":14180,"ELE":1035,"MAMMAL":22.0,"BIRD":51.0,"AMPHIBIAN":18.0,"REPTILE":34.0,"BUTTERFLY":69.0,"maml_fst":"20","maml_opn":"12","bird_fst":"45","bird_opn":"15","bird_rvwet":"4","rptl_fst":"27","rptl_opn":"19","rptl_rvwet":"3","amph_fst":"15","amph_opn":"12","anm_hs_fst":2.0,"anm_hs_opn":1.0,"anm_hs_rvw":0.0,"anm_hotsp":1},"geometry":{"type":"Polygon","coordinates":[[[120.823437,23.737828],[120.813628,23.737817],[120.813641,23.728787],[120.823449,23.728798],[120.823437,23.737828]]]}},
{"type":"Feature","properties":{"GridID":14181,"ELE":1215,"MAMMAL":21.0,"BIRD":53.0,"AMPHIBIAN":13.0,"REPTILE":36.0,"BUTTERFLY":75.0,"maml_fst":"20","maml_opn":"11","bird_fst":"48","bird_opn":"15","bird_rvwet":"3","rptl_fst":"30","rptl_opn":"18","rptl_rvwet":"3","amph_fst":"13","amph_opn":"7","anm_hs_fst":1.0,"anm_hs_opn":0.0,"anm_hs_rvw":0.0,"anm_hotsp":1},"geometry":{"type":"Polygon","coordinates":[[[120.823425,23.746858],[120.813615,23.746846],[120.813628,23.737817],[120.823437,23.737828],[120.823425,23.746858]]]}},
{"type":"Feature","properties":{"GridID":14183,"ELE":860,"MAMMAL":20.0,"BIRD":56.0,"AMPHIBIAN":18.0,"REPTILE":39.0,"BUTTERFLY":70.0,"maml_fst":"18","maml_opn":"11","bird_fst":"48","bird_opn":"18","bird_rvwet":"4","rptl_fst":"30","rptl_opn":"22","rptl_rvwet":"3","amph_fst":"15","amph_opn":"12","anm_hs_fst":3.0,"anm_hs_opn":0.0,"anm_hs_rvw":0.0,"anm_hotsp":3},"geometry":{"type":"Polygon","coordinates":[[[120.823401,23.764918],[120.81359,23.764906],[120.813603,23.755876],[120.823413,23.755888],[120.823401,23.764918]]]}},
{"type":"Feature","properties":{"GridID":14187,"ELE":468,"MAMMAL":24.0,"BIRD":56.0,"AMPHIBIAN":20.0,"REPTILE":40.0,"BUTTERFLY":59.0,"maml_fst":"18","maml_opn":"14","bird_fst":"37","bird_opn":"25","bird_rvwet":"8","rptl_fst":"29","rptl_opn":"23","rptl_rvwet":"6","amph_fst":"16","amph_opn":"14","anm_hs_fst":1.0,"anm_hs_opn":0.0,"anm_hs_rvw":0.0,"anm_hotsp":1},"geometry":{"type":"Polygon","coordinates":[[[120.823352,23.801037],[120.813538,23.801025],[120.813551,23.791995],[120.823364,23.792007],[120.823352,23.801037]]]}},
{"type":"Feature","properties":{"GridID":14188,"ELE":388,"MAMMAL":16.0,"BIRD":53.0,"AMPHIBIAN":21.0,"REPTILE":33.0,"BUTTERFLY":47.0,"maml_fst":"10","maml_opn":"10","bird_fst":"32","bird_opn":"26","bird_rvwet":"7","rptl_fst":"22","rptl_opn":"21","rptl_rvwet":"5","amph_fst":"16","amph_opn":"15","anm_hs_fst":1.0,"anm_hs_opn":0.0,"anm_hs_rvw":1.0,"anm_hotsp":2},"geometry":{"type":"Polygon","coordinates":[[[120.82334,23.810067],[120.813525,23.810055],[120.813538,23.801025],[120.823352,23.801037],[120.82334,23.810067]]]}},
{"type":"Feature","properties":{"GridID":14443,"ELE":1797,"MAMMAL":17.0,"BIRD":39.0,"AMPHIBIAN":17.0,"REPTILE":31.0,"BUTTERFLY":37.0,"maml_fst":"10","maml_opn":"14","bird_fst":"30","bird_opn":"19","bird_rvwet":"1","rptl_fst":"24","rptl_opn":"20","rptl_rvwet":"3","amph_fst":"14","amph_opn":"12","anm_hs_fst":1.0,"anm_hs_opn":0.0,"anm_hs_rvw":0.0,"anm_hotsp":1},"geometry":{"type":"Polygon","coordinates":[[[120.833372,23.63851],[120.823571,23.638499],[120.823583,23.629469],[120.833384,23.62948],[120.833372,23.63851]]]}},
{"type":"Feature","properties":{"GridID":14446,"ELE":979,"MAMMAL":17.0,"BIRD":52.0,"AMPHIBIAN":21.0,"REPTILE":37.0,"BUTTERFLY":47.0,"maml_fst":"10","maml_opn":"14","bird_fst":"34","bird_opn":"23","bird_rvwet":"7","rptl_fst":"26","rptl_opn":"23","rptl_rvwet":"5","amph_fst":"17","amph_opn":"14","anm_hs_fst":1.0,"anm_hs_opn":0.0,"anm_hs_rvw":0.0,"anm_hotsp":1},"geometry":{"type":"Polygon","coordinates":[[[120.833338,23.6656],[120.823534,23.665589],[120.823547,23.656559],[120.833349,23.65657],[120.833338,23.6656]]]}},
{"type":"Feature","properties":{"GridID":14450,"ELE":959,"MAMMAL":17.0,"BIRD":41.0,"AMPHIBIAN":17.0,"REPTILE":34.0,"BUTTERFLY":27.0,"maml_fst":"10","maml_opn":"14","bird_fst":"27","bird_opn":"21","bird_rvwet":"4","rptl_fst":"23","rptl_opn":"22","rptl_rvwet":"5","amph_fst":"13","amph_opn":"13","anm_hs_fst":3.0,"anm_hs_opn":0.0,"anm_hs_rvw":0.0,"anm_hotsp":1},"geometry":{"type":"Polygon","coordinates":[[[120.833292,23.70172],[120.823486,23.701709],[120.823498,23.692679],[120.833304,23.69269],[120.833292,23.70172]]]}},
{"type":"Feature","properties":{"GridID":14452,"ELE":808,"MAMMAL":19.0,"BIRD":43.0,"AMPHIBIAN":22.0,"REPTILE":33.0,"BUTTERFLY":20.0,"maml_fst":"13","maml_opn":"12","bird_fst":"34","bird_opn":"16","bird_rvwet":"3","rptl_fst":"23","rptl_opn":"21","rptl_rvwet":"4","amph_fst":"18","amph_opn":"14","anm_hs_fst":2.0,"anm_hs_opn":1.0,"anm_hs_rvw":0.0,"anm_hotsp":2},"geometry":{"type":"Polygon","coordinates":[[[120.833269,23.719779],[120.823462,23.719768],[120.823474,23.710739],[120.833281,23.710749],[120.833269,23.719779]]]}},
{"type":"Feature","properties":{"GridID":14453,"ELE":1005,"MAMMAL":18.0,"BIRD":41.0,"AMPHIBIAN":19.0,"REPTILE":29.0,"BUTTERFLY":23.0,"maml_fst":"13","maml_opn":"13","bird_fst":"29","bird_opn":"20","bird_rvwet":"3","rptl_fst":"19","rptl_opn":"21","rptl_rvwet":"5","amph_fst":"15","amph_opn":"13","anm_hs_fst":1.0,"anm_hs_opn":1.0,"anm_hs_rvw":0.0,"anm_hotsp":1},"geometry":{"type":"Polygon","coordinates":[[[120.833258,23.728809],[120.823449,23.728798],[120.823462,23.719768],[120.833269,23.719779],[120.833258,23.728809]]]}},
{"type":"Feature","properties":{"GridID":14454,"ELE":1121,"MAMMAL":19.0,"BIRD":38.0,"AMPHIBIAN":15.0,"REPTILE":30.0,"BUTTERFLY":14.0,"maml_fst":"11","maml_opn":"15","bird_fst":"21","bird_opn":"21","bird_rvwet":"6","rptl_fst":"20","rptl_opn":"22","rptl_rvwet":"3","amph_fst":"12","amph_opn":"11","anm_hs_fst":1.0,"anm_hs_opn":0.0,"anm_hs_rvw":0.0,"anm_hotsp":1},"geometry":{"type":"Polygon","coordinates":[[[120.833246,23.737839],[120.823437,23.737828],[120.823449,23.728798],[120.833258,23.728809],[120.833246,23.737839]]]}},
{"type":"Feature","properties":{"GridID":14455,"ELE":1182,"MAMMAL":16.0,"BIRD":36.0,"AMPHIBIAN":17.0,"REPTILE":21.0,"BUTTERFLY":3.0,"maml_fst":"9","maml_opn":"13","bird_fst":"21","bird_opn":"22","bird_rvwet":"3","rptl_fst":"14","rptl_opn":"15","rptl_rvwet":"3","amph_fst":"14","amph_opn":"12","anm_hs_fst":1.0,"anm_hs_opn":0.0,"anm_hs_rvw":0.0,"anm_hotsp":1},"geometry":{"type":"Polygon","coordinates":[[[120.833235,23.746869],[120.823425,23.746858],[120.823437,23.737828],[120.833246,23.737839],[120.833235,23.746869]]]}},
{"type":"Feature","properties":{"GridID":14456,"ELE":1037,"MAMMAL":19.0,"BIRD":56.0,"AMPHIBIAN":19.0,"REPTILE":35.0,"BUTTERFLY":55.0,"maml_fst":"12","maml_opn":"13","bird_fst":"38","bird_opn":"25","bird_rvwet":"7","rptl_fst":"26","rptl_opn":"22","rptl_rvwet":"4","amph_fst":"15","amph_opn":"13","anm_hs_fst":1.0,"anm_hs_opn":0.0,"anm_hs_rvw":0.0,"anm_hotsp":1},"geometry":{"type":"Polygon","coordinates":[[[120.833223,23.755899],[120.823413,23.755888],[120.823425,23.746858],[120.833235,23.746869],[120.833223,23.755899]]]}},
{"type":"Feature","properties":{"GridID":14457,"ELE":1123,"MAMMAL":24.0,"BIRD":47.0,"AMPHIBIAN":19.0,"REPTILE":34.0,"BUTTERFLY":68.0,"maml_fst":"17","maml_opn":"16","bird_fst":"31","bird_opn":"21","bird_rvwet":"6","rptl_fst":"26","rptl_opn":"21","rptl_rvwet":"4","amph_fst":"15","amph_opn":"13","anm_hs_fst":1.0,"anm_hs_opn":0.0,"anm_hs_rvw":0.0,"anm_hotsp":1},"geometry":{"type":"Polygon","coordinates":[[[120.833212,23.764929],[120.823401,23.764918],[120.823413,23.755888],[120.833223,23.755899],[120.833212,23.764929]]]}},
{"type":"Feature","properties":{"GridID":14458,"ELE":1072,"MAMMAL":23.0,"BIRD":37.0,"AMPHIBIAN":15.0,"REPTILE":26.0,"BUTTERFLY":59.0,"maml_fst":"15","maml_opn":"15","bird_fst":"28","bird_opn":"11","bird_rvwet":"5","rptl_fst":"19","rptl_opn":"18","rptl_rvwet":"3","amph_fst":"11","amph_opn":"11","anm_hs_fst":1.0,"anm_hs_opn":1.0,"anm_hs_rvw":0.0,"anm_hotsp":1},"geometry":{"type":"Polygon","coordinates":[[[120.8332,23.773958],[120.823389,23.773947],[120.823401,23.764918],[120.833212,23.764929],[120.8332,23.773958]]]}},
{"type":"Feature","properties":{"GridID":14462,"ELE":297,"MAMMAL":22.0,"BIRD":58.0,"AMPHIBIAN":19.0,"REPTILE":39.0,"BUTTERFLY":69.0,"maml_fst":"20","maml_opn":"12","bird_fst":"51","bird_opn":"18","bird_rvwet":"3","rptl_fst":"31","rptl_opn":"21","rptl_rvwet":"3","amph_fst":"15","amph_opn":"13","anm_hs_fst":1.0,"anm_hs_opn":1.0,"anm_hs_rvw":1.0,"anm_hotsp":2},"geometry":{"type":"Polygon","coordinates":[[[120.833154,23.810077],[120.82334,23.810067],[120.823352,23.801037],[120.833166,23.801048],[120.833154,23.810077]]]}},
{"type":"Feature","properties":{"GridID":14465,"ELE":454,"MAMMAL":21.0,"BIRD":49.0,"AMPHIBIAN":14.0,"REPTILE":34.0,"BUTTERFLY":60.0,"maml_fst":"19","maml_opn":"11","bird_fst":"42","bird_opn":"14","bird_rvwet":"5","rptl_fst":"28","rptl_opn":"18","rptl_rvwet":"4","amph_fst":"12","amph_opn":"8","anm_hs_fst":0.0,"anm_hs_opn":0.0,"anm_hs_rvw":0.0,"anm_hotsp":1},"geometry":{"type":"Polygon","coordinates":[[[120.83312,23.837167],[120.823303,23.837156],[120.823315,23.828126],[120.833131,23.828137],[120.83312,23.837167]]]}},
{"type":"Feature","properties":{"GridID":14468,"ELE":1006,"MAMMAL":19.0,"BIRD":56.0,"AMPHIBIAN":20.0,"REPTILE":35.0,"BUTTERFLY":38.0,"maml_fst":"16","maml_opn":"10","bird_fst":"37","bird_opn":"24","bird_rvwet":"8","rptl_fst":"25","rptl_opn":"21","rptl_rvwet":"4","amph_fst":"16","amph_opn":"14","anm_hs_fst":3.0,"anm_hs_opn":0.0,"anm_hs_rvw":0.0,"anm_hotsp":2},"geometry":{"type":"Polygon","coordinates":[[[120.833095,23.85636],[120.832662,23.856243],[120.831877,23.856172],[120.831447,23.856242],[120.830761,23.856546],[120.83025,23.856572],[120.829483,23.856251],[120.828598,23.856124],[120.82739,23.855567],[120.827066,23.85522],[120.833096,23.855226],[120.833095,23.85636]]]}},
{"type":"Feature","properties":{"GridID":14706,"ELE":2118,"MAMMAL":22.0,"BIRD":46.0,"AMPHIBIAN":13.0,"REPTILE":34.0,"BUTTERFLY":71.0,"maml_fst":"21","maml_opn":"12","bird_fst":"41","bird_opn":"13","bird_rvwet":"3","rptl_fst":"28","rptl_opn":"17","rptl_rvwet":"3","amph_fst":"13","amph_opn":"7","anm_hs_fst":1.0,"anm_hs_opn":0.0,"anm_hs_rvw":0.0,"anm_hotsp":1},"geometry":{"type":"Polygon","coordinates":[[[120.843356,23.485009],[120.833566,23.484999],[120.833577,23.475969],[120.843367,23.475979],[120.843356,23.485009]]]}},
{"type":"Feature","properties":{"GridID":14718,"ELE":1622,"MAMMAL":22.0,"BIRD":57.0,"AMPHIBIAN":21.0,"REPTILE":38.0,"BUTTERFLY":71.0,"maml_fst":"19","maml_opn":"12","bird_fst":"42","bird_opn":"23","bird_rvwet":"5","rptl_fst":"27","rptl_opn":"23","rptl_rvwet":"5","amph_fst":"17","amph_opn":"13","anm_hs_fst":2.0,"anm_hs_opn":0.0,"anm_hs_rvw":0.0,"anm_hotsp":1},"geometry":{"type":"Polygon","coordinates":[[[120.843174,23.63852],[120.833372,23.63851],[120.833384,23.62948],[120.843185,23.62949],[120.843174,23.63852]]]}},
{"type":"Feature","properties":{"GridID":14719,"ELE":1482,"MAMMAL":21.0,"BIRD":38.0,"AMPHIBIAN":14.0,"REPTILE":32.0,"BUTTERFLY":33.0,"maml_fst":"16","maml_opn":"13","bird_fst":"28","bird_opn":"17","bird_rvwet":"3","rptl_fst":"22","rptl_opn":"22","rptl_rvwet":"4","amph_fst":"12","amph_opn":"11","anm_hs_fst":1.0,"anm_hs_opn":0.0,"anm_hs_rvw":0.0,"anm_hotsp":1},"geometry":{"type":"Polygon","coordinates":[[[120.843163,23.64755],[120.833361,23.64754],[120.833372,23.63851],[120.843174,23.63852],[120.843163,23.64755]]]}},
{"type":"Feature","properties":{"GridID":14723,"ELE":718,"MAMMAL":17.0,"BIRD":35.0,"AMPHIBIAN":19.0,"REPTILE":25.0,"BUTTERFLY":12.0,"maml_fst":"12","maml_opn":"12","bird_fst":"21","bird_opn":"17","bird_rvwet":"6","rptl_fst":"15","rptl_opn":"20","rptl_rvwet":"4","amph_fst":"16","amph_opn":"13","anm_hs_fst":1.0,"anm_hs_opn":0.0,"anm_hs_rvw":0.0,"anm_hotsp":1},"geometry":{"type":"Polygon","coordinates":[[[120.84312,23.68367],[120.833315,23.68366],[120.833327,23.67463],[120.843131,23.67464],[120.84312,23.68367]]]}},
{"type":"Feature","properties":{"GridID":14724,"ELE":720,"MAMMAL":14.0,"BIRD":44.0,"AMPHIBIAN":20.0,"REPTILE":30.0,"BUTTERFLY":25.0,"maml_fst":"8","maml_opn":"12","bird_fst":"25","bird_opn":"24","bird_rvwet":"5","rptl_fst":"20","rptl_opn":"21","rptl_rvwet":"4","amph_fst":"17","amph_opn":"13","anm_hs_fst":1.0,"anm_hs_opn":0.0,"anm_hs_rvw":0.0,"anm_hotsp":1},"geometry":{"type":"Polygon","coordinates":[[[120.843109,23.6927],[120.833304,23.69269],[120.833315,23.68366],[120.84312,23.68367],[120.843109,23.6927]]]}},
{"type":"Feature","properties":{"GridID":14727,"ELE":674,"MAMMAL":12.0,"BIRD":26.0,"AMPHIBIAN":14.0,"REPTILE":24.0,"BUTTERFLY":36.0,"maml_fst":"7","maml_opn":"9","bird_fst":"17","bird_opn":"14","bird_rvwet":"2","rptl_fst":"17","rptl_opn":"19","rptl_rvwet":"2","amph_fst":"11","amph_opn":"10","anm_hs_fst":1.0,"anm_hs_opn":0.0,"anm_hs_rvw":0.0,"anm_hotsp":1},"geometry":{"type":"Polygon","coordinates":[[[120.843077,23.71979],[120.833269,23.719779],[120.833281,23.710749],[120.843088,23.71076],[120.843077,23.71979]]]}},
{"type":"Feature","properties":{"GridID":14730,"ELE":767,"MAMMAL":17.0,"BIRD":47.0,"AMPHIBIAN":19.0,"REPTILE":34.0,"BUTTERFLY":46.0,"maml_fst":"15","maml_opn":"10","bird_fst":"40","bird_opn":"14","bird_rvwet":"4","rptl_fst":"27","rptl_opn":"20","rptl_rvwet":"4","amph_fst":"16","amph_opn":"12","anm_hs_fst":3.0,"anm_hs_opn":0.0,"anm_hs_rvw":0.0,"anm_hotsp":2},"geometry":{"type":"Polygon","coordinates":[[[120.843044,23.746879],[120.833235,23.746869],[120.833246,23.737839],[120.843055,23.737849],[120.843044,23.746879]]]}},
{"type":"Feature","properties":{"GridID":14736,"ELE":481,"MAMMAL":24.0,"BIRD":50.0,"AMPHIBIAN":19.0,"REPTILE":39.0,"BUTTERFLY":67.0,"maml_fst":"18","maml_opn":"15","bird_fst":"37","bird_opn":"20","bird_rvwet":"5","rptl_fst":"28","rptl_opn":"23","rptl_rvwet":"5","amph_fst":"15","amph_opn":"13","anm_hs_fst":0.0,"anm_hs_opn":0.0,"anm_hs_rvw":0.0,"anm_hotsp":1},"geometry":{"type":"Polygon","coordinates":[[[120.842979,23.801058],[120.833166,23.801048],[120.833177,23.792018],[120.84299,23.792028],[120.842979,23.801058]]]}},
{"type":"Feature","properties":{"GridID":14737,"ELE":298,"MAMMAL":23.0,"BIRD":61.0,"AMPHIBIAN":20.0,"REPTILE":38.0,"BUTTERFLY":64.0,"maml_fst":"14","maml_opn":"16","bird_fst":"35","bird_opn":"27","bird_rvwet":"13","rptl_fst":"28","rptl_opn":"23","rptl_rvwet":"4","amph_fst":"16","amph_opn":"14","anm_hs_fst":0.0,"anm_hs_opn":1.0,"anm_hs_rvw":0.0,"anm_hotsp":1},"geometry":{"type":"Polygon","coordinates":[[[120.842969,23.810088],[120.833154,23.810077],[120.833166,23.801048],[120.842979,23.801058],[120.842969,23.810088]]]}},
{"type":"Feature","properties":{"GridID":14739,"ELE":331,"MAMMAL":22.0,"BIRD":47.0,"AMPHIBIAN":16.0,"REPTILE":33.0,"BUTTERFLY":70.0,"maml_fst":"20","maml_opn":"12","bird_fst":"42","bird_opn":"13","bird_rvwet":"4","rptl_fst":"27","rptl_opn":"19","rptl_rvwet":"3","amph_fst":"13","amph_opn":"10","anm_hs_fst":0.0,"anm_hs_opn":1.0,"anm_hs_rvw":0.0,"anm_hotsp":1},"geometry":{"type":"Polygon","coordinates":[[[120.842947,23.828147],[120.833131,23.828137],[120.833143,23.819107],[120.842958,23.819118],[120.842947,23.828147]]]}},
{"type":"Feature","properties":{"GridID":14743,"ELE":1091,"MAMMAL":22.0,"BIRD":44.0,"AMPHIBIAN":13.0,"REPTILE":25.0,"BUTTERFLY":70.0,"maml_fst":"21","maml_opn":"12","bird_fst":"42","bird_opn":"10","bird_rvwet":"1","rptl_fst":"24","rptl_opn":"13","rptl_rvwet":"2","amph_fst":"13","amph_opn":"7","anm_hs_fst":3.0,"anm_hs_opn":0.0,"anm_hs_rvw":0.0,"anm_hotsp":3},"geometry":{"type":"MultiPolygon","coordinates":[[[[120.842913,23.856069],[120.841865,23.855603],[120.841465,23.855655],[120.840803,23.856004],[120.840422,23.856096],[120.839203,23.855924],[120.838885,23.8557],[120.838629,23.855399],[120.838325,23.855232],[120.842914,23.855236],[120.842913,23.856069]]],[[[120.837975,23.855231],[120.837661,23.855362],[120.83715,23.855906],[120.83642,23.856251],[120.834382,23.856644],[120.833095,23.85636],[120.833096,23.855226],[120.837975,23.855231]]]]}},
{"type":"Feature","properties":{"GridID":14980,"ELE":2161,"MAMMAL":14.0,"BIRD":40.0,"AMPHIBIAN":18.0,"REPTILE":27.0,"BUTTERFLY":41.0,"maml_fst":"11","maml_opn":"8","bird_fst":"34","bird_opn":"13","bird_rvwet":"2","rptl_fst":"23","rptl_opn":"16","rptl_rvwet":"2","amph_fst":"15","amph_opn":"12","anm_hs_fst":2.0,"anm_hs_opn":0.0,"anm_hs_rvw":0.0,"anm_hotsp":2},"geometry":{"type":"Polygon","coordinates":[[[120.853146,23.485019],[120.843356,23.485009],[120.843367,23.475979],[120.853156,23.475989],[120.853146,23.485019]]]}},
{"type":"Feature","properties":{"GridID":14984,"ELE":1579,"MAMMAL":20.0,"BIRD":42.0,"AMPHIBIAN":10.0,"REPTILE":25.0,"BUTTERFLY":66.0,"maml_fst":"19","maml_opn":"12","bird_fst":"38","bird_opn":"12","bird_rvwet":"3","rptl_fst":"20","rptl_opn":"15","rptl_rvwet":"3","amph_fst":"10","amph_opn":"6","anm_hs_fst":2.0,"anm_hs_opn":0.0,"anm_hs_rvw":0.0,"anm_hotsp":1},"geometry":{"type":"Polygon","coordinates":[[[120.853056,23.56629],[120.84326,23.56628],[120.843271,23.55725],[120.853066,23.55726],[120.853056,23.56629]]]}},
{"type":"Feature","properties":{"GridID":14989,"ELE":1331,"MAMMAL":19.0,"BIRD":52.0,"AMPHIBIAN":20.0,"REPTILE":35.0,"BUTTERFLY":60.0,"maml_fst":"17","maml_opn":"11","bird_fst":"44","bird_opn":"17","bird_rvwet":"4","rptl_fst":"28","rptl_opn":"20","rptl_rvwet":"3","amph_fst":"17","amph_opn":"12","anm_hs_fst":2.0,"anm_hs_opn":0.0,"anm_hs_rvw":0.0,"anm_hotsp":1},"geometry":{"type":"Polygon","coordinates":[[[120.853006,23.61144],[120.843206,23.61143],[120.843217,23.6024],[120.853016,23.60241],[120.853006,23.61144]]]}},
{"type":"Feature","properties":{"GridID":14990,"ELE":1231,"MAMMAL":21.0,"BIRD":47.0,"AMPHIBIAN":15.0,"REPTILE":32.0,"BUTTERFLY":56.0,"maml_fst":"19","maml_opn":"13","bird_fst":"41","bird_opn":"14","bird_rvwet":"3","rptl_fst":"25","rptl_opn":"18","rptl_rvwet":"3","amph_fst":"14","amph_opn":"9","anm_hs_fst":1.0,"anm_hs_opn":0.0,"anm_hs_rvw":0.0,"anm_hotsp":1},"geometry":{"type":"Polygon","coordinates":[[[120.852996,23.62047],[120.843195,23.62046],[120.843206,23.61143],[120.853006,23.61144],[120.852996,23.62047]]]}},
{"type":"Feature","properties":{"GridID":14992,"ELE":1370,"MAMMAL":20.0,"BIRD":48.0,"AMPHIBIAN":14.0,"REPTILE":29.0,"BUTTERFLY":52.0,"maml_fst":"19","maml_opn":"11","bird_fst":"44","bird_opn":"14","bird_rvwet":"3","rptl_fst":"25","rptl_opn":"14","rptl_rvwet":"3","amph_fst":"14","amph_opn":"8","anm_hs_fst":2.0,"anm_hs_opn":0.0,"anm_hs_rvw":0.0,"anm_hotsp":1},"geometry":{"type":"Polygon","coordinates":[[[120.852976,23.63853],[120.843174,23.63852],[120.843185,23.62949],[120.852986,23.6295],[120.852976,23.63853]]]}},
{"type":"Feature","properties":{"GridID":14993,"ELE":1220,"MAMMAL":19.0,"BIRD":48.0,"AMPHIBIAN":17.0,"REPTILE":36.0,"BUTTERFLY":61.0,"maml_fst":"17","maml_opn":"11","bird_fst":"41","bird_opn":"16","bird_rvwet":"3","rptl_fst":"29","rptl_opn":"20","rptl_rvwet":"3","amph_fst":"14","amph_opn":"11","anm_hs_fst":1.0,"anm_hs_opn":1.0,"anm_hs_rvw":0.0,"anm_hotsp":1},"geometry":{"type":"Polygon","coordinates":[[[120.852965,23.64756],[120.843163,23.64755],[120.843174,23.63852],[120.852976,23.63853],[120.852965,23.64756]]]}},
{"type":"Feature","properties":{"GridID":14994,"ELE":1281,"MAMMAL":23.0,"BIRD":46.0,"AMPHIBIAN":13.0,"REPTILE":34.0,"BUTTERFLY":72.0,"maml_fst":"22","maml_opn":"13","bird_fst":"41","bird_opn":"14","bird_rvwet":"2","rptl_fst":"29","rptl_opn":"18","rptl_rvwet":"3","amph_fst":"13","amph_opn":"8","anm_hs_fst":1.0,"anm_hs_opn":0.0,"anm_hs_rvw":0.0,"anm_hotsp":1},"geometry":{"type":"Polygon","coordinates":[[[120.852955,23.65659],[120.843152,23.65658],[120.843163,23.64755],[120.852965,23.64756],[120.852955,23.65659]]]}},
{"type":"Feature","properties":{"GridID":14998,"ELE":584,"MAMMAL":23.0,"BIRD":53.0,"AMPHIBIAN":17.0,"REPTILE":33.0,"BUTTERFLY":55.0,"maml_fst":"18","maml_opn":"12","bird_fst":"40","bird_opn":"20","bird_rvwet":"6","rptl_fst":"23","rptl_opn":"22","rptl_rvwet":"4","amph_fst":"15","amph_opn":"11","anm_hs_fst":0.0,"anm_hs_opn":0.0,"anm_hs_rvw":0.0,"anm_hotsp":1},"geometry":{"type":"Polygon","coordinates":[[[120.852915,23.69271],[120.843109,23.6927],[120.84312,23.68367],[120.852925,23.68368],[120.852915,23.69271]]]}},
{"type":"Feature","properties":{"GridID":15009,"ELE":442,"MAMMAL":18.0,"BIRD":50.0,"AMPHIBIAN":20.0,"REPTILE":36.0,"BUTTERFLY":41.0,"maml_fst":"16","maml_opn":"10","bird_fst":"41","bird_opn":"17","bird_rvwet":"4","rptl_fst":"28","rptl_opn":"21","rptl_rvwet":"3","amph_fst":"16","amph_opn":"13","anm_hs_fst":0.0,"anm_hs_opn":0.0,"anm_hs_rvw":0.0,"anm_hotsp":1},"geometry":{"type":"Polygon","coordinates":[[[120.852803,23.792038],[120.84299,23.792028],[120.843001,23.782998],[120.852814,23.783008],[120.852803,23.792038]]]}},
{"type":"Feature","properties":{"GridID":15017,"ELE":1038,"MAMMAL":20.0,"BIRD":36.0,"AMPHIBIAN":16.0,"REPTILE":36.0,"BUTTERFLY":26.0,"maml_fst":"14","maml_opn":"13","bird_fst":"31","bird_opn":"15","bird_rvwet":"1","rptl_fst":"25","rptl_opn":"23","rptl_rvwet":"5","amph_fst":"14","amph_opn":"10","anm_hs_fst":1.0,"anm_hs_opn":0.0,"anm_hs_rvw":0.0,"anm_hotsp":1},"geometry":{"type":"Polygon","coordinates":[[[120.852722,23.864276],[120.848357,23.864272],[120.848324,23.864005],[120.848124,23.863678],[120.84748,23.86316],[120.847575,23.861262],[120.847938,23.860637],[120.847925,23.860293],[120.847794,23.859937],[120.847825,23.859214],[120.847063,23.858584],[120.846957,23.85817],[120.846719,23.857888],[120.845913,23.857738],[120.845057,23.857692],[120.84382,23.857851],[120.843576,23.857571],[120.843183,23.85639],[120.842913,23.856069],[120.842914,23.855236],[120.852732,23.855246],[120.852722,23.864276]]]}},
{"type":"Feature","properties":{"GridID":15020,"ELE":1040,"MAMMAL":20.0,"BIRD":58.0,"AMPHIBIAN":19.0,"REPTILE":36.0,"BUTTERFLY":68.0,"maml_fst":"17","maml_opn":"12","bird_fst":"45","bird_opn":"22","bird_rvwet":"6","rptl_fst":"28","rptl_opn":"21","rptl_rvwet":"3","amph_fst":"15","amph_opn":"13","anm_hs_fst":1.0,"anm_hs_opn":1.0,"anm_hs_rvw":0.0,"anm_hotsp":2},"geometry":{"type":"Polygon","coordinates":[[[120.852693,23.890086],[120.851685,23.889229],[120.851476,23.888841],[120.851176,23.887176],[120.850617,23.885982],[120.850623,23.884711],[120.850776,23.884345],[120.851317,23.883623],[120.851618,23.883341],[120.85198,23.883154],[120.851845,23.882829],[120.851434,23.882709],[120.850858,23.882334],[120.852701,23.882335],[120.852693,23.890086]]]}},
{"type":"Feature","properties":{"GridID":15262,"ELE":1416,"MAMMAL":20.0,"BIRD":56.0,"AMPHIBIAN":18.0,"REPTILE":36.0,"BUTTERFLY":51.0,"maml_fst":"14","maml_opn":"13","bird_fst":"39","bird_opn":"24","bird_rvwet":"6","rptl_fst":"25","rptl_opn":"23","rptl_rvwet":"5","amph_fst":"14","amph_opn":"13","anm_hs_fst":2.0,"anm_hs_opn":1.0,"anm_hs_rvw":0.0,"anm_hotsp":1},"geometry":{"type":"Polygon","coordinates":[[[120.862899,23.521148],[120.853106,23.521139],[120.853116,23.512109],[120.862908,23.512118],[120.862899,23.521148]]]}},
{"type":"Feature","properties":{"GridID":15263,"ELE":1267,"MAMMAL":21.0,"BIRD":57.0,"AMPHIBIAN":20.0,"REPTILE":37.0,"BUTTERFLY":70.0,"maml_fst":"15","maml_opn":"13","bird_fst":"43","bird_opn":"22","bird_rvwet":"5","rptl_fst":"28","rptl_opn":"21","rptl_rvwet":"4","amph_fst":"16","amph_opn":"13","anm_hs_fst":1.0,"anm_hs_opn":0.0,"anm_hs_rvw":0.0,"anm_hotsp":1},"geometry":{"type":"Polygon","coordinates":[[[120.86289,23.530178],[120.853096,23.530169],[120.853106,23.521139],[120.862899,23.521148],[120.86289,23.530178]]]}},
{"type":"Feature","properties":{"GridID":15265,"ELE":1126,"MAMMAL":16.0,"BIRD":44.0,"AMPHIBIAN":13.0,"REPTILE":29.0,"BUTTERFLY":66.0,"maml_fst":"15","maml_opn":"8","bird_fst":"39","bird_opn":"13","bird_rvwet":"3","rptl_fst":"23","rptl_opn":"17","rptl_rvwet":"3","amph_fst":"13","amph_opn":"8","anm_hs_fst":1.0,"anm_hs_opn":0.0,"anm_hs_rvw":0.0,"anm_hotsp":1},"geometry":{"type":"Polygon","coordinates":[[[120.862871,23.548239],[120.853076,23.54823],[120.853086,23.5392],[120.86288,23.539209],[120.862871,23.548239]]]}},
{"type":"Feature","properties":{"GridID":15266,"ELE":1167,"MAMMAL":18.0,"BIRD":45.0,"AMPHIBIAN":15.0,"REPTILE":32.0,"BUTTERFLY":65.0,"maml_fst":"17","maml_opn":"10","bird_fst":"40","bird_opn":"12","bird_rvwet":"4","rptl_fst":"26","rptl_opn":"19","rptl_rvwet":"3","amph_fst":"14","amph_opn":"9","anm_hs_fst":1.0,"anm_hs_opn":0.0,"anm_hs_rvw":0.0,"anm_hotsp":1},"geometry":{"type":"Polygon","coordinates":[[[120.862862,23.557269],[120.853066,23.55726],[120.853076,23.54823],[120.862871,23.548239],[120.862862,23.557269]]]}},
{"type":"Feature","properties":{"GridID":15267,"ELE":1235,"MAMMAL":19.0,"BIRD":50.0,"AMPHIBIAN":21.0,"REPTILE":35.0,"BUTTERFLY":64.0,"maml_fst":"17","maml_opn":"11","bird_fst":"41","bird_opn":"16","bird_rvwet":"5","rptl_fst":"27","rptl_opn":"20","rptl_rvwet":"4","amph_fst":"17","amph_opn":"13","anm_hs_fst":1.0,"anm_hs_opn":0.0,"anm_hs_rvw":0.0,"anm_hotsp":1},"geometry":{"type":"Polygon","coordinates":[[[120.862852,23.566299],[120.853056,23.56629],[120.853066,23.55726],[120.862862,23.557269],[120.862852,23.566299]]]}},
{"type":"Feature","properties":{"GridID":15268,"ELE":1312,"MAMMAL":18.0,"BIRD":46.0,"AMPHIBIAN":13.0,"REPTILE":32.0,"BUTTERFLY":57.0,"maml_fst":"16","maml_opn":"10","bird_fst":"41","bird_opn":"13","bird_rvwet":"3","rptl_fst":"26","rptl_opn":"18","rptl_rvwet":"3","amph_fst":"13","amph_opn":"8","anm_hs_fst":1.0,"anm_hs_opn":0.0,"anm_hs_rvw":0.0,"anm_hotsp":1},"geometry":{"type":"Polygon","coordinates":[[[120.862843,23.575329],[120.853046,23.57532],[120.853056,23.56629],[120.862852,23.566299],[120.862843,23.575329]]]}},
{"type":"Feature","properties":{"GridID":15271,"ELE":1432,"MAMMAL":20.0,"BIRD":43.0,"AMPHIBIAN":14.0,"REPTILE":31.0,"BUTTERFLY":46.0,"maml_fst":"19","maml_opn":"11","bird_fst":"39","bird_opn":"12","bird_rvwet":"3","rptl_fst":"25","rptl_opn":"16","rptl_rvwet":"3","amph_fst":"14","amph_opn":"8","anm_hs_fst":2.0,"anm_hs_opn":0.0,"anm_hs_rvw":0.0,"anm_hotsp":1},"geometry":{"type":"Polygon","coordinates":[[[120.862815,23.602419],[120.853016,23.60241],[120.853026,23.59338],[120.862824,23.593389],[120.862815,23.602419]]]}},
{"type":"Feature","properties":{"GridID":15272,"ELE":1509,"MAMMAL":23.0,"BIRD":53.0,"AMPHIBIAN":12.0,"REPTILE":32.0,"BUTTERFLY":73.0,"maml_fst":"22","maml_opn":"12","bird_fst":"47","bird_opn":"12","bird_rvwet":"4","rptl_fst":"28","rptl_opn":"16","rptl_rvwet":"3","amph_fst":"12","amph_opn":"7","anm_hs_fst":2.0,"anm_hs_opn":0.0,"anm_hs_rvw":0.0,"anm_hotsp":1},"geometry":{"type":"Polygon","coordinates":[[[120.862805,23.611449],[120.853006,23.61144],[120.853016,23.60241],[120.862815,23.602419],[120.862805,23.611449]]]}},
{"type":"Feature","properties":{"GridID":15273,"ELE":1309,"MAMMAL":23.0,"BIRD":59.0,"AMPHIBIAN":19.0,"REPTILE":36.0,"BUTTERFLY":74.0,"maml_fst":"21","maml_opn":"13","bird_fst":"50","bird_opn":"18","bird_rvwet":"5","rptl_fst":"30","rptl_opn":"19","rptl_rvwet":"3","amph_fst":"16","amph_opn":"12","anm_hs_fst":1.0,"anm_hs_opn":0.0,"anm_hs_rvw":0.0,"anm_hotsp":1},"geometry":{"type":"Polygon","coordinates":[[[120.862796,23.620479],[120.852996,23.62047],[120.853006,23.61144],[120.862805,23.611449],[120.862796,23.620479]]]}},
{"type":"Feature","properties":{"GridID":15274,"ELE":1027,"MAMMAL":26.0,"BIRD":57.0,"AMPHIBIAN":20.0,"REPTILE":39.0,"BUTTERFLY":81.0,"maml_fst":"23","maml_opn":"14","bird_fst":"49","bird_opn":"17","bird_rvwet":"4","rptl_fst":"31","rptl_opn":"21","rptl_rvwet":"3","amph_fst":"16","amph_opn":"13","anm_hs_fst":3.0,"anm_hs_opn":1.0,"anm_hs_rvw":0.0,"anm_hotsp":2},"geometry":{"type":"Polygon","coordinates":[[[120.862787,23.629509],[120.852986,23.6295],[120.852996,23.62047],[120.862796,23.620479],[120.862787,23.629509]]]}},
{"type":"Feature","properties":{"GridID":15275,"ELE":1197,"MAMMAL":25.0,"BIRD":47.0,"AMPHIBIAN":13.0,"REPTILE":32.0,"BUTTERFLY":71.0,"maml_fst":"22","maml_opn":"14","bird_fst":"41","bird_opn":"15","bird_rvwet":"4","rptl_fst":"23","rptl_opn":"22","rptl_rvwet":"3","amph_fst":"11","amph_opn":"8","anm_hs_fst":1.0,"anm_hs_opn":0.0,"anm_hs_rvw":0.0,"anm_hotsp":1},"geometry":{"type":"Polygon","coordinates":[[[120.862777,23.638539],[120.852976,23.63853],[120.852986,23.6295],[120.862787,23.629509],[120.862777,23.638539]]]}},
{"type":"Feature","properties":{"GridID":15276,"ELE":961,"MAMMAL":19.0,"BIRD":50.0,"AMPHIBIAN":19.0,"REPTILE":36.0,"BUTTERFLY":70.0,"maml_fst":"15","maml_opn":"11","bird_fst":"43","bird_opn":"16","bird_rvwet":"4","rptl_fst":"28","rptl_opn":"21","rptl_rvwet":"3","amph_fst":"17","amph_opn":"11","anm_hs_fst":3.0,"anm_hs_opn":0.0,"anm_hs_rvw":0.0,"anm_hotsp":1},"geometry":{"type":"Polygon","coordinates":[[[120.862768,23.647569],[120.852965,23.64756],[120.852976,23.63853],[120.862777,23.638539],[120.862768,23.647569]]]}},
{"type":"Feature","properties":{"GridID":15277,"ELE":1154,"MAMMAL":18.0,"BIRD":52.0,"AMPHIBIAN":19.0,"REPTILE":33.0,"BUTTERFLY":59.0,"maml_fst":"16","maml_opn":"10","bird_fst":"44","bird_opn":"16","bird_rvwet":"4","rptl_fst":"27","rptl_opn":"19","rptl_rvwet":"3","amph_fst":"16","amph_opn":"11","anm_hs_fst":1.0,"anm_hs_opn":0.0,"anm_hs_rvw":0.0,"anm_hotsp":1},"geometry":{"type":"Polygon","coordinates":[[[120.862758,23.656599],[120.852955,23.65659],[120.852965,23.64756],[120.862768,23.647569],[120.862758,23.656599]]]}},
{"type":"Feature","properties":{"GridID":15282,"ELE":631,"MAMMAL":19.0,"BIRD":52.0,"AMPHIBIAN":21.0,"REPTILE":34.0,"BUTTERFLY":64.0,"maml_fst":"16","maml_opn":"11","bird_fst":"41","bird_opn":"18","bird_rvwet":"5","rptl_fst":"27","rptl_opn":"20","rptl_rvwet":"3","amph_fst":"17","amph_opn":"13","anm_hs_fst":1.0,"anm_hs_opn":1.0,"anm_hs_rvw":0.0,"anm_hotsp":1},"geometry":{"type":"Polygon","coordinates":[[[120.862711,23.701748],[120.852905,23.701739],[120.852915,23.69271],[120.862721,23.692719],[120.862711,23.701748]]]}},
{"type":"Feature","properties":{"GridID":15293,"ELE":291,"MAMMAL":19.0,"BIRD":49.0,"AMPHIBIAN":20.0,"REPTILE":35.0,"BUTTERFLY":43.0,"maml_fst":"17","maml_opn":"11","bird_fst":"42","bird_opn":"16","bird_rvwet":"3","rptl_fst":"27","rptl_opn":"21","rptl_rvwet":"3","amph_fst":"16","amph_opn":"13","anm_hs_fst":0.0,"anm_hs_opn":3.0,"anm_hs_rvw":0.0,"anm_hotsp":1},"geometry":{"type":"Polygon","coordinates":[[[120.862607,23.801077],[120.852793,23.801068],[120.852803,23.792038],[120.862616,23.792047],[120.862607,23.801077]]]}},
{"type":"Feature","properties":{"GridID":15294,"ELE":300,"MAMMAL":19.0,"BIRD":51.0,"AMPHIBIAN":19.0,"REPTILE":35.0,"BUTTERFLY":56.0,"maml_fst":"16","maml_opn":"11","bird_fst":"42","bird_opn":"17","bird_rvwet":"5","rptl_fst":"27","rptl_opn":"21","rptl_rvwet":"3","amph_fst":"15","amph_opn":"13","anm_hs_fst":0.0,"anm_hs_opn":2.0,"anm_hs_rvw":0.0,"anm_hotsp":1},"geometry":{"type":"Polygon","coordinates":[[[120.862597,23.810107],[120.852783,23.810097],[120.852793,23.801068],[120.862607,23.801077],[120.862597,23.810107]]]}},
{"type":"Feature","properties":{"GridID":15295,"ELE":342,"MAMMAL":18.0,"BIRD":54.0,"AMPHIBIAN":20.0,"REPTILE":38.0,"BUTTERFLY":26.0,"maml_fst":"12","maml_opn":"12","bird_fst":"40","bird_opn":"22","bird_rvwet":"6","rptl_fst":"27","rptl_opn":"23","rptl_rvwet":"5","amph_fst":"16","amph_opn":"13","anm_hs_fst":1.0,"anm_hs_opn":2.0,"anm_hs_rvw":1.0,"anm_hotsp":3},"geometry":{"type":"Polygon","coordinates":[[[120.862588,23.819136],[120.852773,23.819127],[120.852783,23.810097],[120.862597,23.810107],[120.862588,23.819136]]]}},
{"type":"Feature","properties":{"GridID":15534,"ELE":1413,"MAMMAL":19.0,"BIRD":38.0,"AMPHIBIAN":11.0,"REPTILE":26.0,"BUTTERFLY":80.0,"maml_fst":"18","maml_opn":"10","bird_fst":"36","bird_opn":"9","bird_rvwet":"1","rptl_fst":"23","rptl_opn":"13","rptl_rvwet":"2","amph_fst":"11","amph_opn":"6","anm_hs_fst":2.0,"anm_hs_opn":1.0,"anm_hs_rvw":0.0,"anm_hotsp":1},"geometry":{"type":"Polygon","coordinates":[[[120.872675,23.539217],[120.86288,23.539209],[120.86289,23.530178],[120.872683,23.530187],[120.872675,23.539217]]]}},
{"type":"Feature","properties":{"GridID":15535,"ELE":1135,"MAMMAL":21.0,"BIRD":57.0,"AMPHIBIAN":18.0,"REPTILE":37.0,"BUTTERFLY":80.0,"maml_fst":"20","maml_opn":"11","bird_fst":"48","bird_opn":"18","bird_rvwet":"4","rptl_fst":"31","rptl_opn":"19","rptl_rvwet":"3","amph_fst":"15","amph_opn":"12","anm_hs_fst":1.0,"anm_hs_opn":0.0,"anm_hs_rvw":0.0,"anm_hotsp":1},"geometry":{"type":"Polygon","coordinates":[[[120.872666,23.548247],[120.862871,23.548239],[120.86288,23.539209],[120.872675,23.539217],[120.872666,23.548247]]]}},
{"type":"Feature","properties":{"GridID":15537,"ELE":969,"MAMMAL":24.0,"BIRD":57.0,"AMPHIBIAN":18.0,"REPTILE":37.0,"BUTTERFLY":79.0,"maml_fst":"23","maml_opn":"13","bird_fst":"48","bird_opn":"18","bird_rvwet":"4","rptl_fst":"31","rptl_opn":"19","rptl_rvwet":"3","amph_fst":"15","amph_opn":"12","anm_hs_fst":1.0,"anm_hs_opn":0.0,"anm_hs_rvw":0.0,"anm_hotsp":1},"geometry":{"type":"Polygon","coordinates":[[[120.872649,23.566307],[120.862852,23.566299],[120.862862,23.557269],[120.872657,23.557277],[120.872649,23.566307]]]}},
{"type":"Feature","properties":{"GridID":15540,"ELE":1322,"MAMMAL":21.0,"BIRD":55.0,"AMPHIBIAN":20.0,"REPTILE":36.0,"BUTTERFLY":79.0,"maml_fst":"19","maml_opn":"11","bird_fst":"43","bird_opn":"19","bird_rvwet":"5","rptl_fst":"27","rptl_opn":"21","rptl_rvwet":"4","amph_fst":"16","amph_opn":"13","anm_hs_fst":1.0,"anm_hs_opn":0.0,"anm_hs_rvw":0.0,"anm_hotsp":1},"geometry":{"type":"Polygon","coordinates":[[[120.872622,23.593397],[120.862824,23.593389],[120.862834,23.584359],[120.872631,23.584367],[120.872622,23.593397]]]}},
{"type":"Feature","properties":{"GridID":15542,"ELE":1246,"MAMMAL":17.0,"BIRD":43.0,"AMPHIBIAN":14.0,"REPTILE":31.0,"BUTTERFLY":70.0,"maml_fst":"16","maml_opn":"9","bird_fst":"38","bird_opn":"12","bird_rvwet":"4","rptl_fst":"25","rptl_opn":"18","rptl_rvwet":"3","amph_fst":"14","amph_opn":"8","anm_hs_fst":1.0,"anm_hs_opn":0.0,"anm_hs_rvw":0.0,"anm_hotsp":1},"geometry":{"type":"Polygon","coordinates":[[[120.872605,23.611457],[120.862805,23.611449],[120.862815,23.602419],[120.872614,23.602427],[120.872605,23.611457]]]}},
{"type":"Feature","properties":{"GridID":15543,"ELE":1244,"MAMMAL":16.0,"BIRD":43.0,"AMPHIBIAN":12.0,"REPTILE":24.0,"BUTTERFLY":73.0,"maml_fst":"15","maml_opn":"8","bird_fst":"37","bird_opn":"13","bird_rvwet":"4","rptl_fst":"19","rptl_opn":"16","rptl_rvwet":"3","amph_fst":"12","amph_opn":"7","anm_hs_fst":1.0,"anm_hs_opn":0.0,"anm_hs_rvw":0.0,"anm_hotsp":1},"geometry":{"type":"Polygon","coordinates":[[[120.872596,23.620487],[120.862796,23.620479],[120.862805,23.611449],[120.872605,23.611457],[120.872596,23.620487]]]}},
{"type":"Feature","properties":{"GridID":15545,"ELE":909,"MAMMAL":19.0,"BIRD":44.0,"AMPHIBIAN":20.0,"REPTILE":36.0,"BUTTERFLY":41.0,"maml_fst":"14","maml_opn":"12","bird_fst":"31","bird_opn":"21","bird_rvwet":"3","rptl_fst":"25","rptl_opn":"22","rptl_rvwet":"5","amph_fst":"16","amph_opn":"13","anm_hs_fst":3.0,"anm_hs_opn":0.0,"anm_hs_rvw":0.0,"anm_hotsp":2},"geometry":{"type":"Polygon","coordinates":[[[120.872579,23.638547],[120.862777,23.638539],[120.862787,23.629509],[120.872587,23.629517],[120.872579,23.638547]]]}},
{"type":"Feature","properties":{"GridID":15546,"ELE":862,"MAMMAL":13.0,"BIRD":36.0,"AMPHIBIAN":12.0,"REPTILE":21.0,"BUTTERFLY":51.0,"maml_fst":"11","maml_opn":"7","bird_fst":"31","bird_opn":"11","bird_rvwet":"3","rptl_fst":"18","rptl_opn":"14","rptl_rvwet":"2","amph_fst":"11","amph_opn":"6","anm_hs_fst":0.0,"anm_hs_opn":0.0,"anm_hs_rvw":0.0,"anm_hotsp":1},"geometry":{"type":"Polygon","coordinates":[[[120.87257,23.647577],[120.862768,23.647569],[120.862777,23.638539],[120.872579,23.638547],[120.87257,23.647577]]]}},
{"type":"Feature","properties":{"GridID":15551,"ELE":669,"MAMMAL":20.0,"BIRD":53.0,"AMPHIBIAN":20.0,"REPTILE":38.0,"BUTTERFLY":60.0,"maml_fst":"14","maml_opn":"13","bird_fst":"37","bird_opn":"23","bird_rvwet":"6","rptl_fst":"27","rptl_opn":"23","rptl_rvwet":"5","amph_fst":"16","amph_opn":"13","anm_hs_fst":1.0,"anm_hs_opn":0.0,"anm_hs_rvw":0.0,"anm_hotsp":1},"geometry":{"type":"Polygon","coordinates":[[[120.872526,23.692727],[120.862721,23.692719],[120.86273,23.683689],[120.872535,23.683697],[120.872526,23.692727]]]}},
{"type":"Feature","properties":{"GridID":15560,"ELE":443,"MAMMAL":21.0,"BIRD":45.0,"AMPHIBIAN":14.0,"REPTILE":30.0,"BUTTERFLY":52.0,"maml_fst":"19","maml_opn":"11","bird_fst":"41","bird_opn":"13","bird_rvwet":"2","rptl_fst":"26","rptl_opn":"14","rptl_rvwet":"3","amph_fst":"14","amph_opn":"8","anm_hs_fst":0.0,"anm_hs_opn":1.0,"anm_hs_rvw":0.0,"anm_hotsp":1},"geometry":{"type":"Polygon","coordinates":[[[120.872447,23.773996],[120.862635,23.773987],[120.862645,23.764958],[120.872456,23.764966],[120.872447,23.773996]]]}},
{"type":"Feature","properties":{"GridID":15563,"ELE":383,"MAMMAL":22.0,"BIRD":42.0,"AMPHIBIAN":18.0,"REPTILE":35.0,"BUTTERFLY":46.0,"maml_fst":"16","maml_opn":"13","bird_fst":"34","bird_opn":"16","bird_rvwet":"4","rptl_fst":"24","rptl_opn":"23","rptl_rvwet":"5","amph_fst":"16","amph_opn":"11","anm_hs_fst":1.0,"anm_hs_opn":1.0,"anm_hs_rvw":1.0,"anm_hotsp":2},"geometry":{"type":"Polygon","coordinates":[[[120.872421,23.801085],[120.862607,23.801077],[120.862616,23.792047],[120.87243,23.792055],[120.872421,23.801085]]]}},
{"type":"Feature","properties":{"GridID":15564,"ELE":424,"MAMMAL":17.0,"BIRD":48.0,"AMPHIBIAN":20.0,"REPTILE":33.0,"BUTTERFLY":55.0,"maml_fst":"15","maml_opn":"9","bird_fst":"42","bird_opn":"16","bird_rvwet":"3","rptl_fst":"26","rptl_opn":"19","rptl_rvwet":"3","amph_fst":"17","amph_opn":"12","anm_hs_fst":2.0,"anm_hs_opn":1.0,"anm_hs_rvw":1.0,"anm_hotsp":3},"geometry":{"type":"Polygon","coordinates":[[[120.872412,23.810115],[120.862597,23.810107],[120.862607,23.801077],[120.872421,23.801085],[120.872412,23.810115]]]}},
{"type":"Feature","properties":{"GridID":15808,"ELE":1576,"MAMMAL":20.0,"BIRD":53.0,"AMPHIBIAN":20.0,"REPTILE":38.0,"BUTTERFLY":65.0,"maml_fst":"15","maml_opn":"13","bird_fst":"40","bird_opn":"21","bird_rvwet":"4","rptl_fst":"27","rptl_opn":"23","rptl_rvwet":"5","amph_fst":"16","amph_opn":"13","anm_hs_fst":2.0,"anm_hs_opn":0.0,"anm_hs_rvw":0.0,"anm_hotsp":1},"geometry":{"type":"Polygon","coordinates":[[[120.882461,23.548255],[120.872666,23.548247],[120.872675,23.539217],[120.882469,23.539225],[120.882461,23.548255]]]}},
{"type":"Feature","properties":{"GridID":15809,"ELE":1331,"MAMMAL":21.0,"BIRD":57.0,"AMPHIBIAN":20.0,"REPTILE":39.0,"BUTTERFLY":62.0,"maml_fst":"17","maml_opn":"13","bird_fst":"42","bird_opn":"23","bird_rvwet":"5","rptl_fst":"28","rptl_opn":"23","rptl_rvwet":"5","amph_fst":"16","amph_opn":"13","anm_hs_fst":1.0,"anm_hs_opn":0.0,"anm_hs_rvw":0.0,"anm_hotsp":1},"geometry":{"type":"Polygon","coordinates":[[[120.882453,23.557285],[120.872657,23.557277],[120.872666,23.548247],[120.882461,23.548255],[120.882453,23.557285]]]}},
{"type":"Feature","properties":{"GridID":15810,"ELE":1054,"MAMMAL":21.0,"BIRD":44.0,"AMPHIBIAN":11.0,"REPTILE":27.0,"BUTTERFLY":76.0,"maml_fst":"20","maml_opn":"12","bird_fst":"40","bird_opn":"12","bird_rvwet":"3","rptl_fst":"21","rptl_opn":"18","rptl_rvwet":"4","amph_fst":"11","amph_opn":"6","anm_hs_fst":2.0,"anm_hs_opn":1.0,"anm_hs_rvw":0.0,"anm_hotsp":1},"geometry":{"type":"Polygon","coordinates":[[[120.882445,23.566315],[120.872649,23.566307],[120.872657,23.557277],[120.882453,23.557285],[120.882445,23.566315]]]}},
{"type":"Feature","properties":{"GridID":15813,"ELE":1176,"MAMMAL":27.0,"BIRD":55.0,"AMPHIBIAN":17.0,"REPTILE":33.0,"BUTTERFLY":79.0,"maml_fst":"22","maml_opn":"17","bird_fst":"40","bird_opn":"21","bird_rvwet":"7","rptl_fst":"24","rptl_opn":"21","rptl_rvwet":"4","amph_fst":"14","amph_opn":"12","anm_hs_fst":1.0,"anm_hs_opn":0.0,"anm_hs_rvw":0.0,"anm_hotsp":1},"geometry":{"type":"Polygon","coordinates":[[[120.882421,23.593405],[120.872622,23.593397],[120.872631,23.584367],[120.882429,23.584375],[120.882421,23.593405]]]}},
{"type":"Feature","properties":{"GridID":15814,"ELE":1130,"MAMMAL":22.0,"BIRD":56.0,"AMPHIBIAN":21.0,"REPTILE":39.0,"BUTTERFLY":75.0,"maml_fst":"17","maml_opn":"13","bird_fst":"41","bird_opn":"23","bird_rvwet":"5","rptl_fst":"28","rptl_opn":"23","rptl_rvwet":"5","amph_fst":"17","amph_opn":"13","anm_hs_fst":1.0,"anm_hs_opn":0.0,"anm_hs_rvw":0.0,"anm_hotsp":1},"geometry":{"type":"Polygon","coordinates":[[[120.882413,23.602435],[120.872614,23.602427],[120.872622,23.593397],[120.882421,23.593405],[120.882413,23.602435]]]}},
{"type":"Feature","properties":{"GridID":15816,"ELE":1023,"MAMMAL":17.0,"BIRD":43.0,"AMPHIBIAN":20.0,"REPTILE":34.0,"BUTTERFLY":60.0,"maml_fst":"14","maml_opn":"10","bird_fst":"33","bird_opn":"18","bird_rvwet":"3","rptl_fst":"26","rptl_opn":"20","rptl_rvwet":"3","amph_fst":"16","amph_opn":"13","anm_hs_fst":3.0,"anm_hs_opn":0.0,"anm_hs_rvw":0.0,"anm_hotsp":1},"geometry":{"type":"Polygon","coordinates":[[[120.882397,23.620495],[120.872596,23.620487],[120.872605,23.611457],[120.882405,23.611465],[120.882397,23.620495]]]}},
{"type":"Feature","properties":{"GridID":15819,"ELE":772,"MAMMAL":18.0,"BIRD":47.0,"AMPHIBIAN":20.0,"REPTILE":35.0,"BUTTERFLY":66.0,"maml_fst":"16","maml_opn":"10","bird_fst":"39","bird_opn":"15","bird_rvwet":"4","rptl_fst":"27","rptl_opn":"21","rptl_rvwet":"3","amph_fst":"17","amph_opn":"12","anm_hs_fst":1.0,"anm_hs_opn":0.0,"anm_hs_rvw":0.0,"anm_hotsp":1},"geometry":{"type":"Polygon","coordinates":[[[120.882372,23.647585],[120.87257,23.647577],[120.872579,23.638547],[120.88238,23.638555],[120.882372,23.647585]]]}},
{"type":"Feature","properties":{"GridID":15831,"ELE":1042,"MAMMAL":17.0,"BIRD":29.0,"AMPHIBIAN":10.0,"REPTILE":25.0,"BUTTERFLY":55.0,"maml_fst":"15","maml_opn":"9","bird_fst":"27","bird_opn":"8","bird_rvwet":"1","rptl_fst":"20","rptl_opn":"15","rptl_rvwet":"2","amph_fst":"10","amph_opn":"5","anm_hs_fst":1.0,"anm_hs_opn":0.0,"anm_hs_rvw":0.0,"anm_hotsp":1},"geometry":{"type":"Polygon","coordinates":[[[120.882275,23.755944],[120.872465,23.755936],[120.872474,23.746906],[120.882283,23.746914],[120.882275,23.755944]]]}},
{"type":"Feature","properties":{"GridID":15833,"ELE":784,"MAMMAL":20.0,"BIRD":52.0,"AMPHIBIAN":18.0,"REPTILE":37.0,"BUTTERFLY":68.0,"maml_fst":"17","maml_opn":"12","bird_fst":"42","bird_opn":"18","bird_rvwet":"5","rptl_fst":"28","rptl_opn":"21","rptl_rvwet":"4","amph_fst":"15","amph_opn":"12","anm_hs_fst":1.0,"anm_hs_opn":0.0,"anm_hs_rvw":0.0,"anm_hotsp":1},"geometry":{"type":"Polygon","coordinates":[[[120.882259,23.774004],[120.872447,23.773996],[120.872456,23.764966],[120.882267,23.764974],[120.882259,23.774004]]]}},
{"type":"Feature","properties":{"GridID":15840,"ELE":748,"MAMMAL":19.0,"BIRD":48.0,"AMPHIBIAN":20.0,"REPTILE":31.0,"BUTTERFLY":53.0,"maml_fst":"15","maml_opn":"11","bird_fst":"39","bird_opn":"19","bird_rvwet":"3","rptl_fst":"24","rptl_opn":"18","rptl_rvwet":"3","amph_fst":"17","amph_opn":"12","anm_hs_fst":0.0,"anm_hs_opn":0.0,"anm_hs_rvw":0.0,"anm_hotsp":1},"geometry":{"type":"Polygon","coordinates":[[[120.882122,23.925762],[120.881108,23.925427],[120.880156,23.925485],[120.879696,23.925369],[120.87975,23.924051],[120.879639,23.923493],[120.879676,23.92268],[120.87951,23.922197],[120.879332,23.920978],[120.879135,23.920601],[120.878772,23.920363],[120.878361,23.920341],[120.8779,23.920189],[120.87798,23.919297],[120.877716,23.918999],[120.87699,23.918475],[120.882128,23.918479],[120.882122,23.925762]]]}},
{"type":"Feature","properties":{"GridID":16081,"ELE":1437,"MAMMAL":18.0,"BIRD":23.0,"AMPHIBIAN":10.0,"REPTILE":28.0,"BUTTERFLY":24.0,"maml_fst":"16","maml_opn":"13","bird_fst":"20","bird_opn":"10","bird_rvwet":"0","rptl_fst":"21","rptl_opn":"17","rptl_rvwet":"3","amph_fst":"8","amph_opn":"8","anm_hs_fst":0.0,"anm_hs_opn":0.0,"anm_hs_rvw":0.0,"anm_hotsp":1},"geometry":{"type":"Polygon","coordinates":[[[120.892248,23.557292],[120.882453,23.557285],[120.882461,23.548255],[120.892256,23.548262],[120.892248,23.557292]]]}},
{"type":"Feature","properties":{"GridID":16082,"ELE":1369,"MAMMAL":19.0,"BIRD":48.0,"AMPHIBIAN":17.0,"REPTILE":34.0,"BUTTERFLY":69.0,"maml_fst":"14","maml_opn":"12","bird_fst":"42","bird_opn":"15","bird_rvwet":"2","rptl_fst":"27","rptl_opn":"19","rptl_rvwet":"3","amph_fst":"14","amph_opn":"12","anm_hs_fst":2.0,"anm_hs_opn":0.0,"anm_hs_rvw":0.0,"anm_hotsp":1},"geometry":{"type":"Polygon","coordinates":[[[120.892241,23.566322],[120.882445,23.566315],[120.882453,23.557285],[120.892248,23.557292],[120.892241,23.566322]]]}},
{"type":"Feature","properties":{"GridID":16085,"ELE":839,"MAMMAL":21.0,"BIRD":42.0,"AMPHIBIAN":12.0,"REPTILE":30.0,"BUTTERFLY":44.0,"maml_fst":"20","maml_opn":"12","bird_fst":"38","bird_opn":"12","bird_rvwet":"3","rptl_fst":"25","rptl_opn":"14","rptl_rvwet":"3","amph_fst":"12","amph_opn":"7","anm_hs_fst":1.0,"anm_hs_opn":1.0,"anm_hs_rvw":0.0,"anm_hotsp":1},"geometry":{"type":"Polygon","coordinates":[[[120.892219,23.593412],[120.882421,23.593405],[120.882429,23.584375],[120.892226,23.584382],[120.892219,23.593412]]]}},
{"type":"Feature","properties":{"GridID":16086,"ELE":844,"MAMMAL":22.0,"BIRD":26.0,"AMPHIBIAN":5.0,"REPTILE":21.0,"BUTTERFLY":31.0,"maml_fst":"21","maml_opn":"13","bird_fst":"24","bird_opn":"6","bird_rvwet":"2","rptl_fst":"18","rptl_opn":"15","rptl_rvwet":"2","amph_fst":"5","amph_opn":"2","anm_hs_fst":1.0,"anm_hs_opn":1.0,"anm_hs_rvw":0.0,"anm_hotsp":1},"geometry":{"type":"Polygon","coordinates":[[[120.892212,23.602442],[120.882413,23.602435],[120.882421,23.593405],[120.892219,23.593412],[120.892212,23.602442]]]}},
{"type":"Feature","properties":{"GridID":16094,"ELE":1204,"MAMMAL":23.0,"BIRD":47.0,"AMPHIBIAN":15.0,"REPTILE":34.0,"BUTTERFLY":70.0,"maml_fst":"21","maml_opn":"13","bird_fst":"42","bird_opn":"14","bird_rvwet":"3","rptl_fst":"27","rptl_opn":"20","rptl_rvwet":"4","amph_fst":"13","amph_opn":"11","anm_hs_fst":1.0,"anm_hs_opn":0.0,"anm_hs_rvw":0.0,"anm_hotsp":1},"geometry":{"type":"Polygon","coordinates":[[[120.892152,23.674682],[120.882348,23.674675],[120.882356,23.665645],[120.89216,23.665652],[120.892152,23.674682]]]}},
{"type":"Feature","properties":{"GridID":16103,"ELE":881,"MAMMAL":24.0,"BIRD":47.0,"AMPHIBIAN":15.0,"REPTILE":30.0,"BUTTERFLY":80.0,"maml_fst":"23","maml_opn":"14","bird_fst":"41","bird_opn":"12","bird_rvwet":"3","rptl_fst":"24","rptl_opn":"19","rptl_rvwet":"3","amph_fst":"14","amph_opn":"9","anm_hs_fst":1.0,"anm_hs_opn":0.0,"anm_hs_rvw":0.0,"anm_hotsp":1},"geometry":{"type":"Polygon","coordinates":[[[120.892086,23.755951],[120.882275,23.755944],[120.882283,23.746914],[120.892093,23.746921],[120.892086,23.755951]]]}},
{"type":"Feature","properties":{"GridID":16104,"ELE":870,"MAMMAL":22.0,"BIRD":20.0,"AMPHIBIAN":8.0,"REPTILE":20.0,"BUTTERFLY":78.0,"maml_fst":"21","maml_opn":"12","bird_fst":"18","bird_opn":"6","bird_rvwet":"1","rptl_fst":"14","rptl_opn":"15","rptl_rvwet":"3","amph_fst":"8","amph_opn":"3","anm_hs_fst":1.0,"anm_hs_opn":1.0,"anm_hs_rvw":0.0,"anm_hotsp":1},"geometry":{"type":"Polygon","coordinates":[[[120.892078,23.764981],[120.882267,23.764974],[120.882275,23.755944],[120.892086,23.755951],[120.892078,23.764981]]]}},
{"type":"Feature","properties":{"GridID":16105,"ELE":816,"MAMMAL":20.0,"BIRD":52.0,"AMPHIBIAN":19.0,"REPTILE":36.0,"BUTTERFLY":68.0,"maml_fst":"19","maml_opn":"10","bird_fst":"43","bird_opn":"16","bird_rvwet":"5","rptl_fst":"28","rptl_opn":"21","rptl_rvwet":"4","amph_fst":"16","amph_opn":"12","anm_hs_fst":1.0,"anm_hs_opn":0.0,"anm_hs_rvw":0.0,"anm_hotsp":1},"geometry":{"type":"Polygon","coordinates":[[[120.892071,23.774011],[120.882259,23.774004],[120.882267,23.764974],[120.892078,23.764981],[120.892071,23.774011]]]}},
{"type":"Feature","properties":{"GridID":16107,"ELE":393,"MAMMAL":19.0,"BIRD":45.0,"AMPHIBIAN":14.0,"REPTILE":29.0,"BUTTERFLY":79.0,"maml_fst":"18","maml_opn":"11","bird_fst":"40","bird_opn":"13","bird_rvwet":"3","rptl_fst":"26","rptl_opn":"16","rptl_rvwet":"2","amph_fst":"14","amph_opn":"9","anm_hs_fst":0.0,"anm_hs_opn":1.0,"anm_hs_rvw":0.0,"anm_hotsp":1},"geometry":{"type":"Polygon","coordinates":[[[120.892056,23.79207],[120.882243,23.792063],[120.882251,23.783033],[120.892063,23.783041],[120.892056,23.79207]]]}},
{"type":"Feature","properties":{"GridID":16111,"ELE":661,"MAMMAL":19.0,"BIRD":48.0,"AMPHIBIAN":17.0,"REPTILE":32.0,"BUTTERFLY":73.0,"maml_fst":"18","maml_opn":"11","bird_fst":"42","bird_opn":"14","bird_rvwet":"3","rptl_fst":"27","rptl_opn":"17","rptl_rvwet":"3","amph_fst":"14","amph_opn":"12","anm_hs_fst":3.0,"anm_hs_opn":0.0,"anm_hs_rvw":1.0,"anm_hotsp":4},"geometry":{"type":"Polygon","coordinates":[[[120.891951,23.918487],[120.882128,23.918479],[120.882137,23.90945],[120.891958,23.909457],[120.891951,23.918487]]]}},
{"type":"Feature","properties":{"GridID":16112,"ELE":712,"MAMMAL":20.0,"BIRD":44.0,"AMPHIBIAN":15.0,"REPTILE":26.0,"BUTTERFLY":73.0,"maml_fst":"19","maml_opn":"12","bird_fst":"39","bird_opn":"13","bird_rvwet":"2","rptl_fst":"22","rptl_opn":"15","rptl_rvwet":"2","amph_fst":"15","amph_opn":"9","anm_hs_fst":2.0,"anm_hs_opn":0.0,"anm_hs_rvw":1.0,"anm_hotsp":3},"geometry":{"type":"Polygon","coordinates":[[[120.891943,23.927516],[120.887754,23.927513],[120.887483,23.926853],[120.887096,23.926438],[120.886511,23.925943],[120.886112,23.925773],[120.885358,23.925635],[120.88406,23.925815],[120.882466,23.925827],[120.882122,23.925762],[120.882128,23.918479],[120.891951,23.918487],[120.891943,23.927516]]]}},
{"type":"Feature","properties":{"GridID":16113,"ELE":685,"MAMMAL":19.0,"BIRD":46.0,"AMPHIBIAN":10.0,"REPTILE":23.0,"BUTTERFLY":73.0,"maml_fst":"18","maml_opn":"11","bird_fst":"40","bird_opn":"13","bird_rvwet":"4","rptl_fst":"19","rptl_opn":"16","rptl_rvwet":"2","amph_fst":"10","amph_opn":"6","anm_hs_fst":0.0,"anm_hs_opn":0.0,"anm_hs_rvw":0.0,"anm_hotsp":1},"geometry":{"type":"Polygon","coordinates":[[[120.89194,23.931745],[120.891197,23.93119],[120.891017,23.930842],[120.890967,23.930486],[120.891273,23.929357],[120.891198,23.928962],[120.890606,23.92823],[120.890201,23.928131],[120.889783,23.928164],[120.88891,23.928541],[120.888461,23.928531],[120.888155,23.928294],[120.887754,23.927513],[120.891943,23.927516],[120.89194,23.931745]]]}},
{"type":"Feature","properties":{"GridID":16335,"ELE":2330,"MAMMAL":10.0,"BIRD":18.0,"AMPHIBIAN":0.0,"REPTILE":2.0,"BUTTERFLY":0.0,"maml_fst":"10","maml_opn":"6","bird_fst":"18","bird_opn":"0","bird_rvwet":"0","rptl_fst":"2","rptl_opn":"0","rptl_rvwet":"0","amph_fst":"0","amph_opn":"0","anm_hs_fst":2.0,"anm_hs_opn":0.0,"anm_hs_rvw":0.0,"anm_hotsp":1},"geometry":{"type":"Polygon","coordinates":[[[120.902071,23.521178],[120.892278,23.521171],[120.892285,23.512141],[120.902077,23.512148],[120.902071,23.521178]]]}},
{"type":"Feature","properties":{"GridID":16336,"ELE":2205,"MAMMAL":10.0,"BIRD":18.0,"AMPHIBIAN":0.0,"REPTILE":2.0,"BUTTERFLY":0.0,"maml_fst":"10","maml_opn":"5","bird_fst":"18","bird_opn":"0","bird_rvwet":"0","rptl_fst":"2","rptl_opn":"0","rptl_rvwet":"0","amph_fst":"0","amph_opn":"0","anm_hs_fst":2.0,"anm_hs_opn":0.0,"anm_hs_rvw":0.0,"anm_hotsp":1},"geometry":{"type":"Polygon","coordinates":[[[120.902064,23.530208],[120.89227,23.530202],[120.892278,23.521171],[120.902071,23.521178],[120.902064,23.530208]]]}},
{"type":"Feature","properties":{"GridID":16337,"ELE":2095,"MAMMAL":11.0,"BIRD":14.0,"AMPHIBIAN":0.0,"REPTILE":3.0,"BUTTERFLY":1.0,"maml_fst":"11","maml_opn":"6","bird_fst":"13","bird_opn":"1","bird_rvwet":"0","rptl_fst":"3","rptl_opn":"0","rptl_rvwet":"0","amph_fst":"0","amph_opn":"0","anm_hs_fst":2.0,"anm_hs_opn":0.0,"anm_hs_rvw":0.0,"anm_hotsp":2},"geometry":{"type":"Polygon","coordinates":[[[120.902057,23.539238],[120.892263,23.539232],[120.89227,23.530202],[120.902064,23.530208],[120.902057,23.539238]]]}},
{"type":"Feature","properties":{"GridID":16338,"ELE":2037,"MAMMAL":18.0,"BIRD":41.0,"AMPHIBIAN":0.0,"REPTILE":4.0,"BUTTERFLY":9.0,"maml_fst":"18","maml_opn":"10","bird_fst":"39","bird_opn":"4","bird_rvwet":"0","rptl_fst":"4","rptl_opn":"0","rptl_rvwet":"0","amph_fst":"0","amph_opn":"0","anm_hs_fst":1.0,"anm_hs_opn":0.0,"anm_hs_rvw":0.0,"anm_hotsp":1},"geometry":{"type":"Polygon","coordinates":[[[120.902051,23.548268],[120.892256,23.548262],[120.892263,23.539232],[120.902057,23.539238],[120.902051,23.548268]]]}},
{"type":"Feature","properties":{"GridID":16341,"ELE":1399,"MAMMAL":13.0,"BIRD":19.0,"AMPHIBIAN":0.0,"REPTILE":2.0,"BUTTERFLY":0.0,"maml_fst":"13","maml_opn":"6","bird_fst":"19","bird_opn":"0","bird_rvwet":"0","rptl_fst":"2","rptl_opn":"0","rptl_rvwet":"0","amph_fst":"0","amph_opn":"0","anm_hs_fst":2.0,"anm_hs_opn":1.0,"anm_hs_rvw":0.0,"anm_hotsp":1},"geometry":{"type":"Polygon","coordinates":[[[120.902031,23.575358],[120.892234,23.575352],[120.892241,23.566322],[120.902037,23.566328],[120.902031,23.575358]]]}},
{"type":"Feature","properties":{"GridID":16343,"ELE":919,"MAMMAL":13.0,"BIRD":12.0,"AMPHIBIAN":0.0,"REPTILE":3.0,"BUTTERFLY":23.0,"maml_fst":"13","maml_opn":"7","bird_fst":"12","bird_opn":"0","bird_rvwet":"0","rptl_fst":"3","rptl_opn":"0","rptl_rvwet":"0","amph_fst":"0","amph_opn":"0","anm_hs_fst":3.0,"anm_hs_opn":1.0,"anm_hs_rvw":0.0,"anm_hotsp":1},"geometry":{"type":"Polygon","coordinates":[[[120.902017,23.593419],[120.892219,23.593412],[120.892226,23.584382],[120.902024,23.584388],[120.902017,23.593419]]]}},
{"type":"Feature","properties":{"GridID":16359,"ELE":1106,"MAMMAL":18.0,"BIRD":24.0,"AMPHIBIAN":7.0,"REPTILE":24.0,"BUTTERFLY":28.0,"maml_fst":"14","maml_opn":"12","bird_fst":"21","bird_opn":"9","bird_rvwet":"1","rptl_fst":"21","rptl_opn":"14","rptl_rvwet":"3","amph_fst":"7","amph_opn":"5","anm_hs_fst":1.0,"anm_hs_opn":1.0,"anm_hs_rvw":0.0,"anm_hotsp":1},"geometry":{"type":"Polygon","coordinates":[[[120.901909,23.737898],[120.8921,23.737891],[120.892108,23.728861],[120.901916,23.728868],[120.901909,23.737898]]]}},
{"type":"Feature","properties":{"GridID":16364,"ELE":459,"MAMMAL":18.0,"BIRD":34.0,"AMPHIBIAN":14.0,"REPTILE":29.0,"BUTTERFLY":49.0,"maml_fst":"17","maml_opn":"9","bird_fst":"31","bird_opn":"9","bird_rvwet":"3","rptl_fst":"23","rptl_opn":"17","rptl_rvwet":"3","amph_fst":"13","amph_opn":"9","anm_hs_fst":2.0,"anm_hs_opn":1.0,"anm_hs_rvw":0.0,"anm_hotsp":1},"geometry":{"type":"Polygon","coordinates":[[[120.901876,23.783047],[120.892063,23.783041],[120.892071,23.774011],[120.901882,23.774017],[120.901876,23.783047]]]}},
{"type":"Feature","properties":{"GridID":16365,"ELE":346,"MAMMAL":20.0,"BIRD":24.0,"AMPHIBIAN":10.0,"REPTILE":24.0,"BUTTERFLY":41.0,"maml_fst":"19","maml_opn":"11","bird_fst":"22","bird_opn":"6","bird_rvwet":"1","rptl_fst":"18","rptl_opn":"16","rptl_rvwet":"3","amph_fst":"10","amph_opn":"6","anm_hs_fst":0.0,"anm_hs_opn":1.0,"anm_hs_rvw":0.0,"anm_hotsp":1},"geometry":{"type":"Polygon","coordinates":[[[120.901869,23.792077],[120.892056,23.79207],[120.892063,23.783041],[120.901876,23.783047],[120.901869,23.792077]]]}},
{"type":"Feature","properties":{"GridID":16369,"ELE":658,"MAMMAL":26.0,"BIRD":47.0,"AMPHIBIAN":4.0,"REPTILE":22.0,"BUTTERFLY":62.0,"maml_fst":"25","maml_opn":"14","bird_fst":"43","bird_opn":"10","bird_rvwet":"3","rptl_fst":"21","rptl_opn":"9","rptl_rvwet":"2","amph_fst":"4","amph_opn":"1","anm_hs_fst":3.0,"anm_hs_opn":0.0,"anm_hs_rvw":1.0,"anm_hotsp":3},"geometry":{"type":"Polygon","coordinates":[[[120.901776,23.915783],[120.901471,23.916094],[120.901347,23.916473],[120.901309,23.917234],[120.900965,23.918493],[120.891951,23.918487],[120.891958,23.909457],[120.90178,23.909464],[120.901776,23.915783]]]}},
{"type":"Feature","properties":{"GridID":16370,"ELE":720,"MAMMAL":10.0,"BIRD":0.0,"AMPHIBIAN":0.0,"REPTILE":2.0,"BUTTERFLY":7.0,"maml_fst":"10","maml_opn":"4","bird_fst":"0","bird_opn":"0","bird_rvwet":"0","rptl_fst":"2","rptl_opn":"1","rptl_rvwet":"0","amph_fst":"0","amph_opn":"0","anm_hs_fst":0.0,"anm_hs_opn":0.0,"anm_hs_rvw":0.0,"anm_hotsp":1},"geometry":{"type":"Polygon","coordinates":[[[120.900965,23.918493],[120.900897,23.91869],[120.900997,23.919046],[120.901171,23.92102],[120.901096,23.921631],[120.900061,23.923477],[120.899936,23.923827],[120.899711,23.925358],[120.899698,23.92655],[120.899854,23.926895],[120.899977,23.927522],[120.891943,23.927516],[120.891951,23.918487],[120.900965,23.918493]]]}},
{"type":"Feature","properties":{"GridID":16371,"ELE":732,"MAMMAL":21.0,"BIRD":35.0,"AMPHIBIAN":4.0,"REPTILE":16.0,"BUTTERFLY":21.0,"maml_fst":"20","maml_opn":"11","bird_fst":"33","bird_opn":"7","bird_rvwet":"0","rptl_fst":"16","rptl_opn":"5","rptl_rvwet":"0","amph_fst":"4","amph_opn":"1","anm_hs_fst":2.0,"anm_hs_opn":1.0,"anm_hs_rvw":0.0,"anm_hotsp":3},"geometry":{"type":"Polygon","coordinates":[[[120.899977,23.927522],[120.900278,23.928329],[120.899661,23.928209],[120.898333,23.928366],[120.89759,23.92863],[120.896524,23.929166],[120.896281,23.929442],[120.896262,23.929787],[120.896405,23.930543],[120.896162,23.930846],[120.8958,23.931545],[120.895482,23.931877],[120.894334,23.932445],[120.894041,23.932673],[120.89361,23.932822],[120.89318,23.932722],[120.89194,23.931745],[120.891943,23.927516],[120.899977,23.927522]]]}},
{"type":"Feature","properties":{"GridID":16574,"ELE":1630,"MAMMAL":8.0,"BIRD":1.0,"AMPHIBIAN":0.0,"REPTILE":0.0,"BUTTERFLY":1.0,"maml_fst":"8","maml_opn":"2","bird_fst":"1","bird_opn":"0","bird_rvwet":"0","rptl_fst":"0","rptl_opn":"0","rptl_rvwet":"0","amph_fst":"0","amph_opn":"0","anm_hs_fst":2.0,"anm_hs_opn":1.0,"anm_hs_rvw":0.0,"anm_hotsp":1},"geometry":{"type":"Polygon","coordinates":[[[120.91184,23.557304],[120.902044,23.557298],[120.902051,23.548268],[120.911846,23.548274],[120.91184,23.557304]]]}},
{"type":"Feature","properties":{"GridID":16575,"ELE":1409,"MAMMAL":13.0,"BIRD":3.0,"AMPHIBIAN":0.0,"REPTILE":4.0,"BUTTERFLY":4.0,"maml_fst":"13","maml_opn":"5","bird_fst":"3","bird_opn":"0","bird_rvwet":"0","rptl_fst":"4","rptl_opn":"0","rptl_rvwet":"0","amph_fst":"0","amph_opn":"0","anm_hs_fst":2.0,"anm_hs_opn":0.0,"anm_hs_rvw":0.0,"anm_hotsp":1},"geometry":{"type":"Polygon","coordinates":[[[120.911834,23.566334],[120.902037,23.566328],[120.902044,23.557298],[120.91184,23.557304],[120.911834,23.566334]]]}},
{"type":"Feature","properties":{"GridID":16576,"ELE":1095,"MAMMAL":16.0,"BIRD":10.0,"AMPHIBIAN":0.0,"REPTILE":1.0,"BUTTERFLY":5.0,"maml_fst":"16","maml_opn":"7","bird_fst":"9","bird_opn":"2","bird_rvwet":"0","rptl_fst":"1","rptl_opn":"0","rptl_rvwet":"0","amph_fst":"0","amph_opn":"0","anm_hs_fst":2.0,"anm_hs_opn":0.0,"anm_hs_rvw":0.0,"anm_hotsp":1},"geometry":{"type":"Polygon","coordinates":[[[120.911828,23.575364],[120.902031,23.575358],[120.902037,23.566328],[120.911834,23.566334],[120.911828,23.575364]]]}},
{"type":"Feature","properties":{"GridID":16577,"ELE":989,"MAMMAL":15.0,"BIRD":16.0,"AMPHIBIAN":0.0,"REPTILE":1.0,"BUTTERFLY":5.0,"maml_fst":"15","maml_opn":"7","bird_fst":"15","bird_opn":"2","bird_rvwet":"0","rptl_fst":"1","rptl_opn":"0","rptl_rvwet":"0","amph_fst":"0","amph_opn":"0","anm_hs_fst":3.0,"anm_hs_opn":1.0,"anm_hs_rvw":0.0,"anm_hotsp":1},"geometry":{"type":"Polygon","coordinates":[[[120.911821,23.584394],[120.902024,23.584388],[120.902031,23.575358],[120.911828,23.575364],[120.911821,23.584394]]]}},
{"type":"Feature","properties":{"GridID":16578,"ELE":1190,"MAMMAL":12.0,"BIRD":7.0,"AMPHIBIAN":0.0,"REPTILE":3.0,"BUTTERFLY":3.0,"maml_fst":"12","maml_opn":"6","bird_fst":"7","bird_opn":"0","bird_rvwet":"0","rptl_fst":"3","rptl_opn":"0","rptl_rvwet":"0","amph_fst":"0","amph_opn":"0","anm_hs_fst":2.0,"anm_hs_opn":0.0,"anm_hs_rvw":0.0,"anm_hotsp":1},"geometry":{"type":"Polygon","coordinates":[[[120.911815,23.593424],[120.902017,23.593419],[120.902024,23.584388],[120.911821,23.584394],[120.911815,23.593424]]]}},
{"type":"Feature","properties":{"GridID":16592,"ELE":1418,"MAMMAL":15.0,"BIRD":14.0,"AMPHIBIAN":0.0,"REPTILE":1.0,"BUTTERFLY":4.0,"maml_fst":"15","maml_opn":"7","bird_fst":"13","bird_opn":"2","bird_rvwet":"0","rptl_fst":"1","rptl_opn":"0","rptl_rvwet":"0","amph_fst":"0","amph_opn":"0","anm_hs_fst":1.0,"anm_hs_opn":0.0,"anm_hs_rvw":0.0,"anm_hotsp":1},"geometry":{"type":"Polygon","coordinates":[[[120.911731,23.719844],[120.901923,23.719838],[120.90193,23.710808],[120.911737,23.710814],[120.911731,23.719844]]]}},
{"type":"Feature","properties":{"GridID":16593,"ELE":1187,"MAMMAL":15.0,"BIRD":14.0,"AMPHIBIAN":0.0,"REPTILE":2.0,"BUTTERFLY":4.0,"maml_fst":"15","maml_opn":"8","bird_fst":"13","bird_opn":"2","bird_rvwet":"0","rptl_fst":"2","rptl_opn":"0","rptl_rvwet":"0","amph_fst":"0","amph_opn":"0","anm_hs_fst":1.0,"anm_hs_opn":0.0,"anm_hs_rvw":0.0,"anm_hotsp":1},"geometry":{"type":"Polygon","coordinates":[[[120.911725,23.728874],[120.901916,23.728868],[120.901923,23.719838],[120.911731,23.719844],[120.911725,23.728874]]]}},
{"type":"Feature","properties":{"GridID":16600,"ELE":364,"MAMMAL":26.0,"BIRD":46.0,"AMPHIBIAN":5.0,"REPTILE":16.0,"BUTTERFLY":73.0,"maml_fst":"25","maml_opn":"14","bird_fst":"44","bird_opn":"5","bird_rvwet":"1","rptl_fst":"15","rptl_opn":"4","rptl_rvwet":"2","amph_fst":"5","amph_opn":"1","anm_hs_fst":0.0,"anm_hs_opn":1.0,"anm_hs_rvw":0.0,"anm_hotsp":1},"geometry":{"type":"Polygon","coordinates":[[[120.911682,23.792083],[120.901869,23.792077],[120.901876,23.783047],[120.911688,23.783053],[120.911682,23.792083]]]}},
{"type":"Feature","properties":{"GridID":16601,"ELE":493,"MAMMAL":14.0,"BIRD":7.0,"AMPHIBIAN":2.0,"REPTILE":8.0,"BUTTERFLY":60.0,"maml_fst":"13","maml_opn":"6","bird_fst":"6","bird_opn":"1","bird_rvwet":"0","rptl_fst":"7","rptl_opn":"3","rptl_rvwet":"1","amph_fst":"2","amph_opn":"0","anm_hs_fst":2.0,"anm_hs_opn":0.0,"anm_hs_rvw":1.0,"anm_hotsp":2},"geometry":{"type":"Polygon","coordinates":[[[120.911676,23.801113],[120.901862,23.801107],[120.901869,23.792077],[120.911682,23.792083],[120.911676,23.801113]]]}},
{"type":"Feature","properties":{"GridID":16604,"ELE":791,"MAMMAL":15.0,"BIRD":14.0,"AMPHIBIAN":0.0,"REPTILE":3.0,"BUTTERFLY":7.0,"maml_fst":"15","maml_opn":"6","bird_fst":"14","bird_opn":"0","bird_rvwet":"0","rptl_fst":"3","rptl_opn":"0","rptl_rvwet":"0","amph_fst":"0","amph_opn":"0","anm_hs_fst":2.0,"anm_hs_opn":1.0,"anm_hs_rvw":1.0,"anm_hotsp":4},"geometry":{"type":"Polygon","coordinates":[[[120.911627,23.873351],[120.901808,23.873345],[120.901814,23.864315],[120.911633,23.864321],[120.911627,23.873351]]]}},
{"type":"Feature","properties":{"GridID":16607,"ELE":720,"MAMMAL":12.0,"BIRD":12.0,"AMPHIBIAN":0.0,"REPTILE":3.0,"BUTTERFLY":1.0,"maml_fst":"12","maml_opn":"6","bird_fst":"11","bird_opn":"2","bird_rvwet":"0","rptl_fst":"3","rptl_opn":"0","rptl_rvwet":"0","amph_fst":"0","amph_opn":"0","anm_hs_fst":2.0,"anm_hs_opn":0.0,"anm_hs_rvw":0.0,"anm_hotsp":1},"geometry":{"type":"Polygon","coordinates":[[[120.911609,23.90044],[120.901787,23.900434],[120.901794,23.891404],[120.907831,23.891408],[120.908477,23.891846],[120.90995,23.892643],[120.910517,23.893201],[120.911034,23.894278],[120.911346,23.894565],[120.911612,23.894669],[120.911609,23.90044]]]}},
{"type":"Feature","properties":{"GridID":16608,"ELE":782,"MAMMAL":23.0,"BIRD":48.0,"AMPHIBIAN":0.0,"REPTILE":4.0,"BUTTERFLY":16.0,"maml_fst":"23","maml_opn":"10","bird_fst":"43","bird_opn":"7","bird_rvwet":"2","rptl_fst":"4","rptl_opn":"0","rptl_rvwet":"0","amph_fst":"0","amph_opn":"0","anm_hs_fst":1.0,"anm_hs_opn":0.0,"anm_hs_rvw":0.0,"anm_hotsp":2},"geometry":{"type":"Polygon","coordinates":[[[120.911603,23.908416],[120.910034,23.908997],[120.909192,23.908888],[120.908725,23.90898],[120.908326,23.908962],[120.907477,23.90872],[120.906654,23.908817],[120.906212,23.908782],[120.905806,23.908861],[120.905133,23.909297],[120.904692,23.909465],[120.90178,23.909464],[120.901787,23.900434],[120.911609,23.90044],[120.911603,23.908416]]]}},
{"type":"Feature","properties":{"GridID":16609,"ELE":712,"MAMMAL":24.0,"BIRD":51.0,"AMPHIBIAN":2.0,"REPTILE":6.0,"BUTTERFLY":17.0,"maml_fst":"24","maml_opn":"11","bird_fst":"48","bird_opn":"6","bird_rvwet":"1","rptl_fst":"6","rptl_opn":"0","rptl_rvwet":"0","amph_fst":"2","amph_opn":"1","anm_hs_fst":1.0,"anm_hs_opn":0.0,"anm_hs_rvw":0.0,"anm_hotsp":1},"geometry":{"type":"Polygon","coordinates":[[[120.904692,23.909465],[120.904196,23.90959],[120.904104,23.910018],[120.903885,23.910323],[120.902626,23.911004],[120.902376,23.911302],[120.902376,23.911686],[120.90257,23.912453],[120.902488,23.913555],[120.902862,23.914571],[120.902688,23.914907],[120.901776,23.915783],[120.90178,23.909464],[120.904692,23.909465]]]}},
{"type":"Feature","properties":{"GridID":16814,"ELE":1301,"MAMMAL":11.0,"BIRD":12.0,"AMPHIBIAN":0.0,"REPTILE":2.0,"BUTTERFLY":1.0,"maml_fst":"11","maml_opn":"5","bird_fst":"12","bird_opn":"0","bird_rvwet":"0","rptl_fst":"2","rptl_opn":"0","rptl_rvwet":"0","amph_fst":"0","amph_opn":"0","anm_hs_fst":1.0,"anm_hs_opn":0.0,"anm_hs_rvw":0.0,"anm_hotsp":1},"geometry":{"type":"Polygon","coordinates":[[[120.921635,23.557309],[120.91184,23.557304],[120.911846,23.548274],[120.921641,23.548279],[120.921635,23.557309]]]}},
{"type":"Feature","properties":{"GridID":16815,"ELE":1049,"MAMMAL":6.0,"BIRD":10.0,"AMPHIBIAN":0.0,"REPTILE":2.0,"BUTTERFLY":0.0,"maml_fst":"6","maml_opn":"4","bird_fst":"10","bird_opn":"0","bird_rvwet":"0","rptl_fst":"2","rptl_opn":"0","rptl_rvwet":"0","amph_fst":"0","amph_opn":"0","anm_hs_fst":2.0,"anm_hs_opn":0.0,"anm_hs_rvw":0.0,"anm_hotsp":1},"geometry":{"type":"Polygon","coordinates":[[[120.92163,23.566339],[120.911834,23.566334],[120.91184,23.557304],[120.921635,23.557309],[120.92163,23.566339]]]}},
{"type":"Feature","properties":{"GridID":16841,"ELE":373,"MAMMAL":17.0,"BIRD":12.0,"AMPHIBIAN":0.0,"REPTILE":2.0,"BUTTERFLY":5.0,"maml_fst":"16","maml_opn":"6","bird_fst":"12","bird_opn":"0","bird_rvwet":"0","rptl_fst":"2","rptl_opn":"0","rptl_rvwet":"0","amph_fst":"0","amph_opn":"0","anm_hs_fst":0.0,"anm_hs_opn":1.0,"anm_hs_rvw":0.0,"anm_hotsp":1},"geometry":{"type":"Polygon","coordinates":[[[120.92149,23.801118],[120.911676,23.801113],[120.911682,23.792083],[120.921495,23.792088],[120.92149,23.801118]]]}},
{"type":"Feature","properties":{"GridID":16842,"ELE":574,"MAMMAL":14.0,"BIRD":6.0,"AMPHIBIAN":0.0,"REPTILE":3.0,"BUTTERFLY":1.0,"maml_fst":"14","maml_opn":"5","bird_fst":"6","bird_opn":"0","bird_rvwet":"0","rptl_fst":"3","rptl_opn":"0","rptl_rvwet":"0","amph_fst":"0","amph_opn":"0","anm_hs_fst":2.0,"anm_hs_opn":0.0,"anm_hs_rvw":0.0,"anm_hotsp":2},"geometry":{"type":"Polygon","coordinates":[[[120.921484,23.810148],[120.91167,23.810142],[120.911676,23.801113],[120.92149,23.801118],[120.921484,23.810148]]]}},
{"type":"Feature","properties":{"GridID":16843,"ELE":696,"MAMMAL":15.0,"BIRD":13.0,"AMPHIBIAN":0.0,"REPTILE":1.0,"BUTTERFLY":1.0,"maml_fst":"15","maml_opn":"6","bird_fst":"12","bird_opn":"2","bird_rvwet":"0","rptl_fst":"1","rptl_opn":"0","rptl_rvwet":"0","amph_fst":"0","amph_opn":"0","anm_hs_fst":0.0,"anm_hs_opn":0.0,"anm_hs_rvw":0.0,"anm_hotsp":1},"geometry":{"type":"Polygon","coordinates":[[[120.921479,23.819178],[120.911664,23.819172],[120.91167,23.810142],[120.921484,23.810148],[120.921479,23.819178]]]}},
{"type":"Feature","properties":{"GridID":16844,"ELE":775,"MAMMAL":9.0,"BIRD":3.0,"AMPHIBIAN":0.0,"REPTILE":1.0,"BUTTERFLY":0.0,"maml_fst":"9","maml_opn":"5","bird_fst":"3","bird_opn":"0","bird_rvwet":"0","rptl_fst":"1","rptl_opn":"0","rptl_rvwet":"0","amph_fst":"0","amph_opn":"0","anm_hs_fst":1.0,"anm_hs_opn":1.0,"anm_hs_rvw":1.0,"anm_hotsp":3},"geometry":{"type":"Polygon","coordinates":[[[120.921447,23.872688],[120.920633,23.87248],[120.919025,23.872441],[120.917724,23.87274],[120.916809,23.872702],[120.916388,23.873353],[120.911627,23.873351],[120.911633,23.864321],[120.921452,23.864326],[120.921447,23.872688]]]}},
{"type":"Feature","properties":{"GridID":16845,"ELE":788,"MAMMAL":11.0,"BIRD":9.0,"AMPHIBIAN":0.0,"REPTILE":4.0,"BUTTERFLY":2.0,"maml_fst":"11","maml_opn":"5","bird_fst":"9","bird_opn":"0","bird_rvwet":"0","rptl_fst":"4","rptl_opn":"0","rptl_rvwet":"0","amph_fst":"0","amph_opn":"0","anm_hs_fst":1.0,"anm_hs_opn":0.0,"anm_hs_rvw":0.0,"anm_hotsp":1},"geometry":{"type":"Polygon","coordinates":[[[120.916388,23.873353],[120.915541,23.875293],[120.914798,23.87562],[120.913948,23.875813],[120.913682,23.876104],[120.913377,23.876903],[120.913157,23.877203],[120.911623,23.878541],[120.911627,23.873351],[120.916388,23.873353]]]}},
{"type":"Feature","properties":{"GridID":16847,"ELE":681,"MAMMAL":15.0,"BIRD":14.0,"AMPHIBIAN":0.0,"REPTILE":3.0,"BUTTERFLY":5.0,"maml_fst":"15","maml_opn":"7","bird_fst":"13","bird_opn":"2","bird_rvwet":"0","rptl_fst":"3","rptl_opn":"0","rptl_rvwet":"0","amph_fst":"0","amph_opn":"0","anm_hs_fst":1.0,"anm_hs_opn":0.0,"anm_hs_rvw":0.0,"anm_hotsp":1},"geometry":{"type":"Polygon","coordinates":[[[120.911612,23.894669],[120.912149,23.894868],[120.912996,23.895327],[120.913494,23.89546],[120.91436,23.895486],[120.915194,23.895348],[120.915642,23.8954],[120.915929,23.895705],[120.91629,23.895888],[120.916577,23.896153],[120.916838,23.896507],[120.917187,23.897277],[120.917244,23.897672],[120.917163,23.898083],[120.916988,23.898437],[120.916695,23.898738],[120.915176,23.900094],[120.915047,23.900442],[120.911609,23.90044],[120.911612,23.894669]]]}},
{"type":"Feature","properties":{"GridID":17055,"ELE":1185,"MAMMAL":13.0,"BIRD":3.0,"AMPHIBIAN":3.0,"REPTILE":5.0,"BUTTERFLY":35.0,"maml_fst":"13","maml_opn":"7","bird_fst":"2","bird_opn":"1","bird_rvwet":"0","rptl_fst":"3","rptl_opn":"4","rptl_rvwet":"1","amph_fst":"3","amph_opn":"1","anm_hs_fst":2.0,"anm_hs_opn":0.0,"anm_hs_rvw":0.0,"anm_hotsp":1},"geometry":{"type":"Polygon","coordinates":[[[120.931426,23.566344],[120.92163,23.566339],[120.921635,23.557309],[120.931431,23.557314],[120.931426,23.566344]]]}},
{"type":"Feature","properties":{"GridID":17056,"ELE":1416,"MAMMAL":14.0,"BIRD":3.0,"AMPHIBIAN":1.0,"REPTILE":6.0,"BUTTERFLY":34.0,"maml_fst":"14","maml_opn":"7","bird_fst":"2","bird_opn":"1","bird_rvwet":"0","rptl_fst":"3","rptl_opn":"5","rptl_rvwet":"1","amph_fst":"1","amph_opn":"0","anm_hs_fst":2.0,"anm_hs_opn":0.0,"anm_hs_rvw":0.0,"anm_hotsp":1},"geometry":{"type":"Polygon","coordinates":[[[120.931421,23.575374],[120.921624,23.57537],[120.92163,23.566339],[120.931426,23.566344],[120.931421,23.575374]]]}},
{"type":"Feature","properties":{"GridID":17061,"ELE":2151,"MAMMAL":11.0,"BIRD":12.0,"AMPHIBIAN":3.0,"REPTILE":3.0,"BUTTERFLY":12.0,"maml_fst":"10","maml_opn":"3","bird_fst":"10","bird_opn":"1","bird_rvwet":"2","rptl_fst":"3","rptl_opn":"1","rptl_rvwet":"0","amph_fst":"3","amph_opn":"0","anm_hs_fst":2.0,"anm_hs_opn":0.0,"anm_hs_rvw":0.0,"anm_hotsp":1},"geometry":{"type":"Polygon","coordinates":[[[120.931398,23.620524],[120.921598,23.62052],[120.921603,23.61149],[120.931403,23.611494],[120.931398,23.620524]]]}},
{"type":"Feature","properties":{"GridID":17084,"ELE":775,"MAMMAL":12.0,"BIRD":0.0,"AMPHIBIAN":0.0,"REPTILE":1.0,"BUTTERFLY":24.0,"maml_fst":"12","maml_opn":"3","bird_fst":"0","bird_opn":"0","bird_rvwet":"0","rptl_fst":"1","rptl_opn":"0","rptl_rvwet":"0","amph_fst":"0","amph_opn":"0","anm_hs_fst":1.0,"anm_hs_opn":1.0,"anm_hs_rvw":1.0,"anm_hotsp":3},"geometry":{"type":"Polygon","coordinates":[[[120.931268,23.868439],[120.930118,23.868762],[120.929478,23.869315],[120.928585,23.869779],[120.928219,23.870091],[120.927336,23.872201],[120.92731,23.873192],[120.926844,23.873192],[120.9265,23.872919],[120.926117,23.872905],[120.925803,23.872406],[120.925244,23.872299],[120.923843,23.872906],[120.923102,23.873357],[120.92263,23.873318],[120.922309,23.873043],[120.921447,23.872688],[120.921452,23.864326],[120.93127,23.864331],[120.931268,23.868439]]]}},
{"type":"Feature","properties":{"GridID":17085,"ELE":721,"MAMMAL":11.0,"BIRD":1.0,"AMPHIBIAN":0.0,"REPTILE":2.0,"BUTTERFLY":29.0,"maml_fst":"12","maml_opn":"5","bird_fst":"1","bird_opn":"0","bird_rvwet":"0","rptl_fst":"2","rptl_opn":"1","rptl_rvwet":"0","amph_fst":"0","amph_opn":"0","anm_hs_fst":1.0,"anm_hs_opn":0.0,"anm_hs_rvw":0.0,"anm_hotsp":1},"geometry":{"type":"Polygon","coordinates":[[[120.923102,23.873357],[120.92304,23.873389],[120.922853,23.873357],[120.923102,23.873357]]]}},
{"type":"Feature","properties":{"GridID":17321,"ELE":449,"MAMMAL":13.0,"BIRD":3.0,"AMPHIBIAN":0.0,"REPTILE":4.0,"BUTTERFLY":1.0,"maml_fst":"14","maml_opn":"5","bird_fst":"3","bird_opn":"0","bird_rvwet":"0","rptl_fst":"4","rptl_opn":"1","rptl_rvwet":"0","amph_fst":"0","amph_opn":"0","anm_hs_fst":2.0,"anm_hs_opn":1.0,"anm_hs_rvw":1.0,"anm_hotsp":2},"geometry":{"type":"Polygon","coordinates":[[[120.941117,23.801127],[120.931303,23.801123],[120.931308,23.792093],[120.941121,23.792097],[120.941117,23.801127]]]}},
{"type":"Feature","properties":{"GridID":17323,"ELE":676,"MAMMAL":7.0,"BIRD":4.0,"AMPHIBIAN":0.0,"REPTILE":3.0,"BUTTERFLY":0.0,"maml_fst":"7","maml_opn":"4","bird_fst":"4","bird_opn":"0","bird_rvwet":"0","rptl_fst":"3","rptl_opn":"0","rptl_rvwet":"0","amph_fst":"0","amph_opn":"0","anm_hs_fst":1.0,"anm_hs_opn":0.0,"anm_hs_rvw":0.0,"anm_hotsp":1},"geometry":{"type":"Polygon","coordinates":[[[120.941109,23.819186],[120.931294,23.819182],[120.931299,23.810152],[120.941113,23.810156],[120.941109,23.819186]]]}},
{"type":"Feature","properties":{"GridID":17324,"ELE":788,"MAMMAL":8.0,"BIRD":5.0,"AMPHIBIAN":0.0,"REPTILE":2.0,"BUTTERFLY":0.0,"maml_fst":"8","maml_opn":"5","bird_fst":"5","bird_opn":"0","bird_rvwet":"0","rptl_fst":"2","rptl_opn":"0","rptl_rvwet":"0","amph_fst":"0","amph_opn":"0","anm_hs_fst":2.0,"anm_hs_opn":1.0,"anm_hs_rvw":0.0,"anm_hotsp":3},"geometry":{"type":"Polygon","coordinates":[[[120.941088,23.866836],[120.939163,23.866623],[120.93767,23.867347],[120.937143,23.867458],[120.936746,23.867681],[120.936167,23.868227],[120.935739,23.868518],[120.934862,23.868716],[120.934287,23.868983],[120.933281,23.868571],[120.932358,23.868388],[120.931982,23.868352],[120.931268,23.868439],[120.93127,23.864331],[120.941089,23.864335],[120.941088,23.866836]]]}},
{"type":"Feature","properties":{"GridID":17559,"ELE":510,"MAMMAL":11.0,"BIRD":1.0,"AMPHIBIAN":1.0,"REPTILE":3.0,"BUTTERFLY":33.0,"maml_fst":"10","maml_opn":"5","bird_fst":"1","bird_opn":"0","bird_rvwet":"0","rptl_fst":"3","rptl_opn":"2","rptl_rvwet":"0","amph_fst":"1","amph_opn":"0","anm_hs_fst":2.0,"anm_hs_opn":1.0,"anm_hs_rvw":1.0,"anm_hotsp":2},"geometry":{"type":"Polygon","coordinates":[[[120.950931,23.80113],[120.941117,23.801127],[120.941121,23.792097],[120.950934,23.7921],[120.950931,23.80113]]]}},
{"type":"Feature","properties":{"GridID":17562,"ELE":795,"MAMMAL":28.0,"BIRD":47.0,"AMPHIBIAN":9.0,"REPTILE":25.0,"BUTTERFLY":63.0,"maml_fst":"27","maml_opn":"13","bird_fst":"45","bird_opn":"9","bird_rvwet":"1","rptl_fst":"23","rptl_opn":"10","rptl_rvwet":"2","amph_fst":"9","amph_opn":"4","anm_hs_fst":2.0,"anm_hs_opn":0.0,"anm_hs_rvw":1.0,"anm_hotsp":2},"geometry":{"type":"Polygon","coordinates":[[[120.9447,23.864336],[120.94456,23.864668],[120.944243,23.864997],[120.943202,23.865378],[120.942811,23.865692],[120.942106,23.866525],[120.941758,23.866748],[120.941088,23.866836],[120.941089,23.864335],[120.9447,23.864336]]]}},
{"type":"Feature","properties":{"GridID":18074,"ELE":581,"MAMMAL":7.0,"BIRD":3.0,"AMPHIBIAN":2.0,"REPTILE":2.0,"BUTTERFLY":7.0,"maml_fst":"6","maml_opn":"3","bird_fst":"3","bird_opn":"0","bird_rvwet":"0","rptl_fst":"2","rptl_opn":"1","rptl_rvwet":"0","amph_fst":"2","amph_opn":"0","anm_hs_fst":1.0,"anm_hs_opn":0.0,"anm_hs_rvw":0.0,"anm_hotsp":1},"geometry":{"type":"Polygon","coordinates":[[[120.970559,23.801135],[120.960745,23.801133],[120.960748,23.792103],[120.970561,23.792105],[120.970559,23.801135]]]}},
{"type":"Feature","properties":{"GridID":18591,"ELE":877,"MAMMAL":6.0,"BIRD":1.0,"AMPHIBIAN":0.0,"REPTILE":1.0,"BUTTERFLY":2.0,"maml_fst":"6","maml_opn":"3","bird_fst":"1","bird_opn":"0","bird_rvwet":"0","rptl_fst":"1","rptl_opn":"1","rptl_rvwet":"0","amph_fst":"0","amph_opn":"0","anm_hs_fst":0.0,"anm_hs_opn":0.0,"anm_hs_rvw":0.0,"anm_hotsp":1},"geometry":{"type":"Polygon","coordinates":[[[120.990186,23.810167],[120.980371,23.810166],[120.980372,23.801137],[120.990186,23.801138],[120.990186,23.810167]]]}},
{"type":"Feature","properties":{"GridID":18848,"ELE":632,"MAMMAL":13.0,"BIRD":2.0,"AMPHIBIAN":2.0,"REPTILE":5.0,"BUTTERFLY":22.0,"maml_fst":"13","maml_opn":"7","bird_fst":"2","bird_opn":"0","bird_rvwet":"0","rptl_fst":"3","rptl_opn":"3","rptl_rvwet":"1","amph_fst":"2","amph_opn":"1","anm_hs_fst":0.0,"anm_hs_opn":1.0,"anm_hs_rvw":0.0,"anm_hotsp":1},"geometry":{"type":"Polygon","coordinates":[[[121.0,23.801138],[120.990186,23.801138],[120.990187,23.792108],[121.0,23.792108],[121.0,23.801138]]]}},
{"type":"Feature","properties":{"GridID":18849,"ELE":832,"MAMMAL":11.0,"BIRD":1.0,"AMPHIBIAN":0.0,"REPTILE":1.0,"BUTTERFLY":6.0,"maml_fst":"12","maml_opn":"7","bird_fst":"1","bird_opn":"0","bird_rvwet":"0","rptl_fst":"1","rptl_opn":"1","rptl_rvwet":"0","amph_fst":"0","amph_opn":"0","anm_hs_fst":0.0,"anm_hs_opn":0.0,"anm_hs_rvw":0.0,"anm_hotsp":1},"geometry":{"type":"Polygon","coordinates":[[[121.0,23.810168],[120.990186,23.810167],[120.990186,23.801138],[121.0,23.801138],[121.0,23.810168]]]}},
{"type":"Feature","properties":{"GridID":18853,"ELE":1706,"MAMMAL":8.0,"BIRD":1.0,"AMPHIBIAN":0.0,"REPTILE":2.0,"BUTTERFLY":14.0,"maml_fst":"9","maml_opn":"4","bird_fst":"1","bird_opn":"0","bird_rvwet":"0","rptl_fst":"2","rptl_opn":"2","rptl_rvwet":"0","amph_fst":"0","amph_opn":"0","anm_hs_fst":2.0,"anm_hs_opn":0.0,"anm_hs_rvw":0.0,"anm_hotsp":1},"geometry":{"type":"Polygon","coordinates":[[[121.0,23.846287],[120.993242,23.846287],[120.993493,23.845226],[120.993488,23.844783],[120.99336,23.844237],[120.992972,23.843469],[120.992881,23.842932],[120.992942,23.841568],[120.992901,23.841149],[120.992653,23.840273],[120.99268,23.839896],[120.992375,23.839431],[120.991906,23.83925],[120.990183,23.83893],[120.990183,23.837257],[121.0,23.837257],[121.0,23.846287]]]}},
{"type":"Feature","properties":{"GridID":18854,"ELE":1672,"MAMMAL":6.0,"BIRD":1.0,"AMPHIBIAN":0.0,"REPTILE":0.0,"BUTTERFLY":2.0,"maml_fst":"6","maml_opn":"3","bird_fst":"1","bird_opn":"0","bird_rvwet":"0","rptl_fst":"0","rptl_opn":"0","rptl_rvwet":"0","amph_fst":"0","amph_opn":"0","anm_hs_fst":2.0,"anm_hs_opn":0.0,"anm_hs_rvw":0.0,"anm_hotsp":1},"geometry":{"type":"Polygon","coordinates":[[[121.0,23.855317],[120.993552,23.855316],[120.993499,23.854743],[120.993003,23.853463],[120.992946,23.85289],[120.993002,23.851901],[120.992924,23.851454],[120.993163,23.85026],[120.992981,23.849382],[120.99299,23.849009],[120.993299,23.847339],[120.993242,23.846287],[121.0,23.846287],[121.0,23.855317]]]}},
{"type":"Feature","properties":{"GridID":19110,"ELE":1601,"MAMMAL":7.0,"BIRD":1.0,"AMPHIBIAN":0.0,"REPTILE":0.0,"BUTTERFLY":2.0,"maml_fst":"8","maml_opn":"3","bird_fst":"1","bird_opn":"0","bird_rvwet":"0","rptl_fst":"0","rptl_opn":"0","rptl_rvwet":"0","amph_fst":"0","amph_opn":"0","anm_hs_fst":2.0,"anm_hs_opn":1.0,"anm_hs_rvw":0.0,"anm_hotsp":1},"geometry":{"type":"Polygon","coordinates":[[[121.009817,23.837257],[121.0,23.837257],[121.0,23.828227],[121.009816,23.828227],[121.009817,23.837257]]]}},
{"type":"Feature","properties":{"GridID":19111,"ELE":1442,"MAMMAL":12.0,"BIRD":4.0,"AMPHIBIAN":3.0,"REPTILE":4.0,"BUTTERFLY":23.0,"maml_fst":"12","maml_opn":"7","bird_fst":"4","bird_opn":"0","bird_rvwet":"0","rptl_fst":"2","rptl_opn":"3","rptl_rvwet":"1","amph_fst":"3","amph_opn":"1","anm_hs_fst":1.0,"anm_hs_opn":0.0,"anm_hs_rvw":0.0,"anm_hotsp":1},"geometry":{"type":"Polygon","coordinates":[[[121.009817,23.846287],[121.0,23.846287],[121.0,23.837257],[121.009817,23.837257],[121.009817,23.846287]]]}},
{"type":"Feature","properties":{"GridID":19113,"ELE":1586,"MAMMAL":6.0,"BIRD":1.0,"AMPHIBIAN":0.0,"REPTILE":0.0,"BUTTERFLY":2.0,"maml_fst":"6","maml_opn":"3","bird_fst":"1","bird_opn":"0","bird_rvwet":"0","rptl_fst":"0","rptl_opn":"0","rptl_rvwet":"0","amph_fst":"0","amph_opn":"0","anm_hs_fst":1.0,"anm_hs_opn":0.0,"anm_hs_rvw":0.0,"anm_hotsp":1},"geometry":{"type":"Polygon","coordinates":[[[121.009819,23.864346],[121.005584,23.864346],[121.004832,23.863426],[121.00417,23.862873],[121.002391,23.862208],[121.001964,23.861955],[121.000997,23.861045],[121.000711,23.860626],[121.000419,23.860375],[121.0,23.859724],[121.0,23.855317],[121.009818,23.855316],[121.009819,23.864346]]]}},
{"type":"Feature","properties":{"GridID":19115,"ELE":1322,"MAMMAL":7.0,"BIRD":1.0,"AMPHIBIAN":0.0,"REPTILE":1.0,"BUTTERFLY":2.0,"maml_fst":"8","maml_opn":"3","bird_fst":"1","bird_opn":"0","bird_rvwet":"0","rptl_fst":"1","rptl_opn":"1","rptl_rvwet":"0","amph_fst":"0","amph_opn":"0","anm_hs_fst":1.0,"anm_hs_opn":0.0,"anm_hs_rvw":0.0,"anm_hotsp":1},"geometry":{"type":"Polygon","coordinates":[[[121.00982,23.882405],[121.002843,23.882406],[121.00282,23.881916],[121.002185,23.880489],[121.002029,23.879148],[121.002172,23.878726],[121.002297,23.877787],[121.00246,23.877408],[121.002923,23.876774],[121.003396,23.875557],[121.003991,23.874514],[121.004026,23.873783],[121.004431,23.873376],[121.009819,23.873376],[121.00982,23.882405]]]}},
{"type":"Feature","properties":{"GridID":19116,"ELE":1350,"MAMMAL":9.0,"BIRD":1.0,"AMPHIBIAN":0.0,"REPTILE":2.0,"BUTTERFLY":2.0,"maml_fst":"9","maml_opn":"4","bird_fst":"1","bird_opn":"0","bird_rvwet":"0","rptl_fst":"2","rptl_opn":"1","rptl_rvwet":"0","amph_fst":"0","amph_opn":"0","anm_hs_fst":1.0,"anm_hs_opn":0.0,"anm_hs_rvw":0.0,"anm_hotsp":1},"geometry":{"type":"Polygon","coordinates":[[[121.009821,23.891435],[121.009251,23.891435],[121.008996,23.891142],[121.00869,23.890937],[121.008273,23.890824],[121.007749,23.89054],[121.006314,23.889572],[121.006004,23.889278],[121.005343,23.88822],[121.004209,23.886996],[121.003979,23.886683],[121.003855,23.8859],[121.003282,23.884836],[121.003,23.884044],[121.002863,23.883227],[121.002843,23.882406],[121.00982,23.882405],[121.009821,23.891435]]]}},
{"type":"Feature","properties":{"GridID":19117,"ELE":1141,"MAMMAL":16.0,"BIRD":6.0,"AMPHIBIAN":0.0,"REPTILE":3.0,"BUTTERFLY":22.0,"maml_fst":"15","maml_opn":"8","bird_fst":"5","bird_opn":"1","bird_rvwet":"0","rptl_fst":"2","rptl_opn":"2","rptl_rvwet":"0","amph_fst":"0","amph_opn":"0","anm_hs_fst":1.0,"anm_hs_opn":0.0,"anm_hs_rvw":0.0,"anm_hotsp":1},"geometry":{"type":"Polygon","coordinates":[[[121.009821,23.892288],[121.009533,23.891783],[121.009251,23.891435],[121.009821,23.891435],[121.009821,23.892288]]]}},
{"type":"Feature","properties":{"GridID":19351,"ELE":1345,"MAMMAL":8.0,"BIRD":12.0,"AMPHIBIAN":1.0,"REPTILE":7.0,"BUTTERFLY":11.0,"maml_fst":"3","maml_opn":"7","bird_fst":"4","bird_opn":"7","bird_rvwet":"3","rptl_fst":"2","rptl_opn":"6","rptl_rvwet":"2","amph_fst":"1","amph_opn":"0","anm_hs_fst":1.0,"anm_hs_opn":0.0,"anm_hs_rvw":0.0,"anm_hotsp":1},"geometry":{"type":"Polygon","coordinates":[[[121.019633,23.837256],[121.009817,23.837257],[121.009816,23.828227],[121.019632,23.828226],[121.019633,23.837256]]]}},
{"type":"Feature","properties":{"GridID":19353,"ELE":1491,"MAMMAL":6.0,"BIRD":20.0,"AMPHIBIAN":1.0,"REPTILE":15.0,"BUTTERFLY":0.0,"maml_fst":"3","maml_opn":"5","bird_fst":"1","bird_opn":"12","bird_rvwet":"6","rptl_fst":"8","rptl_opn":"9","rptl_rvwet":"3","amph_fst":"1","amph_opn":"1","anm_hs_fst":1.0,"anm_hs_opn":0.0,"anm_hs_rvw":0.0,"anm_hotsp":1},"geometry":{"type":"Polygon","coordinates":[[[121.019636,23.855315],[121.009818,23.855316],[121.009817,23.846287],[121.019634,23.846286],[121.019636,23.855315]]]}},
{"type":"Feature","properties":{"GridID":19357,"ELE":1231,"MAMMAL":10.0,"BIRD":49.0,"AMPHIBIAN":12.0,"REPTILE":22.0,"BUTTERFLY":6.0,"maml_fst":"8","maml_opn":"6","bird_fst":"24","bird_opn":"28","bird_rvwet":"7","rptl_fst":"15","rptl_opn":"14","rptl_rvwet":"4","amph_fst":"8","amph_opn":"10","anm_hs_fst":1.0,"anm_hs_opn":0.0,"anm_hs_rvw":0.0,"anm_hotsp":1},"geometry":{"type":"Polygon","coordinates":[[[121.019641,23.891434],[121.009821,23.891435],[121.00982,23.882405],[121.01964,23.882405],[121.019641,23.891434]]]}},
{"type":"Feature","properties":{"GridID":19358,"ELE":1335,"MAMMAL":19.0,"BIRD":55.0,"AMPHIBIAN":17.0,"REPTILE":28.0,"BUTTERFLY":34.0,"maml_fst":"16","maml_opn":"11","bird_fst":"32","bird_opn":"29","bird_rvwet":"6","rptl_fst":"20","rptl_opn":"19","rptl_rvwet":"4","amph_fst":"13","amph_opn":"12","anm_hs_fst":1.0,"anm_hs_opn":0.0,"anm_hs_rvw":0.0,"anm_hotsp":1},"geometry":{"type":"Polygon","coordinates":[[[121.019641,23.891927],[121.01875,23.891904],[121.017453,23.891687],[121.016992,23.891683],[121.016681,23.891888],[121.016065,23.89253],[121.015641,23.892801],[121.014396,23.893397],[121.013617,23.893598],[121.013,23.894119],[121.01262,23.894198],[121.012227,23.894108],[121.01062,23.894104],[121.010712,23.893598],[121.010531,23.893192],[121.009821,23.892288],[121.009821,23.891435],[121.019641,23.891434],[121.019641,23.891927]]]}},
{"type":"Feature","properties":{"GridID":19600,"ELE":1211,"MAMMAL":8.0,"BIRD":15.0,"AMPHIBIAN":3.0,"REPTILE":9.0,"BUTTERFLY":4.0,"maml_fst":"3","maml_opn":"6","bird_fst":"8","bird_opn":"9","bird_rvwet":"1","rptl_fst":"7","rptl_opn":"7","rptl_rvwet":"0","amph_fst":"1","amph_opn":"3","anm_hs_fst":2.0,"anm_hs_opn":0.0,"anm_hs_rvw":0.0,"anm_hotsp":1},"geometry":{"type":"Polygon","coordinates":[[[121.029468,23.918522],[121.02522,23.918522],[121.024411,23.915648],[121.024385,23.914734],[121.024122,23.913587],[121.024295,23.911973],[121.024013,23.911239],[121.023956,23.910445],[121.023766,23.909493],[121.029466,23.909492],[121.029468,23.918522]]]}},
{"type":"Feature","properties":{"GridID":19601,"ELE":1266,"MAMMAL":7.0,"BIRD":15.0,"AMPHIBIAN":6.0,"REPTILE":12.0,"BUTTERFLY":20.0,"maml_fst":"3","maml_opn":"6","bird_fst":"5","bird_opn":"9","bird_rvwet":"3","rptl_fst":"8","rptl_opn":"8","rptl_rvwet":"3","amph_fst":"3","amph_opn":"6","anm_hs_fst":2.0,"anm_hs_opn":0.0,"anm_hs_rvw":0.0,"anm_hotsp":1},"geometry":{"type":"Polygon","coordinates":[[[121.02947,23.927551],[121.02896,23.927551],[121.028905,23.926876],[121.028679,23.926109],[121.027924,23.925206],[121.02697,23.924434],[121.026757,23.923998],[121.026556,23.92275],[121.026394,23.922359],[121.025745,23.921736],[121.025539,23.921341],[121.025445,23.920849],[121.025507,23.920384],[121.025468,23.919474],[121.02522,23.918522],[121.029468,23.918522],[121.02947,23.927551]]]}},
{"type":"Feature","properties":{"GridID":19839,"ELE":1001,"MAMMAL":12.0,"BIRD":59.0,"AMPHIBIAN":20.0,"REPTILE":34.0,"BUTTERFLY":15.0,"maml_fst":"8","maml_opn":"9","bird_fst":"36","bird_opn":"27","bird_rvwet":"10","rptl_fst":"24","rptl_opn":"23","rptl_rvwet":"6","amph_fst":"16","amph_opn":"13","anm_hs_fst":1.0,"anm_hs_opn":0.0,"anm_hs_rvw":0.0,"anm_hotsp":2},"geometry":{"type":"Polygon","coordinates":[[[121.039288,23.90949],[121.029466,23.909492],[121.029464,23.900462],[121.039285,23.90046],[121.039288,23.90949]]]}},
{"type":"Feature","properties":{"GridID":19840,"ELE":1101,"MAMMAL":13.0,"BIRD":53.0,"AMPHIBIAN":20.0,"REPTILE":23.0,"BUTTERFLY":20.0,"maml_fst":"11","maml_opn":"8","bird_fst":"36","bird_opn":"21","bird_rvwet":"7","rptl_fst":"18","rptl_opn":"15","rptl_rvwet":"3","amph_fst":"16","amph_opn":"13","anm_hs_fst":0.0,"anm_hs_opn":0.0,"anm_hs_rvw":0.0,"anm_hotsp":1},"geometry":{"type":"Polygon","coordinates":[[[121.039291,23.91852],[121.029468,23.918522],[121.029466,23.909492],[121.039288,23.90949],[121.039291,23.91852]]]}},
{"type":"Feature","properties":{"GridID":19842,"ELE":1336,"MAMMAL":11.0,"BIRD":60.0,"AMPHIBIAN":20.0,"REPTILE":34.0,"BUTTERFLY":29.0,"maml_fst":"9","maml_opn":"8","bird_fst":"37","bird_opn":"27","bird_rvwet":"9","rptl_fst":"26","rptl_opn":"20","rptl_rvwet":"5","amph_fst":"16","amph_opn":"13","anm_hs_fst":1.0,"anm_hs_opn":0.0,"anm_hs_rvw":0.0,"anm_hotsp":1},"geometry":{"type":"Polygon","coordinates":[[[121.039296,23.936579],[121.029472,23.936581],[121.029471,23.933152],[121.029734,23.932599],[121.02977,23.932163],[121.02972,23.931247],[121.029471,23.929993],[121.02947,23.927551],[121.039293,23.927549],[121.039296,23.936579]]]}},
{"type":"Feature","properties":{"GridID":20082,"ELE":1010,"MAMMAL":6.0,"BIRD":6.0,"AMPHIBIAN":2.0,"REPTILE":2.0,"BUTTERFLY":25.0,"maml_fst":"5","maml_opn":"4","bird_fst":"6","bird_opn":"0","bird_rvwet":"0","rptl_fst":"2","rptl_opn":"2","rptl_rvwet":"0","amph_fst":"2","amph_opn":"0","anm_hs_fst":3.0,"anm_hs_opn":0.0,"anm_hs_rvw":0.0,"anm_hotsp":1},"geometry":{"type":"Polygon","coordinates":[[[121.049117,23.927546],[121.039293,23.927549],[121.039291,23.91852],[121.049113,23.918517],[121.049117,23.927546]]]}},
{"type":"Feature","properties":{"GridID":20858,"ELE":1340,"MAMMAL":23.0,"BIRD":44.0,"AMPHIBIAN":14.0,"REPTILE":29.0,"BUTTERFLY":69.0,"maml_fst":"22","maml_opn":"11","bird_fst":"42","bird_opn":"8","bird_rvwet":"2","rptl_fst":"27","rptl_opn":"13","rptl_rvwet":"3","amph_fst":"14","amph_opn":"8","anm_hs_fst":1.0,"anm_hs_opn":0.0,"anm_hs_rvw":0.0,"anm_hotsp":1},"geometry":{"type":"Polygon","coordinates":[[[121.078618,23.979939],[121.077618,23.979495],[121.076956,23.978991],[121.076713,23.978637],[121.075968,23.976987],[121.075768,23.976685],[121.075418,23.976462],[121.074527,23.976412],[121.073759,23.976119],[121.072486,23.975784],[121.070808,23.975087],[121.069941,23.974859],[121.068788,23.974236],[121.068787,23.972687],[121.078614,23.972682],[121.078618,23.979939]]]}},
{"type":"Feature","properties":{"GridID":21115,"ELE":964,"MAMMAL":7.0,"BIRD":4.0,"AMPHIBIAN":1.0,"REPTILE":3.0,"BUTTERFLY":19.0,"maml_fst":"6","maml_opn":"5","bird_fst":"4","bird_opn":"0","bird_rvwet":"0","rptl_fst":"3","rptl_opn":"2","rptl_rvwet":"0","amph_fst":"1","amph_opn":"0","anm_hs_fst":2.0,"anm_hs_opn":1.0,"anm_hs_rvw":0.0,"anm_hotsp":1},"geometry":{"type":"Polygon","coordinates":[[[121.088428,23.954618],[121.078603,23.954623],[121.078598,23.945593],[121.088422,23.945588],[121.088428,23.954618]]]}},
{"type":"Feature","properties":{"GridID":21116,"ELE":883,"MAMMAL":2.0,"BIRD":4.0,"AMPHIBIAN":1.0,"REPTILE":3.0,"BUTTERFLY":9.0,"maml_fst":"1","maml_opn":"1","bird_fst":"4","bird_opn":"0","bird_rvwet":"0","rptl_fst":"3","rptl_opn":"2","rptl_rvwet":"0","amph_fst":"1","amph_opn":"0","anm_hs_fst":1.0,"anm_hs_opn":0.0,"anm_hs_rvw":0.0,"anm_hotsp":1},"geometry":{"type":"Polygon","coordinates":[[[121.088435,23.963647],[121.078608,23.963653],[121.078603,23.954623],[121.088428,23.954618],[121.088435,23.963647]]]}},
{"type":"Feature","properties":{"GridID":21375,"ELE":1391,"MAMMAL":21.0,"BIRD":34.0,"AMPHIBIAN":5.0,"REPTILE":16.0,"BUTTERFLY":39.0,"maml_fst":"20","maml_opn":"10","bird_fst":"33","bird_opn":"1","bird_rvwet":"2","rptl_fst":"15","rptl_opn":"6","rptl_rvwet":"2","amph_fst":"5","amph_opn":"1","anm_hs_fst":1.0,"anm_hs_opn":0.0,"anm_hs_rvw":0.0,"anm_hotsp":1},"geometry":{"type":"Polygon","coordinates":[[[121.098247,23.945582],[121.088422,23.945588],[121.088416,23.936558],[121.09824,23.936552],[121.098247,23.945582]]]}},
{"type":"Feature","properties":{"GridID":21376,"ELE":1258,"MAMMAL":6.0,"BIRD":4.0,"AMPHIBIAN":2.0,"REPTILE":3.0,"BUTTERFLY":17.0,"maml_fst":"4","maml_opn":"4","bird_fst":"4","bird_opn":"0","bird_rvwet":"0","rptl_fst":"3","rptl_opn":"2","rptl_rvwet":"0","amph_fst":"2","amph_opn":"0","anm_hs_fst":1.0,"anm_hs_opn":0.0,"anm_hs_rvw":0.0,"anm_hotsp":1},"geometry":{"type":"Polygon","coordinates":[[[121.098254,23.954612],[121.088428,23.954618],[121.088422,23.945588],[121.098247,23.945582],[121.098254,23.954612]]]}},
{"type":"Feature","properties":{"GridID":21379,"ELE":1074,"MAMMAL":5.0,"BIRD":8.0,"AMPHIBIAN":1.0,"REPTILE":4.0,"BUTTERFLY":4.0,"maml_fst":"5","maml_opn":"2","bird_fst":"7","bird_opn":"0","bird_rvwet":"2","rptl_fst":"4","rptl_opn":"2","rptl_rvwet":"0","amph_fst":"1","amph_opn":"0","anm_hs_fst":1.0,"anm_hs_opn":0.0,"anm_hs_rvw":0.0,"anm_hotsp":1},"geometry":{"type":"Polygon","coordinates":[[[121.098274,23.981701],[121.088447,23.981707],[121.088441,23.972677],[121.098267,23.972671],[121.098274,23.981701]]]}},
{"type":"Feature","properties":{"GridID":21639,"ELE":1154,"MAMMAL":21.0,"BIRD":38.0,"AMPHIBIAN":6.0,"REPTILE":18.0,"BUTTERFLY":48.0,"maml_fst":"21","maml_opn":"9","bird_fst":"37","bird_opn":"3","bird_rvwet":"2","rptl_fst":"17","rptl_opn":"7","rptl_rvwet":"2","amph_fst":"6","amph_opn":"2","anm_hs_fst":1.0,"anm_hs_opn":0.0,"anm_hs_rvw":0.0,"anm_hotsp":1},"geometry":{"type":"Polygon","coordinates":[[[121.108087,23.963635],[121.098261,23.963641],[121.098254,23.954612],[121.108079,23.954605],[121.108087,23.963635]]]}},
{"type":"Feature","properties":{"GridID":21640,"ELE":944,"MAMMAL":22.0,"BIRD":55.0,"AMPHIBIAN":14.0,"REPTILE":38.0,"BUTTERFLY":73.0,"maml_fst":"21","maml_opn":"10","bird_fst":"51","bird_opn":"12","bird_rvwet":"3","rptl_fst":"32","rptl_opn":"18","rptl_rvwet":"3","amph_fst":"14","amph_opn":"7","anm_hs_fst":2.0,"anm_hs_opn":0.0,"anm_hs_rvw":0.0,"anm_hotsp":1},"geometry":{"type":"Polygon","coordinates":[[[121.108094,23.972664],[121.098267,23.972671],[121.098261,23.963641],[121.108087,23.963635],[121.108094,23.972664]]]}},
{"type":"Feature","properties":{"GridID":21641,"ELE":980,"MAMMAL":19.0,"BIRD":43.0,"AMPHIBIAN":10.0,"REPTILE":29.0,"BUTTERFLY":65.0,"maml_fst":"19","maml_opn":"10","bird_fst":"42","bird_opn":"5","bird_rvwet":"2","rptl_fst":"27","rptl_opn":"12","rptl_rvwet":"3","amph_fst":"10","amph_opn":"4","anm_hs_fst":2.0,"anm_hs_opn":0.0,"anm_hs_rvw":0.0,"anm_hotsp":1},"geometry":{"type":"Polygon","coordinates":[[[121.108102,23.981694],[121.098274,23.981701],[121.098267,23.972671],[121.108094,23.972664],[121.108102,23.981694]]]}},
{"type":"Feature","properties":{"GridID":21891,"ELE":1052,"MAMMAL":28.0,"BIRD":52.0,"AMPHIBIAN":8.0,"REPTILE":28.0,"BUTTERFLY":70.0,"maml_fst":"28","maml_opn":"14","bird_fst":"48","bird_opn":"10","bird_rvwet":"3","rptl_fst":"26","rptl_opn":"10","rptl_rvwet":"2","amph_fst":"8","amph_opn":"4","anm_hs_fst":3.0,"anm_hs_opn":0.0,"anm_hs_rvw":0.0,"anm_hotsp":1},"geometry":{"type":"Polygon","coordinates":[[[121.117913,23.963628],[121.108087,23.963635],[121.108079,23.954605],[121.117904,23.954598],[121.117913,23.963628]]]}},
{"type":"Feature","properties":{"GridID":21895,"ELE":1187,"MAMMAL":21.0,"BIRD":55.0,"AMPHIBIAN":13.0,"REPTILE":34.0,"BUTTERFLY":75.0,"maml_fst":"21","maml_opn":"9","bird_fst":"51","bird_opn":"14","bird_rvwet":"3","rptl_fst":"31","rptl_opn":"14","rptl_rvwet":"3","amph_fst":"13","amph_opn":"7","anm_hs_fst":2.0,"anm_hs_opn":0.0,"anm_hs_rvw":0.0,"anm_hotsp":1},"geometry":{"type":"Polygon","coordinates":[[[121.117939,23.992773],[121.117543,23.992488],[121.117567,23.992108],[121.117872,23.991318],[121.117936,23.990716],[121.117937,23.990716],[121.117939,23.992773]]]}},
{"type":"Feature","properties":{"GridID":22142,"ELE":1082,"MAMMAL":4.0,"BIRD":10.0,"AMPHIBIAN":5.0,"REPTILE":6.0,"BUTTERFLY":6.0,"maml_fst":"4","maml_opn":"2","bird_fst":"8","bird_opn":"1","bird_rvwet":"1","rptl_fst":"5","rptl_opn":"3","rptl_rvwet":"1","amph_fst":"5","amph_opn":"1","anm_hs_fst":3.0,"anm_hs_opn":0.0,"anm_hs_rvw":0.0,"anm_hotsp":3},"geometry":{"type":"Polygon","coordinates":[[[121.12773,23.95459],[121.117904,23.954598],[121.117896,23.945568],[121.127721,23.94556],[121.12773,23.95459]]]}},
{"type":"Feature","properties":{"GridID":22143,"ELE":1021,"MAMMAL":6.0,"BIRD":13.0,"AMPHIBIAN":3.0,"REPTILE":3.0,"BUTTERFLY":4.0,"maml_fst":"6","maml_opn":"4","bird_fst":"13","bird_opn":"0","bird_rvwet":"0","rptl_fst":"3","rptl_opn":"0","rptl_rvwet":"0","amph_fst":"3","amph_opn":"0","anm_hs_fst":3.0,"anm_hs_opn":0.0,"anm_hs_rvw":0.0,"anm_hotsp":2},"geometry":{"type":"Polygon","coordinates":[[[121.127739,23.96362],[121.117913,23.963628],[121.117904,23.954598],[121.12773,23.95459],[121.127739,23.96362]]]}},
{"type":"Feature","properties":{"GridID":22147,"ELE":1329,"MAMMAL":22.0,"BIRD":57.0,"AMPHIBIAN":4.0,"REPTILE":12.0,"BUTTERFLY":26.0,"maml_fst":"22","maml_opn":"9","bird_fst":"51","bird_opn":"9","bird_rvwet":"3","rptl_fst":"12","rptl_opn":"3","rptl_rvwet":"0","amph_fst":"4","amph_opn":"1","anm_hs_fst":1.0,"anm_hs_opn":0.0,"anm_hs_rvw":0.0,"anm_hotsp":1},"geometry":{"type":"Polygon","coordinates":[[[121.127774,23.999738],[121.122262,23.999742],[121.122205,23.998713],[121.122424,23.996857],[121.121747,23.996194],[121.120904,23.995643],[121.11966,23.994071],[121.119254,23.993848],[121.118935,23.993482],[121.117939,23.992773],[121.117937,23.990716],[121.127765,23.990708],[121.127774,23.999738]]]}},
{"type":"Feature","properties":{"GridID":22394,"ELE":1120,"MAMMAL":12.0,"BIRD":18.0,"AMPHIBIAN":0.0,"REPTILE":1.0,"BUTTERFLY":0.0,"maml_fst":"12","maml_opn":"8","bird_fst":"16","bird_opn":"3","bird_rvwet":"0","rptl_fst":"1","rptl_opn":"0","rptl_rvwet":"0","amph_fst":"0","amph_opn":"0","anm_hs_fst":3.0,"anm_hs_opn":1.0,"anm_hs_rvw":0.0,"anm_hotsp":1},"geometry":{"type":"Polygon","coordinates":[[[121.137565,23.963611],[121.127739,23.96362],[121.12773,23.95459],[121.137555,23.954582],[121.137565,23.963611]]]}},
{"type":"Feature","properties":{"GridID":22395,"ELE":1119,"MAMMAL":11.0,"BIRD":15.0,"AMPHIBIAN":0.0,"REPTILE":1.0,"BUTTERFLY":0.0,"maml_fst":"11","maml_opn":"7","bird_fst":"14","bird_opn":"2","bird_rvwet":"0","rptl_fst":"1","rptl_opn":"0","rptl_rvwet":"0","amph_fst":"0","amph_opn":"0","anm_hs_fst":2.0,"anm_hs_opn":0.0,"anm_hs_rvw":0.0,"anm_hotsp":1},"geometry":{"type":"Polygon","coordinates":[[[121.137574,23.972641],[121.127748,23.972649],[121.127739,23.96362],[121.137565,23.963611],[121.137574,23.972641]]]}},
{"type":"Feature","properties":{"GridID":22396,"ELE":1000,"MAMMAL":19.0,"BIRD":53.0,"AMPHIBIAN":3.0,"REPTILE":6.0,"BUTTERFLY":11.0,"maml_fst":"19","maml_opn":"9","bird_fst":"47","bird_opn":"8","bird_rvwet":"3","rptl_fst":"6","rptl_opn":"1","rptl_rvwet":"0","amph_fst":"3","amph_opn":"1","anm_hs_fst":3.0,"anm_hs_opn":1.0,"anm_hs_rvw":0.0,"anm_hotsp":4},"geometry":{"type":"Polygon","coordinates":[[[121.137584,23.98167],[121.127757,23.981679],[121.127748,23.972649],[121.137574,23.972641],[121.137584,23.98167]]]}},
{"type":"Feature","properties":{"GridID":22397,"ELE":1053,"MAMMAL":9.0,"BIRD":12.0,"AMPHIBIAN":0.0,"REPTILE":2.0,"BUTTERFLY":0.0,"maml_fst":"9","maml_opn":"5","bird_fst":"12","bird_opn":"0","bird_rvwet":"0","rptl_fst":"2","rptl_opn":"0","rptl_rvwet":"0","amph_fst":"0","amph_opn":"0","anm_hs_fst":2.0,"anm_hs_opn":1.0,"anm_hs_rvw":0.0,"anm_hotsp":1},"geometry":{"type":"Polygon","coordinates":[[[121.137594,23.9907],[121.127765,23.990708],[121.127757,23.981679],[121.137584,23.98167],[121.137594,23.9907]]]}},
{"type":"Feature","properties":{"GridID":22398,"ELE":1075,"MAMMAL":19.0,"BIRD":51.0,"AMPHIBIAN":3.0,"REPTILE":7.0,"BUTTERFLY":10.0,"maml_fst":"19","maml_opn":"9","bird_fst":"45","bird_opn":"8","bird_rvwet":"3","rptl_fst":"7","rptl_opn":"2","rptl_rvwet":"0","amph_fst":"3","amph_opn":"1","anm_hs_fst":2.0,"anm_hs_opn":1.0,"anm_hs_rvw":0.0,"anm_hotsp":1},"geometry":{"type":"Polygon","coordinates":[[[121.137603,23.999729],[121.127774,23.999738],[121.127765,23.990708],[121.137594,23.9907],[121.137603,23.999729]]]}},
{"type":"Feature","properties":{"GridID":22517,"ELE":845,"MAMMAL":5.0,"BIRD":2.0,"AMPHIBIAN":0.0,"REPTILE":1.0,"BUTTERFLY":2.0,"maml_fst":"5","maml_opn":"5","bird_fst":"2","bird_opn":"0","bird_rvwet":"0","rptl_fst":"1","rptl_opn":"1","rptl_rvwet":"0","amph_fst":"0","amph_opn":"0","anm_hs_fst":0.0,"anm_hs_opn":0.0,"anm_hs_rvw":0.0,"anm_hotsp":1},"geometry":{"type":"Polygon","coordinates":[[[120.862521,23.882344],[120.852701,23.882335],[120.852712,23.873306],[120.862531,23.873315],[120.862521,23.882344]]]}},
{"type":"Feature","properties":{"GridID":22518,"ELE":932,"MAMMAL":6.0,"BIRD":2.0,"AMPHIBIAN":0.0,"REPTILE":1.0,"BUTTERFLY":2.0,"maml_fst":"6","maml_opn":"5","bird_fst":"2","bird_opn":"0","bird_rvwet":"0","rptl_fst":"1","rptl_opn":"1","rptl_rvwet":"0","amph_fst":"0","amph_opn":"0","anm_hs_fst":0.0,"anm_hs_opn":0.0,"anm_hs_rvw":0.0,"anm_hotsp":1},"geometry":{"type":"Polygon","coordinates":[[[120.862512,23.891374],[120.853229,23.891365],[120.853435,23.891152],[120.853454,23.890515],[120.852693,23.890086],[120.852701,23.882335],[120.862521,23.882344],[120.862512,23.891374]]]}},
{"type":"Feature","properties":{"GridID":22519,"ELE":896,"MAMMAL":12.0,"BIRD":2.0,"AMPHIBIAN":1.0,"REPTILE":5.0,"BUTTERFLY":12.0,"maml_fst":"11","maml_opn":"7","bird_fst":"2","bird_opn":"0","bird_rvwet":"0","rptl_fst":"4","rptl_opn":"2","rptl_rvwet":"1","amph_fst":"1","amph_opn":"0","anm_hs_fst":0.0,"anm_hs_opn":0.0,"anm_hs_rvw":0.0,"anm_hotsp":1},"geometry":{"type":"Polygon","coordinates":[[[120.862502,23.900404],[120.861719,23.900403],[120.861019,23.899476],[120.860669,23.898105],[120.860429,23.897656],[120.859201,23.896465],[120.858827,23.896273],[120.858397,23.896211],[120.857697,23.895714],[120.856775,23.895603],[120.856315,23.895449],[120.855989,23.895191],[120.855529,23.894543],[120.85341,23.89303],[120.853017,23.892262],[120.853017,23.891824],[120.853229,23.891365],[120.862512,23.891374],[120.862502,23.900404]]]}},
{"type":"Feature","properties":{"GridID":22520,"ELE":773,"MAMMAL":14.0,"BIRD":2.0,"AMPHIBIAN":1.0,"REPTILE":5.0,"BUTTERFLY":16.0,"maml_fst":"13","maml_opn":"9","bird_fst":"2","bird_opn":"0","bird_rvwet":"0","rptl_fst":"4","rptl_opn":"2","rptl_rvwet":"1","amph_fst":"1","amph_opn":"1","anm_hs_fst":2.0,"anm_hs_opn":0.0,"anm_hs_rvw":0.0,"anm_hotsp":3},"geometry":{"type":"Polygon","coordinates":[[[120.862499,23.903903],[120.861916,23.901558],[120.861842,23.900682],[120.861719,23.900403],[120.862502,23.900404],[120.862499,23.903903]]]}},
{"type":"Feature","properties":{"GridID":22521,"ELE":568,"MAMMAL":21.0,"BIRD":39.0,"AMPHIBIAN":9.0,"REPTILE":32.0,"BUTTERFLY":63.0,"maml_fst":"20","maml_opn":"12","bird_fst":"34","bird_opn":"10","bird_rvwet":"2","rptl_fst":"25","rptl_opn":"20","rptl_rvwet":"3","amph_fst":"9","amph_opn":"5","anm_hs_fst":1.0,"anm_hs_opn":0.0,"anm_hs_rvw":1.0,"anm_hotsp":1},"geometry":{"type":"Polygon","coordinates":[[[120.87235,23.873323],[120.862531,23.873315],[120.86254,23.864285],[120.872359,23.864293],[120.87235,23.873323]]]}},
{"type":"Feature","properties":{"GridID":22522,"ELE":589,"MAMMAL":19.0,"BIRD":34.0,"AMPHIBIAN":8.0,"REPTILE":29.0,"BUTTERFLY":39.0,"maml_fst":"17","maml_opn":"12","bird_fst":"29","bird_opn":"11","bird_rvwet":"3","rptl_fst":"21","rptl_opn":"19","rptl_rvwet":"4","amph_fst":"7","amph_opn":"4","anm_hs_fst":1.0,"anm_hs_opn":0.0,"anm_hs_rvw":1.0,"anm_hotsp":1},"geometry":{"type":"Polygon","coordinates":[[[120.872341,23.882353],[120.862521,23.882344],[120.862531,23.873315],[120.87235,23.873323],[120.872341,23.882353]]]}},
{"type":"Feature","properties":{"GridID":22523,"ELE":619,"MAMMAL":10.0,"BIRD":1.0,"AMPHIBIAN":0.0,"REPTILE":2.0,"BUTTERFLY":18.0,"maml_fst":"10","maml_opn":"8","bird_fst":"1","bird_opn":"0","bird_rvwet":"0","rptl_fst":"2","rptl_opn":"1","rptl_rvwet":"0","amph_fst":"0","amph_opn":"0","anm_hs_fst":2.0,"anm_hs_opn":0.0,"anm_hs_rvw":1.0,"anm_hotsp":2},"geometry":{"type":"Polygon","coordinates":[[[120.872332,23.891383],[120.862512,23.891374],[120.862521,23.882344],[120.872341,23.882353],[120.872332,23.891383]]]}},
{"type":"Feature","properties":{"GridID":22524,"ELE":645,"MAMMAL":9.0,"BIRD":1.0,"AMPHIBIAN":0.0,"REPTILE":4.0,"BUTTERFLY":6.0,"maml_fst":"10","maml_opn":"6","bird_fst":"1","bird_opn":"0","bird_rvwet":"0","rptl_fst":"4","rptl_opn":"2","rptl_rvwet":"0","amph_fst":"0","amph_opn":"0","anm_hs_fst":1.0,"anm_hs_opn":0.0,"anm_hs_rvw":1.0,"anm_hotsp":2},"geometry":{"type":"Polygon","coordinates":[[[120.872323,23.900412],[120.862502,23.900404],[120.862512,23.891374],[120.872332,23.891383],[120.872323,23.900412]]]}},
{"type":"Feature","properties":{"GridID":22526,"ELE":643,"MAMMAL":7.0,"BIRD":2.0,"AMPHIBIAN":0.0,"REPTILE":2.0,"BUTTERFLY":2.0,"maml_fst":"8","maml_opn":"4","bird_fst":"2","bird_opn":"0","bird_rvwet":"0","rptl_fst":"2","rptl_opn":"1","rptl_rvwet":"0","amph_fst":"0","amph_opn":"0","anm_hs_fst":0.0,"anm_hs_opn":0.0,"anm_hs_rvw":0.0,"anm_hotsp":1},"geometry":{"type":"Polygon","coordinates":[[[120.882169,23.873331],[120.87235,23.873323],[120.872359,23.864293],[120.882177,23.864301],[120.882169,23.873331]]]}},
{"type":"Feature","properties":{"GridID":22527,"ELE":547,"MAMMAL":11.0,"BIRD":6.0,"AMPHIBIAN":0.0,"REPTILE":1.0,"BUTTERFLY":5.0,"maml_fst":"12","maml_opn":"5","bird_fst":"5","bird_opn":"1","bird_rvwet":"0","rptl_fst":"1","rptl_opn":"0","rptl_rvwet":"0","amph_fst":"0","amph_opn":"0","anm_hs_fst":2.0,"anm_hs_opn":0.0,"anm_hs_rvw":0.0,"anm_hotsp":1},"geometry":{"type":"Polygon","coordinates":[[[120.882161,23.882361],[120.872341,23.882353],[120.87235,23.873323],[120.882169,23.873331],[120.882161,23.882361]]]}},
{"type":"Feature","properties":{"GridID":22528,"ELE":574,"MAMMAL":10.0,"BIRD":1.0,"AMPHIBIAN":0.0,"REPTILE":0.0,"BUTTERFLY":1.0,"maml_fst":"9","maml_opn":"4","bird_fst":"1","bird_opn":"0","bird_rvwet":"0","rptl_fst":"0","rptl_opn":"0","rptl_rvwet":"0","amph_fst":"0","amph_opn":"0","anm_hs_fst":2.0,"anm_hs_opn":0.0,"anm_hs_rvw":1.0,"anm_hotsp":3},"geometry":{"type":"Polygon","coordinates":[[[120.882153,23.89139],[120.872332,23.891383],[120.872341,23.882353],[120.882161,23.882361],[120.882153,23.89139]]]}},
{"type":"Feature","properties":{"GridID":22529,"ELE":706,"MAMMAL":7.0,"BIRD":0.0,"AMPHIBIAN":0.0,"REPTILE":1.0,"BUTTERFLY":0.0,"maml_fst":"6","maml_opn":"2","bird_fst":"0","bird_opn":"0","bird_rvwet":"0","rptl_fst":"1","rptl_opn":"1","rptl_rvwet":"0","amph_fst":"0","amph_opn":"0","anm_hs_fst":0.0,"anm_hs_opn":0.0,"anm_hs_rvw":0.0,"anm_hotsp":1},"geometry":{"type":"Polygon","coordinates":[[[120.882145,23.90042],[120.872323,23.900412],[120.872332,23.891383],[120.882153,23.89139],[120.882145,23.90042]]]}},
{"type":"Feature","properties":{"GridID":22530,"ELE":814,"MAMMAL":11.0,"BIRD":9.0,"AMPHIBIAN":0.0,"REPTILE":3.0,"BUTTERFLY":1.0,"maml_fst":"11","maml_opn":"5","bird_fst":"8","bird_opn":"1","bird_rvwet":"0","rptl_fst":"3","rptl_opn":"0","rptl_rvwet":"0","amph_fst":"0","amph_opn":"0","anm_hs_fst":0.0,"anm_hs_opn":0.0,"anm_hs_rvw":0.0,"anm_hotsp":1},"geometry":{"type":"Polygon","coordinates":[[[120.882137,23.90945],[120.874404,23.909444],[120.872315,23.908991],[120.872323,23.900412],[120.882145,23.90042],[120.882137,23.90945]]]}},
{"type":"Feature","properties":{"GridID":22531,"ELE":356,"MAMMAL":9.0,"BIRD":7.0,"AMPHIBIAN":0.0,"REPTILE":0.0,"BUTTERFLY":1.0,"maml_fst":"9","maml_opn":"3","bird_fst":"5","bird_opn":"1","bird_rvwet":"1","rptl_fst":"0","rptl_opn":"0","rptl_rvwet":"0","amph_fst":"0","amph_opn":"0","anm_hs_fst":2.0,"anm_hs_opn":1.0,"anm_hs_rvw":1.0,"anm_hotsp":3},"geometry":{"type":"Polygon","coordinates":[[[120.862578,23.828166],[120.852763,23.828157],[120.852773,23.819127],[120.862588,23.819136],[120.862578,23.828166]]]}},
{"type":"Feature","properties":{"GridID":22533,"ELE":515,"MAMMAL":9.0,"BIRD":18.0,"AMPHIBIAN":0.0,"REPTILE":5.0,"BUTTERFLY":0.0,"maml_fst":"9","maml_opn":"5","bird_fst":"17","bird_opn":"1","bird_rvwet":"0","rptl_fst":"5","rptl_opn":"0","rptl_rvwet":"0","amph_fst":"0","amph_opn":"0","anm_hs_fst":1.0,"anm_hs_opn":1.0,"anm_hs_rvw":1.0,"anm_hotsp":2},"geometry":{"type":"Polygon","coordinates":[[[120.862559,23.846226],[120.852742,23.846216],[120.852752,23.837187],[120.862569,23.837196],[120.862559,23.846226]]]}},
{"type":"Feature","properties":{"GridID":22537,"ELE":400,"MAMMAL":7.0,"BIRD":14.0,"AMPHIBIAN":0.0,"REPTILE":2.0,"BUTTERFLY":0.0,"maml_fst":"7","maml_opn":"5","bird_fst":"14","bird_opn":"0","bird_rvwet":"0","rptl_fst":"2","rptl_opn":"0","rptl_rvwet":"0","amph_fst":"0","amph_opn":"0","anm_hs_fst":2.0,"anm_hs_opn":2.0,"anm_hs_rvw":1.0,"anm_hotsp":4},"geometry":{"type":"Polygon","coordinates":[[[120.872385,23.837204],[120.862569,23.837196],[120.862578,23.828166],[120.872394,23.828174],[120.872385,23.837204]]]}},
{"type":"Feature","properties":{"GridID":22538,"ELE":404,"MAMMAL":7.0,"BIRD":14.0,"AMPHIBIAN":0.0,"REPTILE":4.0,"BUTTERFLY":0.0,"maml_fst":"7","maml_opn":"6","bird_fst":"14","bird_opn":"0","bird_rvwet":"0","rptl_fst":"4","rptl_opn":"0","rptl_rvwet":"0","amph_fst":"0","amph_opn":"0","anm_hs_fst":0.0,"anm_hs_opn":1.0,"anm_hs_rvw":0.0,"anm_hotsp":2},"geometry":{"type":"Polygon","coordinates":[[[120.872377,23.846234],[120.862559,23.846226],[120.862569,23.837196],[120.872385,23.837204],[120.872377,23.846234]]]}},
{"type":"Feature","properties":{"GridID":22539,"ELE":461,"MAMMAL":7.0,"BIRD":16.0,"AMPHIBIAN":0.0,"REPTILE":2.0,"BUTTERFLY":0.0,"maml_fst":"7","maml_opn":"6","bird_fst":"16","bird_opn":"0","bird_rvwet":"0","rptl_fst":"2","rptl_opn":"0","rptl_rvwet":"0","amph_fst":"0","amph_opn":"0","anm_hs_fst":2.0,"anm_hs_opn":1.0,"anm_hs_rvw":1.0,"anm_hotsp":2},"geometry":{"type":"Polygon","coordinates":[[[120.872368,23.855264],[120.86255,23.855255],[120.862559,23.846226],[120.872377,23.846234],[120.872368,23.855264]]]}},
{"type":"Feature","properties":{"GridID":22540,"ELE":518,"MAMMAL":7.0,"BIRD":10.0,"AMPHIBIAN":0.0,"REPTILE":1.0,"BUTTERFLY":0.0,"maml_fst":"7","maml_opn":"6","bird_fst":"10","bird_opn":"0","bird_rvwet":"0","rptl_fst":"1","rptl_opn":"0","rptl_rvwet":"0","amph_fst":"0","amph_opn":"0","anm_hs_fst":1.0,"anm_hs_opn":1.0,"anm_hs_rvw":1.0,"anm_hotsp":3},"geometry":{"type":"Polygon","coordinates":[[[120.872359,23.864293],[120.86254,23.864285],[120.86255,23.855255],[120.872368,23.855264],[120.872359,23.864293]]]}},
{"type":"Feature","properties":{"GridID":22544,"ELE":670,"MAMMAL":11.0,"BIRD":15.0,"AMPHIBIAN":0.0,"REPTILE":2.0,"BUTTERFLY":0.0,"maml_fst":"11","maml_opn":"7","bird_fst":"14","bird_opn":"2","bird_rvwet":"0","rptl_fst":"2","rptl_opn":"0","rptl_rvwet":"0","amph_fst":"0","amph_opn":"0","anm_hs_fst":0.0,"anm_hs_opn":0.0,"anm_hs_rvw":0.0,"anm_hotsp":1},"geometry":{"type":"Polygon","coordinates":[[[120.882186,23.855272],[120.872368,23.855264],[120.872377,23.846234],[120.882194,23.846242],[120.882186,23.855272]]]}},
{"type":"Feature","properties":{"GridID":22545,"ELE":659,"MAMMAL":11.0,"BIRD":16.0,"AMPHIBIAN":0.0,"REPTILE":1.0,"BUTTERFLY":0.0,"maml_fst":"11","maml_opn":"6","bird_fst":"16","bird_opn":"0","bird_rvwet":"0","rptl_fst":"1","rptl_opn":"0","rptl_rvwet":"0","amph_fst":"0","amph_opn":"0","anm_hs_fst":0.0,"anm_hs_opn":0.0,"anm_hs_rvw":0.0,"anm_hotsp":1},"geometry":{"type":"Polygon","coordinates":[[[120.882177,23.864301],[120.872359,23.864293],[120.872368,23.855264],[120.882186,23.855272],[120.882177,23.864301]]]}},
{"type":"Feature","properties":{"GridID":22551,"ELE":1475,"MAMMAL":9.0,"BIRD":2.0,"AMPHIBIAN":0.0,"REPTILE":0.0,"BUTTERFLY":2.0,"maml_fst":"8","maml_opn":"4","bird_fst":"0","bird_opn":"1","bird_rvwet":"1","rptl_fst":"0","rptl_opn":"0","rptl_rvwet":"0","amph_fst":"0","amph_opn":"0","anm_hs_fst":1.0,"anm_hs_opn":0.0,"anm_hs_rvw":0.0,"anm_hotsp":2},"geometry":{"type":"Polygon","coordinates":[[[120.774779,23.512016],[120.764986,23.512001],[120.765002,23.502971],[120.774794,23.502986],[120.774779,23.512016]]]}},
{"type":"Feature","properties":{"GridID":22556,"ELE":1825,"MAMMAL":11.0,"BIRD":10.0,"AMPHIBIAN":0.0,"REPTILE":2.0,"BUTTERFLY":2.0,"maml_fst":"11","maml_opn":"6","bird_fst":"9","bird_opn":"1","bird_rvwet":"0","rptl_fst":"2","rptl_opn":"0","rptl_rvwet":"0","amph_fst":"0","amph_opn":"0","anm_hs_fst":2.0,"anm_hs_opn":1.0,"anm_hs_rvw":0.0,"anm_hotsp":1},"geometry":{"type":"Polygon","coordinates":[[[120.784571,23.51203],[120.774779,23.512016],[120.774794,23.502986],[120.777748,23.50299],[120.778223,23.503586],[120.778676,23.504348],[120.779804,23.50541],[120.780717,23.50591],[120.781902,23.506307],[120.78229,23.506274],[120.782701,23.506071],[120.783101,23.50574],[120.783584,23.505079],[120.784583,23.504388],[120.784571,23.51203]]]}},
{"type":"Feature","properties":{"GridID":22561,"ELE":2004,"MAMMAL":6.0,"BIRD":10.0,"AMPHIBIAN":0.0,"REPTILE":2.0,"BUTTERFLY":0.0,"maml_fst":"6","maml_opn":"4","bird_fst":"10","bird_opn":"0","bird_rvwet":"0","rptl_fst":"2","rptl_opn":"0","rptl_rvwet":"0","amph_fst":"0","amph_opn":"0","anm_hs_fst":2.0,"anm_hs_opn":0.0,"anm_hs_rvw":0.0,"anm_hotsp":1},"geometry":{"type":"Polygon","coordinates":[[[120.794363,23.512043],[120.784571,23.51203],[120.784583,23.504388],[120.785361,23.503716],[120.785802,23.503001],[120.789443,23.503006],[120.790852,23.503613],[120.792003,23.504605],[120.792447,23.504635],[120.79357,23.504445],[120.794375,23.504473],[120.794363,23.512043]]]}},
{"type":"Feature","properties":{"GridID":22562,"ELE":1798,"MAMMAL":9.0,"BIRD":16.0,"AMPHIBIAN":0.0,"REPTILE":3.0,"BUTTERFLY":0.0,"maml_fst":"9","maml_opn":"6","bird_fst":"16","bird_opn":"1","bird_rvwet":"0","rptl_fst":"3","rptl_opn":"0","rptl_rvwet":"0","amph_fst":"0","amph_opn":"0","anm_hs_fst":2.0,"anm_hs_opn":0.0,"anm_hs_rvw":0.0,"anm_hotsp":1},"geometry":{"type":"Polygon","coordinates":[[[120.794349,23.521073],[120.784556,23.52106],[120.784571,23.51203],[120.794363,23.512043],[120.794349,23.521073]]]}},
{"type":"Feature","properties":{"GridID":22566,"ELE":2201,"MAMMAL":10.0,"BIRD":13.0,"AMPHIBIAN":0.0,"REPTILE":1.0,"BUTTERFLY":0.0,"maml_fst":"10","maml_opn":"6","bird_fst":"12","bird_opn":"2","bird_rvwet":"0","rptl_fst":"1","rptl_opn":"0","rptl_rvwet":"0","amph_fst":"0","amph_opn":"0","anm_hs_fst":2.0,"anm_hs_opn":0.0,"anm_hs_rvw":0.0,"anm_hotsp":2},"geometry":{"type":"Polygon","coordinates":[[[120.804155,23.512055],[120.794363,23.512043],[120.794375,23.504473],[120.795294,23.504465],[120.796554,23.504268],[120.799101,23.504344],[120.799619,23.504229],[120.799996,23.504056],[120.800717,23.50351],[120.801044,23.503021],[120.802782,23.503024],[120.803455,23.503679],[120.804167,23.504095],[120.804155,23.512055]]]}},
{"type":"Feature","properties":{"GridID":22567,"ELE":2003,"MAMMAL":9.0,"BIRD":3.0,"AMPHIBIAN":0.0,"REPTILE":1.0,"BUTTERFLY":0.0,"maml_fst":"9","maml_opn":"5","bird_fst":"3","bird_opn":"0","bird_rvwet":"0","rptl_fst":"1","rptl_opn":"0","rptl_rvwet":"0","amph_fst":"0","amph_opn":"0","anm_hs_fst":2.0,"anm_hs_opn":0.0,"anm_hs_rvw":0.0,"anm_hotsp":1},"geometry":{"type":"Polygon","coordinates":[[[120.804142,23.521085],[120.794349,23.521073],[120.794363,23.512043],[120.804155,23.512055],[120.804142,23.521085]]]}},
{"type":"Feature","properties":{"GridID":22568,"ELE":1955,"MAMMAL":7.0,"BIRD":6.0,"AMPHIBIAN":0.0,"REPTILE":1.0,"BUTTERFLY":0.0,"maml_fst":"7","maml_opn":"5","bird_fst":"6","bird_opn":"0","bird_rvwet":"0","rptl_fst":"1","rptl_opn":"0","rptl_rvwet":"0","amph_fst":"0","amph_opn":"0","anm_hs_fst":1.0,"anm_hs_opn":0.0,"anm_hs_rvw":0.0,"anm_hotsp":1},"geometry":{"type":"Polygon","coordinates":[[[120.804128,23.530116],[120.794335,23.530103],[120.794349,23.521073],[120.804142,23.521085],[120.804128,23.530116]]]}},
{"type":"Feature","properties":{"GridID":22571,"ELE":2353,"MAMMAL":7.0,"BIRD":3.0,"AMPHIBIAN":0.0,"REPTILE":1.0,"BUTTERFLY":0.0,"maml_fst":"7","maml_opn":"5","bird_fst":"3","bird_opn":"0","bird_rvwet":"0","rptl_fst":"1","rptl_opn":"0","rptl_rvwet":"0","amph_fst":"0","amph_opn":"0","anm_hs_fst":2.0,"anm_hs_opn":0.0,"anm_hs_rvw":0.0,"anm_hotsp":1},"geometry":{"type":"Polygon","coordinates":[[[120.813947,23.512067],[120.804155,23.512055],[120.804167,23.504095],[120.805648,23.504688],[120.807021,23.50467],[120.807502,23.504821],[120.808846,23.5056],[120.810591,23.505893],[120.81197,23.505904],[120.81248,23.506028],[120.812775,23.506954],[120.813337,23.508118],[120.813567,23.508531],[120.813952,23.508887],[120.813947,23.512067]]]}},
{"type":"Feature","properties":{"GridID":22572,"ELE":2197,"MAMMAL":8.0,"BIRD":10.0,"AMPHIBIAN":0.0,"REPTILE":1.0,"BUTTERFLY":0.0,"maml_fst":"8","maml_opn":"5","bird_fst":"9","bird_opn":"2","bird_rvwet":"0","rptl_fst":"1","rptl_opn":"0","rptl_rvwet":"0","amph_fst":"0","amph_opn":"0","anm_hs_fst":2.0,"anm_hs_opn":1.0,"anm_hs_rvw":0.0,"anm_hotsp":2},"geometry":{"type":"Polygon","coordinates":[[[120.813935,23.521097],[120.804142,23.521085],[120.804155,23.512055],[120.813947,23.512067],[120.813935,23.521097]]]}},
{"type":"Feature","properties":{"GridID":22576,"ELE":2364,"MAMMAL":11.0,"BIRD":16.0,"AMPHIBIAN":0.0,"REPTILE":1.0,"BUTTERFLY":0.0,"maml_fst":"11","maml_opn":"7","bird_fst":"15","bird_opn":"2","bird_rvwet":"0","rptl_fst":"1","rptl_opn":"0","rptl_rvwet":"0","amph_fst":"0","amph_opn":"0","anm_hs_fst":2.0,"anm_hs_opn":0.0,"anm_hs_rvw":0.0,"anm_hotsp":2},"geometry":{"type":"MultiPolygon","coordinates":[[[[120.82374,23.512079],[120.822485,23.512077],[120.823264,23.511233],[120.823368,23.510791],[120.823368,23.510358],[120.823121,23.508885],[120.823088,23.507587],[120.823164,23.50714],[120.823328,23.506773],[120.823523,23.506407],[120.823747,23.506314],[120.82374,23.512079]]],[[[120.813952,23.508887],[120.81501,23.510273],[120.815772,23.510624],[120.81652,23.510869],[120.816774,23.511124],[120.817342,23.512071],[120.813947,23.512067],[120.813952,23.508887]]]]}},
{"type":"Feature","properties":{"GridID":22577,"ELE":2336,"MAMMAL":9.0,"BIRD":9.0,"AMPHIBIAN":0.0,"REPTILE":1.0,"BUTTERFLY":0.0,"maml_fst":"9","maml_opn":"5","bird_fst":"8","bird_opn":"2","bird_rvwet":"0","rptl_fst":"1","rptl_opn":"0","rptl_rvwet":"0","amph_fst":"0","amph_opn":"0","anm_hs_fst":2.0,"anm_hs_opn":0.0,"anm_hs_rvw":0.0,"anm_hotsp":1},"geometry":{"type":"Polygon","coordinates":[[[120.823728,23.521109],[120.813935,23.521097],[120.813947,23.512067],[120.817342,23.512071],[120.817793,23.512557],[120.818398,23.513013],[120.818471,23.51335],[120.81874,23.513775],[120.819335,23.514315],[120.819523,23.514967],[120.819975,23.514465],[120.821318,23.513635],[120.82178,23.51285],[120.822485,23.512077],[120.82374,23.512079],[120.823728,23.521109]]]}},
{"type":"Feature","properties":{"GridID":22578,"ELE":2295,"MAMMAL":10.0,"BIRD":10.0,"AMPHIBIAN":0.0,"REPTILE":1.0,"BUTTERFLY":0.0,"maml_fst":"10","maml_opn":"5","bird_fst":"9","bird_opn":"2","bird_rvwet":"0","rptl_fst":"1","rptl_opn":"0","rptl_rvwet":"0","amph_fst":"0","amph_opn":"0","anm_hs_fst":2.0,"anm_hs_opn":0.0,"anm_hs_rvw":0.0,"anm_hotsp":1},"geometry":{"type":"Polygon","coordinates":[[[120.823716,23.530139],[120.813922,23.530128],[120.813935,23.521097],[120.823728,23.521109],[120.823716,23.530139]]]}},
{"type":"Feature","properties":{"GridID":22586,"ELE":1753,"MAMMAL":8.0,"BIRD":7.0,"AMPHIBIAN":0.0,"REPTILE":1.0,"BUTTERFLY":0.0,"maml_fst":"9","maml_opn":"5","bird_fst":"7","bird_opn":"0","bird_rvwet":"0","rptl_fst":"1","rptl_opn":"0","rptl_rvwet":"0","amph_fst":"0","amph_opn":"0","anm_hs_fst":2.0,"anm_hs_opn":0.0,"anm_hs_rvw":0.0,"anm_hotsp":2},"geometry":{"type":"Polygon","coordinates":[[[120.843324,23.5121],[120.833532,23.51209],[120.833543,23.503059],[120.843335,23.50307],[120.843324,23.5121]]]}},
{"type":"Feature","properties":{"GridID":22589,"ELE":1563,"MAMMAL":7.0,"BIRD":7.0,"AMPHIBIAN":0.0,"REPTILE":1.0,"BUTTERFLY":0.0,"maml_fst":"7","maml_opn":"5","bird_fst":"7","bird_opn":"0","bird_rvwet":"0","rptl_fst":"1","rptl_opn":"0","rptl_rvwet":"0","amph_fst":"0","amph_opn":"0","anm_hs_fst":2.0,"anm_hs_opn":0.0,"anm_hs_rvw":0.0,"anm_hotsp":1},"geometry":{"type":"Polygon","coordinates":[[[120.843292,23.53919],[120.833498,23.53918],[120.833509,23.53015],[120.843303,23.53016],[120.843292,23.53919]]]}},
{"type":"Feature","properties":{"GridID":22590,"ELE":1495,"MAMMAL":8.0,"BIRD":6.0,"AMPHIBIAN":0.0,"REPTILE":1.0,"BUTTERFLY":0.0,"maml_fst":"8","maml_opn":"5","bird_fst":"6","bird_opn":"0","bird_rvwet":"0","rptl_fst":"1","rptl_opn":"0","rptl_rvwet":"0","amph_fst":"0","amph_opn":"0","anm_hs_fst":1.0,"anm_hs_opn":0.0,"anm_hs_rvw":0.0,"anm_hotsp":1},"geometry":{"type":"Polygon","coordinates":[[[120.843281,23.54822],[120.833486,23.54821],[120.833498,23.53918],[120.843292,23.53919],[120.843281,23.54822]]]}},
{"type":"Feature","properties":{"GridID":22591,"ELE":1488,"MAMMAL":10.0,"BIRD":6.0,"AMPHIBIAN":0.0,"REPTILE":1.0,"BUTTERFLY":0.0,"maml_fst":"10","maml_opn":"6","bird_fst":"6","bird_opn":"0","bird_rvwet":"0","rptl_fst":"1","rptl_opn":"0","rptl_rvwet":"0","amph_fst":"0","amph_opn":"0","anm_hs_fst":2.0,"anm_hs_opn":0.0,"anm_hs_rvw":0.0,"anm_hotsp":1},"geometry":{"type":"Polygon","coordinates":[[[120.853116,23.512109],[120.843324,23.5121],[120.843335,23.50307],[120.853126,23.503079],[120.853116,23.512109]]]}},
{"type":"Feature","properties":{"GridID":22592,"ELE":1439,"MAMMAL":8.0,"BIRD":5.0,"AMPHIBIAN":0.0,"REPTILE":3.0,"BUTTERFLY":0.0,"maml_fst":"8","maml_opn":"5","bird_fst":"5","bird_opn":"0","bird_rvwet":"0","rptl_fst":"3","rptl_opn":"0","rptl_rvwet":"0","amph_fst":"0","amph_opn":"0","anm_hs_fst":2.0,"anm_hs_opn":0.0,"anm_hs_rvw":0.0,"anm_hotsp":1},"geometry":{"type":"Polygon","coordinates":[[[120.853106,23.521139],[120.843313,23.52113],[120.843324,23.5121],[120.853116,23.512109],[120.853106,23.521139]]]}},
{"type":"Feature","properties":{"GridID":22593,"ELE":1415,"MAMMAL":7.0,"BIRD":6.0,"AMPHIBIAN":0.0,"REPTILE":1.0,"BUTTERFLY":0.0,"maml_fst":"7","maml_opn":"5","bird_fst":"6","bird_opn":"0","bird_rvwet":"0","rptl_fst":"1","rptl_opn":"0","rptl_rvwet":"0","amph_fst":"0","amph_opn":"0","anm_hs_fst":2.0,"anm_hs_opn":1.0,"anm_hs_rvw":0.0,"anm_hotsp":1},"geometry":{"type":"Polygon","coordinates":[[[120.853096,23.530169],[120.843303,23.53016],[120.843313,23.52113],[120.853106,23.521139],[120.853096,23.530169]]]}},
{"type":"Feature","properties":{"GridID":22594,"ELE":1352,"MAMMAL":10.0,"BIRD":2.0,"AMPHIBIAN":0.0,"REPTILE":1.0,"BUTTERFLY":4.0,"maml_fst":"11","maml_opn":"6","bird_fst":"2","bird_opn":"0","bird_rvwet":"0","rptl_fst":"1","rptl_opn":"0","rptl_rvwet":"0","amph_fst":"0","amph_opn":"0","anm_hs_fst":2.0,"anm_hs_opn":1.0,"anm_hs_rvw":0.0,"anm_hotsp":1},"geometry":{"type":"Polygon","coordinates":[[[120.853086,23.5392],[120.843292,23.53919],[120.843303,23.53016],[120.853096,23.530169],[120.853086,23.5392]]]}},
{"type":"Feature","properties":{"GridID":22595,"ELE":1356,"MAMMAL":6.0,"BIRD":2.0,"AMPHIBIAN":0.0,"REPTILE":0.0,"BUTTERFLY":1.0,"maml_fst":"6","maml_opn":"4","bird_fst":"1","bird_opn":"1","bird_rvwet":"0","rptl_fst":"0","rptl_opn":"0","rptl_rvwet":"0","amph_fst":"0","amph_opn":"0","anm_hs_fst":2.0,"anm_hs_opn":0.0,"anm_hs_rvw":0.0,"anm_hotsp":1},"geometry":{"type":"Polygon","coordinates":[[[120.853076,23.54823],[120.843281,23.54822],[120.843292,23.53919],[120.853086,23.5392],[120.853076,23.54823]]]}},
{"type":"Feature","properties":{"GridID":22877,"ELE":1051,"MAMMAL":32.0,"BIRD":54.0,"AMPHIBIAN":9.0,"REPTILE":30.0,"BUTTERFLY":77.0,"maml_fst":"28","maml_opn":"19","bird_fst":"45","bird_opn":"17","bird_rvwet":"6","rptl_fst":"26","rptl_opn":"14","rptl_rvwet":"2","amph_fst":"9","amph_opn":"5","anm_hs_fst":3.0,"anm_hs_opn":0.0,"anm_hs_rvw":0.0,"anm_hotsp":2},"geometry":{"type":"Polygon","coordinates":[[[121.127787,24.012116],[121.126655,24.010064],[121.12576,24.008769],[121.127783,24.008768],[121.127787,24.012116]]]}},
{"type":"Feature","properties":{"GridID":22881,"ELE":1068,"MAMMAL":27.0,"BIRD":54.0,"AMPHIBIAN":17.0,"REPTILE":37.0,"BUTTERFLY":79.0,"maml_fst":"22","maml_opn":"16","bird_fst":"48","bird_opn":"14","bird_rvwet":"3","rptl_fst":"32","rptl_opn":"17","rptl_rvwet":"3","amph_fst":"15","amph_opn":"11","anm_hs_fst":2.0,"anm_hs_opn":1.0,"anm_hs_rvw":0.0,"anm_hotsp":1},"geometry":{"type":"Polygon","coordinates":[[[121.137613,24.008759],[121.127783,24.008768],[121.127774,23.999738],[121.137603,23.999729],[121.137613,24.008759]]]}},
{"type":"Feature","properties":{"GridID":22882,"ELE":1074,"MAMMAL":26.0,"BIRD":54.0,"AMPHIBIAN":12.0,"REPTILE":37.0,"BUTTERFLY":67.0,"maml_fst":"25","maml_opn":"13","bird_fst":"49","bird_opn":"15","bird_rvwet":"3","rptl_fst":"30","rptl_opn":"19","rptl_rvwet":"3","amph_fst":"12","amph_opn":"6","anm_hs_fst":3.0,"anm_hs_opn":1.0,"anm_hs_rvw":0.0,"anm_hotsp":1},"geometry":{"type":"Polygon","coordinates":[[[121.137622,24.017789],[121.131028,24.017794],[121.130225,24.015885],[121.129373,24.014324],[121.128443,24.013171],[121.127787,24.012116],[121.127783,24.008768],[121.137613,24.008759],[121.137622,24.017789]]]}},
{"type":"Feature","properties":{"GridID":22883,"ELE":1082,"MAMMAL":26.0,"BIRD":51.0,"AMPHIBIAN":8.0,"REPTILE":29.0,"BUTTERFLY":66.0,"maml_fst":"26","maml_opn":"12","bird_fst":"47","bird_opn":"11","bird_rvwet":"3","rptl_fst":"26","rptl_opn":"12","rptl_rvwet":"2","amph_fst":"8","amph_opn":"3","anm_hs_fst":2.0,"anm_hs_opn":1.0,"anm_hs_rvw":0.0,"anm_hotsp":3},"geometry":{"type":"Polygon","coordinates":[[[121.137632,24.026818],[121.136801,24.026819],[121.13616,24.026116],[121.135485,24.025715],[121.134848,24.025104],[121.133773,24.024433],[121.132842,24.023567],[121.132047,24.021299],[121.131589,24.019286],[121.131028,24.017794],[121.137622,24.017789],[121.137632,24.026818]]]}},
{"type":"Feature","properties":{"GridID":22884,"ELE":1051,"MAMMAL":15.0,"BIRD":3.0,"AMPHIBIAN":1.0,"REPTILE":2.0,"BUTTERFLY":4.0,"maml_fst":"15","maml_opn":"5","bird_fst":"3","bird_opn":"0","bird_rvwet":"0","rptl_fst":"1","rptl_opn":"2","rptl_rvwet":"0","amph_fst":"1","amph_opn":"0","anm_hs_fst":3.0,"anm_hs_opn":0.0,"anm_hs_rvw":0.0,"anm_hotsp":2},"geometry":{"type":"Polygon","coordinates":[[[121.137632,24.027139],[121.137191,24.027023],[121.136801,24.026819],[121.137632,24.026818],[121.137632,24.027139]]]}},
{"type":"Feature","properties":{"GridID":22888,"ELE":573,"MAMMAL":12.0,"BIRD":8.0,"AMPHIBIAN":0.0,"REPTILE":3.0,"BUTTERFLY":1.0,"maml_fst":"12","maml_opn":"6","bird_fst":"8","bird_opn":"0","bird_rvwet":"0","rptl_fst":"3","rptl_opn":"0","rptl_rvwet":"0","amph_fst":"0","amph_opn":"0","anm_hs_fst":1.0,"anm_hs_opn":0.0,"anm_hs_rvw":1.0,"anm_hotsp":2},"geometry":{"type":"Polygon","coordinates":[[[120.891973,23.891398],[120.882153,23.89139],[120.882161,23.882361],[120.891981,23.882368],[120.891973,23.891398]]]}},
{"type":"Feature","properties":{"GridID":22889,"ELE":619,"MAMMAL":11.0,"BIRD":10.0,"AMPHIBIAN":0.0,"REPTILE":3.0,"BUTTERFLY":0.0,"maml_fst":"11","maml_opn":"5","bird_fst":"10","bird_opn":"0","bird_rvwet":"0","rptl_fst":"3","rptl_opn":"0","rptl_rvwet":"0","amph_fst":"0","amph_opn":"0","anm_hs_fst":1.0,"anm_hs_opn":0.0,"anm_hs_rvw":0.0,"anm_hotsp":1},"geometry":{"type":"Polygon","coordinates":[[[120.891966,23.900427],[120.882145,23.90042],[120.882153,23.89139],[120.891973,23.891398],[120.891966,23.900427]]]}},
{"type":"Feature","properties":{"GridID":22890,"ELE":659,"MAMMAL":11.0,"BIRD":1.0,"AMPHIBIAN":0.0,"REPTILE":2.0,"BUTTERFLY":4.0,"maml_fst":"11","maml_opn":"5","bird_fst":"1","bird_opn":"0","bird_rvwet":"0","rptl_fst":"2","rptl_opn":"1","rptl_rvwet":"0","amph_fst":"0","amph_opn":"0","anm_hs_fst":1.0,"anm_hs_opn":0.0,"anm_hs_rvw":0.0,"anm_hotsp":2},"geometry":{"type":"Polygon","coordinates":[[[120.891958,23.909457],[120.882137,23.90945],[120.882145,23.90042],[120.891966,23.900427],[120.891958,23.909457]]]}},
{"type":"Feature","properties":{"GridID":22894,"ELE":697,"MAMMAL":6.0,"BIRD":6.0,"AMPHIBIAN":1.0,"REPTILE":3.0,"BUTTERFLY":0.0,"maml_fst":"6","maml_opn":"3","bird_fst":"6","bird_opn":"0","bird_rvwet":"0","rptl_fst":"3","rptl_opn":"0","rptl_rvwet":"0","amph_fst":"1","amph_opn":"0","anm_hs_fst":0.0,"anm_hs_opn":0.0,"anm_hs_rvw":0.0,"anm_hotsp":1},"geometry":{"type":"Polygon","coordinates":[[[120.901787,23.900434],[120.891966,23.900427],[120.891973,23.891398],[120.901794,23.891404],[120.901787,23.900434]]]}},
{"type":"Feature","properties":{"GridID":22895,"ELE":715,"MAMMAL":6.0,"BIRD":7.0,"AMPHIBIAN":0.0,"REPTILE":3.0,"BUTTERFLY":0.0,"maml_fst":"5","maml_opn":"3","bird_fst":"7","bird_opn":"0","bird_rvwet":"0","rptl_fst":"3","rptl_opn":"0","rptl_rvwet":"0","amph_fst":"0","amph_opn":"0","anm_hs_fst":1.0,"anm_hs_opn":0.0,"anm_hs_rvw":0.0,"anm_hotsp":1},"geometry":{"type":"Polygon","coordinates":[[[120.90178,23.909464],[120.891958,23.909457],[120.891966,23.900427],[120.901787,23.900434],[120.90178,23.909464]]]}},
{"type":"Feature","properties":{"GridID":22897,"ELE":652,"MAMMAL":8.0,"BIRD":3.0,"AMPHIBIAN":0.0,"REPTILE":3.0,"BUTTERFLY":2.0,"maml_fst":"7","maml_opn":"3","bird_fst":"3","bird_opn":"0","bird_rvwet":"0","rptl_fst":"3","rptl_opn":"0","rptl_rvwet":"0","amph_fst":"0","amph_opn":"0","anm_hs_fst":1.0,"anm_hs_opn":1.0,"anm_hs_rvw":1.0,"anm_hotsp":1},"geometry":{"type":"Polygon","coordinates":[[[120.892018,23.837219],[120.882202,23.837212],[120.88221,23.828182],[120.892026,23.828189],[120.892018,23.837219]]]}},
{"type":"Feature","properties":{"GridID":22898,"ELE":624,"MAMMAL":11.0,"BIRD":9.0,"AMPHIBIAN":0.0,"REPTILE":3.0,"BUTTERFLY":0.0,"maml_fst":"10","maml_opn":"4","bird_fst":"9","bird_opn":"0","bird_rvwet":"0","rptl_fst":"3","rptl_opn":"0","rptl_rvwet":"0","amph_fst":"0","amph_opn":"0","anm_hs_fst":1.0,"anm_hs_opn":0.0,"anm_hs_rvw":0.0,"anm_hotsp":1},"geometry":{"type":"Polygon","coordinates":[[[120.892011,23.846249],[120.882194,23.846242],[120.882202,23.837212],[120.892018,23.837219],[120.892011,23.846249]]]}},
{"type":"Feature","properties":{"GridID":22900,"ELE":821,"MAMMAL":15.0,"BIRD":16.0,"AMPHIBIAN":0.0,"REPTILE":1.0,"BUTTERFLY":0.0,"maml_fst":"15","maml_opn":"7","bird_fst":"15","bird_opn":"2","bird_rvwet":"0","rptl_fst":"1","rptl_opn":"0","rptl_rvwet":"0","amph_fst":"0","amph_opn":"0","anm_hs_fst":1.0,"anm_hs_opn":0.0,"anm_hs_rvw":0.0,"anm_hotsp":2},"geometry":{"type":"Polygon","coordinates":[[[120.891996,23.864308],[120.882177,23.864301],[120.882186,23.855272],[120.892003,23.855279],[120.891996,23.864308]]]}},
{"type":"Feature","properties":{"GridID":22903,"ELE":724,"MAMMAL":7.0,"BIRD":18.0,"AMPHIBIAN":0.0,"REPTILE":3.0,"BUTTERFLY":0.0,"maml_fst":"7","maml_opn":"5","bird_fst":"18","bird_opn":"0","bird_rvwet":"0","rptl_fst":"3","rptl_opn":"0","rptl_rvwet":"0","amph_fst":"0","amph_opn":"0","anm_hs_fst":1.0,"anm_hs_opn":1.0,"anm_hs_rvw":0.0,"anm_hotsp":3},"geometry":{"type":"Polygon","coordinates":[[[120.901828,23.846256],[120.892011,23.846249],[120.892018,23.837219],[120.901835,23.837226],[120.901828,23.846256]]]}},
{"type":"Feature","properties":{"GridID":22904,"ELE":794,"MAMMAL":7.0,"BIRD":15.0,"AMPHIBIAN":0.0,"REPTILE":3.0,"BUTTERFLY":0.0,"maml_fst":"7","maml_opn":"5","bird_fst":"14","bird_opn":"1","bird_rvwet":"0","rptl_fst":"3","rptl_opn":"0","rptl_rvwet":"0","amph_fst":"0","amph_opn":"0","anm_hs_fst":3.0,"anm_hs_opn":1.0,"anm_hs_rvw":0.0,"anm_hotsp":3},"geometry":{"type":"Polygon","coordinates":[[[120.901821,23.855285],[120.892003,23.855279],[120.892011,23.846249],[120.901828,23.846256],[120.901821,23.855285]]]}},
{"type":"Feature","properties":{"GridID":22905,"ELE":834,"MAMMAL":7.0,"BIRD":13.0,"AMPHIBIAN":1.0,"REPTILE":3.0,"BUTTERFLY":0.0,"maml_fst":"7","maml_opn":"4","bird_fst":"13","bird_opn":"0","bird_rvwet":"0","rptl_fst":"3","rptl_opn":"0","rptl_rvwet":"0","amph_fst":"1","amph_opn":"0","anm_hs_fst":3.0,"anm_hs_opn":0.0,"anm_hs_rvw":0.0,"anm_hotsp":3},"geometry":{"type":"Polygon","coordinates":[[[120.901814,23.864315],[120.891996,23.864308],[120.892003,23.855279],[120.901821,23.855285],[120.901814,23.864315]]]}},
{"type":"Feature","properties":{"GridID":22908,"ELE":759,"MAMMAL":12.0,"BIRD":12.0,"AMPHIBIAN":1.0,"REPTILE":3.0,"BUTTERFLY":0.0,"maml_fst":"11","maml_opn":"6","bird_fst":"12","bird_opn":"0","bird_rvwet":"0","rptl_fst":"3","rptl_opn":"0","rptl_rvwet":"0","amph_fst":"1","amph_opn":"0","anm_hs_fst":1.0,"anm_hs_opn":1.0,"anm_hs_rvw":0.0,"anm_hotsp":3},"geometry":{"type":"Polygon","coordinates":[[[120.911645,23.846261],[120.901828,23.846256],[120.901835,23.837226],[120.911651,23.837232],[120.911645,23.846261]]]}},
{"type":"Feature","properties":{"GridID":22909,"ELE":761,"MAMMAL":24.0,"BIRD":52.0,"AMPHIBIAN":5.0,"REPTILE":17.0,"BUTTERFLY":44.0,"maml_fst":"23","maml_opn":"11","bird_fst":"48","bird_opn":"8","bird_rvwet":"2","rptl_fst":"16","rptl_opn":"6","rptl_rvwet":"1","amph_fst":"5","amph_opn":"1","anm_hs_fst":1.0,"anm_hs_opn":1.0,"anm_hs_rvw":0.0,"anm_hotsp":1},"geometry":{"type":"Polygon","coordinates":[[[120.911639,23.855291],[120.901821,23.855285],[120.901828,23.846256],[120.911645,23.846261],[120.911639,23.855291]]]}},
{"type":"Feature","properties":{"GridID":22910,"ELE":751,"MAMMAL":12.0,"BIRD":21.0,"AMPHIBIAN":2.0,"REPTILE":3.0,"BUTTERFLY":1.0,"maml_fst":"11","maml_opn":"6","bird_fst":"20","bird_opn":"0","bird_rvwet":"1","rptl_fst":"3","rptl_opn":"0","rptl_rvwet":"0","amph_fst":"2","amph_opn":"0","anm_hs_fst":0.0,"anm_hs_opn":1.0,"anm_hs_rvw":0.0,"anm_hotsp":2},"geometry":{"type":"Polygon","coordinates":[[[120.911633,23.864321],[120.901814,23.864315],[120.901821,23.855285],[120.911639,23.855291],[120.911633,23.864321]]]}},
{"type":"Feature","properties":{"GridID":22911,"ELE":756,"MAMMAL":12.0,"BIRD":17.0,"AMPHIBIAN":1.0,"REPTILE":3.0,"BUTTERFLY":0.0,"maml_fst":"12","maml_opn":"6","bird_fst":"17","bird_opn":"0","bird_rvwet":"0","rptl_fst":"3","rptl_opn":"0","rptl_rvwet":"0","amph_fst":"1","amph_opn":"0","anm_hs_fst":1.0,"anm_hs_opn":0.0,"anm_hs_rvw":0.0,"anm_hotsp":2},"geometry":{"type":"Polygon","coordinates":[[[120.921473,23.828207],[120.911658,23.828202],[120.911664,23.819172],[120.921479,23.819178],[120.921473,23.828207]]]}},
{"type":"Feature","properties":{"GridID":22912,"ELE":780,"MAMMAL":12.0,"BIRD":18.0,"AMPHIBIAN":0.0,"REPTILE":2.0,"BUTTERFLY":0.0,"maml_fst":"12","maml_opn":"6","bird_fst":"18","bird_opn":"0","bird_rvwet":"0","rptl_fst":"2","rptl_opn":"0","rptl_rvwet":"0","amph_fst":"0","amph_opn":"0","anm_hs_fst":1.0,"anm_hs_opn":1.0,"anm_hs_rvw":0.0,"anm_hotsp":2},"geometry":{"type":"Polygon","coordinates":[[[120.921468,23.837237],[120.911651,23.837232],[120.911658,23.828202],[120.921473,23.828207],[120.921468,23.837237]]]}},
{"type":"Feature","properties":{"GridID":22913,"ELE":803,"MAMMAL":13.0,"BIRD":18.0,"AMPHIBIAN":0.0,"REPTILE":1.0,"BUTTERFLY":0.0,"maml_fst":"13","maml_opn":"7","bird_fst":"17","bird_opn":"2","bird_rvwet":"0","rptl_fst":"1","rptl_opn":"0","rptl_rvwet":"0","amph_fst":"0","amph_opn":"0","anm_hs_fst":2.0,"anm_hs_opn":1.0,"anm_hs_rvw":0.0,"anm_hotsp":2},"geometry":{"type":"Polygon","coordinates":[[[120.921462,23.846267],[120.911645,23.846261],[120.911651,23.837232],[120.921468,23.837237],[120.921462,23.846267]]]}},
{"type":"Feature","properties":{"GridID":22914,"ELE":769,"MAMMAL":15.0,"BIRD":16.0,"AMPHIBIAN":0.0,"REPTILE":1.0,"BUTTERFLY":0.0,"maml_fst":"15","maml_opn":"8","bird_fst":"15","bird_opn":"2","bird_rvwet":"0","rptl_fst":"1","rptl_opn":"0","rptl_rvwet":"0","amph_fst":"0","amph_opn":"0","anm_hs_fst":1.0,"anm_hs_opn":1.0,"anm_hs_rvw":0.0,"anm_hotsp":1},"geometry":{"type":"Polygon","coordinates":[[[120.921457,23.855297],[120.911639,23.855291],[120.911645,23.846261],[120.921462,23.846267],[120.921457,23.855297]]]}},
{"type":"Feature","properties":{"GridID":22916,"ELE":635,"MAMMAL":16.0,"BIRD":20.0,"AMPHIBIAN":0.0,"REPTILE":1.0,"BUTTERFLY":0.0,"maml_fst":"16","maml_opn":"8","bird_fst":"19","bird_opn":"2","bird_rvwet":"0","rptl_fst":"1","rptl_opn":"0","rptl_rvwet":"0","amph_fst":"0","amph_opn":"0","anm_hs_fst":1.0,"anm_hs_opn":0.0,"anm_hs_rvw":0.0,"anm_hotsp":1},"geometry":{"type":"Polygon","coordinates":[[[120.931289,23.828212],[120.921473,23.828207],[120.921479,23.819178],[120.931294,23.819182],[120.931289,23.828212]]]}},
{"type":"Feature","properties":{"GridID":22918,"ELE":853,"MAMMAL":10.0,"BIRD":21.0,"AMPHIBIAN":0.0,"REPTILE":1.0,"BUTTERFLY":0.0,"maml_fst":"10","maml_opn":"7","bird_fst":"19","bird_opn":"3","bird_rvwet":"0","rptl_fst":"1","rptl_opn":"0","rptl_rvwet":"0","amph_fst":"0","amph_opn":"0","anm_hs_fst":3.0,"anm_hs_opn":1.0,"anm_hs_rvw":0.0,"anm_hotsp":2},"geometry":{"type":"Polygon","coordinates":[[[120.93128,23.846271],[120.921462,23.846267],[120.921468,23.837237],[120.931284,23.837242],[120.93128,23.846271]]]}},
{"type":"Feature","properties":{"GridID":22919,"ELE":763,"MAMMAL":8.0,"BIRD":17.0,"AMPHIBIAN":0.0,"REPTILE":1.0,"BUTTERFLY":0.0,"maml_fst":"8","maml_opn":"6","bird_fst":"16","bird_opn":"2","bird_rvwet":"0","rptl_fst":"1","rptl_opn":"0","rptl_rvwet":"0","amph_fst":"0","amph_opn":"0","anm_hs_fst":0.0,"anm_hs_opn":1.0,"anm_hs_rvw":0.0,"anm_hotsp":1},"geometry":{"type":"Polygon","coordinates":[[[120.931275,23.855301],[120.921457,23.855297],[120.921462,23.846267],[120.93128,23.846271],[120.931275,23.855301]]]}},
{"type":"Feature","properties":{"GridID":22921,"ELE":771,"MAMMAL":19.0,"BIRD":48.0,"AMPHIBIAN":0.0,"REPTILE":4.0,"BUTTERFLY":8.0,"maml_fst":"19","maml_opn":"9","bird_fst":"42","bird_opn":"7","bird_rvwet":"3","rptl_fst":"4","rptl_opn":"0","rptl_rvwet":"0","amph_fst":"0","amph_opn":"0","anm_hs_fst":2.0,"anm_hs_opn":1.0,"anm_hs_rvw":0.0,"anm_hotsp":1},"geometry":{"type":"Polygon","coordinates":[[[120.941105,23.828216],[120.931289,23.828212],[120.931294,23.819182],[120.941109,23.819186],[120.941105,23.828216]]]}},
{"type":"Feature","properties":{"GridID":22922,"ELE":926,"MAMMAL":8.0,"BIRD":15.0,"AMPHIBIAN":0.0,"REPTILE":2.0,"BUTTERFLY":0.0,"maml_fst":"8","maml_opn":"5","bird_fst":"14","bird_opn":"1","bird_rvwet":"0","rptl_fst":"2","rptl_opn":"0","rptl_rvwet":"0","amph_fst":"0","amph_opn":"0","anm_hs_fst":2.0,"anm_hs_opn":0.0,"anm_hs_rvw":0.0,"anm_hotsp":1},"geometry":{"type":"Polygon","coordinates":[[[120.941101,23.837246],[120.931284,23.837242],[120.931289,23.828212],[120.941105,23.828216],[120.941101,23.837246]]]}},
{"type":"Feature","properties":{"GridID":22923,"ELE":938,"MAMMAL":3.0,"BIRD":13.0,"AMPHIBIAN":0.0,"REPTILE":1.0,"BUTTERFLY":1.0,"maml_fst":"3","maml_opn":"0","bird_fst":"10","bird_opn":"2","bird_rvwet":"1","rptl_fst":"1","rptl_opn":"0","rptl_rvwet":"0","amph_fst":"0","amph_opn":"0","anm_hs_fst":2.0,"anm_hs_opn":0.0,"anm_hs_rvw":0.0,"anm_hotsp":1},"geometry":{"type":"Polygon","coordinates":[[[120.941097,23.846276],[120.93128,23.846271],[120.931284,23.837242],[120.941101,23.837246],[120.941097,23.846276]]]}},
{"type":"Feature","properties":{"GridID":22924,"ELE":832,"MAMMAL":7.0,"BIRD":11.0,"AMPHIBIAN":1.0,"REPTILE":2.0,"BUTTERFLY":2.0,"maml_fst":"7","maml_opn":"4","bird_fst":"10","bird_opn":"0","bird_rvwet":"1","rptl_fst":"2","rptl_opn":"0","rptl_rvwet":"0","amph_fst":"1","amph_opn":"0","anm_hs_fst":3.0,"anm_hs_opn":1.0,"anm_hs_rvw":0.0,"anm_hotsp":4},"geometry":{"type":"Polygon","coordinates":[[[120.941093,23.855305],[120.931275,23.855301],[120.93128,23.846271],[120.941097,23.846276],[120.941093,23.855305]]]}},
{"type":"Feature","properties":{"GridID":22925,"ELE":765,"MAMMAL":6.0,"BIRD":18.0,"AMPHIBIAN":3.0,"REPTILE":6.0,"BUTTERFLY":3.0,"maml_fst":"6","maml_opn":"3","bird_fst":"16","bird_opn":"1","bird_rvwet":"2","rptl_fst":"5","rptl_opn":"2","rptl_rvwet":"1","amph_fst":"3","amph_opn":"0","anm_hs_fst":0.0,"anm_hs_opn":1.0,"anm_hs_rvw":0.0,"anm_hotsp":1},"geometry":{"type":"Polygon","coordinates":[[[120.941089,23.864335],[120.93127,23.864331],[120.931275,23.855301],[120.941093,23.855305],[120.941089,23.864335]]]}},
{"type":"Feature","properties":{"GridID":22928,"ELE":1164,"MAMMAL":9.0,"BIRD":19.0,"AMPHIBIAN":1.0,"REPTILE":3.0,"BUTTERFLY":0.0,"maml_fst":"9","maml_opn":"5","bird_fst":"19","bird_opn":"0","bird_rvwet":"0","rptl_fst":"3","rptl_opn":"0","rptl_rvwet":"0","amph_fst":"1","amph_opn":"0","anm_hs_fst":2.0,"anm_hs_opn":0.0,"anm_hs_rvw":0.0,"anm_hotsp":1},"geometry":{"type":"Polygon","coordinates":[[[120.950914,23.845981],[120.950389,23.846279],[120.941097,23.846276],[120.941101,23.837246],[120.950917,23.837249],[120.950914,23.845981]]]}},
{"type":"Feature","properties":{"GridID":22930,"ELE":894,"MAMMAL":4.0,"BIRD":13.0,"AMPHIBIAN":0.0,"REPTILE":1.0,"BUTTERFLY":1.0,"maml_fst":"4","maml_opn":"1","bird_fst":"11","bird_opn":"1","bird_rvwet":"1","rptl_fst":"1","rptl_opn":"0","rptl_rvwet":"0","amph_fst":"0","amph_opn":"0","anm_hs_fst":3.0,"anm_hs_opn":1.0,"anm_hs_rvw":0.0,"anm_hotsp":3},"geometry":{"type":"Polygon","coordinates":[[[120.949397,23.855308],[120.949528,23.855986],[120.949508,23.856465],[120.949202,23.857799],[120.948059,23.859106],[120.947754,23.859966],[120.947475,23.860352],[120.946633,23.861036],[120.946056,23.86174],[120.945726,23.862627],[120.945411,23.863144],[120.945071,23.863523],[120.9447,23.864336],[120.941089,23.864335],[120.941093,23.855305],[120.949397,23.855308]]]}},
{"type":"Feature","properties":{"GridID":22932,"ELE":1887,"MAMMAL":7.0,"BIRD":22.0,"AMPHIBIAN":3.0,"REPTILE":7.0,"BUTTERFLY":5.0,"maml_fst":"7","maml_opn":"4","bird_fst":"20","bird_opn":"1","bird_rvwet":"1","rptl_fst":"6","rptl_opn":"2","rptl_rvwet":"1","amph_fst":"3","amph_opn":"0","anm_hs_fst":2.0,"anm_hs_opn":0.0,"anm_hs_rvw":0.0,"anm_hotsp":2},"geometry":{"type":"Polygon","coordinates":[[[120.911864,23.521184],[120.902071,23.521178],[120.902077,23.512148],[120.91187,23.512154],[120.911864,23.521184]]]}},
{"type":"Feature","properties":{"GridID":22933,"ELE":1887,"MAMMAL":22.0,"BIRD":46.0,"AMPHIBIAN":5.0,"REPTILE":16.0,"BUTTERFLY":41.0,"maml_fst":"21","maml_opn":"9","bird_fst":"42","bird_opn":"5","bird_rvwet":"2","rptl_fst":"15","rptl_opn":"6","rptl_rvwet":"1","amph_fst":"5","amph_opn":"1","anm_hs_fst":2.0,"anm_hs_opn":0.0,"anm_hs_rvw":0.0,"anm_hotsp":2},"geometry":{"type":"Polygon","coordinates":[[[120.911858,23.530214],[120.902064,23.530208],[120.902071,23.521178],[120.911864,23.521184],[120.911858,23.530214]]]}},
{"type":"Feature","properties":{"GridID":22934,"ELE":1837,"MAMMAL":25.0,"BIRD":59.0,"AMPHIBIAN":5.0,"REPTILE":14.0,"BUTTERFLY":30.0,"maml_fst":"25","maml_opn":"13","bird_fst":"54","bird_opn":"9","bird_rvwet":"3","rptl_fst":"14","rptl_opn":"3","rptl_rvwet":"1","amph_fst":"5","amph_opn":"1","anm_hs_fst":2.0,"anm_hs_opn":0.0,"anm_hs_rvw":0.0,"anm_hotsp":2},"geometry":{"type":"Polygon","coordinates":[[[120.911852,23.539244],[120.902057,23.539238],[120.902064,23.530208],[120.911858,23.530214],[120.911852,23.539244]]]}},
{"type":"Feature","properties":{"GridID":22935,"ELE":1713,"MAMMAL":13.0,"BIRD":22.0,"AMPHIBIAN":1.0,"REPTILE":3.0,"BUTTERFLY":0.0,"maml_fst":"13","maml_opn":"5","bird_fst":"22","bird_opn":"0","bird_rvwet":"0","rptl_fst":"3","rptl_opn":"0","rptl_rvwet":"0","amph_fst":"1","amph_opn":"0","anm_hs_fst":2.0,"anm_hs_opn":0.0,"anm_hs_rvw":0.0,"anm_hotsp":1},"geometry":{"type":"Polygon","coordinates":[[[120.911846,23.548274],[120.902051,23.548268],[120.902057,23.539238],[120.911852,23.539244],[120.911846,23.548274]]]}},
{"type":"Feature","properties":{"GridID":22936,"ELE":1579,"MAMMAL":24.0,"BIRD":55.0,"AMPHIBIAN":5.0,"REPTILE":18.0,"BUTTERFLY":47.0,"maml_fst":"23","maml_opn":"11","bird_fst":"51","bird_opn":"8","bird_rvwet":"3","rptl_fst":"17","rptl_opn":"7","rptl_rvwet":"2","amph_fst":"5","amph_opn":"1","anm_hs_fst":1.0,"anm_hs_opn":0.0,"anm_hs_rvw":0.0,"anm_hotsp":1},"geometry":{"type":"Polygon","coordinates":[[[120.921662,23.512159],[120.91187,23.512154],[120.911876,23.503123],[120.921667,23.503129],[120.921662,23.512159]]]}},
{"type":"Feature","properties":{"GridID":22937,"ELE":1495,"MAMMAL":9.0,"BIRD":5.0,"AMPHIBIAN":2.0,"REPTILE":4.0,"BUTTERFLY":4.0,"maml_fst":"8","maml_opn":"4","bird_fst":"5","bird_opn":"0","bird_rvwet":"0","rptl_fst":"4","rptl_opn":"1","rptl_rvwet":"0","amph_fst":"2","amph_opn":"0","anm_hs_fst":2.0,"anm_hs_opn":0.0,"anm_hs_rvw":0.0,"anm_hotsp":1},"geometry":{"type":"Polygon","coordinates":[[[120.921657,23.521189],[120.911864,23.521184],[120.91187,23.512154],[120.921662,23.512159],[120.921657,23.521189]]]}},
{"type":"Feature","properties":{"GridID":22938,"ELE":1484,"MAMMAL":9.0,"BIRD":5.0,"AMPHIBIAN":2.0,"REPTILE":4.0,"BUTTERFLY":1.0,"maml_fst":"8","maml_opn":"4","bird_fst":"4","bird_opn":"0","bird_rvwet":"1","rptl_fst":"4","rptl_opn":"1","rptl_rvwet":"0","amph_fst":"2","amph_opn":"0","anm_hs_fst":2.0,"anm_hs_opn":0.0,"anm_hs_rvw":0.0,"anm_hotsp":1},"geometry":{"type":"Polygon","coordinates":[[[120.921651,23.530219],[120.911858,23.530214],[120.911864,23.521184],[120.921657,23.521189],[120.921651,23.530219]]]}},
{"type":"Feature","properties":{"GridID":22939,"ELE":1434,"MAMMAL":9.0,"BIRD":9.0,"AMPHIBIAN":4.0,"REPTILE":6.0,"BUTTERFLY":14.0,"maml_fst":"8","maml_opn":"3","bird_fst":"8","bird_opn":"0","bird_rvwet":"2","rptl_fst":"5","rptl_opn":"3","rptl_rvwet":"1","amph_fst":"4","amph_opn":"0","anm_hs_fst":2.0,"anm_hs_opn":0.0,"anm_hs_rvw":0.0,"anm_hotsp":1},"geometry":{"type":"Polygon","coordinates":[[[120.921646,23.539249],[120.911852,23.539244],[120.911858,23.530214],[120.921651,23.530219],[120.921646,23.539249]]]}},
{"type":"Feature","properties":{"GridID":22940,"ELE":1358,"MAMMAL":27.0,"BIRD":56.0,"AMPHIBIAN":9.0,"REPTILE":27.0,"BUTTERFLY":62.0,"maml_fst":"27","maml_opn":"12","bird_fst":"52","bird_opn":"10","bird_rvwet":"2","rptl_fst":"25","rptl_opn":"9","rptl_rvwet":"2","amph_fst":"9","amph_opn":"4","anm_hs_fst":2.0,"anm_hs_opn":0.0,"anm_hs_rvw":0.0,"anm_hotsp":1},"geometry":{"type":"Polygon","coordinates":[[[120.921641,23.548279],[120.911846,23.548274],[120.911852,23.539244],[120.921646,23.539249],[120.921641,23.548279]]]}},
{"type":"Feature","properties":{"GridID":22944,"ELE":1320,"MAMMAL":28.0,"BIRD":58.0,"AMPHIBIAN":11.0,"REPTILE":30.0,"BUTTERFLY":71.0,"maml_fst":"27","maml_opn":"14","bird_fst":"54","bird_opn":"11","bird_rvwet":"2","rptl_fst":"27","rptl_opn":"11","rptl_rvwet":"3","amph_fst":"11","amph_opn":"6","anm_hs_fst":1.0,"anm_hs_opn":0.0,"anm_hs_rvw":0.0,"anm_hotsp":1},"geometry":{"type":"Polygon","coordinates":[[[120.93144,23.539254],[120.921646,23.539249],[120.921651,23.530219],[120.931445,23.530224],[120.93144,23.539254]]]}},
{"type":"Feature","properties":{"GridID":22957,"ELE":2616,"MAMMAL":16.0,"BIRD":45.0,"AMPHIBIAN":21.0,"REPTILE":31.0,"BUTTERFLY":45.0,"maml_fst":"12","maml_opn":"10","bird_fst":"30","bird_opn":"18","bird_rvwet":"8","rptl_fst":"23","rptl_opn":"18","rptl_rvwet":"5","amph_fst":"16","amph_opn":"14","anm_hs_fst":1.0,"anm_hs_opn":0.0,"anm_hs_rvw":0.0,"anm_hotsp":1},"geometry":{"type":"Polygon","coordinates":[[[120.892315,23.476021],[120.882525,23.476014],[120.88253,23.47068],[120.882646,23.471591],[120.883647,23.472646],[120.88383,23.472949],[120.884535,23.474778],[120.884913,23.475112],[120.885364,23.475361],[120.88589,23.47558],[120.887226,23.475848],[120.888361,23.475862],[120.889531,23.475719],[120.892253,23.475716],[120.892315,23.475742],[120.892315,23.476021]]]}},
{"type":"Feature","properties":{"GridID":22958,"ELE":2648,"MAMMAL":12.0,"BIRD":42.0,"AMPHIBIAN":17.0,"REPTILE":21.0,"BUTTERFLY":9.0,"maml_fst":"7","maml_opn":"9","bird_fst":"20","bird_opn":"24","bird_rvwet":"8","rptl_fst":"12","rptl_opn":"16","rptl_rvwet":"4","amph_fst":"14","amph_opn":"12","anm_hs_fst":2.0,"anm_hs_opn":0.0,"anm_hs_rvw":0.0,"anm_hotsp":1},"geometry":{"type":"Polygon","coordinates":[[[120.892307,23.485051],[120.882517,23.485044],[120.882525,23.476014],[120.892315,23.476021],[120.892307,23.485051]]]}},
{"type":"Feature","properties":{"GridID":22962,"ELE":2530,"MAMMAL":13.0,"BIRD":48.0,"AMPHIBIAN":17.0,"REPTILE":27.0,"BUTTERFLY":55.0,"maml_fst":"12","maml_opn":"8","bird_fst":"42","bird_opn":"13","bird_rvwet":"5","rptl_fst":"23","rptl_opn":"15","rptl_rvwet":"4","amph_fst":"15","amph_opn":"10","anm_hs_fst":2.0,"anm_hs_opn":0.0,"anm_hs_rvw":0.0,"anm_hotsp":1},"geometry":{"type":"MultiPolygon","coordinates":[[[[120.892315,23.475742],[120.892698,23.475908],[120.89388,23.475737],[120.897174,23.476024],[120.892315,23.476021],[120.892315,23.475742]]],[[[120.897801,23.476024],[120.898537,23.475738],[120.898947,23.475666],[120.901239,23.476027],[120.897801,23.476024]]]]}},
{"type":"Feature","properties":{"GridID":22997,"ELE":1178,"MAMMAL":8.0,"BIRD":33.0,"AMPHIBIAN":2.0,"REPTILE":10.0,"BUTTERFLY":17.0,"maml_fst":"3","maml_opn":"6","bird_fst":"9","bird_opn":"20","bird_rvwet":"10","rptl_fst":"5","rptl_opn":"7","rptl_rvwet":"3","amph_fst":"0","amph_opn":"2","anm_hs_fst":0.0,"anm_hs_opn":1.0,"anm_hs_rvw":0.0,"anm_hotsp":1},"geometry":{"type":"Polygon","coordinates":[[[121.147452,24.017779],[121.137622,24.017789],[121.137613,24.008759],[121.147442,24.00875],[121.147452,24.017779]]]}},
{"type":"Feature","properties":{"GridID":22998,"ELE":1112,"MAMMAL":3.0,"BIRD":30.0,"AMPHIBIAN":1.0,"REPTILE":8.0,"BUTTERFLY":2.0,"maml_fst":"0","maml_opn":"3","bird_fst":"6","bird_opn":"20","bird_rvwet":"10","rptl_fst":"1","rptl_opn":"7","rptl_rvwet":"3","amph_fst":"1","amph_opn":"0","anm_hs_fst":3.0,"anm_hs_opn":1.0,"anm_hs_rvw":0.0,"anm_hotsp":3},"geometry":{"type":"Polygon","coordinates":[[[121.147463,24.026809],[121.137632,24.026818],[121.137622,24.017789],[121.147452,24.017779],[121.147463,24.026809]]]}},
{"type":"Feature","properties":{"GridID":23147,"ELE":1063,"MAMMAL":27.0,"BIRD":52.0,"AMPHIBIAN":6.0,"REPTILE":25.0,"BUTTERFLY":66.0,"maml_fst":"27","maml_opn":"12","bird_fst":"48","bird_opn":"10","bird_rvwet":"3","rptl_fst":"23","rptl_opn":"9","rptl_rvwet":"2","amph_fst":"6","amph_opn":"1","anm_hs_fst":1.0,"anm_hs_opn":0.0,"anm_hs_rvw":0.0,"anm_hotsp":1},"geometry":{"type":"Polygon","coordinates":[[[121.147411,23.981661],[121.137584,23.98167],[121.137574,23.972641],[121.147401,23.972632],[121.147411,23.981661]]]}},
{"type":"Feature","properties":{"GridID":23400,"ELE":1567,"MAMMAL":3.0,"BIRD":5.0,"AMPHIBIAN":0.0,"REPTILE":2.0,"BUTTERFLY":0.0,"maml_fst":"3","maml_opn":"2","bird_fst":"5","bird_opn":"0","bird_rvwet":"0","rptl_fst":"2","rptl_opn":"0","rptl_rvwet":"0","amph_fst":"0","amph_opn":"0","anm_hs_fst":2.0,"anm_hs_opn":0.0,"anm_hs_rvw":0.0,"anm_hotsp":1},"geometry":{"type":"Polygon","coordinates":[[[121.157322,24.049743],[121.157185,24.048966],[121.156641,24.048285],[121.156484,24.047901],[121.156251,24.046633],[121.15545,24.04486],[121.157316,24.044858],[121.157322,24.049743]]]}},
{"type":"Feature","properties":{"GridID":23649,"ELE":1703,"MAMMAL":9.0,"BIRD":18.0,"AMPHIBIAN":0.0,"REPTILE":3.0,"BUTTERFLY":0.0,"maml_fst":"9","maml_opn":"5","bird_fst":"18","bird_opn":"0","bird_rvwet":"0","rptl_fst":"3","rptl_opn":"0","rptl_rvwet":"0","amph_fst":"0","amph_opn":"0","anm_hs_fst":2.0,"anm_hs_opn":0.0,"anm_hs_rvw":0.0,"anm_hotsp":1},"geometry":{"type":"Polygon","coordinates":[[[121.167159,24.053877],[121.161324,24.053883],[121.16115,24.053445],[121.160325,24.052484],[121.159356,24.051659],[121.157793,24.050491],[121.157562,24.050221],[121.157324,24.049758],[121.157316,24.044858],[121.167148,24.044848],[121.167159,24.053877]]]}},
{"type":"Feature","properties":{"GridID":23650,"ELE":1815,"MAMMAL":10.0,"BIRD":18.0,"AMPHIBIAN":0.0,"REPTILE":3.0,"BUTTERFLY":0.0,"maml_fst":"10","maml_opn":"6","bird_fst":"18","bird_opn":"0","bird_rvwet":"0","rptl_fst":"3","rptl_opn":"0","rptl_rvwet":"0","amph_fst":"0","amph_opn":"0","anm_hs_fst":2.0,"anm_hs_opn":1.0,"anm_hs_rvw":0.0,"anm_hotsp":1},"geometry":{"type":"Polygon","coordinates":[[[121.167171,24.062907],[121.166494,24.062907],[121.166247,24.062229],[121.165528,24.061187],[121.164239,24.059818],[121.163858,24.059704],[121.163446,24.059372],[121.162051,24.057866],[121.161619,24.057241],[121.161306,24.056553],[121.161293,24.05621],[121.161522,24.055056],[121.161508,24.05462],[121.161324,24.053883],[121.167159,24.053877],[121.167171,24.062907]]]}},
{"type":"Feature","properties":{"GridID":23651,"ELE":1767,"MAMMAL":8.0,"BIRD":15.0,"AMPHIBIAN":0.0,"REPTILE":3.0,"BUTTERFLY":0.0,"maml_fst":"8","maml_opn":"4","bird_fst":"15","bird_opn":"0","bird_rvwet":"0","rptl_fst":"3","rptl_opn":"0","rptl_rvwet":"0","amph_fst":"0","amph_opn":"0","anm_hs_fst":2.0,"anm_hs_opn":0.0,"anm_hs_rvw":0.0,"anm_hotsp":1},"geometry":{"type":"Polygon","coordinates":[[[121.16718,24.070072],[121.166858,24.068064],[121.166743,24.066861],[121.166714,24.064935],[121.166494,24.062907],[121.167171,24.062907],[121.16718,24.070072]]]}},
{"type":"Feature","properties":{"GridID":23891,"ELE":1346,"MAMMAL":10.0,"BIRD":5.0,"AMPHIBIAN":0.0,"REPTILE":3.0,"BUTTERFLY":0.0,"maml_fst":"10","maml_opn":"6","bird_fst":"5","bird_opn":"0","bird_rvwet":"0","rptl_fst":"3","rptl_opn":"0","rptl_rvwet":"0","amph_fst":"0","amph_opn":"0","anm_hs_fst":1.0,"anm_hs_opn":0.0,"anm_hs_rvw":0.0,"anm_hotsp":1},"geometry":{"type":"Polygon","coordinates":[[[121.176857,23.954541],[121.167031,23.954552],[121.16702,23.945523],[121.176844,23.945512],[121.176857,23.954541]]]}},
{"type":"Feature","properties":{"GridID":23897,"ELE":1463,"MAMMAL":6.0,"BIRD":9.0,"AMPHIBIAN":0.0,"REPTILE":1.0,"BUTTERFLY":0.0,"maml_fst":"6","maml_opn":"6","bird_fst":"9","bird_opn":"0","bird_rvwet":"0","rptl_fst":"1","rptl_opn":"0","rptl_rvwet":"0","amph_fst":"0","amph_opn":"0","anm_hs_fst":1.0,"anm_hs_opn":0.0,"anm_hs_rvw":0.0,"anm_hotsp":1},"geometry":{"type":"Polygon","coordinates":[[[121.176992,24.053866],[121.167159,24.053877],[121.167148,24.044848],[121.17698,24.044837],[121.176992,24.053866]]]}},
{"type":"Feature","properties":{"GridID":23898,"ELE":1723,"MAMMAL":5.0,"BIRD":7.0,"AMPHIBIAN":0.0,"REPTILE":0.0,"BUTTERFLY":0.0,"maml_fst":"5","maml_opn":"4","bird_fst":"7","bird_opn":"0","bird_rvwet":"0","rptl_fst":"0","rptl_opn":"0","rptl_rvwet":"0","amph_fst":"0","amph_opn":"0","anm_hs_fst":2.0,"anm_hs_opn":0.0,"anm_hs_rvw":0.0,"anm_hotsp":1},"geometry":{"type":"Polygon","coordinates":[[[121.177005,24.062896],[121.167171,24.062907],[121.167159,24.053877],[121.176992,24.053866],[121.177005,24.062896]]]}},
{"type":"Feature","properties":{"GridID":23899,"ELE":1849,"MAMMAL":7.0,"BIRD":6.0,"AMPHIBIAN":0.0,"REPTILE":2.0,"BUTTERFLY":0.0,"maml_fst":"7","maml_opn":"6","bird_fst":"6","bird_opn":"0","bird_rvwet":"0","rptl_fst":"2","rptl_opn":"0","rptl_rvwet":"0","amph_fst":"0","amph_opn":"0","anm_hs_fst":1.0,"anm_hs_opn":0.0,"anm_hs_rvw":0.0,"anm_hotsp":1},"geometry":{"type":"Polygon","coordinates":[[[121.177017,24.071925],[121.167976,24.071935],[121.167412,24.070741],[121.16718,24.070072],[121.167171,24.062907],[121.177005,24.062896],[121.177017,24.071925]]]}},
{"type":"Feature","properties":{"GridID":23901,"ELE":2119,"MAMMAL":10.0,"BIRD":7.0,"AMPHIBIAN":0.0,"REPTILE":1.0,"BUTTERFLY":0.0,"maml_fst":"10","maml_opn":"6","bird_fst":"7","bird_opn":"1","bird_rvwet":"0","rptl_fst":"1","rptl_opn":"0","rptl_rvwet":"0","amph_fst":"0","amph_opn":"0","anm_hs_fst":2.0,"anm_hs_opn":1.0,"anm_hs_rvw":0.0,"anm_hotsp":1},"geometry":{"type":"Polygon","coordinates":[[[121.177042,24.089984],[121.174326,24.089987],[121.173634,24.088971],[121.172671,24.08794],[121.172389,24.087236],[121.172167,24.085677],[121.172083,24.084295],[121.171432,24.082784],[121.170878,24.080962],[121.17703,24.080955],[121.177042,24.089984]]]}},
{"type":"Feature","properties":{"GridID":24146,"ELE":1491,"MAMMAL":8.0,"BIRD":5.0,"AMPHIBIAN":0.0,"REPTILE":3.0,"BUTTERFLY":0.0,"maml_fst":"8","maml_opn":"5","bird_fst":"5","bird_opn":"0","bird_rvwet":"0","rptl_fst":"3","rptl_opn":"0","rptl_rvwet":"0","amph_fst":"0","amph_opn":"0","anm_hs_fst":2.0,"anm_hs_opn":0.0,"anm_hs_rvw":0.0,"anm_hotsp":1},"geometry":{"type":"Polygon","coordinates":[[[121.186838,24.062884],[121.177005,24.062896],[121.176992,24.053866],[121.186825,24.053854],[121.186838,24.062884]]]}},
{"type":"Feature","properties":{"GridID":24149,"ELE":1889,"MAMMAL":9.0,"BIRD":8.0,"AMPHIBIAN":0.0,"REPTILE":1.0,"BUTTERFLY":0.0,"maml_fst":"9","maml_opn":"6","bird_fst":"8","bird_opn":"0","bird_rvwet":"0","rptl_fst":"1","rptl_opn":"0","rptl_rvwet":"0","amph_fst":"0","amph_opn":"0","anm_hs_fst":2.0,"anm_hs_opn":0.0,"anm_hs_rvw":0.0,"anm_hotsp":1},"geometry":{"type":"Polygon","coordinates":[[[121.186878,24.089972],[121.177042,24.089984],[121.17703,24.080955],[121.186864,24.080943],[121.186878,24.089972]]]}},
{"type":"Feature","properties":{"GridID":24393,"ELE":1522,"MAMMAL":9.0,"BIRD":12.0,"AMPHIBIAN":0.0,"REPTILE":2.0,"BUTTERFLY":2.0,"maml_fst":"9","maml_opn":"6","bird_fst":"11","bird_opn":"1","bird_rvwet":"0","rptl_fst":"2","rptl_opn":"0","rptl_rvwet":"0","amph_fst":"0","amph_opn":"0","anm_hs_fst":2.0,"anm_hs_opn":0.0,"anm_hs_rvw":0.0,"anm_hotsp":1},"geometry":{"type":"Polygon","coordinates":[[[121.196699,24.08093],[121.186864,24.080943],[121.186851,24.071913],[121.196686,24.071901],[121.196699,24.08093]]]}},
{"type":"Feature","properties":{"GridID":24452,"ELE":1049,"MAMMAL":13.0,"BIRD":14.0,"AMPHIBIAN":1.0,"REPTILE":2.0,"BUTTERFLY":1.0,"maml_fst":"12","maml_opn":"4","bird_fst":"14","bird_opn":"0","bird_rvwet":"0","rptl_fst":"2","rptl_opn":"0","rptl_rvwet":"0","amph_fst":"1","amph_opn":"0","anm_hs_fst":1.0,"anm_hs_opn":1.0,"anm_hs_rvw":0.0,"anm_hotsp":2},"geometry":{"type":"Polygon","coordinates":[[[120.715832,23.602219],[120.706033,23.602201],[120.706053,23.593171],[120.715851,23.59319],[120.715832,23.602219]]]}},
{"type":"Feature","properties":{"GridID":24453,"ELE":1202,"MAMMAL":10.0,"BIRD":7.0,"AMPHIBIAN":0.0,"REPTILE":1.0,"BUTTERFLY":1.0,"maml_fst":"9","maml_opn":"2","bird_fst":"6","bird_opn":"0","bird_rvwet":"1","rptl_fst":"1","rptl_opn":"0","rptl_rvwet":"0","amph_fst":"0","amph_opn":"0","anm_hs_fst":2.0,"anm_hs_opn":0.0,"anm_hs_rvw":0.0,"anm_hotsp":1},"geometry":{"type":"Polygon","coordinates":[[[120.715812,23.611249],[120.706013,23.611231],[120.706033,23.602201],[120.715832,23.602219],[120.715812,23.611249]]]}},
{"type":"Feature","properties":{"GridID":24454,"ELE":1447,"MAMMAL":19.0,"BIRD":22.0,"AMPHIBIAN":1.0,"REPTILE":3.0,"BUTTERFLY":0.0,"maml_fst":"19","maml_opn":"9","bird_fst":"21","bird_opn":"1","bird_rvwet":"0","rptl_fst":"3","rptl_opn":"0","rptl_rvwet":"0","amph_fst":"1","amph_opn":"0","anm_hs_fst":1.0,"anm_hs_opn":1.0,"anm_hs_rvw":0.0,"anm_hotsp":1},"geometry":{"type":"Polygon","coordinates":[[[120.715793,23.620279],[120.705993,23.620261],[120.706013,23.611231],[120.715812,23.611249],[120.715793,23.620279]]]}},
{"type":"Feature","properties":{"GridID":24455,"ELE":1575,"MAMMAL":11.0,"BIRD":18.0,"AMPHIBIAN":1.0,"REPTILE":3.0,"BUTTERFLY":0.0,"maml_fst":"11","maml_opn":"6","bird_fst":"18","bird_opn":"0","bird_rvwet":"0","rptl_fst":"3","rptl_opn":"0","rptl_rvwet":"0","amph_fst":"1","amph_opn":"0","anm_hs_fst":2.0,"anm_hs_opn":0.0,"anm_hs_rvw":0.0,"anm_hotsp":1},"geometry":{"type":"Polygon","coordinates":[[[120.715773,23.629309],[120.705972,23.629291],[120.705993,23.620261],[120.715793,23.620279],[120.715773,23.629309]]]}},
{"type":"Feature","properties":{"GridID":24457,"ELE":1238,"MAMMAL":11.0,"BIRD":15.0,"AMPHIBIAN":1.0,"REPTILE":3.0,"BUTTERFLY":0.0,"maml_fst":"10","maml_opn":"5","bird_fst":"15","bird_opn":"0","bird_rvwet":"0","rptl_fst":"3","rptl_opn":"0","rptl_rvwet":"0","amph_fst":"1","amph_opn":"0","anm_hs_fst":1.0,"anm_hs_opn":0.0,"anm_hs_rvw":0.0,"anm_hotsp":1},"geometry":{"type":"Polygon","coordinates":[[[120.72563,23.602237],[120.715832,23.602219],[120.715851,23.59319],[120.725649,23.593207],[120.72563,23.602237]]]}},
{"type":"Feature","properties":{"GridID":24459,"ELE":1369,"MAMMAL":14.0,"BIRD":12.0,"AMPHIBIAN":2.0,"REPTILE":8.0,"BUTTERFLY":7.0,"maml_fst":"13","maml_opn":"5","bird_fst":"10","bird_opn":"1","bird_rvwet":"1","rptl_fst":"7","rptl_opn":"5","rptl_rvwet":"1","amph_fst":"2","amph_opn":"0","anm_hs_fst":2.0,"anm_hs_opn":1.0,"anm_hs_rvw":0.0,"anm_hotsp":1},"geometry":{"type":"Polygon","coordinates":[[[120.725593,23.620297],[120.715793,23.620279],[120.715812,23.611249],[120.725612,23.611267],[120.725593,23.620297]]]}},
{"type":"Feature","properties":{"GridID":24460,"ELE":1477,"MAMMAL":10.0,"BIRD":15.0,"AMPHIBIAN":1.0,"REPTILE":3.0,"BUTTERFLY":0.0,"maml_fst":"10","maml_opn":"6","bird_fst":"15","bird_opn":"0","bird_rvwet":"0","rptl_fst":"3","rptl_opn":"0","rptl_rvwet":"0","amph_fst":"1","amph_opn":"0","anm_hs_fst":2.0,"anm_hs_opn":1.0,"anm_hs_rvw":0.0,"anm_hotsp":1},"geometry":{"type":"Polygon","coordinates":[[[120.725574,23.629327],[120.715773,23.629309],[120.715793,23.620279],[120.725593,23.620297],[120.725574,23.629327]]]}},
{"type":"Feature","properties":{"GridID":24461,"ELE":1486,"MAMMAL":11.0,"BIRD":20.0,"AMPHIBIAN":0.0,"REPTILE":3.0,"BUTTERFLY":0.0,"maml_fst":"11","maml_opn":"6","bird_fst":"20","bird_opn":"0","bird_rvwet":"0","rptl_fst":"3","rptl_opn":"0","rptl_rvwet":"0","amph_fst":"0","amph_opn":"0","anm_hs_fst":1.0,"anm_hs_opn":1.0,"anm_hs_rvw":0.0,"anm_hotsp":1},"geometry":{"type":"Polygon","coordinates":[[[120.725555,23.638357],[120.715754,23.638339],[120.715773,23.629309],[120.725574,23.629327],[120.725555,23.638357]]]}},
{"type":"Feature","properties":{"GridID":24464,"ELE":1552,"MAMMAL":13.0,"BIRD":18.0,"AMPHIBIAN":0.0,"REPTILE":1.0,"BUTTERFLY":0.0,"maml_fst":"13","maml_opn":"6","bird_fst":"17","bird_opn":"2","bird_rvwet":"0","rptl_fst":"1","rptl_opn":"0","rptl_rvwet":"0","amph_fst":"0","amph_opn":"0","anm_hs_fst":2.0,"anm_hs_opn":1.0,"anm_hs_rvw":0.0,"anm_hotsp":1},"geometry":{"type":"Polygon","coordinates":[[[120.735393,23.620314],[120.725593,23.620297],[120.725612,23.611267],[120.735411,23.611284],[120.735393,23.620314]]]}},
{"type":"Feature","properties":{"GridID":24465,"ELE":1332,"MAMMAL":10.0,"BIRD":20.0,"AMPHIBIAN":0.0,"REPTILE":1.0,"BUTTERFLY":0.0,"maml_fst":"10","maml_opn":"6","bird_fst":"19","bird_opn":"1","bird_rvwet":"1","rptl_fst":"1","rptl_opn":"0","rptl_rvwet":"0","amph_fst":"0","amph_opn":"0","anm_hs_fst":1.0,"anm_hs_opn":0.0,"anm_hs_rvw":0.0,"anm_hotsp":1},"geometry":{"type":"Polygon","coordinates":[[[120.735375,23.629344],[120.725574,23.629327],[120.725593,23.620297],[120.735393,23.620314],[120.735375,23.629344]]]}},
{"type":"Feature","properties":{"GridID":24466,"ELE":1277,"MAMMAL":15.0,"BIRD":26.0,"AMPHIBIAN":0.0,"REPTILE":1.0,"BUTTERFLY":0.0,"maml_fst":"15","maml_opn":"8","bird_fst":"25","bird_opn":"2","bird_rvwet":"1","rptl_fst":"1","rptl_opn":"0","rptl_rvwet":"0","amph_fst":"0","amph_opn":"0","anm_hs_fst":1.0,"anm_hs_opn":0.0,"anm_hs_rvw":0.0,"anm_hotsp":1},"geometry":{"type":"Polygon","coordinates":[[[120.735357,23.638374],[120.725555,23.638357],[120.725574,23.629327],[120.735375,23.629344],[120.735357,23.638374]]]}},
{"type":"Feature","properties":{"GridID":24468,"ELE":1391,"MAMMAL":14.0,"BIRD":24.0,"AMPHIBIAN":0.0,"REPTILE":1.0,"BUTTERFLY":0.0,"maml_fst":"14","maml_opn":"8","bird_fst":"22","bird_opn":"3","bird_rvwet":"0","rptl_fst":"1","rptl_opn":"0","rptl_rvwet":"0","amph_fst":"0","amph_opn":"0","anm_hs_fst":1.0,"anm_hs_opn":0.0,"anm_hs_rvw":0.0,"anm_hotsp":1},"geometry":{"type":"Polygon","coordinates":[[[120.745211,23.6113],[120.735411,23.611284],[120.735429,23.602254],[120.745228,23.60227],[120.745211,23.6113]]]}},
{"type":"Feature","properties":{"GridID":24469,"ELE":1396,"MAMMAL":13.0,"BIRD":21.0,"AMPHIBIAN":0.0,"REPTILE":1.0,"BUTTERFLY":0.0,"maml_fst":"13","maml_opn":"7","bird_fst":"20","bird_opn":"2","bird_rvwet":"1","rptl_fst":"1","rptl_opn":"0","rptl_rvwet":"0","amph_fst":"0","amph_opn":"0","anm_hs_fst":2.0,"anm_hs_opn":1.0,"anm_hs_rvw":0.0,"anm_hotsp":2},"geometry":{"type":"Polygon","coordinates":[[[120.745193,23.62033],[120.735393,23.620314],[120.735411,23.611284],[120.745211,23.6113],[120.745193,23.62033]]]}},
{"type":"Feature","properties":{"GridID":24470,"ELE":1162,"MAMMAL":14.0,"BIRD":24.0,"AMPHIBIAN":0.0,"REPTILE":1.0,"BUTTERFLY":0.0,"maml_fst":"14","maml_opn":"7","bird_fst":"23","bird_opn":"2","bird_rvwet":"1","rptl_fst":"1","rptl_opn":"0","rptl_rvwet":"0","amph_fst":"0","amph_opn":"0","anm_hs_fst":1.0,"anm_hs_opn":1.0,"anm_hs_rvw":0.0,"anm_hotsp":1},"geometry":{"type":"Polygon","coordinates":[[[120.745176,23.62936],[120.735375,23.629344],[120.735393,23.620314],[120.745193,23.62033],[120.745176,23.62936]]]}},
{"type":"Feature","properties":{"GridID":24471,"ELE":1033,"MAMMAL":13.0,"BIRD":22.0,"AMPHIBIAN":0.0,"REPTILE":1.0,"BUTTERFLY":0.0,"maml_fst":"13","maml_opn":"7","bird_fst":"21","bird_opn":"2","bird_rvwet":"1","rptl_fst":"1","rptl_opn":"0","rptl_rvwet":"0","amph_fst":"0","amph_opn":"0","anm_hs_fst":2.0,"anm_hs_opn":1.0,"anm_hs_rvw":0.0,"anm_hotsp":1},"geometry":{"type":"Polygon","coordinates":[[[120.745158,23.63839],[120.735357,23.638374],[120.735375,23.629344],[120.745176,23.62936],[120.745158,23.63839]]]}},
{"type":"Feature","properties":{"GridID":24472,"ELE":1115,"MAMMAL":15.0,"BIRD":20.0,"AMPHIBIAN":0.0,"REPTILE":1.0,"BUTTERFLY":0.0,"maml_fst":"15","maml_opn":"8","bird_fst":"19","bird_opn":"2","bird_rvwet":"0","rptl_fst":"1","rptl_opn":"0","rptl_rvwet":"0","amph_fst":"0","amph_opn":"0","anm_hs_fst":1.0,"anm_hs_opn":0.0,"anm_hs_rvw":0.0,"anm_hotsp":2},"geometry":{"type":"Polygon","coordinates":[[[120.755027,23.602286],[120.745228,23.60227],[120.745246,23.593241],[120.755044,23.593256],[120.755027,23.602286]]]}},
{"type":"Feature","properties":{"GridID":24474,"ELE":1585,"MAMMAL":11.0,"BIRD":21.0,"AMPHIBIAN":0.0,"REPTILE":1.0,"BUTTERFLY":0.0,"maml_fst":"11","maml_opn":"8","bird_fst":"19","bird_opn":"3","bird_rvwet":"0","rptl_fst":"1","rptl_opn":"0","rptl_rvwet":"0","amph_fst":"0","amph_opn":"0","anm_hs_fst":2.0,"anm_hs_opn":1.0,"anm_hs_rvw":0.0,"anm_hotsp":1},"geometry":{"type":"Polygon","coordinates":[[[120.754993,23.620346],[120.745193,23.62033],[120.745211,23.6113],[120.75501,23.611316],[120.754993,23.620346]]]}},
{"type":"Feature","properties":{"GridID":24475,"ELE":1360,"MAMMAL":10.0,"BIRD":17.0,"AMPHIBIAN":0.0,"REPTILE":1.0,"BUTTERFLY":0.0,"maml_fst":"10","maml_opn":"7","bird_fst":"17","bird_opn":"0","bird_rvwet":"0","rptl_fst":"1","rptl_opn":"0","rptl_rvwet":"0","amph_fst":"0","amph_opn":"0","anm_hs_fst":1.0,"anm_hs_opn":1.0,"anm_hs_rvw":0.0,"anm_hotsp":1},"geometry":{"type":"Polygon","coordinates":[[[120.754977,23.629376],[120.745176,23.62936],[120.745193,23.62033],[120.754993,23.620346],[120.754977,23.629376]]]}},
{"type":"Feature","properties":{"GridID":24476,"ELE":1073,"MAMMAL":10.0,"BIRD":16.0,"AMPHIBIAN":0.0,"REPTILE":1.0,"BUTTERFLY":0.0,"maml_fst":"10","maml_opn":"7","bird_fst":"16","bird_opn":"0","bird_rvwet":"0","rptl_fst":"1","rptl_opn":"0","rptl_rvwet":"0","amph_fst":"0","amph_opn":"0","anm_hs_fst":2.0,"anm_hs_opn":1.0,"anm_hs_rvw":0.0,"anm_hotsp":1},"geometry":{"type":"Polygon","coordinates":[[[120.75496,23.638406],[120.745158,23.63839],[120.745176,23.62936],[120.754977,23.629376],[120.75496,23.638406]]]}},
{"type":"Feature","properties":{"GridID":24479,"ELE":621,"MAMMAL":11.0,"BIRD":16.0,"AMPHIBIAN":0.0,"REPTILE":2.0,"BUTTERFLY":0.0,"maml_fst":"11","maml_opn":"7","bird_fst":"16","bird_opn":"0","bird_rvwet":"0","rptl_fst":"2","rptl_opn":"0","rptl_rvwet":"0","amph_fst":"0","amph_opn":"0","anm_hs_fst":0.0,"anm_hs_opn":0.0,"anm_hs_rvw":0.0,"anm_hotsp":1},"geometry":{"type":"Polygon","coordinates":[[[120.666906,23.575032],[120.657109,23.575011],[120.657133,23.565981],[120.666929,23.566002],[120.666906,23.575032]]]}},
{"type":"Feature","properties":{"GridID":24480,"ELE":591,"MAMMAL":8.0,"BIRD":11.0,"AMPHIBIAN":0.0,"REPTILE":2.0,"BUTTERFLY":0.0,"maml_fst":"8","maml_opn":"6","bird_fst":"10","bird_opn":"1","bird_rvwet":"0","rptl_fst":"2","rptl_opn":"0","rptl_rvwet":"0","amph_fst":"0","amph_opn":"0","anm_hs_fst":0.0,"anm_hs_opn":0.0,"anm_hs_rvw":0.0,"anm_hotsp":2},"geometry":{"type":"Polygon","coordinates":[[[120.666883,23.584062],[120.657086,23.584041],[120.657109,23.575011],[120.666906,23.575032],[120.666883,23.584062]]]}},
{"type":"Feature","properties":{"GridID":24483,"ELE":1112,"MAMMAL":26.0,"BIRD":61.0,"AMPHIBIAN":7.0,"REPTILE":23.0,"BUTTERFLY":33.0,"maml_fst":"26","maml_opn":"13","bird_fst":"56","bird_opn":"11","bird_rvwet":"3","rptl_fst":"22","rptl_opn":"8","rptl_rvwet":"2","amph_fst":"7","amph_opn":"2","anm_hs_fst":1.0,"anm_hs_opn":0.0,"anm_hs_rvw":0.0,"anm_hotsp":2},"geometry":{"type":"Polygon","coordinates":[[[120.676725,23.566023],[120.666929,23.566002],[120.666952,23.556973],[120.676747,23.556993],[120.676725,23.566023]]]}},
{"type":"Feature","properties":{"GridID":24484,"ELE":669,"MAMMAL":25.0,"BIRD":60.0,"AMPHIBIAN":5.0,"REPTILE":16.0,"BUTTERFLY":28.0,"maml_fst":"25","maml_opn":"13","bird_fst":"55","bird_opn":"10","bird_rvwet":"3","rptl_fst":"15","rptl_opn":"5","rptl_rvwet":"2","amph_fst":"5","amph_opn":"1","anm_hs_fst":0.0,"anm_hs_opn":0.0,"anm_hs_rvw":0.0,"anm_hotsp":1},"geometry":{"type":"Polygon","coordinates":[[[120.676703,23.575053],[120.666906,23.575032],[120.666929,23.566002],[120.676725,23.566023],[120.676703,23.575053]]]}},
{"type":"Feature","properties":{"GridID":24488,"ELE":1111,"MAMMAL":9.0,"BIRD":12.0,"AMPHIBIAN":1.0,"REPTILE":3.0,"BUTTERFLY":0.0,"maml_fst":"9","maml_opn":"5","bird_fst":"12","bird_opn":"0","bird_rvwet":"0","rptl_fst":"3","rptl_opn":"0","rptl_rvwet":"0","amph_fst":"1","amph_opn":"0","anm_hs_fst":1.0,"anm_hs_opn":1.0,"anm_hs_rvw":0.0,"anm_hotsp":2},"geometry":{"type":"Polygon","coordinates":[[[120.686521,23.566043],[120.676725,23.566023],[120.676747,23.556993],[120.686542,23.557013],[120.686521,23.566043]]]}},
{"type":"Feature","properties":{"GridID":24489,"ELE":597,"MAMMAL":12.0,"BIRD":14.0,"AMPHIBIAN":0.0,"REPTILE":2.0,"BUTTERFLY":0.0,"maml_fst":"12","maml_opn":"6","bird_fst":"13","bird_opn":"1","bird_rvwet":"0","rptl_fst":"2","rptl_opn":"0","rptl_rvwet":"0","amph_fst":"0","amph_opn":"0","anm_hs_fst":1.0,"anm_hs_opn":0.0,"anm_hs_rvw":0.0,"anm_hotsp":1},"geometry":{"type":"Polygon","coordinates":[[[120.6865,23.575073],[120.676703,23.575053],[120.676725,23.566023],[120.686521,23.566043],[120.6865,23.575073]]]}},
{"type":"Feature","properties":{"GridID":24496,"ELE":893,"MAMMAL":9.0,"BIRD":11.0,"AMPHIBIAN":0.0,"REPTILE":3.0,"BUTTERFLY":0.0,"maml_fst":"9","maml_opn":"4","bird_fst":"11","bird_opn":"0","bird_rvwet":"0","rptl_fst":"3","rptl_opn":"0","rptl_rvwet":"0","amph_fst":"0","amph_opn":"0","anm_hs_fst":1.0,"anm_hs_opn":0.0,"anm_hs_rvw":0.0,"anm_hotsp":1},"geometry":{"type":"Polygon","coordinates":[[[120.696255,23.593152],[120.686457,23.593133],[120.686478,23.584103],[120.696276,23.584123],[120.696255,23.593152]]]}},
{"type":"Feature","properties":{"GridID":24497,"ELE":1057,"MAMMAL":9.0,"BIRD":11.0,"AMPHIBIAN":3.0,"REPTILE":3.0,"BUTTERFLY":2.0,"maml_fst":"8","maml_opn":"4","bird_fst":"11","bird_opn":"0","bird_rvwet":"0","rptl_fst":"3","rptl_opn":"0","rptl_rvwet":"0","amph_fst":"3","amph_opn":"0","anm_hs_fst":1.0,"anm_hs_opn":0.0,"anm_hs_rvw":0.0,"anm_hotsp":2},"geometry":{"type":"Polygon","coordinates":[[[120.706133,23.557051],[120.696338,23.557033],[120.696359,23.548003],[120.706153,23.548022],[120.706133,23.557051]]]}},
{"type":"Feature","properties":{"GridID":24501,"ELE":726,"MAMMAL":14.0,"BIRD":10.0,"AMPHIBIAN":0.0,"REPTILE":3.0,"BUTTERFLY":14.0,"maml_fst":"13","maml_opn":"6","bird_fst":"9","bird_opn":"1","bird_rvwet":"0","rptl_fst":"2","rptl_opn":"2","rptl_rvwet":"0","amph_fst":"0","amph_opn":"0","anm_hs_fst":1.0,"anm_hs_opn":0.0,"anm_hs_rvw":0.0,"anm_hotsp":2},"geometry":{"type":"Polygon","coordinates":[[[120.706053,23.593171],[120.696255,23.593152],[120.696276,23.584123],[120.706073,23.584141],[120.706053,23.593171]]]}},
{"type":"Feature","properties":{"GridID":24947,"ELE":1609,"MAMMAL":11.0,"BIRD":22.0,"AMPHIBIAN":6.0,"REPTILE":16.0,"BUTTERFLY":10.0,"maml_fst":"7","maml_opn":"8","bird_fst":"10","bird_opn":"16","bird_rvwet":"1","rptl_fst":"12","rptl_opn":"10","rptl_rvwet":"3","amph_fst":"4","amph_opn":"5","anm_hs_fst":1.0,"anm_hs_opn":0.0,"anm_hs_rvw":0.0,"anm_hotsp":1},"geometry":{"type":"Polygon","coordinates":[[[121.206476,24.0448],[121.196644,24.044813],[121.196631,24.035783],[121.206462,24.03577],[121.206476,24.0448]]]}},
{"type":"Feature","properties":{"GridID":24948,"ELE":1802,"MAMMAL":12.0,"BIRD":33.0,"AMPHIBIAN":7.0,"REPTILE":19.0,"BUTTERFLY":16.0,"maml_fst":"8","maml_opn":"8","bird_fst":"14","bird_opn":"24","bird_rvwet":"3","rptl_fst":"13","rptl_opn":"12","rptl_rvwet":"3","amph_fst":"4","amph_opn":"6","anm_hs_fst":2.0,"anm_hs_opn":0.0,"anm_hs_rvw":0.0,"anm_hotsp":1},"geometry":{"type":"Polygon","coordinates":[[[121.206491,24.053829],[121.196658,24.053842],[121.196644,24.044813],[121.206476,24.0448],[121.206491,24.053829]]]}},
{"type":"Feature","properties":{"GridID":24949,"ELE":1669,"MAMMAL":15.0,"BIRD":36.0,"AMPHIBIAN":7.0,"REPTILE":24.0,"BUTTERFLY":28.0,"maml_fst":"12","maml_opn":"10","bird_fst":"17","bird_opn":"25","bird_rvwet":"3","rptl_fst":"17","rptl_opn":"16","rptl_rvwet":"3","amph_fst":"4","amph_opn":"6","anm_hs_fst":2.0,"anm_hs_opn":0.0,"anm_hs_rvw":0.0,"anm_hotsp":1},"geometry":{"type":"Polygon","coordinates":[[[121.206505,24.062859],[121.196672,24.062872],[121.196658,24.053842],[121.206491,24.053829],[121.206505,24.062859]]]}},
{"type":"Feature","properties":{"GridID":24950,"ELE":1596,"MAMMAL":14.0,"BIRD":37.0,"AMPHIBIAN":7.0,"REPTILE":23.0,"BUTTERFLY":22.0,"maml_fst":"11","maml_opn":"9","bird_fst":"17","bird_opn":"26","bird_rvwet":"4","rptl_fst":"16","rptl_opn":"15","rptl_rvwet":"3","amph_fst":"4","amph_opn":"6","anm_hs_fst":2.0,"anm_hs_opn":0.0,"anm_hs_rvw":0.0,"anm_hotsp":1},"geometry":{"type":"Polygon","coordinates":[[[121.20652,24.071888],[121.196686,24.071901],[121.196672,24.062872],[121.206505,24.062859],[121.20652,24.071888]]]}},
{"type":"Feature","properties":{"GridID":24951,"ELE":1483,"MAMMAL":16.0,"BIRD":36.0,"AMPHIBIAN":7.0,"REPTILE":23.0,"BUTTERFLY":37.0,"maml_fst":"14","maml_opn":"9","bird_fst":"19","bird_opn":"22","bird_rvwet":"3","rptl_fst":"16","rptl_opn":"15","rptl_rvwet":"3","amph_fst":"4","amph_opn":"6","anm_hs_fst":2.0,"anm_hs_opn":0.0,"anm_hs_rvw":0.0,"anm_hotsp":1},"geometry":{"type":"Polygon","coordinates":[[[121.206534,24.080918],[121.196699,24.08093],[121.196686,24.071901],[121.20652,24.071888],[121.206534,24.080918]]]}},
{"type":"Feature","properties":{"GridID":24952,"ELE":1517,"MAMMAL":8.0,"BIRD":31.0,"AMPHIBIAN":7.0,"REPTILE":19.0,"BUTTERFLY":12.0,"maml_fst":"4","maml_opn":"7","bird_fst":"12","bird_opn":"23","bird_rvwet":"4","rptl_fst":"13","rptl_opn":"12","rptl_rvwet":"3","amph_fst":"4","amph_opn":"6","anm_hs_fst":2.0,"anm_hs_opn":0.0,"anm_hs_rvw":0.0,"anm_hotsp":1},"geometry":{"type":"Polygon","coordinates":[[[121.206549,24.089947],[121.196713,24.08996],[121.196699,24.08093],[121.206534,24.080918],[121.206549,24.089947]]]}},
{"type":"Feature","properties":{"GridID":24953,"ELE":1856,"MAMMAL":11.0,"BIRD":31.0,"AMPHIBIAN":7.0,"REPTILE":20.0,"BUTTERFLY":12.0,"maml_fst":"6","maml_opn":"9","bird_fst":"12","bird_opn":"23","bird_rvwet":"3","rptl_fst":"14","rptl_opn":"13","rptl_rvwet":"3","amph_fst":"4","amph_opn":"6","anm_hs_fst":2.0,"anm_hs_opn":1.0,"anm_hs_rvw":0.0,"anm_hotsp":2},"geometry":{"type":"Polygon","coordinates":[[[121.206563,24.098976],[121.196727,24.098989],[121.196713,24.08996],[121.206549,24.089947],[121.206563,24.098976]]]}},
{"type":"Feature","properties":{"GridID":24954,"ELE":2148,"MAMMAL":9.0,"BIRD":31.0,"AMPHIBIAN":7.0,"REPTILE":18.0,"BUTTERFLY":11.0,"maml_fst":"5","maml_opn":"7","bird_fst":"13","bird_opn":"23","bird_rvwet":"3","rptl_fst":"12","rptl_opn":"12","rptl_rvwet":"3","amph_fst":"4","amph_opn":"6","anm_hs_fst":2.0,"anm_hs_opn":1.0,"anm_hs_rvw":0.0,"anm_hotsp":1},"geometry":{"type":"Polygon","coordinates":[[[121.206578,24.108006],[121.200923,24.108013],[121.200662,24.10794],[121.200275,24.107787],[121.199931,24.107542],[121.199424,24.10698],[121.198804,24.106028],[121.198434,24.105634],[121.196736,24.104712],[121.196727,24.098989],[121.206563,24.098976],[121.206578,24.108006]]]}},
{"type":"Feature","properties":{"GridID":24955,"ELE":2207,"MAMMAL":11.0,"BIRD":31.0,"AMPHIBIAN":7.0,"REPTILE":18.0,"BUTTERFLY":8.0,"maml_fst":"6","maml_opn":"8","bird_fst":"10","bird_opn":"24","bird_rvwet":"4","rptl_fst":"12","rptl_opn":"11","rptl_rvwet":"3","amph_fst":"4","amph_opn":"6","anm_hs_fst":2.0,"anm_hs_opn":0.0,"anm_hs_rvw":0.0,"anm_hotsp":2},"geometry":{"type":"Polygon","coordinates":[[[121.206581,24.109903],[121.20591,24.109477],[121.20453,24.109323],[121.204149,24.109238],[121.203361,24.108896],[121.202106,24.108764],[121.201518,24.108251],[121.200923,24.108013],[121.206578,24.108006],[121.206581,24.109903]]]}},
{"type":"Feature","properties":{"GridID":25186,"ELE":1735,"MAMMAL":27.0,"BIRD":44.0,"AMPHIBIAN":7.0,"REPTILE":26.0,"BUTTERFLY":40.0,"maml_fst":"25","maml_opn":"13","bird_fst":"41","bird_opn":"10","bird_rvwet":"2","rptl_fst":"25","rptl_opn":"10","rptl_rvwet":"1","amph_fst":"7","amph_opn":"3","anm_hs_fst":2.0,"anm_hs_opn":0.0,"anm_hs_rvw":0.0,"anm_hotsp":1},"geometry":{"type":"Polygon","coordinates":[[[121.216309,24.044786],[121.206476,24.0448],[121.206462,24.03577],[121.216294,24.035757],[121.216309,24.044786]]]}},
{"type":"Feature","properties":{"GridID":25187,"ELE":2022,"MAMMAL":28.0,"BIRD":49.0,"AMPHIBIAN":6.0,"REPTILE":19.0,"BUTTERFLY":19.0,"maml_fst":"26","maml_opn":"14","bird_fst":"46","bird_opn":"10","bird_rvwet":"2","rptl_fst":"19","rptl_opn":"7","rptl_rvwet":"1","amph_fst":"6","amph_opn":"2","anm_hs_fst":2.0,"anm_hs_opn":0.0,"anm_hs_rvw":0.0,"anm_hotsp":1},"geometry":{"type":"Polygon","coordinates":[[[121.216324,24.053816],[121.206491,24.053829],[121.206476,24.0448],[121.216309,24.044786],[121.216324,24.053816]]]}},
{"type":"Feature","properties":{"GridID":25188,"ELE":2026,"MAMMAL":28.0,"BIRD":54.0,"AMPHIBIAN":7.0,"REPTILE":21.0,"BUTTERFLY":20.0,"maml_fst":"27","maml_opn":"14","bird_fst":"49","bird_opn":"11","bird_rvwet":"3","rptl_fst":"19","rptl_opn":"8","rptl_rvwet":"2","amph_fst":"7","amph_opn":"2","anm_hs_fst":2.0,"anm_hs_opn":0.0,"anm_hs_rvw":0.0,"anm_hotsp":2},"geometry":{"type":"Polygon","coordinates":[[[121.216339,24.062845],[121.206505,24.062859],[121.206491,24.053829],[121.216324,24.053816],[121.216339,24.062845]]]}},
{"type":"Feature","properties":{"GridID":25190,"ELE":1620,"MAMMAL":26.0,"BIRD":53.0,"AMPHIBIAN":9.0,"REPTILE":25.0,"BUTTERFLY":26.0,"maml_fst":"24","maml_opn":"13","bird_fst":"49","bird_opn":"10","bird_rvwet":"3","rptl_fst":"23","rptl_opn":"9","rptl_rvwet":"2","amph_fst":"9","amph_opn":"4","anm_hs_fst":2.0,"anm_hs_opn":0.0,"anm_hs_rvw":0.0,"anm_hotsp":1},"geometry":{"type":"Polygon","coordinates":[[[121.216369,24.080904],[121.206534,24.080918],[121.20652,24.071888],[121.216354,24.071874],[121.216369,24.080904]]]}},
{"type":"Feature","properties":{"GridID":25191,"ELE":1476,"MAMMAL":25.0,"BIRD":55.0,"AMPHIBIAN":11.0,"REPTILE":25.0,"BUTTERFLY":35.0,"maml_fst":"24","maml_opn":"12","bird_fst":"50","bird_opn":"11","bird_rvwet":"3","rptl_fst":"24","rptl_opn":"8","rptl_rvwet":"2","amph_fst":"11","amph_opn":"6","anm_hs_fst":2.0,"anm_hs_opn":0.0,"anm_hs_rvw":0.0,"anm_hotsp":1},"geometry":{"type":"Polygon","coordinates":[[[121.216384,24.089933],[121.206549,24.089947],[121.206534,24.080918],[121.216369,24.080904],[121.216384,24.089933]]]}},
{"type":"Feature","properties":{"GridID":25192,"ELE":1745,"MAMMAL":29.0,"BIRD":57.0,"AMPHIBIAN":5.0,"REPTILE":22.0,"BUTTERFLY":30.0,"maml_fst":"27","maml_opn":"15","bird_fst":"53","bird_opn":"11","bird_rvwet":"2","rptl_fst":"21","rptl_opn":"8","rptl_rvwet":"2","amph_fst":"5","amph_opn":"1","anm_hs_fst":1.0,"anm_hs_opn":0.0,"anm_hs_rvw":0.0,"anm_hotsp":1},"geometry":{"type":"Polygon","coordinates":[[[121.2164,24.098963],[121.206563,24.098976],[121.206549,24.089947],[121.216384,24.089933],[121.2164,24.098963]]]}},
{"type":"Feature","properties":{"GridID":25193,"ELE":2135,"MAMMAL":29.0,"BIRD":55.0,"AMPHIBIAN":5.0,"REPTILE":13.0,"BUTTERFLY":21.0,"maml_fst":"27","maml_opn":"15","bird_fst":"52","bird_opn":"9","bird_rvwet":"1","rptl_fst":"13","rptl_opn":"4","rptl_rvwet":"1","amph_fst":"5","amph_opn":"1","anm_hs_fst":2.0,"anm_hs_opn":0.0,"anm_hs_rvw":0.0,"anm_hotsp":1},"geometry":{"type":"Polygon","coordinates":[[[121.216415,24.107992],[121.206578,24.108006],[121.206563,24.098976],[121.2164,24.098963],[121.216415,24.107992]]]}},
{"type":"Feature","properties":{"GridID":25194,"ELE":2479,"MAMMAL":26.0,"BIRD":59.0,"AMPHIBIAN":5.0,"REPTILE":13.0,"BUTTERFLY":29.0,"maml_fst":"26","maml_opn":"13","bird_fst":"53","bird_opn":"10","bird_rvwet":"3","rptl_fst":"13","rptl_opn":"2","rptl_rvwet":"1","amph_fst":"5","amph_opn":"1","anm_hs_fst":2.0,"anm_hs_opn":0.0,"anm_hs_rvw":0.0,"anm_hotsp":1},"geometry":{"type":"Polygon","coordinates":[[[121.216428,24.115649],[121.214971,24.115422],[121.214545,24.11524],[121.214226,24.114987],[121.21335,24.114061],[121.212654,24.112915],[121.211635,24.112117],[121.211391,24.11182],[121.211071,24.111123],[121.210277,24.110749],[121.209009,24.110292],[121.207916,24.110294],[121.206581,24.109903],[121.206578,24.108006],[121.216415,24.107992],[121.216428,24.115649]]]}},
{"type":"Feature","properties":{"GridID":25426,"ELE":2143,"MAMMAL":27.0,"BIRD":56.0,"AMPHIBIAN":5.0,"REPTILE":16.0,"BUTTERFLY":30.0,"maml_fst":"26","maml_opn":"13","bird_fst":"53","bird_opn":"8","bird_rvwet":"2","rptl_fst":"16","rptl_opn":"4","rptl_rvwet":"1","amph_fst":"5","amph_opn":"1","anm_hs_fst":2.0,"anm_hs_opn":0.0,"anm_hs_rvw":0.0,"anm_hotsp":1},"geometry":{"type":"Polygon","coordinates":[[[121.226157,24.053801],[121.216324,24.053816],[121.216309,24.044786],[121.226141,24.044772],[121.226157,24.053801]]]}},
{"type":"Feature","properties":{"GridID":25428,"ELE":1888,"MAMMAL":19.0,"BIRD":47.0,"AMPHIBIAN":7.0,"REPTILE":15.0,"BUTTERFLY":4.0,"maml_fst":"17","maml_opn":"8","bird_fst":"43","bird_opn":"10","bird_rvwet":"2","rptl_fst":"15","rptl_opn":"4","rptl_rvwet":"1","amph_fst":"7","amph_opn":"2","anm_hs_fst":2.0,"anm_hs_opn":0.0,"anm_hs_rvw":0.0,"anm_hotsp":1},"geometry":{"type":"Polygon","coordinates":[[[121.226188,24.07186],[121.216354,24.071874],[121.216339,24.062845],[121.226172,24.062831],[121.226188,24.07186]]]}},
{"type":"Feature","properties":{"GridID":25429,"ELE":1843,"MAMMAL":26.0,"BIRD":54.0,"AMPHIBIAN":7.0,"REPTILE":21.0,"BUTTERFLY":22.0,"maml_fst":"25","maml_opn":"13","bird_fst":"49","bird_opn":"11","bird_rvwet":"3","rptl_fst":"20","rptl_opn":"8","rptl_rvwet":"2","amph_fst":"7","amph_opn":"2","anm_hs_fst":1.0,"anm_hs_opn":0.0,"anm_hs_rvw":0.0,"anm_hotsp":1},"geometry":{"type":"Polygon","coordinates":[[[121.226204,24.08089],[121.216369,24.080904],[121.216354,24.071874],[121.226188,24.07186],[121.226204,24.08089]]]}},
{"type":"Feature","properties":{"GridID":25430,"ELE":1610,"MAMMAL":26.0,"BIRD":54.0,"AMPHIBIAN":6.0,"REPTILE":24.0,"BUTTERFLY":46.0,"maml_fst":"25","maml_opn":"13","bird_fst":"50","bird_opn":"10","bird_rvwet":"3","rptl_fst":"21","rptl_opn":"10","rptl_rvwet":"2","amph_fst":"6","amph_opn":"2","anm_hs_fst":2.0,"anm_hs_opn":0.0,"anm_hs_rvw":0.0,"anm_hotsp":1},"geometry":{"type":"Polygon","coordinates":[[[121.22622,24.089919],[121.216384,24.089933],[121.216369,24.080904],[121.226204,24.08089],[121.22622,24.089919]]]}},
{"type":"Feature","properties":{"GridID":25431,"ELE":1645,"MAMMAL":27.0,"BIRD":42.0,"AMPHIBIAN":6.0,"REPTILE":18.0,"BUTTERFLY":31.0,"maml_fst":"25","maml_opn":"13","bird_fst":"39","bird_opn":"9","bird_rvwet":"2","rptl_fst":"18","rptl_opn":"7","rptl_rvwet":"1","amph_fst":"6","amph_opn":"2","anm_hs_fst":1.0,"anm_hs_opn":0.0,"anm_hs_rvw":0.0,"anm_hotsp":1},"geometry":{"type":"Polygon","coordinates":[[[121.226236,24.098948],[121.2164,24.098963],[121.216384,24.089933],[121.22622,24.089919],[121.226236,24.098948]]]}},
{"type":"Feature","properties":{"GridID":25432,"ELE":2016,"MAMMAL":26.0,"BIRD":53.0,"AMPHIBIAN":5.0,"REPTILE":10.0,"BUTTERFLY":10.0,"maml_fst":"24","maml_opn":"12","bird_fst":"49","bird_opn":"9","bird_rvwet":"2","rptl_fst":"10","rptl_opn":"3","rptl_rvwet":"0","amph_fst":"5","amph_opn":"1","anm_hs_fst":1.0,"anm_hs_opn":0.0,"anm_hs_rvw":0.0,"anm_hotsp":1},"geometry":{"type":"Polygon","coordinates":[[[121.226252,24.107978],[121.216415,24.107992],[121.2164,24.098963],[121.226236,24.098948],[121.226252,24.107978]]]}},
{"type":"Feature","properties":{"GridID":25433,"ELE":2499,"MAMMAL":27.0,"BIRD":51.0,"AMPHIBIAN":2.0,"REPTILE":6.0,"BUTTERFLY":9.0,"maml_fst":"26","maml_opn":"13","bird_fst":"48","bird_opn":"7","bird_rvwet":"1","rptl_fst":"6","rptl_opn":"1","rptl_rvwet":"0","amph_fst":"2","amph_opn":"0","anm_hs_fst":2.0,"anm_hs_opn":0.0,"anm_hs_rvw":0.0,"anm_hotsp":1},"geometry":{"type":"Polygon","coordinates":[[[121.22626,24.112864],[121.225454,24.113116],[121.224588,24.113851],[121.224365,24.114537],[121.224035,24.114924],[121.222831,24.11544],[121.221865,24.116119],[121.220748,24.116567],[121.220336,24.11662],[121.218968,24.116265],[121.218144,24.116174],[121.217619,24.116062],[121.216428,24.115649],[121.216415,24.107992],[121.226252,24.107978],[121.22626,24.112864]]]}},
{"type":"Feature","properties":{"GridID":25665,"ELE":2312,"MAMMAL":26.0,"BIRD":56.0,"AMPHIBIAN":5.0,"REPTILE":12.0,"BUTTERFLY":22.0,"maml_fst":"25","maml_opn":"12","bird_fst":"52","bird_opn":"8","bird_rvwet":"2","rptl_fst":"12","rptl_opn":"2","rptl_rvwet":"0","amph_fst":"5","amph_opn":"1","anm_hs_fst":2.0,"anm_hs_opn":0.0,"anm_hs_rvw":0.0,"anm_hotsp":1},"geometry":{"type":"Polygon","coordinates":[[[121.235989,24.053787],[121.226157,24.053801],[121.226141,24.044772],[121.235973,24.044757],[121.235989,24.053787]]]}},
{"type":"Feature","properties":{"GridID":25668,"ELE":2155,"MAMMAL":27.0,"BIRD":45.0,"AMPHIBIAN":6.0,"REPTILE":15.0,"BUTTERFLY":19.0,"maml_fst":"26","maml_opn":"13","bird_fst":"42","bird_opn":"9","bird_rvwet":"2","rptl_fst":"15","rptl_opn":"6","rptl_rvwet":"0","amph_fst":"6","amph_opn":"2","anm_hs_fst":1.0,"anm_hs_opn":0.0,"anm_hs_rvw":0.0,"anm_hotsp":1},"geometry":{"type":"Polygon","coordinates":[[[121.236039,24.080875],[121.226204,24.08089],[121.226188,24.07186],[121.236022,24.071845],[121.236039,24.080875]]]}},
{"type":"Feature","properties":{"GridID":25669,"ELE":1776,"MAMMAL":26.0,"BIRD":53.0,"AMPHIBIAN":7.0,"REPTILE":24.0,"BUTTERFLY":31.0,"maml_fst":"25","maml_opn":"13","bird_fst":"49","bird_opn":"10","bird_rvwet":"3","rptl_fst":"22","rptl_opn":"9","rptl_rvwet":"2","amph_fst":"7","amph_opn":"2","anm_hs_fst":2.0,"anm_hs_opn":0.0,"anm_hs_rvw":0.0,"anm_hotsp":1},"geometry":{"type":"Polygon","coordinates":[[[121.236056,24.089904],[121.22622,24.089919],[121.226204,24.08089],[121.236039,24.080875],[121.236056,24.089904]]]}},
{"type":"Feature","properties":{"GridID":25671,"ELE":2016,"MAMMAL":27.0,"BIRD":43.0,"AMPHIBIAN":6.0,"REPTILE":13.0,"BUTTERFLY":29.0,"maml_fst":"25","maml_opn":"13","bird_fst":"40","bird_opn":"9","bird_rvwet":"2","rptl_fst":"13","rptl_opn":"5","rptl_rvwet":"0","amph_fst":"6","amph_opn":"2","anm_hs_fst":2.0,"anm_hs_opn":0.0,"anm_hs_rvw":0.0,"anm_hotsp":1},"geometry":{"type":"Polygon","coordinates":[[[121.236089,24.107963],[121.226252,24.107978],[121.226236,24.098948],[121.236072,24.098934],[121.236089,24.107963]]]}},
{"type":"Feature","properties":{"GridID":25904,"ELE":2307,"MAMMAL":25.0,"BIRD":52.0,"AMPHIBIAN":4.0,"REPTILE":8.0,"BUTTERFLY":19.0,"maml_fst":"24","maml_opn":"11","bird_fst":"49","bird_opn":"8","bird_rvwet":"1","rptl_fst":"8","rptl_opn":"1","rptl_rvwet":"0","amph_fst":"4","amph_opn":"1","anm_hs_fst":1.0,"anm_hs_opn":0.0,"anm_hs_rvw":0.0,"anm_hotsp":1},"geometry":{"type":"Polygon","coordinates":[[[121.245822,24.053771],[121.235989,24.053787],[121.235973,24.044757],[121.245805,24.044742],[121.245822,24.053771]]]}},
{"type":"Feature","properties":{"GridID":31551,"ELE":2212,"MAMMAL":11.0,"BIRD":56.0,"AMPHIBIAN":20.0,"REPTILE":34.0,"BUTTERFLY":57.0,"maml_fst":"11","maml_opn":"6","bird_fst":"36","bird_opn":"23","bird_rvwet":"10","rptl_fst":"26","rptl_opn":"19","rptl_rvwet":"5","amph_fst":"16","amph_opn":"13","anm_hs_fst":2.0,"anm_hs_opn":0.0,"anm_hs_rvw":0.0,"anm_hotsp":1},"geometry":{"type":"Polygon","coordinates":[[[121.196736,24.104712],[121.195503,24.104145],[121.19479,24.103722],[121.194396,24.103379],[121.194202,24.103086],[121.193214,24.102078],[121.192319,24.101278],[121.191342,24.099604],[121.190917,24.099451],[121.190219,24.100059],[121.189827,24.100523],[121.188792,24.101161],[121.188549,24.10147],[121.188243,24.101683],[121.18785,24.10181],[121.186895,24.10181],[121.186891,24.099002],[121.196727,24.098989],[121.196736,24.104712]]]}},
{"type":"Feature","properties":{"GridID":31557,"ELE":1134,"MAMMAL":7.0,"BIRD":37.0,"AMPHIBIAN":2.0,"REPTILE":14.0,"BUTTERFLY":5.0,"maml_fst":"2","maml_opn":"5","bird_fst":"10","bird_opn":"23","bird_rvwet":"12","rptl_fst":"7","rptl_opn":"10","rptl_rvwet":"2","amph_fst":"0","amph_opn":"2","anm_hs_fst":2.0,"anm_hs_opn":0.0,"anm_hs_rvw":0.0,"anm_hotsp":1},"geometry":{"type":"Polygon","coordinates":[[[121.157294,24.026799],[121.147463,24.026809],[121.147452,24.017779],[121.157283,24.01777],[121.157294,24.026799]]]}},
{"type":"Feature","properties":{"GridID":31558,"ELE":1392,"MAMMAL":6.0,"BIRD":37.0,"AMPHIBIAN":5.0,"REPTILE":17.0,"BUTTERFLY":4.0,"maml_fst":"2","maml_opn":"4","bird_fst":"10","bird_opn":"25","bird_rvwet":"11","rptl_fst":"8","rptl_opn":"13","rptl_rvwet":"3","amph_fst":"2","amph_opn":"4","anm_hs_fst":1.0,"anm_hs_opn":1.0,"anm_hs_rvw":0.0,"anm_hotsp":1},"geometry":{"type":"Polygon","coordinates":[[[121.157305,24.035829],[121.147473,24.035838],[121.147463,24.026809],[121.157294,24.026799],[121.157305,24.035829]]]}},
{"type":"Feature","properties":{"GridID":31562,"ELE":1113,"MAMMAL":6.0,"BIRD":25.0,"AMPHIBIAN":3.0,"REPTILE":8.0,"BUTTERFLY":0.0,"maml_fst":"2","maml_opn":"4","bird_fst":"11","bird_opn":"13","bird_rvwet":"7","rptl_fst":"5","rptl_opn":"7","rptl_rvwet":"0","amph_fst":"0","amph_opn":"3","anm_hs_fst":3.0,"anm_hs_opn":0.0,"anm_hs_rvw":0.0,"anm_hotsp":1},"geometry":{"type":"Polygon","coordinates":[[[121.167124,24.026789],[121.157294,24.026799],[121.157283,24.01777],[121.167113,24.017759],[121.167124,24.026789]]]}},
{"type":"Feature","properties":{"GridID":31563,"ELE":1274,"MAMMAL":6.0,"BIRD":24.0,"AMPHIBIAN":3.0,"REPTILE":9.0,"BUTTERFLY":0.0,"maml_fst":"2","maml_opn":"4","bird_fst":"9","bird_opn":"14","bird_rvwet":"7","rptl_fst":"5","rptl_opn":"8","rptl_rvwet":"0","amph_fst":"0","amph_opn":"3","anm_hs_fst":3.0,"anm_hs_opn":0.0,"anm_hs_rvw":0.0,"anm_hotsp":1},"geometry":{"type":"Polygon","coordinates":[[[121.167136,24.035818],[121.157305,24.035829],[121.157294,24.026799],[121.167124,24.026789],[121.167136,24.035818]]]}},
{"type":"Feature","properties":{"GridID":31564,"ELE":1472,"MAMMAL":6.0,"BIRD":24.0,"AMPHIBIAN":3.0,"REPTILE":9.0,"BUTTERFLY":0.0,"maml_fst":"2","maml_opn":"4","bird_fst":"10","bird_opn":"13","bird_rvwet":"7","rptl_fst":"5","rptl_opn":"8","rptl_rvwet":"0","amph_fst":"0","amph_opn":"3","anm_hs_fst":2.0,"anm_hs_opn":0.0,"anm_hs_rvw":0.0,"anm_hotsp":1},"geometry":{"type":"Polygon","coordinates":[[[121.167148,24.044848],[121.157316,24.044858],[121.157305,24.035829],[121.167136,24.035818],[121.167148,24.044848]]]}},
{"type":"Feature","properties":{"GridID":31570,"ELE":1735,"MAMMAL":6.0,"BIRD":23.0,"AMPHIBIAN":2.0,"REPTILE":5.0,"BUTTERFLY":1.0,"maml_fst":"1","maml_opn":"5","bird_fst":"4","bird_opn":"14","bird_rvwet":"8","rptl_fst":"2","rptl_opn":"3","rptl_rvwet":"3","amph_fst":"1","amph_opn":"1","anm_hs_fst":2.0,"anm_hs_opn":0.0,"anm_hs_rvw":0.0,"anm_hotsp":1},"geometry":{"type":"Polygon","coordinates":[[[121.18676,24.008707],[121.176931,24.008719],[121.176918,23.999689],[121.186747,23.999677],[121.18676,24.008707]]]}},
{"type":"Feature","properties":{"GridID":31571,"ELE":1436,"MAMMAL":8.0,"BIRD":32.0,"AMPHIBIAN":12.0,"REPTILE":17.0,"BUTTERFLY":20.0,"maml_fst":"4","maml_opn":"6","bird_fst":"15","bird_opn":"19","bird_rvwet":"7","rptl_fst":"12","rptl_opn":"14","rptl_rvwet":"2","amph_fst":"9","amph_opn":"10","anm_hs_fst":1.0,"anm_hs_opn":0.0,"anm_hs_rvw":0.0,"anm_hotsp":1},"geometry":{"type":"Polygon","coordinates":[[[121.186773,24.017737],[121.176943,24.017748],[121.176931,24.008719],[121.18676,24.008707],[121.186773,24.017737]]]}},
{"type":"Feature","properties":{"GridID":31572,"ELE":1173,"MAMMAL":12.0,"BIRD":54.0,"AMPHIBIAN":21.0,"REPTILE":34.0,"BUTTERFLY":56.0,"maml_fst":"11","maml_opn":"7","bird_fst":"33","bird_opn":"24","bird_rvwet":"10","rptl_fst":"24","rptl_opn":"20","rptl_rvwet":"5","amph_fst":"17","amph_opn":"13","anm_hs_fst":3.0,"anm_hs_opn":1.0,"anm_hs_rvw":0.0,"anm_hotsp":2},"geometry":{"type":"Polygon","coordinates":[[[121.186786,24.026766],[121.176955,24.026778],[121.176943,24.017748],[121.186773,24.017737],[121.186786,24.026766]]]}},
{"type":"Feature","properties":{"GridID":31576,"ELE":1299,"MAMMAL":12.0,"BIRD":51.0,"AMPHIBIAN":21.0,"REPTILE":31.0,"BUTTERFLY":70.0,"maml_fst":"12","maml_opn":"5","bird_fst":"35","bird_opn":"21","bird_rvwet":"8","rptl_fst":"25","rptl_opn":"14","rptl_rvwet":"4","amph_fst":"17","amph_opn":"13","anm_hs_fst":2.0,"anm_hs_opn":0.0,"anm_hs_rvw":0.0,"anm_hotsp":1},"geometry":{"type":"Polygon","coordinates":[[[121.196603,24.017724],[121.186773,24.017737],[121.18676,24.008707],[121.196589,24.008695],[121.196603,24.017724]]]}},
{"type":"Feature","properties":{"GridID":31577,"ELE":1223,"MAMMAL":11.0,"BIRD":42.0,"AMPHIBIAN":21.0,"REPTILE":29.0,"BUTTERFLY":66.0,"maml_fst":"10","maml_opn":"5","bird_fst":"25","bird_opn":"20","bird_rvwet":"7","rptl_fst":"21","rptl_opn":"15","rptl_rvwet":"6","amph_fst":"17","amph_opn":"13","anm_hs_fst":3.0,"anm_hs_opn":1.0,"anm_hs_rvw":0.0,"anm_hotsp":1},"geometry":{"type":"Polygon","coordinates":[[[121.196617,24.026754],[121.186786,24.026766],[121.186773,24.017737],[121.196603,24.017724],[121.196617,24.026754]]]}},
{"type":"Feature","properties":{"GridID":31812,"ELE":1022,"MAMMAL":15.0,"BIRD":21.0,"AMPHIBIAN":13.0,"REPTILE":10.0,"BUTTERFLY":12.0,"maml_fst":"13","maml_opn":"10","bird_fst":"16","bird_opn":"5","bird_rvwet":"4","rptl_fst":"9","rptl_opn":"6","rptl_rvwet":"4","amph_fst":"11","amph_opn":"9","anm_hs_fst":1.0,"anm_hs_opn":0.0,"anm_hs_rvw":0.0,"anm_hotsp":2},"geometry":{"type":"Polygon","coordinates":[[[120.764745,23.647451],[120.754943,23.647436],[120.75496,23.638406],[120.764761,23.638421],[120.764745,23.647451]]]}},
{"type":"Feature","properties":{"GridID":31813,"ELE":1436,"MAMMAL":16.0,"BIRD":33.0,"AMPHIBIAN":17.0,"REPTILE":16.0,"BUTTERFLY":15.0,"maml_fst":"14","maml_opn":"11","bird_fst":"25","bird_opn":"7","bird_rvwet":"6","rptl_fst":"12","rptl_opn":"10","rptl_rvwet":"5","amph_fst":"13","amph_opn":"12","anm_hs_fst":1.0,"anm_hs_opn":0.0,"anm_hs_rvw":0.0,"anm_hotsp":1},"geometry":{"type":"Polygon","coordinates":[[[120.764729,23.656481],[120.754926,23.656466],[120.754943,23.647436],[120.764745,23.647451],[120.764729,23.656481]]]}},
{"type":"Feature","properties":{"GridID":31814,"ELE":1391,"MAMMAL":18.0,"BIRD":41.0,"AMPHIBIAN":13.0,"REPTILE":14.0,"BUTTERFLY":36.0,"maml_fst":"17","maml_opn":"10","bird_fst":"33","bird_opn":"10","bird_rvwet":"6","rptl_fst":"11","rptl_opn":"10","rptl_rvwet":"3","amph_fst":"11","amph_opn":"9","anm_hs_fst":2.0,"anm_hs_opn":0.0,"anm_hs_rvw":0.0,"anm_hotsp":1},"geometry":{"type":"Polygon","coordinates":[[[120.764713,23.665511],[120.754909,23.665496],[120.754926,23.656466],[120.764729,23.656481],[120.764713,23.665511]]]}},
{"type":"Feature","properties":{"GridID":31815,"ELE":1306,"MAMMAL":11.0,"BIRD":50.0,"AMPHIBIAN":18.0,"REPTILE":25.0,"BUTTERFLY":9.0,"maml_fst":"9","maml_opn":"7","bird_fst":"29","bird_opn":"20","bird_rvwet":"9","rptl_fst":"17","rptl_opn":"19","rptl_rvwet":"5","amph_fst":"14","amph_opn":"13","anm_hs_fst":1.0,"anm_hs_opn":0.0,"anm_hs_rvw":0.0,"anm_hotsp":1},"geometry":{"type":"Polygon","coordinates":[[[120.764697,23.674541],[120.754892,23.674526],[120.754909,23.665496],[120.764713,23.665511],[120.764697,23.674541]]]}},
{"type":"Feature","properties":{"GridID":31816,"ELE":1412,"MAMMAL":11.0,"BIRD":31.0,"AMPHIBIAN":14.0,"REPTILE":16.0,"BUTTERFLY":14.0,"maml_fst":"9","maml_opn":"8","bird_fst":"26","bird_opn":"8","bird_rvwet":"4","rptl_fst":"10","rptl_opn":"11","rptl_rvwet":"4","amph_fst":"11","amph_opn":"10","anm_hs_fst":1.0,"anm_hs_opn":0.0,"anm_hs_rvw":0.0,"anm_hotsp":1},"geometry":{"type":"Polygon","coordinates":[[[120.764681,23.683571],[120.754876,23.683555],[120.754892,23.674526],[120.764697,23.674541],[120.764681,23.683571]]]}},
{"type":"Feature","properties":{"GridID":31818,"ELE":1439,"MAMMAL":3.0,"BIRD":2.0,"AMPHIBIAN":1.0,"REPTILE":4.0,"BUTTERFLY":8.0,"maml_fst":"3","maml_opn":"3","bird_fst":"2","bird_opn":"0","bird_rvwet":"0","rptl_fst":"3","rptl_opn":"3","rptl_rvwet":"1","amph_fst":"1","amph_opn":"0","anm_hs_fst":2.0,"anm_hs_opn":1.0,"anm_hs_rvw":0.0,"anm_hotsp":1},"geometry":{"type":"Polygon","coordinates":[[[120.774532,23.656496],[120.764729,23.656481],[120.764745,23.647451],[120.774547,23.647466],[120.774532,23.656496]]]}},
{"type":"Feature","properties":{"GridID":31819,"ELE":1645,"MAMMAL":4.0,"BIRD":0.0,"AMPHIBIAN":1.0,"REPTILE":3.0,"BUTTERFLY":4.0,"maml_fst":"4","maml_opn":"2","bird_fst":"0","bird_opn":"0","bird_rvwet":"0","rptl_fst":"2","rptl_opn":"2","rptl_rvwet":"1","amph_fst":"1","amph_opn":"0","anm_hs_fst":2.0,"anm_hs_opn":0.0,"anm_hs_rvw":0.0,"anm_hotsp":1},"geometry":{"type":"Polygon","coordinates":[[[120.774516,23.665525],[120.764713,23.665511],[120.764729,23.656481],[120.774532,23.656496],[120.774516,23.665525]]]}},
{"type":"Feature","properties":{"GridID":31820,"ELE":1476,"MAMMAL":3.0,"BIRD":2.0,"AMPHIBIAN":1.0,"REPTILE":3.0,"BUTTERFLY":6.0,"maml_fst":"3","maml_opn":"2","bird_fst":"2","bird_opn":"0","bird_rvwet":"0","rptl_fst":"2","rptl_opn":"2","rptl_rvwet":"1","amph_fst":"1","amph_opn":"0","anm_hs_fst":2.0,"anm_hs_opn":1.0,"anm_hs_rvw":0.0,"anm_hotsp":1},"geometry":{"type":"Polygon","coordinates":[[[120.774501,23.674555],[120.764697,23.674541],[120.764713,23.665511],[120.774516,23.665525],[120.774501,23.674555]]]}},
{"type":"Feature","properties":{"GridID":31821,"ELE":1312,"MAMMAL":4.0,"BIRD":4.0,"AMPHIBIAN":1.0,"REPTILE":3.0,"BUTTERFLY":6.0,"maml_fst":"4","maml_opn":"4","bird_fst":"4","bird_opn":"0","bird_rvwet":"0","rptl_fst":"2","rptl_opn":"2","rptl_rvwet":"1","amph_fst":"1","amph_opn":"0","anm_hs_fst":1.0,"anm_hs_opn":0.0,"anm_hs_rvw":0.0,"anm_hotsp":1},"geometry":{"type":"Polygon","coordinates":[[[120.774485,23.683585],[120.764681,23.683571],[120.764697,23.674541],[120.774501,23.674555],[120.774485,23.683585]]]}},
{"type":"Feature","properties":{"GridID":31823,"ELE":1585,"MAMMAL":8.0,"BIRD":5.0,"AMPHIBIAN":2.0,"REPTILE":3.0,"BUTTERFLY":3.0,"maml_fst":"9","maml_opn":"5","bird_fst":"5","bird_opn":"0","bird_rvwet":"0","rptl_fst":"2","rptl_opn":"2","rptl_rvwet":"1","amph_fst":"2","amph_opn":"1","anm_hs_fst":2.0,"anm_hs_opn":0.0,"anm_hs_rvw":0.0,"anm_hotsp":1},"geometry":{"type":"Polygon","coordinates":[[[120.784335,23.65651],[120.774532,23.656496],[120.774547,23.647466],[120.78435,23.64748],[120.784335,23.65651]]]}},
{"type":"Feature","properties":{"GridID":31824,"ELE":1579,"MAMMAL":21.0,"BIRD":30.0,"AMPHIBIAN":13.0,"REPTILE":11.0,"BUTTERFLY":41.0,"maml_fst":"20","maml_opn":"11","bird_fst":"26","bird_opn":"5","bird_rvwet":"4","rptl_fst":"9","rptl_opn":"7","rptl_rvwet":"4","amph_fst":"12","amph_opn":"9","anm_hs_fst":2.0,"anm_hs_opn":0.0,"anm_hs_rvw":0.0,"anm_hotsp":1},"geometry":{"type":"Polygon","coordinates":[[[120.78432,23.665539],[120.774516,23.665525],[120.774532,23.656496],[120.784335,23.65651],[120.78432,23.665539]]]}},
{"type":"Feature","properties":{"GridID":31825,"ELE":1313,"MAMMAL":22.0,"BIRD":37.0,"AMPHIBIAN":16.0,"REPTILE":17.0,"BUTTERFLY":28.0,"maml_fst":"21","maml_opn":"11","bird_fst":"31","bird_opn":"8","bird_rvwet":"6","rptl_fst":"10","rptl_opn":"13","rptl_rvwet":"4","amph_fst":"14","amph_opn":"10","anm_hs_fst":2.0,"anm_hs_opn":0.0,"anm_hs_rvw":0.0,"anm_hotsp":1},"geometry":{"type":"Polygon","coordinates":[[[120.784305,23.674569],[120.774501,23.674555],[120.774516,23.665525],[120.78432,23.665539],[120.784305,23.674569]]]}},
{"type":"Feature","properties":{"GridID":31826,"ELE":1229,"MAMMAL":21.0,"BIRD":44.0,"AMPHIBIAN":17.0,"REPTILE":19.0,"BUTTERFLY":44.0,"maml_fst":"20","maml_opn":"11","bird_fst":"37","bird_opn":"11","bird_rvwet":"6","rptl_fst":"15","rptl_opn":"13","rptl_rvwet":"4","amph_fst":"13","amph_opn":"12","anm_hs_fst":1.0,"anm_hs_opn":0.0,"anm_hs_rvw":0.0,"anm_hotsp":1},"geometry":{"type":"Polygon","coordinates":[[[120.78429,23.683599],[120.774485,23.683585],[120.774501,23.674555],[120.784305,23.674569],[120.78429,23.683599]]]}},
{"type":"Feature","properties":{"GridID":31827,"ELE":1799,"MAMMAL":15.0,"BIRD":55.0,"AMPHIBIAN":18.0,"REPTILE":28.0,"BUTTERFLY":27.0,"maml_fst":"13","maml_opn":"8","bird_fst":"38","bird_opn":"21","bird_rvwet":"7","rptl_fst":"20","rptl_opn":"20","rptl_rvwet":"5","amph_fst":"14","amph_opn":"13","anm_hs_fst":2.0,"anm_hs_opn":0.0,"anm_hs_rvw":0.0,"anm_hotsp":2},"geometry":{"type":"Polygon","coordinates":[[[120.794152,23.647493],[120.78435,23.64748],[120.784364,23.63845],[120.794166,23.638463],[120.794152,23.647493]]]}},
{"type":"Feature","properties":{"GridID":31828,"ELE":1807,"MAMMAL":14.0,"BIRD":56.0,"AMPHIBIAN":18.0,"REPTILE":28.0,"BUTTERFLY":7.0,"maml_fst":"10","maml_opn":"9","bird_fst":"34","bird_opn":"27","bird_rvwet":"8","rptl_fst":"20","rptl_opn":"19","rptl_rvwet":"5","amph_fst":"14","amph_opn":"12","anm_hs_fst":2.0,"anm_hs_opn":0.0,"anm_hs_rvw":0.0,"anm_hotsp":2},"geometry":{"type":"Polygon","coordinates":[[[120.794138,23.656523],[120.784335,23.65651],[120.78435,23.64748],[120.794152,23.647493],[120.794138,23.656523]]]}},
{"type":"Feature","properties":{"GridID":31829,"ELE":1429,"MAMMAL":13.0,"BIRD":58.0,"AMPHIBIAN":19.0,"REPTILE":32.0,"BUTTERFLY":7.0,"maml_fst":"11","maml_opn":"7","bird_fst":"37","bird_opn":"24","bird_rvwet":"9","rptl_fst":"23","rptl_opn":"21","rptl_rvwet":"5","amph_fst":"15","amph_opn":"13","anm_hs_fst":2.0,"anm_hs_opn":0.0,"anm_hs_rvw":0.0,"anm_hotsp":1},"geometry":{"type":"Polygon","coordinates":[[[120.794124,23.665553],[120.78432,23.665539],[120.784335,23.65651],[120.794138,23.656523],[120.794124,23.665553]]]}},
{"type":"Feature","properties":{"GridID":31830,"ELE":1217,"MAMMAL":18.0,"BIRD":51.0,"AMPHIBIAN":18.0,"REPTILE":25.0,"BUTTERFLY":29.0,"maml_fst":"17","maml_opn":"9","bird_fst":"38","bird_opn":"19","bird_rvwet":"6","rptl_fst":"19","rptl_opn":"18","rptl_rvwet":"4","amph_fst":"14","amph_opn":"13","anm_hs_fst":2.0,"anm_hs_opn":1.0,"anm_hs_rvw":0.0,"anm_hotsp":2},"geometry":{"type":"Polygon","coordinates":[[[120.794109,23.674583],[120.784305,23.674569],[120.78432,23.665539],[120.794124,23.665553],[120.794109,23.674583]]]}},
{"type":"Feature","properties":{"GridID":31831,"ELE":1089,"MAMMAL":20.0,"BIRD":50.0,"AMPHIBIAN":18.0,"REPTILE":26.0,"BUTTERFLY":17.0,"maml_fst":"19","maml_opn":"11","bird_fst":"37","bird_opn":"18","bird_rvwet":"7","rptl_fst":"19","rptl_opn":"19","rptl_rvwet":"4","amph_fst":"14","amph_opn":"12","anm_hs_fst":3.0,"anm_hs_opn":1.0,"anm_hs_rvw":0.0,"anm_hotsp":4},"geometry":{"type":"Polygon","coordinates":[[[120.794095,23.683613],[120.78429,23.683599],[120.784305,23.674569],[120.794109,23.674583],[120.794095,23.683613]]]}},
{"type":"Feature","properties":{"GridID":31832,"ELE":1864,"MAMMAL":16.0,"BIRD":58.0,"AMPHIBIAN":19.0,"REPTILE":28.0,"BUTTERFLY":21.0,"maml_fst":"14","maml_opn":"8","bird_fst":"36","bird_opn":"25","bird_rvwet":"8","rptl_fst":"19","rptl_opn":"19","rptl_rvwet":"5","amph_fst":"15","amph_opn":"13","anm_hs_fst":1.0,"anm_hs_opn":0.0,"anm_hs_rvw":0.0,"anm_hotsp":1},"geometry":{"type":"Polygon","coordinates":[[[120.803954,23.647506],[120.794152,23.647493],[120.794166,23.638463],[120.803968,23.638476],[120.803954,23.647506]]]}},
{"type":"Feature","properties":{"GridID":31834,"ELE":1407,"MAMMAL":13.0,"BIRD":51.0,"AMPHIBIAN":14.0,"REPTILE":16.0,"BUTTERFLY":3.0,"maml_fst":"8","maml_opn":"9","bird_fst":"23","bird_opn":"31","bird_rvwet":"8","rptl_fst":"10","rptl_opn":"12","rptl_rvwet":"4","amph_fst":"10","amph_opn":"10","anm_hs_fst":2.0,"anm_hs_opn":0.0,"anm_hs_rvw":0.0,"anm_hotsp":1},"geometry":{"type":"Polygon","coordinates":[[[120.803927,23.665565],[120.794124,23.665553],[120.794138,23.656523],[120.803941,23.656536],[120.803927,23.665565]]]}},
{"type":"Feature","properties":{"GridID":31835,"ELE":1225,"MAMMAL":9.0,"BIRD":27.0,"AMPHIBIAN":6.0,"REPTILE":6.0,"BUTTERFLY":29.0,"maml_fst":"5","maml_opn":"6","bird_fst":"8","bird_opn":"18","bird_rvwet":"5","rptl_fst":"3","rptl_opn":"5","rptl_rvwet":"1","amph_fst":"6","amph_opn":"2","anm_hs_fst":3.0,"anm_hs_opn":1.0,"anm_hs_rvw":0.0,"anm_hotsp":2},"geometry":{"type":"Polygon","coordinates":[[[120.803914,23.674595],[120.794109,23.674583],[120.794124,23.665553],[120.803927,23.665565],[120.803914,23.674595]]]}},
{"type":"Feature","properties":{"GridID":31836,"ELE":1170,"MAMMAL":11.0,"BIRD":30.0,"AMPHIBIAN":7.0,"REPTILE":6.0,"BUTTERFLY":33.0,"maml_fst":"7","maml_opn":"8","bird_fst":"7","bird_opn":"20","bird_rvwet":"6","rptl_fst":"4","rptl_opn":"5","rptl_rvwet":"1","amph_fst":"6","amph_opn":"3","anm_hs_fst":3.0,"anm_hs_opn":1.0,"anm_hs_rvw":0.0,"anm_hotsp":3},"geometry":{"type":"Polygon","coordinates":[[[120.8039,23.683625],[120.794095,23.683613],[120.794109,23.674583],[120.803914,23.674595],[120.8039,23.683625]]]}},
{"type":"Feature","properties":{"GridID":31837,"ELE":1216,"MAMMAL":8.0,"BIRD":49.0,"AMPHIBIAN":13.0,"REPTILE":14.0,"BUTTERFLY":12.0,"maml_fst":"5","maml_opn":"5","bird_fst":"22","bird_opn":"30","bird_rvwet":"8","rptl_fst":"8","rptl_opn":"11","rptl_rvwet":"3","amph_fst":"10","amph_opn":"9","anm_hs_fst":2.0,"anm_hs_opn":1.0,"anm_hs_rvw":0.0,"anm_hotsp":2},"geometry":{"type":"Polygon","coordinates":[[[120.667065,23.511823],[120.657273,23.511801],[120.657289,23.505606],[120.657503,23.505518],[120.65863,23.504331],[120.659017,23.504169],[120.659433,23.504094],[120.660895,23.504246],[120.662213,23.504064],[120.662608,23.503669],[120.663249,23.502784],[120.666276,23.502791],[120.66616,23.503411],[120.666224,23.503833],[120.666776,23.504554],[120.667082,23.505189],[120.667065,23.511823]]]}},
{"type":"Feature","properties":{"GridID":31838,"ELE":1086,"MAMMAL":16.0,"BIRD":45.0,"AMPHIBIAN":12.0,"REPTILE":19.0,"BUTTERFLY":5.0,"maml_fst":"12","maml_opn":"11","bird_fst":"21","bird_opn":"28","bird_rvwet":"8","rptl_fst":"13","rptl_opn":"15","rptl_rvwet":"4","amph_fst":"9","amph_opn":"8","anm_hs_fst":1.0,"anm_hs_opn":1.0,"anm_hs_rvw":0.0,"anm_hotsp":2},"geometry":{"type":"Polygon","coordinates":[[[120.667043,23.520853],[120.65725,23.520831],[120.657273,23.511801],[120.667065,23.511823],[120.667043,23.520853]]]}},
{"type":"Feature","properties":{"GridID":31839,"ELE":1031,"MAMMAL":13.0,"BIRD":28.0,"AMPHIBIAN":13.0,"REPTILE":8.0,"BUTTERFLY":1.0,"maml_fst":"4","maml_opn":"11","bird_fst":"8","bird_opn":"17","bird_rvwet":"7","rptl_fst":"6","rptl_opn":"7","rptl_rvwet":"1","amph_fst":"9","amph_opn":"11","anm_hs_fst":1.0,"anm_hs_opn":1.0,"anm_hs_rvw":0.0,"anm_hotsp":2},"geometry":{"type":"Polygon","coordinates":[[[120.66702,23.529883],[120.657226,23.529861],[120.65725,23.520831],[120.667043,23.520853],[120.66702,23.529883]]]}},
{"type":"Feature","properties":{"GridID":31840,"ELE":852,"MAMMAL":12.0,"BIRD":33.0,"AMPHIBIAN":9.0,"REPTILE":12.0,"BUTTERFLY":2.0,"maml_fst":"4","maml_opn":"10","bird_fst":"7","bird_opn":"20","bird_rvwet":"10","rptl_fst":"8","rptl_opn":"9","rptl_rvwet":"2","amph_fst":"5","amph_opn":"7","anm_hs_fst":1.0,"anm_hs_opn":0.0,"anm_hs_rvw":0.0,"anm_hotsp":2},"geometry":{"type":"Polygon","coordinates":[[[120.666997,23.538913],[120.657203,23.538891],[120.657226,23.529861],[120.66702,23.529883],[120.666997,23.538913]]]}},
{"type":"Feature","properties":{"GridID":31842,"ELE":1286,"MAMMAL":12.0,"BIRD":29.0,"AMPHIBIAN":12.0,"REPTILE":8.0,"BUTTERFLY":2.0,"maml_fst":"4","maml_opn":"10","bird_fst":"4","bird_opn":"16","bird_rvwet":"10","rptl_fst":"6","rptl_opn":"6","rptl_rvwet":"3","amph_fst":"7","amph_opn":"11","anm_hs_fst":1.0,"anm_hs_opn":0.0,"anm_hs_rvw":0.0,"anm_hotsp":2},"geometry":{"type":"Polygon","coordinates":[[[120.676857,23.511843],[120.667065,23.511823],[120.667082,23.505189],[120.667633,23.506746],[120.667926,23.506997],[120.669433,23.506504],[120.669984,23.50651],[120.670821,23.506249],[120.672927,23.505175],[120.674615,23.504126],[120.675568,23.503738],[120.676102,23.503718],[120.676877,23.503819],[120.676857,23.511843]]]}},
{"type":"Feature","properties":{"GridID":31843,"ELE":1276,"MAMMAL":15.0,"BIRD":32.0,"AMPHIBIAN":8.0,"REPTILE":8.0,"BUTTERFLY":11.0,"maml_fst":"7","maml_opn":"12","bird_fst":"5","bird_opn":"20","bird_rvwet":"9","rptl_fst":"4","rptl_opn":"6","rptl_rvwet":"4","amph_fst":"4","amph_opn":"7","anm_hs_fst":1.0,"anm_hs_opn":0.0,"anm_hs_rvw":0.0,"anm_hotsp":2},"geometry":{"type":"Polygon","coordinates":[[[120.676835,23.520873],[120.667043,23.520853],[120.667065,23.511823],[120.676857,23.511843],[120.676835,23.520873]]]}},
{"type":"Feature","properties":{"GridID":31844,"ELE":1040,"MAMMAL":18.0,"BIRD":52.0,"AMPHIBIAN":15.0,"REPTILE":25.0,"BUTTERFLY":22.0,"maml_fst":"9","maml_opn":"15","bird_fst":"22","bird_opn":"30","bird_rvwet":"11","rptl_fst":"15","rptl_opn":"19","rptl_rvwet":"6","amph_fst":"11","amph_opn":"12","anm_hs_fst":1.0,"anm_hs_opn":1.0,"anm_hs_rvw":0.0,"anm_hotsp":2},"geometry":{"type":"Polygon","coordinates":[[[120.676813,23.529903],[120.66702,23.529883],[120.667043,23.520853],[120.676835,23.520873],[120.676813,23.529903]]]}},
{"type":"Feature","properties":{"GridID":31846,"ELE":1104,"MAMMAL":19.0,"BIRD":61.0,"AMPHIBIAN":19.0,"REPTILE":32.0,"BUTTERFLY":10.0,"maml_fst":"16","maml_opn":"11","bird_fst":"37","bird_opn":"29","bird_rvwet":"9","rptl_fst":"22","rptl_opn":"23","rptl_rvwet":"5","amph_fst":"15","amph_opn":"13","anm_hs_fst":1.0,"anm_hs_opn":0.0,"anm_hs_rvw":0.0,"anm_hotsp":1},"geometry":{"type":"Polygon","coordinates":[[[120.676769,23.547963],[120.666974,23.547943],[120.666997,23.538913],[120.676791,23.538933],[120.676769,23.547963]]]}},
{"type":"Feature","properties":{"GridID":31849,"ELE":1124,"MAMMAL":21.0,"BIRD":63.0,"AMPHIBIAN":19.0,"REPTILE":34.0,"BUTTERFLY":37.0,"maml_fst":"16","maml_opn":"13","bird_fst":"41","bird_opn":"27","bird_rvwet":"9","rptl_fst":"25","rptl_opn":"22","rptl_rvwet":"4","amph_fst":"15","amph_opn":"13","anm_hs_fst":1.0,"anm_hs_opn":0.0,"anm_hs_rvw":0.0,"anm_hotsp":2},"geometry":{"type":"Polygon","coordinates":[[[120.686607,23.529923],[120.676813,23.529903],[120.676835,23.520873],[120.686628,23.520893],[120.686607,23.529923]]]}},
{"type":"Feature","properties":{"GridID":31850,"ELE":1066,"MAMMAL":22.0,"BIRD":64.0,"AMPHIBIAN":20.0,"REPTILE":34.0,"BUTTERFLY":67.0,"maml_fst":"14","maml_opn":"15","bird_fst":"35","bird_opn":"30","bird_rvwet":"13","rptl_fst":"24","rptl_opn":"21","rptl_rvwet":"6","amph_fst":"16","amph_opn":"14","anm_hs_fst":1.0,"anm_hs_opn":1.0,"anm_hs_rvw":0.0,"anm_hotsp":2},"geometry":{"type":"Polygon","coordinates":[[[120.686585,23.538953],[120.676791,23.538933],[120.676813,23.529903],[120.686607,23.529923],[120.686585,23.538953]]]}},
{"type":"Feature","properties":{"GridID":31851,"ELE":1111,"MAMMAL":27.0,"BIRD":65.0,"AMPHIBIAN":19.0,"REPTILE":33.0,"BUTTERFLY":74.0,"maml_fst":"20","maml_opn":"18","bird_fst":"36","bird_opn":"31","bird_rvwet":"13","rptl_fst":"23","rptl_opn":"21","rptl_rvwet":"6","amph_fst":"15","amph_opn":"13","anm_hs_fst":2.0,"anm_hs_opn":1.0,"anm_hs_rvw":0.0,"anm_hotsp":2},"geometry":{"type":"Polygon","coordinates":[[[120.686564,23.547983],[120.676769,23.547963],[120.676791,23.538933],[120.686585,23.538953],[120.686564,23.547983]]]}},
{"type":"Feature","properties":{"GridID":31852,"ELE":1598,"MAMMAL":20.0,"BIRD":62.0,"AMPHIBIAN":21.0,"REPTILE":35.0,"BUTTERFLY":49.0,"maml_fst":"16","maml_opn":"11","bird_fst":"39","bird_opn":"29","bird_rvwet":"8","rptl_fst":"25","rptl_opn":"23","rptl_rvwet":"6","amph_fst":"17","amph_opn":"14","anm_hs_fst":2.0,"anm_hs_opn":1.0,"anm_hs_rvw":0.0,"anm_hotsp":2},"geometry":{"type":"MultiPolygon","coordinates":[[[[120.696441,23.511883],[120.692048,23.511874],[120.693427,23.511215],[120.694739,23.510698],[120.695223,23.510733],[120.696443,23.511104],[120.696441,23.511883]]],[[[120.68666,23.507172],[120.689788,23.509505],[120.690501,23.51039],[120.691576,23.511369],[120.691955,23.511874],[120.686649,23.511863],[120.68666,23.507172]]]]}},
{"type":"Feature","properties":{"GridID":31853,"ELE":1633,"MAMMAL":21.0,"BIRD":61.0,"AMPHIBIAN":16.0,"REPTILE":32.0,"BUTTERFLY":35.0,"maml_fst":"14","maml_opn":"14","bird_fst":"39","bird_opn":"27","bird_rvwet":"9","rptl_fst":"23","rptl_opn":"22","rptl_rvwet":"4","amph_fst":"13","amph_opn":"11","anm_hs_fst":1.0,"anm_hs_opn":1.0,"anm_hs_rvw":0.0,"anm_hotsp":1},"geometry":{"type":"Polygon","coordinates":[[[120.696421,23.520913],[120.686628,23.520893],[120.686649,23.511863],[120.696441,23.511883],[120.696421,23.520913]]]}},
{"type":"Feature","properties":{"GridID":31854,"ELE":1477,"MAMMAL":21.0,"BIRD":58.0,"AMPHIBIAN":17.0,"REPTILE":33.0,"BUTTERFLY":61.0,"maml_fst":"14","maml_opn":"14","bird_fst":"39","bird_opn":"26","bird_rvwet":"7","rptl_fst":"23","rptl_opn":"23","rptl_rvwet":"6","amph_fst":"14","amph_opn":"11","anm_hs_fst":1.0,"anm_hs_opn":0.0,"anm_hs_rvw":0.0,"anm_hotsp":2},"geometry":{"type":"Polygon","coordinates":[[[120.6964,23.529943],[120.686607,23.529923],[120.686628,23.520893],[120.696421,23.520913],[120.6964,23.529943]]]}},
{"type":"Feature","properties":{"GridID":31855,"ELE":1440,"MAMMAL":9.0,"BIRD":3.0,"AMPHIBIAN":1.0,"REPTILE":2.0,"BUTTERFLY":4.0,"maml_fst":"9","maml_opn":"5","bird_fst":"3","bird_opn":"0","bird_rvwet":"0","rptl_fst":"2","rptl_opn":"2","rptl_rvwet":"0","amph_fst":"1","amph_opn":"0","anm_hs_fst":1.0,"anm_hs_opn":0.0,"anm_hs_rvw":0.0,"anm_hotsp":2},"geometry":{"type":"Polygon","coordinates":[[[120.696379,23.538973],[120.686585,23.538953],[120.686607,23.529923],[120.6964,23.529943],[120.696379,23.538973]]]}},
{"type":"Feature","properties":{"GridID":31856,"ELE":1093,"MAMMAL":6.0,"BIRD":2.0,"AMPHIBIAN":0.0,"REPTILE":3.0,"BUTTERFLY":6.0,"maml_fst":"7","maml_opn":"4","bird_fst":"2","bird_opn":"0","bird_rvwet":"0","rptl_fst":"2","rptl_opn":"3","rptl_rvwet":"0","amph_fst":"0","amph_opn":"0","anm_hs_fst":1.0,"anm_hs_opn":1.0,"anm_hs_rvw":0.0,"anm_hotsp":2},"geometry":{"type":"Polygon","coordinates":[[[120.696359,23.548003],[120.686564,23.547983],[120.686585,23.538953],[120.696379,23.538973],[120.696359,23.548003]]]}},
{"type":"Feature","properties":{"GridID":31857,"ELE":1584,"MAMMAL":5.0,"BIRD":3.0,"AMPHIBIAN":1.0,"REPTILE":2.0,"BUTTERFLY":4.0,"maml_fst":"6","maml_opn":"3","bird_fst":"3","bird_opn":"0","bird_rvwet":"0","rptl_fst":"2","rptl_opn":"2","rptl_rvwet":"0","amph_fst":"1","amph_opn":"0","anm_hs_fst":2.0,"anm_hs_opn":1.0,"anm_hs_rvw":0.0,"anm_hotsp":2},"geometry":{"type":"Polygon","coordinates":[[[120.706234,23.511901],[120.696441,23.511883],[120.696443,23.511104],[120.696951,23.511328],[120.697355,23.511615],[120.697704,23.511731],[120.698195,23.511396],[120.698322,23.511012],[120.699406,23.51003],[120.699885,23.50979],[120.700361,23.509727],[120.701424,23.510154],[120.701831,23.510234],[120.702785,23.510125],[120.703859,23.510249],[120.705312,23.510227],[120.705703,23.510121],[120.706238,23.510119],[120.706234,23.511901]]]}},
{"type":"Feature","properties":{"GridID":31858,"ELE":1544,"MAMMAL":11.0,"BIRD":16.0,"AMPHIBIAN":0.0,"REPTILE":2.0,"BUTTERFLY":2.0,"maml_fst":"11","maml_opn":"5","bird_fst":"14","bird_opn":"1","bird_rvwet":"2","rptl_fst":"2","rptl_opn":"1","rptl_rvwet":"0","amph_fst":"0","amph_opn":"0","anm_hs_fst":2.0,"anm_hs_opn":1.0,"anm_hs_rvw":0.0,"anm_hotsp":1},"geometry":{"type":"Polygon","coordinates":[[[120.706214,23.520931],[120.696421,23.520913],[120.696441,23.511883],[120.706234,23.511901],[120.706214,23.520931]]]}},
{"type":"Feature","properties":{"GridID":31859,"ELE":1502,"MAMMAL":6.0,"BIRD":17.0,"AMPHIBIAN":0.0,"REPTILE":3.0,"BUTTERFLY":0.0,"maml_fst":"6","maml_opn":"2","bird_fst":"16","bird_opn":"0","bird_rvwet":"1","rptl_fst":"3","rptl_opn":"0","rptl_rvwet":"0","amph_fst":"0","amph_opn":"0","anm_hs_fst":1.0,"anm_hs_opn":1.0,"anm_hs_rvw":0.0,"anm_hotsp":1},"geometry":{"type":"Polygon","coordinates":[[[120.706194,23.529962],[120.6964,23.529943],[120.696421,23.520913],[120.706214,23.520931],[120.706194,23.529962]]]}},
{"type":"Feature","properties":{"GridID":31860,"ELE":1283,"MAMMAL":9.0,"BIRD":12.0,"AMPHIBIAN":0.0,"REPTILE":3.0,"BUTTERFLY":3.0,"maml_fst":"8","maml_opn":"3","bird_fst":"11","bird_opn":"0","bird_rvwet":"2","rptl_fst":"3","rptl_opn":"2","rptl_rvwet":"0","amph_fst":"0","amph_opn":"0","anm_hs_fst":1.0,"anm_hs_opn":1.0,"anm_hs_rvw":0.0,"anm_hotsp":1},"geometry":{"type":"Polygon","coordinates":[[[120.706173,23.538992],[120.696379,23.538973],[120.6964,23.529943],[120.706194,23.529962],[120.706173,23.538992]]]}},
{"type":"Feature","properties":{"GridID":31861,"ELE":1247,"MAMMAL":9.0,"BIRD":14.0,"AMPHIBIAN":0.0,"REPTILE":3.0,"BUTTERFLY":2.0,"maml_fst":"8","maml_opn":"3","bird_fst":"13","bird_opn":"0","bird_rvwet":"2","rptl_fst":"3","rptl_opn":"2","rptl_rvwet":"0","amph_fst":"0","amph_opn":"0","anm_hs_fst":1.0,"anm_hs_opn":1.0,"anm_hs_rvw":0.0,"anm_hotsp":2},"geometry":{"type":"Polygon","coordinates":[[[120.706153,23.548022],[120.696359,23.548003],[120.696379,23.538973],[120.706173,23.538992],[120.706153,23.548022]]]}},
{"type":"Feature","properties":{"GridID":32649,"ELE":3219,"MAMMAL":18.0,"BIRD":44.0,"AMPHIBIAN":2.0,"REPTILE":6.0,"BUTTERFLY":6.0,"maml_fst":"18","maml_opn":"9","bird_fst":"42","bird_opn":"3","bird_rvwet":"2","rptl_fst":"6","rptl_opn":"1","rptl_rvwet":"0","amph_fst":"2","amph_opn":"1","anm_hs_fst":1.0,"anm_hs_opn":0.0,"anm_hs_rvw":0.0,"anm_hotsp":1},"geometry":{"type":"Polygon","coordinates":[[[121.282397,24.134973],[121.281727,24.135303],[121.281478,24.135879],[121.280841,24.135758],[121.279458,24.135785],[121.278852,24.135818],[121.278301,24.135948],[121.277534,24.136479],[121.2755,24.137398],[121.275494,24.134985],[121.282397,24.134973]]]}}
]
}
