{
"type": "FeatureCollection",
"name": "綠網關注區域",
"xy_coordinate_resolution": 1e-06,
"features": [
{"type":"Feature","properties":{"Id":11,"Zone":"西部","Name":"西一"},"geometry":{"type":"Polygon","coordinates":[[[120.486758,24.160906,0.0],[120.48694,24.16111,0.0],[120.487771,24.164756,0.0],[120.488288,24.165845,0.0],[120.497831,24.175838,0.0],[120.499508,24.177723,0.0],[120.499254,24.178273,0.0],[120.499833,24.182162,0.0],[120.496164,24.183518,0.0],[120.486231,24.183479,0.0],[120.47783,24.17454,0.0],[120.47686,24.173697,0.0],[120.475909,24.172991,0.0],[120.472701,24.170782,0.0],[120.470559,24.168892,0.0],[120.468631,24.166782,0.0],[120.468257,24.166571,0.0],[120.467439,24.165559,0.0],[120.467487,24.165523,0.0],[120.465847,24.163256,0.0],[120.46387,24.161059,0.0],[120.463557,24.160785,0.0],[120.462742,24.160288,0.0],[120.461364,24.159669,0.0],[120.460618,24.159172,0.0],[120.460154,24.158983,0.0],[120.459722,24.158817,0.0],[120.459159,24.158761,0.0],[120.456431,24.158771,0.0],[120.455048,24.158649,0.0],[120.453916,24.158679,0.0],[120.451488,24.158564,0.0],[120.448698,24.158678,0.0],[120.446977,24.158602,0.0],[120.446001,24.158632,0.0],[120.444437,24.158487,0.0],[120.441515,24.158526,0.0],[120.440445,24.158472,0.0],[120.440007,24.158525,0.0],[120.439494,24.158451,0.0],[120.439037,24.158221,0.0],[120.437927,24.157305,0.0],[120.436966,24.156037,0.0],[120.430247,24.148661,0.0],[120.428533,24.146453,0.0],[120.427536,24.145529,0.0],[120.425748,24.143436,0.0],[120.423584,24.141327,0.0],[120.422298,24.139834,0.0],[120.421231,24.13835,0.0],[120.420249,24.136075,0.0],[120.418785,24.133149,0.0],[120.4174,24.129985,0.0],[120.417161,24.129152,0.0],[120.416714,24.128281,0.0],[120.416323,24.127018,0.0],[120.416209,24.126162,0.0],[120.416364,24.125668,0.0],[120.416601,24.125317,0.0],[120.417344,24.124981,0.0],[120.418582,24.124733,0.0],[120.421985,24.124944,0.0],[120.424143,24.124941,0.0],[120.430705,24.12525,0.0],[120.433082,24.125142,0.0],[120.434451,24.124851,0.0],[120.436284,24.125027,0.0],[120.438705,24.125124,0.0],[120.440231,24.125093,0.0],[120.440625,24.124914,0.0],[120.440442,24.124616,0.0],[120.440116,24.12433,0.0],[120.438346,24.124012,0.0],[120.437693,24.123317,0.0],[120.43737,24.122379,0.0],[120.437296,24.12192,0.0],[120.43732,24.120668,0.0],[120.436859,24.119111,0.0],[120.436369,24.116626,0.0],[120.435896,24.115098,0.0],[120.435736,24.114186,0.0],[120.435064,24.111633,0.0],[120.434282,24.107567,0.0],[120.433644,24.1053,0.0],[120.43242,24.100233,0.0],[120.431907,24.099077,0.0],[120.431686,24.098282,0.0],[120.431555,24.096092,0.0],[120.431907,24.09575,0.0],[120.433114,24.095353,0.0],[120.434536,24.094715,0.0],[120.434958,24.094452,0.0],[120.435073,24.094119,0.0],[120.43481,24.092921,0.0],[120.434806,24.090935,0.0],[120.434626,24.090494,0.0],[120.434596,24.090058,0.0],[120.434754,24.089673,0.0],[120.432803,24.08879,0.0],[120.431325,24.088324,0.0],[120.429835,24.087458,0.0],[120.429174,24.086898,0.0],[120.429007,24.086514,0.0],[120.429121,24.086049,0.0],[120.428743,24.085788,0.0],[120.428243,24.085712,0.0],[120.42776,24.084936,0.0],[120.427185,24.084372,0.0],[120.426938,24.083998,0.0],[120.426153,24.084126,0.0],[120.423752,24.084849,0.0],[120.423246,24.08489,0.0],[120.421976,24.084063,0.0],[120.42068,24.083101,0.0],[120.419545,24.082101,0.0],[120.417562,24.08002,0.0],[120.416809,24.07796,0.0],[120.416061,24.07635,0.0],[120.415118,24.073489,0.0],[120.413982,24.071221,0.0],[120.413573,24.070881,0.0],[120.413146,24.070667,0.0],[120.412665,24.070661,0.0],[120.41075,24.071281,0.0],[120.410459,24.070964,0.0],[120.410205,24.069967,0.0],[120.409426,24.068448,0.0],[120.407603,24.063818,0.0],[120.407163,24.062466,0.0],[120.406888,24.060691,0.0],[120.406594,24.059494,0.0],[120.406541,24.058611,0.0],[120.406568,24.058236,0.0],[120.406738,24.057792,0.0],[120.406976,24.057355,0.0],[120.407248,24.057083,0.0],[120.407037,24.056626,0.0],[120.406544,24.056056,0.0],[120.406502,24.055683,0.0],[120.406231,24.055388,0.0],[120.405739,24.055513,0.0],[120.405309,24.055534,0.0],[120.40458,24.055427,0.0],[120.404912,24.055015,0.0],[120.403847,24.054269,0.0],[120.402573,24.054178,0.0],[120.401744,24.054272,0.0],[120.401389,24.054383,0.0],[120.400029,24.054391,0.0],[120.399278,24.054219,0.0],[120.395938,24.051773,0.0],[120.392455,24.049976,0.0],[120.390737,24.049296,0.0],[120.387603,24.047462,0.0],[120.386424,24.046927,0.0],[120.385425,24.046259,0.0],[120.38357,24.045565,0.0],[120.383006,24.045087,0.0],[120.382595,24.04562,0.0],[120.382306,24.044583,0.0],[120.381811,24.044565,0.0],[120.381481,24.044841,0.0],[120.38128,24.045743,0.0],[120.380941,24.045525,0.0],[120.380701,24.045174,0.0],[120.380213,24.045254,0.0],[120.379879,24.045413,0.0],[120.379566,24.04475,0.0],[120.379302,24.044406,0.0],[120.379675,24.044197,0.0],[120.379854,24.043756,0.0],[120.380249,24.044003,0.0],[120.380384,24.043658,0.0],[120.379933,24.043386,0.0],[120.37805,24.04282,0.0],[120.377166,24.042259,0.0],[120.376261,24.042274,0.0],[120.375391,24.041816,0.0],[120.374909,24.04176,0.0],[120.37399,24.041425,0.0],[120.372861,24.040657,0.0],[120.372189,24.040092,0.0],[120.371457,24.038877,0.0],[120.371448,24.038441,0.0],[120.37134,24.038113,0.0],[120.370884,24.038121,0.0],[120.370583,24.037898,0.0],[120.369589,24.036745,0.0],[120.369361,24.036372,0.0],[120.369023,24.035185,0.0],[120.36912,24.03473,0.0],[120.369437,24.034498,0.0],[120.369781,24.033735,0.0],[120.369885,24.033326,0.0],[120.369599,24.032533,0.0],[120.369436,24.031598,0.0],[120.369087,24.03075,0.0],[120.368792,24.030543,0.0],[120.368297,24.030338,0.0],[120.36763,24.029755,0.0],[120.366909,24.02861,0.0],[120.365588,24.027417,0.0],[120.364488,24.025963,0.0],[120.362721,24.024051,0.0],[120.360885,24.02235,0.0],[120.360062,24.021398,0.0],[120.359515,24.020538,0.0],[120.358816,24.020167,0.0],[120.358593,24.019823,0.0],[120.356798,24.014391,0.0],[120.35614,24.013721,0.0],[120.355889,24.013336,0.0],[120.355667,24.012867,0.0],[120.355124,24.012104,0.0],[120.355086,24.011766,0.0],[120.354717,24.010933,0.0],[120.353943,24.009885,0.0],[120.353576,24.009588,0.0],[120.35332,24.00921,0.0],[120.35307,24.008378,0.0],[120.352745,24.008074,0.0],[120.351909,24.006917,0.0],[120.351472,24.006078,0.0],[120.350948,24.005371,0.0],[120.35023,24.004179,0.0],[120.34931,24.003218,0.0],[120.348688,24.002438,0.0],[120.348287,24.002245,0.0],[120.348261,24.001798,0.0],[120.34837,24.001324,0.0],[120.348362,24.000888,0.0],[120.34973,23.999206,0.0],[120.349854,23.998321,0.0],[120.349053,23.996031,0.0],[120.34891,23.995313,0.0],[120.348381,23.994207,0.0],[120.348233,23.993258,0.0],[120.348065,23.992822,0.0],[120.347772,23.992482,0.0],[120.347754,23.992069,0.0],[120.348012,23.991609,0.0],[120.348381,23.991575,0.0],[120.34875,23.991283,0.0],[120.34882,23.990834,0.0],[120.348502,23.990483,0.0],[120.347596,23.990045,0.0],[120.346327,23.990076,0.0],[120.344564,23.990378,0.0],[120.343627,23.990435,0.0],[120.342177,23.990356,0.0],[120.339859,23.9901,0.0],[120.337365,23.990112,0.0],[120.332465,23.989971,0.0],[120.331684,23.989832,0.0],[120.330785,23.989463,0.0],[120.330485,23.989215,0.0],[120.330136,23.988749,0.0],[120.329682,23.987921,0.0],[120.329204,23.986338,0.0],[120.328259,23.984129,0.0],[120.326818,23.980039,0.0],[120.326159,23.978745,0.0],[120.325388,23.976904,0.0],[120.324488,23.974194,0.0],[120.324022,23.973031,0.0],[120.322896,23.970868,0.0],[120.322871,23.970507,0.0],[120.322998,23.970013,0.0],[120.323037,23.969162,0.0],[120.322851,23.968304,0.0],[120.322485,23.967401,0.0],[120.321302,23.96552,0.0],[120.32051,23.964639,0.0],[120.319315,23.962647,0.0],[120.316613,23.95859,0.0],[120.315442,23.956632,0.0],[120.314396,23.955343,0.0],[120.311898,23.951867,0.0],[120.310422,23.950122,0.0],[120.308886,23.946657,0.0],[120.307735,23.94492,0.0],[120.305362,23.941672,0.0],[120.305038,23.941161,0.0],[120.304498,23.939991,0.0],[120.304699,23.939223,0.0],[120.305051,23.938533,0.0],[120.305295,23.938264,0.0],[120.305802,23.937995,0.0],[120.307139,23.937692,0.0],[120.31632,23.936216,0.0],[120.317139,23.935931,0.0],[120.317472,23.93554,0.0],[120.31756,23.93519,0.0],[120.31753,23.934339,0.0],[120.317264,23.933509,0.0],[120.316044,23.931405,0.0],[120.314273,23.927543,0.0],[120.31309,23.925184,0.0],[120.312158,23.923055,0.0],[120.311817,23.922083,0.0],[120.311527,23.920484,0.0],[120.311155,23.919299,0.0],[120.310912,23.91889,0.0],[120.309729,23.917399,0.0],[120.308516,23.915328,0.0],[120.307994,23.91405,0.0],[120.307624,23.912308,0.0],[120.306639,23.911306,0.0],[120.306384,23.910937,0.0],[120.305638,23.909274,0.0],[120.305005,23.907445,0.0],[120.302478,23.904183,0.0],[120.30027,23.899992,0.0],[120.298738,23.898184,0.0],[120.296914,23.895875,0.0],[120.296398,23.895103,0.0],[120.296224,23.894772,0.0],[120.296196,23.893472,0.0],[120.296042,23.892232,0.0],[120.295048,23.890211,0.0],[120.294931,23.889888,0.0],[120.294821,23.888901,0.0],[120.29469,23.888548,0.0],[120.294218,23.887745,0.0],[120.292823,23.885932,0.0],[120.290513,23.883414,0.0],[120.288614,23.880876,0.0],[120.288353,23.880388,0.0],[120.287559,23.877745,0.0],[120.287312,23.876439,0.0],[120.287245,23.875412,0.0],[120.287128,23.874937,0.0],[120.286841,23.874513,0.0],[120.283672,23.872503,0.0],[120.28228,23.871415,0.0],[120.281521,23.871062,0.0],[120.280743,23.870586,0.0],[120.278544,23.86875,0.0],[120.277345,23.867882,0.0],[120.276687,23.867303,0.0],[120.276313,23.867118,0.0],[120.275454,23.866758,0.0],[120.27387,23.866561,0.0],[120.272045,23.866051,0.0],[120.271602,23.866042,0.0],[120.270821,23.86625,0.0],[120.270447,23.866134,0.0],[120.268993,23.864966,0.0],[120.268582,23.864822,0.0],[120.267633,23.864994,0.0],[120.267072,23.86486,0.0],[120.26666,23.864833,0.0],[120.266154,23.864941,0.0],[120.26563,23.864853,0.0],[120.264889,23.864608,0.0],[120.264547,23.864421,0.0],[120.2636,23.864175,0.0],[120.263371,23.863903,0.0],[120.26304,23.862789,0.0],[120.262947,23.860565,0.0],[120.263597,23.856071,0.0],[120.263945,23.855158,0.0],[120.264536,23.85441,0.0],[120.2647,23.854094,0.0],[120.264835,23.853348,0.0],[120.265109,23.852453,0.0],[120.265847,23.851066,0.0],[120.266457,23.8501,0.0],[120.266628,23.84967,0.0],[120.266762,23.849187,0.0],[120.266784,23.848567,0.0],[120.266609,23.847654,0.0],[120.266776,23.846844,0.0],[120.267207,23.845548,0.0],[120.267256,23.844738,0.0],[120.266647,23.84416,0.0],[120.265556,23.844075,0.0],[120.265175,23.844126,0.0],[120.264115,23.845136,0.0],[120.263646,23.845276,0.0],[120.263392,23.84604,0.0],[120.262986,23.846244,0.0],[120.261407,23.845168,0.0],[120.261052,23.845004,0.0],[120.260349,23.844744,0.0],[120.259828,23.844793,0.0],[120.258422,23.843718,0.0],[120.258225,23.843252,0.0],[120.256328,23.843722,0.0],[120.255797,23.843649,0.0],[120.255448,23.843794,0.0],[120.255363,23.844191,0.0],[120.254635,23.844556,0.0],[120.254137,23.844598,0.0],[120.253792,23.84436,0.0],[120.253249,23.844305,0.0],[120.25184,23.844569,0.0],[120.250787,23.844878,0.0],[120.249013,23.844571,0.0],[120.248084,23.84458,0.0],[120.247704,23.84475,0.0],[120.245462,23.846525,0.0],[120.244801,23.847625,0.0],[120.244346,23.84884,0.0],[120.24399,23.848743,0.0],[120.243739,23.84848,0.0],[120.243325,23.848241,0.0],[120.242922,23.848564,0.0],[120.242674,23.848899,0.0],[120.241694,23.850933,0.0],[120.241434,23.851302,0.0],[120.240347,23.85222,0.0],[120.239325,23.853506,0.0],[120.238825,23.853497,0.0],[120.238469,23.853371,0.0],[120.238173,23.852965,0.0],[120.238034,23.852626,0.0],[120.237873,23.851747,0.0],[120.237386,23.850537,0.0],[120.236963,23.849763,0.0],[120.236587,23.849438,0.0],[120.236093,23.849296,0.0],[120.234114,23.849058,0.0],[120.231982,23.848454,0.0],[120.231096,23.8484,0.0],[120.230639,23.848178,0.0],[120.22989,23.848026,0.0],[120.229483,23.847839,0.0],[120.227525,23.84579,0.0],[120.226562,23.844438,0.0],[120.226872,23.844015,0.0],[120.229474,23.842464,0.0],[120.230379,23.841983,0.0],[120.233404,23.840623,0.0],[120.234951,23.83975,0.0],[120.238341,23.838016,0.0],[120.239968,23.837116,0.0],[120.241787,23.835807,0.0],[120.242835,23.835164,0.0],[120.247724,23.832682,0.0],[120.249139,23.83166,0.0],[120.250972,23.829914,0.0],[120.253121,23.828207,0.0],[120.257004,23.825282,0.0],[120.257758,23.824827,0.0],[120.258235,23.824701,0.0],[120.258246,23.824241,0.0],[120.259255,23.823458,0.0],[120.260355,23.822786,0.0],[120.263116,23.82076,0.0],[120.264297,23.820152,0.0],[120.265415,23.819852,0.0],[120.266368,23.819451,0.0],[120.267456,23.818826,0.0],[120.270149,23.817617,0.0],[120.272485,23.816111,0.0],[120.274225,23.815158,0.0],[120.277231,23.812974,0.0],[120.279487,23.811618,0.0],[120.280999,23.810833,0.0],[120.282183,23.810076,0.0],[120.282822,23.812294,0.0],[120.287267,23.825729,0.0],[120.286352,23.825978,0.0],[120.287313,23.825722,0.0],[120.29035,23.835106,0.0],[120.301331,23.83229,0.0],[120.302375,23.832509,0.0],[120.303254,23.835822,0.0],[120.303459,23.836336,0.0],[120.303547,23.836779,0.0],[120.303481,23.836993,0.0],[120.303505,23.837352,0.0],[120.303907,23.839862,0.0],[120.305333,23.845208,0.0],[120.309042,23.856142,0.0],[120.308664,23.856272,0.0],[120.308763,23.857228,0.0],[120.309364,23.859011,0.0],[120.310365,23.863709,0.0],[120.311274,23.866174,0.0],[120.311593,23.867382,0.0],[120.312642,23.867936,0.0],[120.312509,23.868497,0.0],[120.312274,23.868723,0.0],[120.31235,23.869129,0.0],[120.312232,23.869224,0.0],[120.311738,23.869318,0.0],[120.311229,23.869769,0.0],[120.311535,23.870918,0.0],[120.31247,23.87343,0.0],[120.31202,23.875077,0.0],[120.312553,23.874828,0.0],[120.315243,23.882091,0.0],[120.317537,23.883176,0.0],[120.331355,23.888982,0.0],[120.332896,23.889813,0.0],[120.333836,23.891442,0.0],[120.334329,23.891707,0.0],[120.334406,23.89185,0.0],[120.33439,23.892352,0.0],[120.33459,23.893953,0.0],[120.334705,23.8943,0.0],[120.335272,23.895211,0.0],[120.336551,23.899242,0.0],[120.340507,23.91075,0.0],[120.342349,23.91642,0.0],[120.343586,23.920988,0.0],[120.344574,23.920956,0.0],[120.344651,23.921124,0.0],[120.345209,23.921329,0.0],[120.345478,23.922095,0.0],[120.346262,23.923759,0.0],[120.346554,23.925157,0.0],[120.346382,23.925718,0.0],[120.34671,23.927714,0.0],[120.34718,23.929986,0.0],[120.347512,23.931158,0.0],[120.349983,23.93069,0.0],[120.352361,23.93076,0.0],[120.352306,23.936625,0.0],[120.352355,23.937055,0.0],[120.352844,23.938156,0.0],[120.353798,23.939737,0.0],[120.353939,23.940084,0.0],[120.354576,23.942691,0.0],[120.355255,23.944676,0.0],[120.355775,23.947211,0.0],[120.357124,23.947766,0.0],[120.357669,23.947912,0.0],[120.358176,23.947962,0.0],[120.35893,23.947917,0.0],[120.359097,23.948204,0.0],[120.359402,23.949543,0.0],[120.359531,23.94989,0.0],[120.359789,23.95025,0.0],[120.360165,23.951314,0.0],[120.360111,23.95682,0.0],[120.360003,23.957716,0.0],[120.360845,23.960097,0.0],[120.360311,23.96031,0.0],[120.36124,23.964363,0.0],[120.36179,23.966205,0.0],[120.361942,23.966994,0.0],[120.362262,23.967998,0.0],[120.3627,23.968717,0.0],[120.363024,23.968981,0.0],[120.363582,23.969246,0.0],[120.364767,23.968821,0.0],[120.36797,23.979226,0.0],[120.367606,23.97926,0.0],[120.369004,23.983064,0.0],[120.369065,23.983829,0.0],[120.369021,23.985023,0.0],[120.368822,23.985811,0.0],[120.368546,23.986443,0.0],[120.367564,23.987813,0.0],[120.359074,23.990429,0.0],[120.358632,23.990403,0.0],[120.36071,23.993613,0.0],[120.361188,23.994189,0.0],[120.371651,24.005552,0.0],[120.372168,24.006235,0.0],[120.37266,24.006631,0.0],[120.388748,24.014221,0.0],[120.396786,24.019413,0.0],[120.397526,24.019667,0.0],[120.400894,24.019752,0.0],[120.404204,24.021043,0.0],[120.407512,24.022776,0.0],[120.413826,24.029859,0.0],[120.414461,24.030447,0.0],[120.417428,24.032847,0.0],[120.421361,24.037485,0.0],[120.427199,24.043826,0.0],[120.43089,24.050242,0.0],[120.431045,24.05047,0.0],[120.431862,24.051034,0.0],[120.432558,24.052649,0.0],[120.432933,24.052973,0.0],[120.432267,24.05364,0.0],[120.432053,24.055084,0.0],[120.433831,24.055999,0.0],[120.433101,24.057122,0.0],[120.431438,24.058725,0.0],[120.431853,24.059085,0.0],[120.432134,24.060137,0.0],[120.43468,24.064017,0.0],[120.435456,24.064975,0.0],[120.436882,24.066223,0.0],[120.43791,24.069081,0.0],[120.439798,24.071812,0.0],[120.441322,24.074194,0.0],[120.441528,24.074912,0.0],[120.441883,24.076848,0.0],[120.443218,24.081225,0.0],[120.443487,24.082026,0.0],[120.444827,24.085172,0.0],[120.445188,24.085819,0.0],[120.446432,24.087185,0.0],[120.44766,24.088898,0.0],[120.448154,24.092148,0.0],[120.448742,24.094551,0.0],[120.449475,24.096609,0.0],[120.450506,24.098977,0.0],[120.453406,24.102332,0.0],[120.45491,24.103676,0.0],[120.456549,24.106871,0.0],[120.457032,24.109656,0.0],[120.456978,24.110181,0.0],[120.455912,24.112936,0.0],[120.455878,24.114788,0.0],[120.455964,24.116078,0.0],[120.45663,24.118565,0.0],[120.458985,24.124988,0.0],[120.459395,24.126411,0.0],[120.460259,24.128289,0.0],[120.460569,24.12884,0.0],[120.462113,24.129992,0.0],[120.462567,24.130447,0.0],[120.465869,24.137638,0.0],[120.466475,24.139121,0.0],[120.466688,24.141081,0.0],[120.467264,24.143316,0.0],[120.469772,24.147518,0.0],[120.470628,24.148393,0.0],[120.476907,24.153598,0.0],[120.480555,24.156191,0.0],[120.481475,24.157066,0.0],[120.486758,24.160906,0.0]]]}},
{"type":"Feature","properties":{"Id":13,"Zone":"西部","Name":"西三"},"geometry":{"type":"Polygon","coordinates":[[[120.636035,23.894389,0.0],[120.636269,23.895791,0.0],[120.636249,23.896346,0.0],[120.635989,23.897594,0.0],[120.635785,23.898178,0.0],[120.635192,23.901028,0.0],[120.635082,23.902055,0.0],[120.635215,23.902611,0.0],[120.635034,23.903112,0.0],[120.635617,23.903738,0.0],[120.635888,23.904802,0.0],[120.636199,23.905647,0.0],[120.636165,23.906839,0.0],[120.635956,23.9085,0.0],[120.636413,23.910027,0.0],[120.63666,23.911417,0.0],[120.636656,23.912803,0.0],[120.637235,23.915579,0.0],[120.637311,23.918504,0.0],[120.637139,23.920046,0.0],[120.637154,23.920809,0.0],[120.637416,23.922965,0.0],[120.637948,23.924447,0.0],[120.637922,23.925447,0.0],[120.637605,23.925808,0.0],[120.637539,23.927033,0.0],[120.638538,23.930117,0.0],[120.638468,23.931042,0.0],[120.637793,23.932704,0.0],[120.638268,23.933015,0.0],[120.6389,23.933897,0.0],[120.639162,23.934428,0.0],[120.639781,23.935987,0.0],[120.639811,23.936788,0.0],[120.640223,23.937209,0.0],[120.640657,23.93942,0.0],[120.640538,23.940923,0.0],[120.639996,23.942493,0.0],[120.638585,23.945342,0.0],[120.637692,23.946951,0.0],[120.636318,23.948832,0.0],[120.635237,23.949864,0.0],[120.634901,23.950355,0.0],[120.634732,23.95086,0.0],[120.634655,23.95165,0.0],[120.634381,23.952825,0.0],[120.633836,23.954244,0.0],[120.63284,23.955429,0.0],[120.631761,23.956442,0.0],[120.631468,23.956965,0.0],[120.630423,23.959657,0.0],[120.629627,23.961114,0.0],[120.629331,23.962014,0.0],[120.628334,23.964449,0.0],[120.62756,23.965681,0.0],[120.627266,23.966028,0.0],[120.626227,23.966897,0.0],[120.625476,23.967834,0.0],[120.624206,23.96979,0.0],[120.623575,23.970904,0.0],[120.621669,23.974635,0.0],[120.621012,23.976669,0.0],[120.620539,23.978742,0.0],[120.619509,23.980584,0.0],[120.618845,23.981373,0.0],[120.618239,23.982378,0.0],[120.617304,23.984376,0.0],[120.616497,23.986469,0.0],[120.615963,23.987249,0.0],[120.615626,23.987559,0.0],[120.613683,23.988837,0.0],[120.613059,23.989398,0.0],[120.61279,23.989751,0.0],[120.612611,23.990173,0.0],[120.611414,23.99487,0.0],[120.611223,23.995326,0.0],[120.610198,23.996825,0.0],[120.609158,23.999278,0.0],[120.608075,24.000975,0.0],[120.607072,24.002865,0.0],[120.606613,24.003489,0.0],[120.604639,24.005572,0.0],[120.604507,24.006048,0.0],[120.60467,24.008435,0.0],[120.604626,24.009363,0.0],[120.604224,24.010427,0.0],[120.603488,24.011969,0.0],[120.603073,24.013147,0.0],[120.602062,24.014959,0.0],[120.600949,24.016512,0.0],[120.599821,24.018414,0.0],[120.59892,24.020288,0.0],[120.598127,24.021703,0.0],[120.597835,24.022154,0.0],[120.597358,24.022611,0.0],[120.597028,24.023071,0.0],[120.59586,24.025287,0.0],[120.595439,24.026408,0.0],[120.595308,24.027389,0.0],[120.595422,24.028464,0.0],[120.59544,24.029882,0.0],[120.595146,24.032003,0.0],[120.594887,24.032797,0.0],[120.594632,24.033192,0.0],[120.593858,24.033925,0.0],[120.592776,24.034794,0.0],[120.592508,24.035256,0.0],[120.592461,24.035723,0.0],[120.592873,24.037178,0.0],[120.592832,24.037672,0.0],[120.592585,24.038672,0.0],[120.592208,24.039689,0.0],[120.592131,24.040756,0.0],[120.591669,24.041728,0.0],[120.590226,24.043006,0.0],[120.588318,24.044121,0.0],[120.58783,24.044449,0.0],[120.587507,24.044814,0.0],[120.587276,24.045255,0.0],[120.58729,24.045838,0.0],[120.587578,24.04734,0.0],[120.587458,24.047705,0.0],[120.587092,24.04816,0.0],[120.58664,24.048547,0.0],[120.585733,24.049129,0.0],[120.585441,24.049422,0.0],[120.584674,24.050824,0.0],[120.584146,24.051583,0.0],[120.582707,24.051575,0.0],[120.582381,24.051739,0.0],[120.581913,24.051656,0.0],[120.581389,24.052039,0.0],[120.580902,24.052268,0.0],[120.579972,24.053245,0.0],[120.579551,24.053569,0.0],[120.578625,24.054088,0.0],[120.5782,24.054208,0.0],[120.57707,24.054223,0.0],[120.575842,24.054136,0.0],[120.574774,24.054149,0.0],[120.574177,24.05424,0.0],[120.573399,24.054775,0.0],[120.572872,24.055365,0.0],[120.571295,24.057824,0.0],[120.571242,24.058273,0.0],[120.571378,24.058765,0.0],[120.57234,24.060508,0.0],[120.572596,24.061335,0.0],[120.572669,24.062821,0.0],[120.572991,24.064682,0.0],[120.573326,24.068017,0.0],[120.573611,24.069896,0.0],[120.573235,24.070701,0.0],[120.573589,24.070952,0.0],[120.573458,24.073185,0.0],[120.573507,24.075277,0.0],[120.573399,24.076336,0.0],[120.573148,24.07761,0.0],[120.573012,24.079147,0.0],[120.573197,24.082726,0.0],[120.572843,24.082643,0.0],[120.57225,24.082785,0.0],[120.57214,24.082756,0.0],[120.57211,24.082469,0.0],[120.571986,24.082297,0.0],[120.572035,24.081466,0.0],[120.571661,24.081307,0.0],[120.571052,24.081391,0.0],[120.57085,24.081204,0.0],[120.570758,24.080702,0.0],[120.570508,24.080558,0.0],[120.569946,24.080585,0.0],[120.569665,24.080671,0.0],[120.569633,24.080929,0.0],[120.568524,24.081169,0.0],[120.568211,24.081326,0.0],[120.568024,24.081153,0.0],[120.567978,24.080938,0.0],[120.567666,24.080823,0.0],[120.5674,24.080937,0.0],[120.567182,24.080735,0.0],[120.566511,24.08059,0.0],[120.566277,24.080632,0.0],[120.566074,24.080775,0.0],[120.565091,24.080643,0.0],[120.564903,24.080387,0.0],[120.564966,24.080158,0.0],[120.564905,24.079828,0.0],[120.564702,24.079598,0.0],[120.564735,24.07934,0.0],[120.564564,24.079053,0.0],[120.564283,24.078938,0.0],[120.563689,24.079065,0.0],[120.563423,24.079351,0.0],[120.563126,24.079407,0.0],[120.562752,24.079292,0.0],[120.562221,24.079319,0.0],[120.561566,24.07903,0.0],[120.560568,24.078855,0.0],[120.560286,24.078898,0.0],[120.560036,24.079112,0.0],[120.55977,24.079183,0.0],[120.558912,24.079109,0.0],[120.558303,24.078978,0.0],[120.557194,24.079333,0.0],[120.556882,24.079289,0.0],[120.555585,24.079644,0.0],[120.554834,24.080043,0.0],[120.554599,24.080085,0.0],[120.552285,24.081139,0.0],[120.552017,24.081376,0.0],[120.551941,24.081694,0.0],[120.551569,24.081853,0.0],[120.550825,24.081737,0.0],[120.549982,24.081711,0.0],[120.548941,24.081344,0.0],[120.546664,24.079789,0.0],[120.544684,24.078684,0.0],[120.543646,24.074699,0.0],[120.543088,24.073192,0.0],[120.542152,24.071216,0.0],[120.542011,24.07055,0.0],[120.542114,24.070015,0.0],[120.542905,24.068052,0.0],[120.543103,24.067244,0.0],[120.543149,24.066213,0.0],[120.542984,24.064747,0.0],[120.543514,24.063221,0.0],[120.544675,24.06056,0.0],[120.544803,24.060023,0.0],[120.54488,24.059015,0.0],[120.545692,24.055035,0.0],[120.54581,24.054065,0.0],[120.545828,24.052812,0.0],[120.545709,24.051656,0.0],[120.545279,24.049531,0.0],[120.54532,24.049009,0.0],[120.546158,24.044398,0.0],[120.546892,24.041955,0.0],[120.547448,24.039578,0.0],[120.547918,24.035035,0.0],[120.548391,24.032982,0.0],[120.548659,24.031143,0.0],[120.548927,24.030106,0.0],[120.549808,24.028379,0.0],[120.550382,24.026758,0.0],[120.550904,24.026051,0.0],[120.552322,24.024843,0.0],[120.552828,24.024542,0.0],[120.555469,24.023299,0.0],[120.556408,24.022708,0.0],[120.558601,24.020667,0.0],[120.56055,24.018508,0.0],[120.561074,24.018105,0.0],[120.562484,24.017303,0.0],[120.563273,24.016732,0.0],[120.564481,24.014869,0.0],[120.564889,24.014533,0.0],[120.569422,24.013693,0.0],[120.571879,24.013501,0.0],[120.572968,24.013315,0.0],[120.573455,24.013131,0.0],[120.573888,24.012789,0.0],[120.57431,24.011862,0.0],[120.574586,24.010836,0.0],[120.574685,24.010322,0.0],[120.574665,24.008834,0.0],[120.574725,24.008281,0.0],[120.575006,24.007013,0.0],[120.575745,24.004801,0.0],[120.576372,24.003541,0.0],[120.577241,24.002859,0.0],[120.577619,24.002476,0.0],[120.577918,24.001987,0.0],[120.578814,24.000087,0.0],[120.579223,23.998203,0.0],[120.580072,23.997018,0.0],[120.580753,23.996309,0.0],[120.581373,23.995516,0.0],[120.582346,23.993794,0.0],[120.583736,23.991769,0.0],[120.585395,23.989929,0.0],[120.586972,23.988522,0.0],[120.588183,23.986846,0.0],[120.589008,23.985534,0.0],[120.58925,23.985009,0.0],[120.589633,23.984026,0.0],[120.590184,23.982181,0.0],[120.59056,23.981288,0.0],[120.591648,23.979722,0.0],[120.59377,23.977272,0.0],[120.5944,23.976657,0.0],[120.596188,23.975163,0.0],[120.598375,23.97369,0.0],[120.598775,23.973255,0.0],[120.599291,23.972478,0.0],[120.599988,23.971098,0.0],[120.601118,23.968241,0.0],[120.601346,23.967413,0.0],[120.601533,23.965989,0.0],[120.601333,23.965039,0.0],[120.60066,23.962802,0.0],[120.600619,23.962262,0.0],[120.601081,23.960625,0.0],[120.601891,23.958302,0.0],[120.60213,23.957176,0.0],[120.602188,23.95623,0.0],[120.60203,23.95493,0.0],[120.601367,23.952431,0.0],[120.60054,23.944183,0.0],[120.599832,23.941055,0.0],[120.599814,23.939809,0.0],[120.599906,23.939001,0.0],[120.60046,23.937257,0.0],[120.60189,23.934168,0.0],[120.602415,23.932422,0.0],[120.602657,23.93106,0.0],[120.602674,23.930376,0.0],[120.602395,23.928133,0.0],[120.602353,23.926885,0.0],[120.602592,23.925278,0.0],[120.603242,23.922889,0.0],[120.603576,23.921935,0.0],[120.605359,23.918529,0.0],[120.606322,23.915809,0.0],[120.607109,23.914148,0.0],[120.607691,23.9127,0.0],[120.608437,23.909347,0.0],[120.609084,23.907611,0.0],[120.609871,23.904802,0.0],[120.610196,23.903239,0.0],[120.610498,23.900492,0.0],[120.610455,23.898176,0.0],[120.610209,23.893507,0.0],[120.609494,23.889325,0.0],[120.608212,23.885315,0.0],[120.607734,23.884162,0.0],[120.606683,23.880954,0.0],[120.605657,23.878531,0.0],[120.605143,23.877085,0.0],[120.604835,23.875507,0.0],[120.604511,23.872341,0.0],[120.603627,23.868585,0.0],[120.603464,23.868063,0.0],[120.602741,23.866582,0.0],[120.602657,23.865968,0.0],[120.602791,23.864357,0.0],[120.603345,23.861703,0.0],[120.603378,23.859936,0.0],[120.603173,23.858669,0.0],[120.603004,23.856617,0.0],[120.602771,23.855544,0.0],[120.602635,23.85434,0.0],[120.60262,23.852731,0.0],[120.603087,23.849366,0.0],[120.603264,23.848872,0.0],[120.603711,23.848056,0.0],[120.604027,23.847098,0.0],[120.604099,23.846644,0.0],[120.603904,23.843262,0.0],[120.603673,23.841137,0.0],[120.603703,23.840717,0.0],[120.603931,23.839621,0.0],[120.60446,23.838107,0.0],[120.606214,23.835053,0.0],[120.60639,23.834553,0.0],[120.606588,23.833156,0.0],[120.606528,23.83214,0.0],[120.606574,23.831596,0.0],[120.606915,23.830362,0.0],[120.607574,23.829014,0.0],[120.608977,23.826706,0.0],[120.609417,23.826212,0.0],[120.611949,23.825034,0.0],[120.612952,23.824111,0.0],[120.614882,23.821745,0.0],[120.616376,23.820379,0.0],[120.618086,23.818419,0.0],[120.619727,23.815545,0.0],[120.620002,23.815117,0.0],[120.620383,23.814738,0.0],[120.620979,23.814415,0.0],[120.625882,23.812675,0.0],[120.627337,23.811859,0.0],[120.628699,23.810921,0.0],[120.632444,23.807711,0.0],[120.633494,23.807034,0.0],[120.635252,23.805695,0.0],[120.638519,23.803601,0.0],[120.640335,23.802233,0.0],[120.640853,23.801988,0.0],[120.642479,23.801488,0.0],[120.643855,23.800755,0.0],[120.644399,23.800556,0.0],[120.646811,23.799895,0.0],[120.648246,23.799695,0.0],[120.649995,23.799627,0.0],[120.662367,23.800016,0.0],[120.66266,23.80089,0.0],[120.662985,23.801241,0.0],[120.665646,23.803323,0.0],[120.666492,23.803779,0.0],[120.667351,23.804131,0.0],[120.668418,23.804485,0.0],[120.669737,23.804727,0.0],[120.670694,23.804644,0.0],[120.672001,23.804373,0.0],[120.672394,23.80439,0.0],[120.67348,23.804634,0.0],[120.675516,23.805356,0.0],[120.676589,23.805631,0.0],[120.677546,23.805976,0.0],[120.678117,23.806095,0.0],[120.679029,23.806165,0.0],[120.67908,23.806548,0.0],[120.678949,23.806834,0.0],[120.67865,23.807001,0.0],[120.678572,23.807311,0.0],[120.678413,23.808493,0.0],[120.678518,23.809484,0.0],[120.678487,23.811252,0.0],[120.678211,23.812793,0.0],[120.678275,23.813044,0.0],[120.677962,23.813843,0.0],[120.678051,23.814632,0.0],[120.678218,23.81505,0.0],[120.678464,23.815338,0.0],[120.6788,23.816318,0.0],[120.678708,23.816628,0.0],[120.677784,23.817355,0.0],[120.677224,23.818083,0.0],[120.676833,23.818858,0.0],[120.676247,23.819359,0.0],[120.67457,23.820072,0.0],[120.674268,23.820055,0.0],[120.673506,23.819807,0.0],[120.672677,23.819208,0.0],[120.672482,23.819172,0.0],[120.672248,23.819398,0.0],[120.672027,23.819445,0.0],[120.67178,23.819373,0.0],[120.671531,23.819073,0.0],[120.671428,23.818738,0.0],[120.671298,23.818678,0.0],[120.670922,23.818773,0.0],[120.670286,23.818664,0.0],[120.669832,23.818472,0.0],[120.669443,23.818029,0.0],[120.669197,23.817981,0.0],[120.668588,23.817562,0.0],[120.66803,23.817369,0.0],[120.667913,23.817226,0.0],[120.667797,23.816819,0.0],[120.667551,23.816616,0.0],[120.666318,23.816446,0.0],[120.665942,23.816146,0.0],[120.665812,23.816158,0.0],[120.665682,23.816349,0.0],[120.665539,23.816372,0.0],[120.664734,23.816335,0.0],[120.664726,23.816223,0.0],[120.665156,23.815782,0.0],[120.665105,23.815197,0.0],[120.665015,23.815053,0.0],[120.664768,23.815172,0.0],[120.663715,23.815385,0.0],[120.663391,23.815277,0.0],[120.663001,23.815383,0.0],[120.662469,23.815358,0.0],[120.661483,23.814926,0.0],[120.660419,23.814625,0.0],[120.659134,23.814646,0.0],[120.658758,23.814502,0.0],[120.658641,23.814549,0.0],[120.657293,23.813603,0.0],[120.656061,23.813158,0.0],[120.655646,23.812811,0.0],[120.655386,23.812762,0.0],[120.653311,23.812789,0.0],[120.65275,23.812644,0.0],[120.652376,23.812658,0.0],[120.651768,23.812443,0.0],[120.650948,23.812515,0.0],[120.650719,23.812629,0.0],[120.65008,23.81436,0.0],[120.64955,23.814787,0.0],[120.649466,23.815035,0.0],[120.648736,23.816065,0.0],[120.64832,23.816294,0.0],[120.648007,23.816618,0.0],[120.647508,23.816903,0.0],[120.646863,23.817093,0.0],[120.646614,23.817245,0.0],[120.646136,23.817359,0.0],[120.645284,23.817395,0.0],[120.644598,23.817547,0.0],[120.643473,23.818538,0.0],[120.641849,23.819776,0.0],[120.640935,23.820023,0.0],[120.640664,23.820213,0.0],[120.639957,23.820288,0.0],[120.639936,23.820498,0.0],[120.640164,23.820671,0.0],[120.640143,23.820862,0.0],[120.639976,23.821129,0.0],[120.640391,23.821245,0.0],[120.640453,23.821379,0.0],[120.6401,23.822176,0.0],[120.640036,23.822549,0.0],[120.640549,23.82436,0.0],[120.640805,23.826171,0.0],[120.640548,23.82704,0.0],[120.640105,23.827851,0.0],[120.639796,23.828659,0.0],[120.639635,23.829981,0.0],[120.639663,23.832477,0.0],[120.639456,23.832909,0.0],[120.638829,23.83323,0.0],[120.637706,23.833173,0.0],[120.637228,23.833269,0.0],[120.636785,23.833532,0.0],[120.636313,23.833707,0.0],[120.635938,23.833781,0.0],[120.63495,23.83381,0.0],[120.63452,23.834024,0.0],[120.633758,23.83483,0.0],[120.631734,23.836085,0.0],[120.629451,23.838147,0.0],[120.62715,23.839787,0.0],[120.626051,23.840904,0.0],[120.625236,23.841211,0.0],[120.622962,23.841346,0.0],[120.62203,23.841666,0.0],[120.621557,23.841974,0.0],[120.621292,23.84227,0.0],[120.620665,23.843309,0.0],[120.620573,23.843701,0.0],[120.620722,23.844203,0.0],[120.621556,23.845056,0.0],[120.621832,23.845479,0.0],[120.622162,23.846238,0.0],[120.622412,23.846532,0.0],[120.622913,23.846788,0.0],[120.623336,23.847126,0.0],[120.623507,23.847508,0.0],[120.623574,23.849271,0.0],[120.623804,23.849793,0.0],[120.62569,23.852847,0.0],[120.626039,23.853871,0.0],[120.626251,23.854871,0.0],[120.626614,23.855732,0.0],[120.627219,23.856727,0.0],[120.627286,23.857113,0.0],[120.627122,23.857598,0.0],[120.626698,23.857908,0.0],[120.623382,23.859855,0.0],[120.622485,23.860158,0.0],[120.622485,23.860508,0.0],[120.623351,23.861629,0.0],[120.623115,23.862613,0.0],[120.622549,23.862869,0.0],[120.622316,23.863252,0.0],[120.621989,23.863561,0.0],[120.621616,23.863632,0.0],[120.620905,23.864075,0.0],[120.620677,23.864409,0.0],[120.620349,23.865807,0.0],[120.620292,23.866875,0.0],[120.620344,23.867457,0.0],[120.620205,23.868347,0.0],[120.620486,23.868677,0.0],[120.62098,23.868816,0.0],[120.621151,23.869143,0.0],[120.621133,23.869561,0.0],[120.621608,23.869698,0.0],[120.623446,23.86914,0.0],[120.623884,23.869286,0.0],[120.624183,23.869548,0.0],[120.624312,23.869921,0.0],[120.624316,23.87051,0.0],[120.624122,23.871358,0.0],[120.624349,23.871725,0.0],[120.625226,23.872388,0.0],[120.625313,23.872802,0.0],[120.625301,23.873273,0.0],[120.625139,23.875399,0.0],[120.624838,23.876234,0.0],[120.624769,23.877209,0.0],[120.625402,23.87759,0.0],[120.625774,23.878532,0.0],[120.626454,23.880811,0.0],[120.627039,23.882174,0.0],[120.62731,23.882601,0.0],[120.627684,23.882981,0.0],[120.628501,23.883647,0.0],[120.628782,23.884158,0.0],[120.628817,23.884643,0.0],[120.628564,23.885613,0.0],[120.628637,23.886054,0.0],[120.629032,23.88694,0.0],[120.629087,23.887416,0.0],[120.628975,23.887892,0.0],[120.627911,23.889271,0.0],[120.627908,23.889738,0.0],[120.62832,23.889875,0.0],[120.630951,23.889691,0.0],[120.632795,23.889752,0.0],[120.633351,23.889853,0.0],[120.634681,23.891037,0.0],[120.635286,23.891858,0.0],[120.636035,23.894389,0.0]]]}},
{"type":"Feature","properties":{"Id":15,"Zone":"西部","Name":"西五"},"geometry":{"type":"MultiPolygon","coordinates":[[[[120.934439,23.812622,0.0],[120.934167,23.812383,0.0],[120.934005,23.812179,0.0],[120.934439,23.812622,0.0]]],[[[120.934451,23.812842,0.0],[120.934358,23.813077,0.0],[120.934443,23.812643,0.0],[120.934451,23.812842,0.0]]],[[[120.934158,23.814151,0.0],[120.93411,23.814268,0.0],[120.934316,23.813282,0.0],[120.934158,23.814151,0.0]]],[[[120.93386,23.815302,0.0],[120.933526,23.815821,0.0],[120.933826,23.815318,0.0],[120.934087,23.814359,0.0],[120.93386,23.815302,0.0]]],[[[120.862888,23.815816,0.0],[120.862848,23.815763,0.0],[120.862868,23.815716,0.0],[120.862888,23.815816,0.0]]],[[[120.863259,23.81633,0.0],[120.862821,23.816599,0.0],[120.862705,23.816555,0.0],[120.862771,23.816308,0.0],[120.86317,23.816043,0.0],[120.86337,23.81605,0.0],[120.863311,23.815854,0.0],[120.863089,23.815623,0.0],[120.863306,23.81581,0.0],[120.863398,23.816051,0.0],[120.863528,23.816032,0.0],[120.863516,23.816133,0.0],[120.863386,23.816141,0.0],[120.863259,23.81633,0.0]]],[[[120.93306,23.819269,0.0],[120.933037,23.81937,0.0],[120.933017,23.819429,0.0],[120.933001,23.819257,0.0],[120.93306,23.819269,0.0]]],[[[120.858615,23.821248,0.0],[120.85855,23.821285,0.0],[120.858498,23.821215,0.0],[120.858571,23.821177,0.0],[120.858615,23.821248,0.0]]],[[[120.932841,23.821169,0.0],[120.93291,23.821949,0.0],[120.93282,23.821868,0.0],[120.932701,23.821144,0.0],[120.932933,23.820377,0.0],[120.932841,23.821169,0.0]]],[[[120.933147,23.82252,0.0],[120.933158,23.822553,0.0],[120.933134,23.822502,0.0],[120.933147,23.82252,0.0]]],[[[120.933471,23.823714,0.0],[120.933794,23.824383,0.0],[120.933821,23.824734,0.0],[120.933733,23.825169,0.0],[120.933779,23.82465,0.0],[120.933624,23.824152,0.0],[120.933386,23.823729,0.0],[120.933307,23.823042,0.0],[120.933471,23.823714,0.0]]],[[[120.932938,23.826047,0.0],[120.93322,23.825719,0.0],[120.933401,23.825599,0.0],[120.932938,23.826047,0.0]]],[[[120.815152,23.826746,0.0],[120.815123,23.826906,0.0],[120.814953,23.826881,0.0],[120.81498,23.82672,0.0],[120.815152,23.826746,0.0]]],[[[120.819563,23.827064,0.0],[120.819648,23.827075,0.0],[120.819772,23.827174,0.0],[120.819542,23.827284,0.0],[120.819563,23.827064,0.0]]],[[[120.81947,23.827143,0.0],[120.819065,23.827446,0.0],[120.818977,23.827637,0.0],[120.818603,23.827413,0.0],[120.818457,23.827155,0.0],[120.818514,23.827065,0.0],[120.818604,23.827068,0.0],[120.818642,23.826846,0.0],[120.818823,23.826639,0.0],[120.819213,23.826696,0.0],[120.81947,23.827143,0.0]]],[[[120.864756,23.827867,0.0],[120.864573,23.82801,0.0],[120.864117,23.827276,0.0],[120.864303,23.827001,0.0],[120.864409,23.82711,0.0],[120.865083,23.827043,0.0],[120.865598,23.827087,0.0],[120.865576,23.827548,0.0],[120.8651,23.82746,0.0],[120.864951,23.827664,0.0],[120.864923,23.827899,0.0],[120.864756,23.827867,0.0]]],[[[120.932592,23.826991,0.0],[120.932875,23.827779,0.0],[120.933068,23.829184,0.0],[120.933412,23.829453,0.0],[120.933305,23.82946,0.0],[120.933009,23.829185,0.0],[120.932864,23.828837,0.0],[120.932751,23.828002,0.0],[120.932437,23.826815,0.0],[120.932597,23.826488,0.0],[120.932592,23.826991,0.0]]],[[[120.821059,23.831164,0.0],[120.820838,23.831076,0.0],[120.820724,23.831001,0.0],[120.820737,23.830901,0.0],[120.82052,23.830747,0.0],[120.820483,23.830791,0.0],[120.820129,23.830628,0.0],[120.820181,23.830451,0.0],[120.820571,23.830617,0.0],[120.820678,23.830566,0.0],[120.820823,23.830606,0.0],[120.821008,23.83038,0.0],[120.821204,23.830589,0.0],[120.821272,23.830515,0.0],[120.821491,23.830641,0.0],[120.821578,23.830527,0.0],[120.821744,23.830753,0.0],[120.821495,23.831001,0.0],[120.821059,23.831164,0.0]]],[[[120.825349,23.832498,0.0],[120.824994,23.832367,0.0],[120.824622,23.832386,0.0],[120.823845,23.832061,0.0],[120.823949,23.831647,0.0],[120.824253,23.83145,0.0],[120.825334,23.83176,0.0],[120.825739,23.832059,0.0],[120.825678,23.832411,0.0],[120.825349,23.832498,0.0]]],[[[120.925186,23.829277,0.0],[120.925117,23.829643,0.0],[120.92492,23.829648,0.0],[120.92509,23.829765,0.0],[120.925775,23.831395,0.0],[120.925155,23.831894,0.0],[120.924294,23.832899,0.0],[120.924163,23.832923,0.0],[120.923015,23.832718,0.0],[120.92179,23.831964,0.0],[120.919564,23.829655,0.0],[120.920924,23.828072,0.0],[120.921699,23.823467,0.0],[120.92121,23.819768,0.0],[120.922024,23.814684,0.0],[120.922439,23.814414,0.0],[120.924101,23.814491,0.0],[120.925697,23.816462,0.0],[120.926143,23.816915,0.0],[120.925697,23.818645,0.0],[120.925887,23.819997,0.0],[120.92581,23.821128,0.0],[120.926044,23.82145,0.0],[120.926637,23.821979,0.0],[120.926645,23.822827,0.0],[120.92602,23.824978,0.0],[120.926217,23.825508,0.0],[120.926221,23.825943,0.0],[120.925689,23.826895,0.0],[120.925626,23.827315,0.0],[120.925811,23.827553,0.0],[120.927338,23.828866,0.0],[120.925624,23.828823,0.0],[120.925186,23.829277,0.0]]],[[[120.72695,23.835041,0.0],[120.727035,23.835119,0.0],[120.726694,23.835588,0.0],[120.72641,23.835588,0.0],[120.726127,23.835457,0.0],[120.726033,23.835326,0.0],[120.726222,23.835066,0.0],[120.726624,23.835001,0.0],[120.72695,23.835041,0.0]]],[[[120.905274,23.835719,0.0],[120.905375,23.835673,0.0],[120.905558,23.835767,0.0],[120.905271,23.836071,0.0],[120.905274,23.835719,0.0]]],[[[120.842595,23.838753,0.0],[120.841961,23.838869,0.0],[120.841817,23.838691,0.0],[120.841146,23.838488,0.0],[120.841004,23.838328,0.0],[120.841175,23.837519,0.0],[120.8416,23.837595,0.0],[120.842761,23.837567,0.0],[120.842595,23.838753,0.0]]],[[[120.858585,23.839363,0.0],[120.858692,23.839711,0.0],[120.859213,23.839809,0.0],[120.859109,23.840426,0.0],[120.85797,23.840003,0.0],[120.858069,23.839969,0.0],[120.857999,23.839849,0.0],[120.858052,23.839747,0.0],[120.858282,23.839524,0.0],[120.858441,23.839505,0.0],[120.858439,23.839405,0.0],[120.858585,23.839363,0.0]]],[[[120.929395,23.843213,0.0],[120.929498,23.843516,0.0],[120.928854,23.844181,0.0],[120.928582,23.844082,0.0],[120.928471,23.84396,0.0],[120.928818,23.843017,0.0],[120.929395,23.843213,0.0]]],[[[120.859927,23.842816,0.0],[120.859422,23.844044,0.0],[120.859475,23.844683,0.0],[120.85915,23.84464,0.0],[120.85868,23.843824,0.0],[120.85874,23.843298,0.0],[120.858956,23.843193,0.0],[120.859699,23.842564,0.0],[120.859927,23.842816,0.0]]],[[[120.935146,23.845168,0.0],[120.934745,23.845343,0.0],[120.934628,23.845358,0.0],[120.934523,23.84525,0.0],[120.934733,23.844949,0.0],[120.934772,23.844405,0.0],[120.934877,23.844684,0.0],[120.935146,23.844945,0.0],[120.935146,23.845168,0.0]]],[[[120.864171,23.846476,0.0],[120.864187,23.846362,0.0],[120.864323,23.846374,0.0],[120.864284,23.846302,0.0],[120.864476,23.84614,0.0],[120.864654,23.845665,0.0],[120.864826,23.845696,0.0],[120.864976,23.845893,0.0],[120.864812,23.846359,0.0],[120.864171,23.846476,0.0]]],[[[120.86075,23.851335,0.0],[120.860227,23.851317,0.0],[120.860347,23.850458,0.0],[120.861022,23.850049,0.0],[120.861502,23.850498,0.0],[120.861105,23.850765,0.0],[120.860796,23.850701,0.0],[120.86075,23.851335,0.0]]],[[[120.881781,23.85257,0.0],[120.882199,23.852757,0.0],[120.882283,23.85317,0.0],[120.882149,23.853201,0.0],[120.881408,23.852872,0.0],[120.880873,23.852324,0.0],[120.880583,23.852345,0.0],[120.88008,23.85223,0.0],[120.879678,23.851891,0.0],[120.879662,23.851372,0.0],[120.87991,23.851193,0.0],[120.881369,23.850799,0.0],[120.881885,23.851599,0.0],[120.882029,23.852481,0.0],[120.881785,23.852472,0.0],[120.881781,23.85257,0.0]]],[[[120.860587,23.855923,0.0],[120.860604,23.856244,0.0],[120.860111,23.856345,0.0],[120.860041,23.856048,0.0],[120.860185,23.855962,0.0],[120.860154,23.855829,0.0],[120.860587,23.855923,0.0]]],[[[120.894737,23.858918,0.0],[120.894349,23.859009,0.0],[120.893625,23.859742,0.0],[120.892958,23.85891,0.0],[120.892036,23.858398,0.0],[120.891979,23.857756,0.0],[120.891452,23.857268,0.0],[120.891071,23.857037,0.0],[120.891041,23.856936,0.0],[120.890895,23.856934,0.0],[120.890125,23.856077,0.0],[120.889924,23.855941,0.0],[120.889752,23.855946,0.0],[120.889499,23.855824,0.0],[120.889128,23.855284,0.0],[120.889087,23.854966,0.0],[120.888806,23.854492,0.0],[120.888913,23.854086,0.0],[120.888894,23.853781,0.0],[120.888447,23.852898,0.0],[120.888811,23.852121,0.0],[120.88892,23.851646,0.0],[120.88857,23.851343,0.0],[120.88806,23.851047,0.0],[120.887894,23.850577,0.0],[120.887051,23.849896,0.0],[120.886578,23.847766,0.0],[120.885908,23.846944,0.0],[120.885884,23.845361,0.0],[120.88613,23.845272,0.0],[120.886699,23.845828,0.0],[120.887202,23.846013,0.0],[120.888415,23.847133,0.0],[120.889206,23.847251,0.0],[120.88955,23.847896,0.0],[120.889944,23.84811,0.0],[120.889827,23.848627,0.0],[120.889897,23.848983,0.0],[120.889729,23.84976,0.0],[120.890469,23.851458,0.0],[120.891849,23.853327,0.0],[120.892653,23.855003,0.0],[120.892537,23.855241,0.0],[120.89292,23.856651,0.0],[120.894078,23.857953,0.0],[120.894516,23.857845,0.0],[120.894818,23.857619,0.0],[120.895081,23.857598,0.0],[120.896111,23.858651,0.0],[120.895664,23.858895,0.0],[120.894737,23.858918,0.0]]],[[[120.906753,23.862065,0.0],[120.906744,23.862668,0.0],[120.906618,23.862664,0.0],[120.906678,23.862048,0.0],[120.906753,23.862065,0.0]]],[[[120.868499,23.863429,0.0],[120.868101,23.86342,0.0],[120.868135,23.861645,0.0],[120.868586,23.861641,0.0],[120.869065,23.861993,0.0],[120.869077,23.862757,0.0],[120.868499,23.863429,0.0]]],[[[120.909365,23.86382,0.0],[120.908866,23.863786,0.0],[120.908689,23.863708,0.0],[120.908538,23.863423,0.0],[120.908644,23.863134,0.0],[120.908803,23.863132,0.0],[120.909676,23.863445,0.0],[120.909365,23.86382,0.0]]],[[[120.910832,23.863626,0.0],[120.909996,23.863866,0.0],[120.909293,23.864182,0.0],[120.909185,23.864144,0.0],[120.909227,23.864046,0.0],[120.910063,23.863639,0.0],[120.910063,23.863449,0.0],[120.909888,23.863377,0.0],[120.910343,23.863295,0.0],[120.910328,23.863485,0.0],[120.910567,23.86337,0.0],[120.910832,23.863626,0.0]]],[[[120.869105,23.864674,0.0],[120.868926,23.864402,0.0],[120.868796,23.864413,0.0],[120.868608,23.864135,0.0],[120.8688,23.863649,0.0],[120.869545,23.863521,0.0],[120.869923,23.863931,0.0],[120.869888,23.864298,0.0],[120.869514,23.864368,0.0],[120.869105,23.864674,0.0]]],[[[120.862566,23.865432,0.0],[120.862456,23.865591,0.0],[120.862305,23.865541,0.0],[120.862375,23.865358,0.0],[120.862566,23.865432,0.0]]],[[[120.863022,23.865738,0.0],[120.862686,23.865682,0.0],[120.862793,23.865366,0.0],[120.86294,23.865412,0.0],[120.863128,23.865339,0.0],[120.863193,23.865363,0.0],[120.863022,23.865738,0.0]]],[[[120.863339,23.865669,0.0],[120.863365,23.86579,0.0],[120.863263,23.865795,0.0],[120.863339,23.865669,0.0]]],[[[120.870505,23.866356,0.0],[120.86995,23.866168,0.0],[120.869781,23.865934,0.0],[120.869451,23.865717,0.0],[120.869531,23.86564,0.0],[120.869254,23.865361,0.0],[120.868944,23.865189,0.0],[120.869559,23.864392,0.0],[120.870344,23.864551,0.0],[120.870632,23.865043,0.0],[120.870768,23.865114,0.0],[120.870832,23.865403,0.0],[120.87095,23.865484,0.0],[120.870763,23.865558,0.0],[120.87071,23.8659,0.0],[120.870572,23.866131,0.0],[120.870606,23.866233,0.0],[120.870505,23.866356,0.0]]],[[[120.881158,23.868054,0.0],[120.880781,23.868679,0.0],[120.880664,23.868475,0.0],[120.880502,23.868468,0.0],[120.880584,23.868241,0.0],[120.880896,23.867868,0.0],[120.881158,23.868054,0.0]]],[[[120.899665,23.868057,0.0],[120.89962,23.868218,0.0],[120.898762,23.869013,0.0],[120.898611,23.869013,0.0],[120.898544,23.868828,0.0],[120.898694,23.868106,0.0],[120.899327,23.867992,0.0],[120.899665,23.868057,0.0]]],[[[120.926998,23.869027,0.0],[120.926852,23.86916,0.0],[120.926639,23.869318,0.0],[120.92692,23.869027,0.0],[120.926998,23.869027,0.0]]],[[[120.926455,23.869719,0.0],[120.926331,23.869894,0.0],[120.926176,23.86977,0.0],[120.926455,23.869497,0.0],[120.926455,23.869719,0.0]]],[[[120.923727,23.870947,0.0],[120.92395,23.871256,0.0],[120.92309,23.871517,0.0],[120.922663,23.870863,0.0],[120.922685,23.870705,0.0],[120.923202,23.870547,0.0],[120.923282,23.870413,0.0],[120.923294,23.870114,0.0],[120.923686,23.870221,0.0],[120.923727,23.870947,0.0]]],[[[120.917194,23.872137,0.0],[120.916952,23.872176,0.0],[120.916638,23.871943,0.0],[120.917488,23.871822,0.0],[120.917395,23.871851,0.0],[120.917194,23.872137,0.0]]],[[[120.920731,23.872358,0.0],[120.920695,23.872291,0.0],[120.920639,23.87232,0.0],[120.920534,23.872109,0.0],[120.920748,23.871718,0.0],[120.92084,23.871693,0.0],[120.921068,23.872183,0.0],[120.920731,23.872358,0.0]]],[[[120.914445,23.873529,0.0],[120.914147,23.873215,0.0],[120.913813,23.873019,0.0],[120.913752,23.872898,0.0],[120.91383,23.872844,0.0],[120.913988,23.872932,0.0],[120.914033,23.872877,0.0],[120.913788,23.87275,0.0],[120.913873,23.872639,0.0],[120.914762,23.872077,0.0],[120.914668,23.872209,0.0],[120.914839,23.87215,0.0],[120.914416,23.872812,0.0],[120.91426,23.87273,0.0],[120.914123,23.872778,0.0],[120.914748,23.873294,0.0],[120.914445,23.873529,0.0]]],[[[120.919695,23.872419,0.0],[120.918789,23.872498,0.0],[120.918793,23.872179,0.0],[120.919731,23.872229,0.0],[120.919672,23.872253,0.0],[120.919695,23.872419,0.0]]],[[[120.917998,23.872686,0.0],[120.917724,23.87274,0.0],[120.917264,23.872698,0.0],[120.91736,23.872403,0.0],[120.91777,23.872453,0.0],[120.917998,23.872686,0.0]]],[[[120.864638,23.878716,0.0],[120.86458,23.878721,0.0],[120.864524,23.878606,0.0],[120.864589,23.87859,0.0],[120.864638,23.878716,0.0]]],[[[120.864298,23.878278,0.0],[120.864206,23.878293,0.0],[120.864208,23.878557,0.0],[120.864313,23.878615,0.0],[120.864033,23.878719,0.0],[120.86386,23.878921,0.0],[120.863459,23.878863,0.0],[120.863472,23.878656,0.0],[120.863382,23.87863,0.0],[120.863412,23.878525,0.0],[120.863346,23.878481,0.0],[120.863477,23.878373,0.0],[120.863517,23.878169,0.0],[120.863822,23.878009,0.0],[120.864325,23.878052,0.0],[120.864445,23.877889,0.0],[120.864758,23.877907,0.0],[120.864845,23.878209,0.0],[120.865002,23.878361,0.0],[120.864859,23.878444,0.0],[120.864397,23.878428,0.0],[120.864298,23.878278,0.0]]],[[[120.866354,23.879689,0.0],[120.86633,23.87982,0.0],[120.866251,23.879802,0.0],[120.866283,23.879673,0.0],[120.866354,23.879689,0.0]]],[[[120.87869,23.886152,0.0],[120.878567,23.886348,0.0],[120.878482,23.886159,0.0],[120.87863,23.886048,0.0],[120.87869,23.886152,0.0]]],[[[120.878805,23.886806,0.0],[120.878937,23.886844,0.0],[120.878847,23.88696,0.0],[120.878728,23.886892,0.0],[120.878805,23.886806,0.0]]],[[[120.889891,23.89499,0.0],[120.890034,23.895217,0.0],[120.889881,23.895258,0.0],[120.889758,23.895036,0.0],[120.889891,23.89499,0.0]]],[[[120.89155,23.897606,0.0],[120.891706,23.89765,0.0],[120.891585,23.897871,0.0],[120.891487,23.897727,0.0],[120.89155,23.897606,0.0]]],[[[120.869988,23.898716,0.0],[120.869866,23.899046,0.0],[120.869749,23.899037,0.0],[120.869886,23.898667,0.0],[120.869988,23.898716,0.0]]],[[[120.893154,23.899666,0.0],[120.89303,23.899865,0.0],[120.892916,23.899763,0.0],[120.893041,23.899579,0.0],[120.893154,23.899666,0.0]]],[[[120.897711,23.899986,0.0],[120.897799,23.899845,0.0],[120.89792,23.899885,0.0],[120.897835,23.900052,0.0],[120.897711,23.899986,0.0]]],[[[120.895427,23.90029,0.0],[120.895269,23.900156,0.0],[120.895342,23.90012,0.0],[120.895427,23.90029,0.0]]],[[[120.897711,23.899986,0.0],[120.897754,23.900319,0.0],[120.897594,23.900373,0.0],[120.897588,23.900536,0.0],[120.89721,23.900192,0.0],[120.897142,23.900009,0.0],[120.896723,23.8997,0.0],[120.896615,23.8994,0.0],[120.8967,23.899373,0.0],[120.89667,23.899306,0.0],[120.897134,23.899235,0.0],[120.897477,23.899438,0.0],[120.897589,23.899414,0.0],[120.897718,23.899681,0.0],[120.897711,23.899986,0.0]]],[[[120.896471,23.901221,0.0],[120.896298,23.901421,0.0],[120.896182,23.901381,0.0],[120.89636,23.901125,0.0],[120.896471,23.901221,0.0]]],[[[120.894569,23.902852,0.0],[120.893434,23.902605,0.0],[120.893383,23.902357,0.0],[120.893559,23.902206,0.0],[120.893897,23.901677,0.0],[120.894481,23.901788,0.0],[120.894644,23.901704,0.0],[120.894769,23.901774,0.0],[120.894871,23.901753,0.0],[120.894968,23.901615,0.0],[120.89506,23.901717,0.0],[120.894946,23.902052,0.0],[120.894613,23.90246,0.0],[120.894569,23.902852,0.0]]],[[[120.896927,23.904012,0.0],[120.896746,23.903972,0.0],[120.896673,23.903673,0.0],[120.89676,23.903441,0.0],[120.89702,23.903385,0.0],[120.89715,23.903583,0.0],[120.896955,23.903851,0.0],[120.896996,23.903955,0.0],[120.896927,23.904012,0.0]]],[[[120.897756,23.904142,0.0],[120.897918,23.904204,0.0],[120.897837,23.904381,0.0],[120.897696,23.904266,0.0],[120.897756,23.904142,0.0]]],[[[120.895433,23.905026,0.0],[120.895737,23.905427,0.0],[120.89569,23.905485,0.0],[120.895804,23.905687,0.0],[120.895345,23.90571,0.0],[120.894492,23.905136,0.0],[120.894049,23.904987,0.0],[120.8937,23.904997,0.0],[120.893388,23.905281,0.0],[120.893295,23.905004,0.0],[120.893514,23.904568,0.0],[120.894246,23.90406,0.0],[120.894537,23.904416,0.0],[120.894743,23.904414,0.0],[120.894759,23.904556,0.0],[120.89487,23.904613,0.0],[120.89498,23.904578,0.0],[120.895115,23.904781,0.0],[120.89527,23.904834,0.0],[120.895457,23.904785,0.0],[120.895495,23.904914,0.0],[120.895433,23.905026,0.0]]],[[[120.897234,23.907797,0.0],[120.897111,23.907907,0.0],[120.897054,23.907873,0.0],[120.896967,23.907608,0.0],[120.897071,23.907551,0.0],[120.897234,23.907797,0.0]]],[[[120.896971,23.918865,0.0],[120.896666,23.918935,0.0],[120.896616,23.918815,0.0],[120.896719,23.918641,0.0],[120.896971,23.918865,0.0]]],[[[120.897025,23.918729,0.0],[120.897171,23.919003,0.0],[120.89709,23.919051,0.0],[120.896929,23.918762,0.0],[120.897025,23.918729,0.0]]],[[[120.897006,23.919151,0.0],[120.896639,23.919123,0.0],[120.89662,23.919025,0.0],[120.896914,23.918961,0.0],[120.897006,23.919151,0.0]]],[[[120.896697,23.927709,0.0],[120.89669,23.927584,0.0],[120.896441,23.927512,0.0],[120.896485,23.927392,0.0],[120.897101,23.927412,0.0],[120.897369,23.927296,0.0],[120.897447,23.927536,0.0],[120.896697,23.927709,0.0]]],[[[120.897902,23.92789,0.0],[120.89762,23.928097,0.0],[120.897236,23.928253,0.0],[120.896493,23.927944,0.0],[120.895751,23.927255,0.0],[120.895792,23.927215,0.0],[120.895987,23.927293,0.0],[120.896127,23.927533,0.0],[120.896362,23.92761,0.0],[120.896546,23.927783,0.0],[120.896939,23.92786,0.0],[120.897769,23.927672,0.0],[120.897902,23.92789,0.0]]],[[[120.905239,23.835858,0.0],[120.904963,23.836108,0.0],[120.904929,23.836258,0.0],[120.905208,23.836257,0.0],[120.90527,23.836177,0.0],[120.90536,23.83628,0.0],[120.905226,23.83654,0.0],[120.905425,23.836473,0.0],[120.905679,23.837409,0.0],[120.905001,23.837618,0.0],[120.905088,23.837792,0.0],[120.90472,23.837863,0.0],[120.904694,23.837672,0.0],[120.904794,23.837626,0.0],[120.904521,23.837384,0.0],[120.904306,23.837407,0.0],[120.904266,23.837354,0.0],[120.904179,23.837378,0.0],[120.904142,23.837513,0.0],[120.903941,23.837532,0.0],[120.904187,23.837566,0.0],[120.904381,23.838168,0.0],[120.903884,23.838131,0.0],[120.903806,23.838291,0.0],[120.903851,23.838841,0.0],[120.904056,23.839077,0.0],[120.903952,23.839255,0.0],[120.904218,23.839138,0.0],[120.904287,23.83887,0.0],[120.90487,23.838699,0.0],[120.905626,23.838896,0.0],[120.905852,23.838554,0.0],[120.906193,23.838713,0.0],[120.906255,23.838852,0.0],[120.907274,23.837317,0.0],[120.90882,23.838722,0.0],[120.908795,23.839065,0.0],[120.908924,23.839104,0.0],[120.909387,23.838486,0.0],[120.909362,23.838391,0.0],[120.908608,23.837837,0.0],[120.908406,23.837608,0.0],[120.908399,23.837123,0.0],[120.908313,23.836958,0.0],[120.90847,23.836591,0.0],[120.908384,23.836256,0.0],[120.908452,23.836055,0.0],[120.908922,23.835983,0.0],[120.909176,23.836027,0.0],[120.909158,23.83615,0.0],[120.909291,23.83646,0.0],[120.909489,23.836543,0.0],[120.909655,23.836718,0.0],[120.90978,23.836677,0.0],[120.910127,23.836062,0.0],[120.910308,23.835897,0.0],[120.910857,23.83596,0.0],[120.910857,23.835782,0.0],[120.910598,23.835272,0.0],[120.910972,23.834738,0.0],[120.911229,23.83479,0.0],[120.911434,23.834549,0.0],[120.911504,23.834271,0.0],[120.911591,23.834198,0.0],[120.911897,23.83432,0.0],[120.912283,23.834281,0.0],[120.912548,23.834477,0.0],[120.912753,23.834747,0.0],[120.91289,23.83463,0.0],[120.913024,23.834236,0.0],[120.912953,23.833655,0.0],[120.913474,23.833542,0.0],[120.913686,23.833281,0.0],[120.914067,23.833105,0.0],[120.914198,23.833169,0.0],[120.914399,23.833448,0.0],[120.914718,23.83335,0.0],[120.914726,23.833082,0.0],[120.914552,23.832775,0.0],[120.914628,23.832553,0.0],[120.915331,23.832887,0.0],[120.915473,23.832804,0.0],[120.915501,23.83249,0.0],[120.915953,23.832588,0.0],[120.916227,23.832404,0.0],[120.916294,23.832254,0.0],[120.916628,23.832323,0.0],[120.916665,23.832604,0.0],[120.917045,23.833519,0.0],[120.916826,23.833854,0.0],[120.916781,23.834499,0.0],[120.916917,23.834597,0.0],[120.91755,23.834634,0.0],[120.91765,23.834955,0.0],[120.917623,23.835767,0.0],[120.917688,23.836041,0.0],[120.91736,23.83637,0.0],[120.917378,23.836949,0.0],[120.916936,23.837206,0.0],[120.916556,23.837824,0.0],[120.916563,23.837964,0.0],[120.916776,23.838246,0.0],[120.917128,23.83853,0.0],[120.917165,23.838892,0.0],[120.916964,23.838976,0.0],[120.9162,23.838794,0.0],[120.916014,23.838959,0.0],[120.916032,23.839159,0.0],[120.916855,23.839414,0.0],[120.916946,23.83961,0.0],[120.916831,23.839769,0.0],[120.916866,23.839963,0.0],[120.916339,23.839805,0.0],[120.915929,23.839893,0.0],[120.915465,23.840131,0.0],[120.914917,23.840946,0.0],[120.914939,23.841412,0.0],[120.914595,23.841568,0.0],[120.9145,23.841716,0.0],[120.914001,23.84199,0.0],[120.913704,23.841783,0.0],[120.913426,23.84175,0.0],[120.912911,23.842601,0.0],[120.912998,23.843018,0.0],[120.913238,23.843199,0.0],[120.913609,23.84308,0.0],[120.913829,23.842711,0.0],[120.914119,23.842523,0.0],[120.914381,23.842613,0.0],[120.914773,23.843319,0.0],[120.914972,23.843464,0.0],[120.915153,23.84347,0.0],[120.9155,23.843295,0.0],[120.916317,23.843286,0.0],[120.916266,23.843324,0.0],[120.916538,23.843521,0.0],[120.916652,23.843931,0.0],[120.916203,23.844747,0.0],[120.915562,23.845214,0.0],[120.91541,23.845437,0.0],[120.914912,23.845642,0.0],[120.914214,23.845578,0.0],[120.913801,23.846722,0.0],[120.91374,23.847123,0.0],[120.913572,23.847112,0.0],[120.913516,23.846931,0.0],[120.913351,23.84678,0.0],[120.91332,23.846376,0.0],[120.913201,23.846187,0.0],[120.912875,23.845987,0.0],[120.912668,23.846229,0.0],[120.91246,23.847009,0.0],[120.912546,23.847445,0.0],[120.91247,23.847709,0.0],[120.912535,23.847939,0.0],[120.912515,23.848504,0.0],[120.91258,23.848723,0.0],[120.91307,23.849394,0.0],[120.913254,23.849891,0.0],[120.913293,23.850234,0.0],[120.913244,23.850468,0.0],[120.91306,23.850675,0.0],[120.912728,23.850842,0.0],[120.912618,23.850996,0.0],[120.912629,23.851438,0.0],[120.91268,23.851698,0.0],[120.912801,23.851735,0.0],[120.912782,23.851923,0.0],[120.912614,23.851913,0.0],[120.912489,23.852114,0.0],[120.912253,23.852211,0.0],[120.912253,23.852297,0.0],[120.913461,23.852726,0.0],[120.913782,23.853238,0.0],[120.913951,23.853317,0.0],[120.914432,23.852589,0.0],[120.914668,23.852372,0.0],[120.914633,23.852192,0.0],[120.914388,23.852145,0.0],[120.914457,23.852009,0.0],[120.914363,23.851763,0.0],[120.914509,23.851196,0.0],[120.914514,23.850591,0.0],[120.91472,23.849912,0.0],[120.914934,23.850014,0.0],[120.915528,23.849823,0.0],[120.915893,23.849945,0.0],[120.916086,23.850118,0.0],[120.916412,23.85025,0.0],[120.916879,23.84997,0.0],[120.917198,23.850159,0.0],[120.917426,23.85013,0.0],[120.917837,23.850208,0.0],[120.918349,23.850535,0.0],[120.918491,23.850011,0.0],[120.918874,23.849538,0.0],[120.919085,23.848895,0.0],[120.920051,23.848317,0.0],[120.92052,23.847773,0.0],[120.920726,23.847402,0.0],[120.921238,23.847342,0.0],[120.921356,23.847723,0.0],[120.921116,23.848381,0.0],[120.921287,23.848647,0.0],[120.92129,23.848819,0.0],[120.921112,23.848965,0.0],[120.920596,23.848857,0.0],[120.920336,23.849067,0.0],[120.920325,23.849237,0.0],[120.920466,23.84981,0.0],[120.920837,23.850182,0.0],[120.920936,23.850715,0.0],[120.921537,23.851442,0.0],[120.921066,23.851895,0.0],[120.921146,23.852226,0.0],[120.921041,23.852757,0.0],[120.921498,23.853305,0.0],[120.922358,23.853981,0.0],[120.922372,23.854411,0.0],[120.922654,23.854704,0.0],[120.922817,23.854732,0.0],[120.922922,23.854612,0.0],[120.923068,23.854597,0.0],[120.92335,23.853661,0.0],[120.923299,23.853504,0.0],[120.923107,23.85336,0.0],[120.923177,23.852702,0.0],[120.923131,23.852435,0.0],[120.92324,23.852103,0.0],[120.923844,23.851527,0.0],[120.923951,23.851122,0.0],[120.923715,23.850235,0.0],[120.923613,23.850098,0.0],[120.923683,23.850015,0.0],[120.924011,23.849961,0.0],[120.924248,23.85011,0.0],[120.924377,23.850079,0.0],[120.924488,23.849533,0.0],[120.924931,23.849592,0.0],[120.925149,23.849325,0.0],[120.925203,23.84915,0.0],[120.924958,23.848505,0.0],[120.924986,23.848367,0.0],[120.925174,23.848271,0.0],[120.925248,23.848133,0.0],[120.925147,23.847623,0.0],[120.925443,23.847211,0.0],[120.925361,23.846984,0.0],[120.925412,23.846582,0.0],[120.92552,23.846384,0.0],[120.926408,23.845566,0.0],[120.926418,23.845228,0.0],[120.926627,23.845208,0.0],[120.926734,23.845114,0.0],[120.926653,23.844548,0.0],[120.9269,23.844395,0.0],[120.927156,23.843991,0.0],[120.927667,23.844375,0.0],[120.927977,23.844191,0.0],[120.92781,23.843718,0.0],[120.927275,23.843362,0.0],[120.927489,23.843013,0.0],[120.927717,23.843147,0.0],[120.927608,23.843281,0.0],[120.928251,23.843507,0.0],[120.928251,23.843604,0.0],[120.928387,23.843668,0.0],[120.928403,23.843999,0.0],[120.928615,23.844112,0.0],[120.928788,23.844173,0.0],[120.928791,23.84432,0.0],[120.928995,23.844666,0.0],[120.928981,23.844863,0.0],[120.928621,23.845468,0.0],[120.928908,23.846431,0.0],[120.928944,23.847024,0.0],[120.929242,23.846977,0.0],[120.930283,23.847405,0.0],[120.930377,23.847288,0.0],[120.930582,23.847432,0.0],[120.931462,23.846373,0.0],[120.931645,23.846342,0.0],[120.931809,23.846116,0.0],[120.931995,23.846031,0.0],[120.933175,23.845761,0.0],[120.933454,23.846404,0.0],[120.933646,23.846163,0.0],[120.933664,23.846008,0.0],[120.933875,23.845997,0.0],[120.934044,23.845851,0.0],[120.93409,23.845618,0.0],[120.934189,23.845569,0.0],[120.935178,23.845732,0.0],[120.934975,23.845989,0.0],[120.934982,23.846249,0.0],[120.934813,23.846667,0.0],[120.934205,23.84729,0.0],[120.934659,23.847916,0.0],[120.935142,23.847909,0.0],[120.935277,23.848075,0.0],[120.935314,23.848336,0.0],[120.934832,23.848857,0.0],[120.934832,23.848961,0.0],[120.933099,23.848869,0.0],[120.933111,23.848762,0.0],[120.93284,23.849135,0.0],[120.931999,23.84961,0.0],[120.93183,23.849637,0.0],[120.932799,23.849573,0.0],[120.933125,23.849696,0.0],[120.933796,23.849689,0.0],[120.934662,23.850099,0.0],[120.934711,23.850423,0.0],[120.934624,23.85106,0.0],[120.93445,23.851466,0.0],[120.934526,23.85148,0.0],[120.934566,23.851405,0.0],[120.934797,23.851465,0.0],[120.934937,23.850823,0.0],[120.935405,23.850872,0.0],[120.935865,23.850803,0.0],[120.936033,23.85146,0.0],[120.936216,23.852882,0.0],[120.935369,23.852822,0.0],[120.934696,23.852923,0.0],[120.934023,23.85234,0.0],[120.933468,23.852559,0.0],[120.933337,23.852692,0.0],[120.932288,23.852496,0.0],[120.931631,23.853642,0.0],[120.931762,23.853745,0.0],[120.932448,23.853919,0.0],[120.932619,23.854206,0.0],[120.932969,23.854475,0.0],[120.932979,23.855015,0.0],[120.93291,23.855041,0.0],[120.932868,23.855296,0.0],[120.932956,23.855444,0.0],[120.933336,23.855552,0.0],[120.933746,23.855353,0.0],[120.933869,23.855357,0.0],[120.933993,23.855446,0.0],[120.934005,23.855717,0.0],[120.934318,23.85599,0.0],[120.93493,23.855887,0.0],[120.936023,23.85549,0.0],[120.936264,23.855519,0.0],[120.936853,23.855764,0.0],[120.937068,23.855976,0.0],[120.937155,23.856307,0.0],[120.937052,23.856928,0.0],[120.936456,23.857122,0.0],[120.936354,23.857805,0.0],[120.936019,23.858346,0.0],[120.935899,23.858351,0.0],[120.935695,23.858563,0.0],[120.935629,23.858671,0.0],[120.935671,23.858762,0.0],[120.936073,23.858863,0.0],[120.93639,23.858649,0.0],[120.936843,23.858524,0.0],[120.937118,23.858288,0.0],[120.937314,23.858263,0.0],[120.937884,23.858334,0.0],[120.938417,23.858673,0.0],[120.938738,23.858755,0.0],[120.939031,23.858661,0.0],[120.939441,23.858329,0.0],[120.939646,23.8585,0.0],[120.940115,23.858313,0.0],[120.940392,23.858346,0.0],[120.940908,23.85871,0.0],[120.941042,23.858713,0.0],[120.941101,23.858825,0.0],[120.941527,23.858983,0.0],[120.94149,23.859151,0.0],[120.941693,23.859441,0.0],[120.941626,23.859481,0.0],[120.941733,23.859584,0.0],[120.941796,23.859518,0.0],[120.94183,23.859629,0.0],[120.94189,23.85959,0.0],[120.94204,23.859713,0.0],[120.942496,23.860391,0.0],[120.9425,23.860534,0.0],[120.942213,23.86087,0.0],[120.942074,23.861198,0.0],[120.942322,23.861496,0.0],[120.942662,23.861415,0.0],[120.942498,23.861773,0.0],[120.942115,23.86208,0.0],[120.942079,23.86258,0.0],[120.94198,23.862748,0.0],[120.941683,23.862908,0.0],[120.940953,23.863075,0.0],[120.940817,23.863188,0.0],[120.940812,23.863395,0.0],[120.940724,23.863299,0.0],[120.940125,23.863472,0.0],[120.939591,23.863479,0.0],[120.939016,23.863147,0.0],[120.938426,23.863246,0.0],[120.938008,23.863119,0.0],[120.93774,23.863127,0.0],[120.937579,23.862934,0.0],[120.937551,23.862746,0.0],[120.937232,23.862665,0.0],[120.937202,23.862601,0.0],[120.937077,23.862577,0.0],[120.936687,23.862753,0.0],[120.936647,23.862882,0.0],[120.936818,23.863021,0.0],[120.936758,23.863325,0.0],[120.936855,23.863444,0.0],[120.936857,23.863605,0.0],[120.937051,23.863821,0.0],[120.937129,23.864149,0.0],[120.937108,23.864455,0.0],[120.93693,23.864943,0.0],[120.936645,23.865252,0.0],[120.936097,23.865325,0.0],[120.93604,23.865423,0.0],[120.935703,23.865242,0.0],[120.935575,23.865287,0.0],[120.935275,23.865776,0.0],[120.935542,23.866278,0.0],[120.935375,23.866379,0.0],[120.935211,23.866772,0.0],[120.934863,23.866941,0.0],[120.933731,23.86691,0.0],[120.933499,23.866671,0.0],[120.933235,23.866547,0.0],[120.933184,23.866384,0.0],[120.932844,23.866267,0.0],[120.932456,23.865785,0.0],[120.932197,23.865882,0.0],[120.932031,23.866294,0.0],[120.931862,23.86648,0.0],[120.931617,23.866513,0.0],[120.931411,23.866748,0.0],[120.931283,23.866784,0.0],[120.930981,23.866404,0.0],[120.930593,23.866114,0.0],[120.930465,23.865705,0.0],[120.92969,23.86491,0.0],[120.929516,23.864589,0.0],[120.929263,23.864589,0.0],[120.928823,23.864968,0.0],[120.928441,23.864909,0.0],[120.927998,23.865049,0.0],[120.927603,23.864885,0.0],[120.92702,23.864837,0.0],[120.926492,23.864486,0.0],[120.92637,23.86467,0.0],[120.926489,23.865081,0.0],[120.927493,23.865367,0.0],[120.927603,23.865723,0.0],[120.927899,23.865938,0.0],[120.927967,23.866108,0.0],[120.927947,23.866292,0.0],[120.927475,23.866972,0.0],[120.927334,23.867326,0.0],[120.927343,23.867489,0.0],[120.92767,23.867708,0.0],[120.927722,23.86812,0.0],[120.927383,23.868391,0.0],[120.926994,23.868252,0.0],[120.926474,23.868564,0.0],[120.926244,23.868277,0.0],[120.926018,23.868281,0.0],[120.925505,23.868647,0.0],[120.925268,23.870015,0.0],[120.925569,23.870524,0.0],[120.925651,23.871052,0.0],[120.92559,23.871389,0.0],[120.925377,23.871279,0.0],[120.924921,23.870785,0.0],[120.92448,23.870588,0.0],[120.924403,23.8704,0.0],[120.924525,23.870122,0.0],[120.924136,23.869759,0.0],[120.923853,23.869651,0.0],[120.923657,23.869814,0.0],[120.923524,23.869831,0.0],[120.922987,23.869503,0.0],[120.92284,23.86952,0.0],[120.922728,23.869756,0.0],[120.92293,23.870365,0.0],[120.922651,23.870518,0.0],[120.92247,23.870498,0.0],[120.922402,23.870856,0.0],[120.922459,23.871036,0.0],[120.922923,23.871495,0.0],[120.922986,23.872005,0.0],[120.923266,23.872338,0.0],[120.923272,23.872407,0.0],[120.923142,23.872398,0.0],[120.923036,23.872477,0.0],[120.922584,23.87235,0.0],[120.922446,23.872138,0.0],[120.922016,23.872199,0.0],[120.921782,23.871992,0.0],[120.921415,23.872188,0.0],[120.92124,23.871683,0.0],[120.921378,23.871394,0.0],[120.921118,23.871221,0.0],[120.920993,23.871249,0.0],[120.920358,23.872003,0.0],[120.919426,23.87208,0.0],[120.919234,23.871941,0.0],[120.918881,23.872028,0.0],[120.918667,23.871971,0.0],[120.918309,23.872038,0.0],[120.91806,23.871929,0.0],[120.917802,23.871667,0.0],[120.917461,23.8716,0.0],[120.917229,23.871711,0.0],[120.917048,23.87163,0.0],[120.916812,23.871744,0.0],[120.916444,23.871718,0.0],[120.916403,23.871538,0.0],[120.916572,23.87137,0.0],[120.916726,23.87104,0.0],[120.916683,23.870089,0.0],[120.916575,23.869578,0.0],[120.916639,23.868718,0.0],[120.91649,23.86852,0.0],[120.916295,23.868474,0.0],[120.916235,23.868297,0.0],[120.916172,23.868316,0.0],[120.915709,23.867477,0.0],[120.91571,23.867328,0.0],[120.915045,23.866842,0.0],[120.915143,23.866772,0.0],[120.91504,23.866483,0.0],[120.915137,23.865854,0.0],[120.915037,23.865483,0.0],[120.914753,23.865137,0.0],[120.914066,23.864928,0.0],[120.91322,23.865156,0.0],[120.91277,23.865203,0.0],[120.912796,23.865372,0.0],[120.912228,23.865448,0.0],[120.912164,23.865493,0.0],[120.91233,23.865711,0.0],[120.912118,23.866586,0.0],[120.912055,23.866589,0.0],[120.912631,23.867485,0.0],[120.911954,23.868218,0.0],[120.912078,23.868292,0.0],[120.91203,23.868619,0.0],[120.910637,23.870398,0.0],[120.910773,23.870947,0.0],[120.910725,23.871169,0.0],[120.911222,23.871825,0.0],[120.911712,23.872237,0.0],[120.91263,23.872519,0.0],[120.913835,23.875137,0.0],[120.915218,23.875461,0.0],[120.913948,23.875813,0.0],[120.913682,23.876104,0.0],[120.913377,23.876903,0.0],[120.913157,23.877203,0.0],[120.912573,23.87777,0.0],[120.911846,23.878302,0.0],[120.910863,23.87941,0.0],[120.910555,23.879907,0.0],[120.909282,23.880947,0.0],[120.908463,23.881206,0.0],[120.908361,23.881321,0.0],[120.908365,23.88121,0.0],[120.908497,23.88115,0.0],[120.908357,23.88098,0.0],[120.908387,23.880922,0.0],[120.908638,23.880785,0.0],[120.909149,23.88015,0.0],[120.909535,23.880109,0.0],[120.909608,23.879145,0.0],[120.909431,23.879045,0.0],[120.908986,23.878245,0.0],[120.907549,23.876062,0.0],[120.907769,23.875833,0.0],[120.907845,23.87559,0.0],[120.907603,23.875061,0.0],[120.907761,23.874805,0.0],[120.907787,23.874346,0.0],[120.908151,23.873585,0.0],[120.90884,23.87259,0.0],[120.909568,23.872206,0.0],[120.910369,23.872191,0.0],[120.910608,23.87154,0.0],[120.909966,23.870041,0.0],[120.909185,23.869109,0.0],[120.908557,23.86903,0.0],[120.908007,23.868401,0.0],[120.907403,23.868276,0.0],[120.9072,23.868125,0.0],[120.907123,23.867843,0.0],[120.906683,23.867456,0.0],[120.906294,23.867255,0.0],[120.904941,23.867233,0.0],[120.904516,23.868051,0.0],[120.903459,23.867905,0.0],[120.902865,23.868376,0.0],[120.902725,23.868402,0.0],[120.902287,23.86827,0.0],[120.902135,23.86836,0.0],[120.901572,23.867548,0.0],[120.90087,23.867198,0.0],[120.900229,23.866099,0.0],[120.900094,23.866036,0.0],[120.899946,23.866118,0.0],[120.900001,23.866307,0.0],[120.899854,23.866415,0.0],[120.899772,23.866666,0.0],[120.899966,23.867079,0.0],[120.899925,23.867261,0.0],[120.899836,23.867326,0.0],[120.899597,23.866992,0.0],[120.899589,23.86672,0.0],[120.899692,23.866216,0.0],[120.89984,23.865987,0.0],[120.899799,23.86582,0.0],[120.899968,23.86565,0.0],[120.899383,23.865011,0.0],[120.899306,23.8638,0.0],[120.8994,23.86239,0.0],[120.899317,23.861827,0.0],[120.899089,23.86167,0.0],[120.898715,23.86116,0.0],[120.898604,23.861123,0.0],[120.898491,23.86088,0.0],[120.899745,23.859964,0.0],[120.900895,23.859343,0.0],[120.900908,23.859001,0.0],[120.900564,23.858779,0.0],[120.90048,23.858332,0.0],[120.90064,23.857651,0.0],[120.901233,23.857442,0.0],[120.901373,23.857147,0.0],[120.901532,23.85702,0.0],[120.902121,23.857079,0.0],[120.902512,23.856829,0.0],[120.902355,23.855935,0.0],[120.902435,23.85592,0.0],[120.902496,23.856004,0.0],[120.902951,23.855884,0.0],[120.902623,23.85581,0.0],[120.902563,23.855662,0.0],[120.903085,23.855407,0.0],[120.903239,23.855181,0.0],[120.903207,23.855007,0.0],[120.902844,23.854635,0.0],[120.902252,23.854795,0.0],[120.902087,23.855008,0.0],[120.901838,23.855069,0.0],[120.901833,23.855155,0.0],[120.90162,23.855272,0.0],[120.901474,23.855139,0.0],[120.901446,23.855051,0.0],[120.901631,23.85484,0.0],[120.901733,23.854969,0.0],[120.902012,23.854495,0.0],[120.902109,23.85446,0.0],[120.902096,23.854358,0.0],[120.902306,23.854202,0.0],[120.90232,23.854072,0.0],[120.902202,23.853967,0.0],[120.902016,23.853988,0.0],[120.902001,23.85392,0.0],[120.900753,23.854155,0.0],[120.90082,23.854076,0.0],[120.900727,23.854066,0.0],[120.900741,23.854005,0.0],[120.901384,23.853706,0.0],[120.901642,23.853826,0.0],[120.901949,23.853738,0.0],[120.901971,23.853826,0.0],[120.902048,23.853792,0.0],[120.902012,23.853733,0.0],[120.901806,23.853719,0.0],[120.902006,23.853599,0.0],[120.901721,23.853391,0.0],[120.901655,23.853074,0.0],[120.901703,23.852961,0.0],[120.902087,23.85314,0.0],[120.902047,23.853003,0.0],[120.902139,23.852962,0.0],[120.901934,23.852307,0.0],[120.901663,23.852336,0.0],[120.901338,23.851986,0.0],[120.900995,23.851824,0.0],[120.900846,23.851659,0.0],[120.900849,23.851403,0.0],[120.901051,23.851116,0.0],[120.900955,23.85099,0.0],[120.900556,23.850809,0.0],[120.900304,23.850237,0.0],[120.900086,23.85008,0.0],[120.900073,23.849815,0.0],[120.900819,23.849937,0.0],[120.901014,23.849889,0.0],[120.900671,23.849144,0.0],[120.900766,23.848971,0.0],[120.901229,23.849168,0.0],[120.901326,23.849285,0.0],[120.901945,23.849379,0.0],[120.902149,23.849308,0.0],[120.902241,23.849232,0.0],[120.90211,23.849044,0.0],[120.902649,23.848225,0.0],[120.90295,23.848213,0.0],[120.904233,23.848687,0.0],[120.904314,23.849322,0.0],[120.903963,23.849887,0.0],[120.903644,23.849521,0.0],[120.903522,23.84952,0.0],[120.903103,23.849739,0.0],[120.903016,23.850117,0.0],[120.903128,23.850531,0.0],[120.902921,23.852201,0.0],[120.902835,23.852373,0.0],[120.902903,23.852747,0.0],[120.903375,23.853372,0.0],[120.903437,23.853569,0.0],[120.90405,23.853953,0.0],[120.90443,23.854367,0.0],[120.90503,23.85471,0.0],[120.905161,23.854845,0.0],[120.905265,23.855131,0.0],[120.905474,23.85504,0.0],[120.905538,23.854936,0.0],[120.905432,23.854538,0.0],[120.90551,23.854005,0.0],[120.906006,23.853578,0.0],[120.906085,23.852532,0.0],[120.906299,23.851743,0.0],[120.906389,23.851686,0.0],[120.906931,23.851809,0.0],[120.907036,23.851778,0.0],[120.90711,23.851531,0.0],[120.907388,23.851209,0.0],[120.907582,23.850754,0.0],[120.907165,23.849901,0.0],[120.907057,23.849834,0.0],[120.906863,23.849861,0.0],[120.906873,23.850234,0.0],[120.906776,23.850343,0.0],[120.906683,23.85039,0.0],[120.906526,23.850321,0.0],[120.90624,23.849719,0.0],[120.906139,23.849641,0.0],[120.906,23.849113,0.0],[120.905675,23.848967,0.0],[120.904261,23.848648,0.0],[120.904541,23.847509,0.0],[120.905572,23.847391,0.0],[120.906157,23.847516,0.0],[120.906335,23.847269,0.0],[120.906352,23.84655,0.0],[120.90664,23.846377,0.0],[120.906972,23.845792,0.0],[120.907154,23.845637,0.0],[120.906924,23.845309,0.0],[120.906712,23.845308,0.0],[120.906288,23.845094,0.0],[120.905902,23.845012,0.0],[120.905756,23.84505,0.0],[120.904949,23.844213,0.0],[120.903218,23.844137,0.0],[120.90321,23.843807,0.0],[120.903654,23.843247,0.0],[120.902664,23.842833,0.0],[120.902748,23.842006,0.0],[120.903386,23.84149,0.0],[120.903181,23.841382,0.0],[120.90311,23.841098,0.0],[120.903333,23.840431,0.0],[120.903286,23.840352,0.0],[120.903808,23.839855,0.0],[120.903741,23.839594,0.0],[120.90364,23.839502,0.0],[120.903559,23.839819,0.0],[120.903433,23.839912,0.0],[120.903339,23.839807,0.0],[120.903318,23.839885,0.0],[120.903234,23.839879,0.0],[120.902997,23.840062,0.0],[120.902765,23.839953,0.0],[120.902762,23.84002,0.0],[120.902611,23.840045,0.0],[120.902368,23.839899,0.0],[120.90177,23.840521,0.0],[120.901519,23.840447,0.0],[120.901095,23.84006,0.0],[120.900406,23.839867,0.0],[120.900428,23.839737,0.0],[120.899472,23.839511,0.0],[120.899429,23.839586,0.0],[120.898522,23.839156,0.0],[120.898164,23.839395,0.0],[120.897861,23.839375,0.0],[120.897792,23.839495,0.0],[120.897885,23.839922,0.0],[120.897766,23.84012,0.0],[120.897782,23.840199,0.0],[120.897891,23.840161,0.0],[120.897991,23.840436,0.0],[120.897944,23.840778,0.0],[120.897727,23.840935,0.0],[120.8976,23.841357,0.0],[120.897371,23.841593,0.0],[120.897162,23.841491,0.0],[120.896977,23.841209,0.0],[120.896347,23.841054,0.0],[120.896265,23.840979,0.0],[120.896137,23.840966,0.0],[120.895788,23.841137,0.0],[120.895456,23.841201,0.0],[120.895501,23.841039,0.0],[120.895241,23.840691,0.0],[120.895094,23.840733,0.0],[120.894751,23.840646,0.0],[120.894378,23.840713,0.0],[120.894321,23.840806,0.0],[120.894212,23.840773,0.0],[120.893452,23.840072,0.0],[120.89325,23.840013,0.0],[120.893074,23.839748,0.0],[120.893308,23.839522,0.0],[120.893378,23.839339,0.0],[120.893229,23.839122,0.0],[120.893342,23.839028,0.0],[120.893271,23.838879,0.0],[120.892372,23.838451,0.0],[120.892246,23.838514,0.0],[120.891666,23.838091,0.0],[120.89062,23.838158,0.0],[120.890222,23.838052,0.0],[120.889674,23.838125,0.0],[120.889702,23.838012,0.0],[120.889543,23.8377,0.0],[120.888898,23.837013,0.0],[120.888504,23.836794,0.0],[120.887684,23.836753,0.0],[120.886593,23.836522,0.0],[120.886534,23.836605,0.0],[120.884518,23.836353,0.0],[120.883629,23.836152,0.0],[120.882885,23.836396,0.0],[120.882636,23.836384,0.0],[120.88245,23.836488,0.0],[120.881932,23.837181,0.0],[120.881476,23.837619,0.0],[120.881284,23.837655,0.0],[120.879048,23.836592,0.0],[120.878159,23.836622,0.0],[120.877053,23.83609,0.0],[120.875788,23.835302,0.0],[120.8761,23.834689,0.0],[120.876077,23.834222,0.0],[120.875495,23.833693,0.0],[120.875174,23.83377,0.0],[120.874964,23.833739,0.0],[120.87425,23.832669,0.0],[120.873904,23.831721,0.0],[120.87369,23.831529,0.0],[120.873235,23.830676,0.0],[120.873126,23.830257,0.0],[120.873033,23.828915,0.0],[120.872351,23.82834,0.0],[120.872213,23.828143,0.0],[120.8719,23.827999,0.0],[120.871772,23.827702,0.0],[120.871922,23.82761,0.0],[120.871883,23.827379,0.0],[120.871942,23.827192,0.0],[120.872126,23.82717,0.0],[120.871989,23.826431,0.0],[120.871615,23.826037,0.0],[120.8711,23.82609,0.0],[120.871032,23.825936,0.0],[120.871145,23.825722,0.0],[120.870899,23.825018,0.0],[120.869738,23.824608,0.0],[120.869307,23.824098,0.0],[120.868856,23.82394,0.0],[120.868462,23.823606,0.0],[120.867524,23.82239,0.0],[120.868051,23.821403,0.0],[120.868279,23.821275,0.0],[120.86853,23.820236,0.0],[120.869424,23.817832,0.0],[120.869586,23.817859,0.0],[120.869501,23.816236,0.0],[120.870015,23.816203,0.0],[120.86987,23.816123,0.0],[120.870168,23.816118,0.0],[120.869814,23.816,0.0],[120.869568,23.815555,0.0],[120.869182,23.815173,0.0],[120.868455,23.814855,0.0],[120.867794,23.814352,0.0],[120.867508,23.814259,0.0],[120.867406,23.81432,0.0],[120.866764,23.813696,0.0],[120.866677,23.81392,0.0],[120.866255,23.814014,0.0],[120.865898,23.813714,0.0],[120.865721,23.813858,0.0],[120.865339,23.813838,0.0],[120.864915,23.813596,0.0],[120.864779,23.813964,0.0],[120.864452,23.814147,0.0],[120.86391,23.81406,0.0],[120.86371,23.814238,0.0],[120.863358,23.814265,0.0],[120.862993,23.81462,0.0],[120.862924,23.814561,0.0],[120.862657,23.814678,0.0],[120.862344,23.814554,0.0],[120.862555,23.814361,0.0],[120.862371,23.814181,0.0],[120.861571,23.814293,0.0],[120.86102,23.813965,0.0],[120.860736,23.813891,0.0],[120.860709,23.81455,0.0],[120.859417,23.814178,0.0],[120.85946,23.813985,0.0],[120.859317,23.813956,0.0],[120.859342,23.814168,0.0],[120.858913,23.814231,0.0],[120.858736,23.814162,0.0],[120.858756,23.814262,0.0],[120.858127,23.814368,0.0],[120.858153,23.814449,0.0],[120.857798,23.814671,0.0],[120.857936,23.814735,0.0],[120.858426,23.814663,0.0],[120.858843,23.814688,0.0],[120.859092,23.814847,0.0],[120.860147,23.815183,0.0],[120.860428,23.815524,0.0],[120.86028,23.815572,0.0],[120.859787,23.815407,0.0],[120.859152,23.81543,0.0],[120.859221,23.81567,0.0],[120.858652,23.815971,0.0],[120.858843,23.816164,0.0],[120.858534,23.816354,0.0],[120.858732,23.816306,0.0],[120.858761,23.816377,0.0],[120.858962,23.816404,0.0],[120.858649,23.816733,0.0],[120.858579,23.816678,0.0],[120.858171,23.817014,0.0],[120.858055,23.817064,0.0],[120.857957,23.817018,0.0],[120.857863,23.817125,0.0],[120.85773,23.817118,0.0],[120.857503,23.817275,0.0],[120.857146,23.817169,0.0],[120.857381,23.817817,0.0],[120.859315,23.818009,0.0],[120.859439,23.817827,0.0],[120.859584,23.817955,0.0],[120.859769,23.81788,0.0],[120.859772,23.817956,0.0],[120.859886,23.817958,0.0],[120.859806,23.818168,0.0],[120.859719,23.818195,0.0],[120.857919,23.817993,0.0],[120.857415,23.818044,0.0],[120.85774,23.818383,0.0],[120.85786,23.81873,0.0],[120.85777,23.818773,0.0],[120.857904,23.819145,0.0],[120.857948,23.819239,0.0],[120.858085,23.819253,0.0],[120.858181,23.81949,0.0],[120.858115,23.819576,0.0],[120.858124,23.819939,0.0],[120.858008,23.820391,0.0],[120.857985,23.821026,0.0],[120.857923,23.82104,0.0],[120.85791,23.821599,0.0],[120.858125,23.821938,0.0],[120.858562,23.822299,0.0],[120.858848,23.82265,0.0],[120.859521,23.823955,0.0],[120.860616,23.82482,0.0],[120.860959,23.824981,0.0],[120.861682,23.825102,0.0],[120.861804,23.825232,0.0],[120.862652,23.824896,0.0],[120.863282,23.824939,0.0],[120.863858,23.825193,0.0],[120.864446,23.825655,0.0],[120.86455,23.826239,0.0],[120.864486,23.826526,0.0],[120.863755,23.827482,0.0],[120.863694,23.827668,0.0],[120.863724,23.827851,0.0],[120.863894,23.828072,0.0],[120.864183,23.828205,0.0],[120.86542,23.82842,0.0],[120.866223,23.828777,0.0],[120.866988,23.828948,0.0],[120.867595,23.829647,0.0],[120.867703,23.829919,0.0],[120.867662,23.830199,0.0],[120.867425,23.830891,0.0],[120.866961,23.831746,0.0],[120.867034,23.832232,0.0],[120.867224,23.832515,0.0],[120.868542,23.833698,0.0],[120.869226,23.834651,0.0],[120.86951,23.835211,0.0],[120.869714,23.835944,0.0],[120.869606,23.837364,0.0],[120.869453,23.837766,0.0],[120.869584,23.837692,0.0],[120.869557,23.83846,0.0],[120.869751,23.839065,0.0],[120.870036,23.839286,0.0],[120.870259,23.83966,0.0],[120.870326,23.840039,0.0],[120.870659,23.840446,0.0],[120.871232,23.840809,0.0],[120.871939,23.840971,0.0],[120.871987,23.841616,0.0],[120.871103,23.841901,0.0],[120.870863,23.841651,0.0],[120.870345,23.841667,0.0],[120.870038,23.841522,0.0],[120.869194,23.841329,0.0],[120.869154,23.841563,0.0],[120.868774,23.8414,0.0],[120.868214,23.840839,0.0],[120.868115,23.840622,0.0],[120.86814,23.839862,0.0],[120.867797,23.839365,0.0],[120.867701,23.839096,0.0],[120.866819,23.83865,0.0],[120.86676,23.838769,0.0],[120.866473,23.83879,0.0],[120.866502,23.838693,0.0],[120.866418,23.838674,0.0],[120.866541,23.838513,0.0],[120.865966,23.838266,0.0],[120.865922,23.838356,0.0],[120.865848,23.838325,0.0],[120.865764,23.838176,0.0],[120.865807,23.838079,0.0],[120.865451,23.838106,0.0],[120.865444,23.838028,0.0],[120.864905,23.837797,0.0],[120.864983,23.837579,0.0],[120.865363,23.83758,0.0],[120.864544,23.837366,0.0],[120.864264,23.837442,0.0],[120.863665,23.83788,0.0],[120.862655,23.838363,0.0],[120.862246,23.838665,0.0],[120.862131,23.838915,0.0],[120.862093,23.839638,0.0],[120.86224,23.840155,0.0],[120.862728,23.840566,0.0],[120.863447,23.840738,0.0],[120.863909,23.84096,0.0],[120.864803,23.84171,0.0],[120.865417,23.842384,0.0],[120.865725,23.842914,0.0],[120.866113,23.843283,0.0],[120.866461,23.844015,0.0],[120.866626,23.844206,0.0],[120.866849,23.844212,0.0],[120.86758,23.843951,0.0],[120.867871,23.843964,0.0],[120.868374,23.844096,0.0],[120.868898,23.84453,0.0],[120.869058,23.845074,0.0],[120.868861,23.845433,0.0],[120.868071,23.846284,0.0],[120.86748,23.846667,0.0],[120.867062,23.847066,0.0],[120.867795,23.847638,0.0],[120.868058,23.847321,0.0],[120.86863,23.847043,0.0],[120.868842,23.84702,0.0],[120.869435,23.847166,0.0],[120.870345,23.846867,0.0],[120.870736,23.846871,0.0],[120.870843,23.846803,0.0],[120.871854,23.847501,0.0],[120.872108,23.846994,0.0],[120.874384,23.84745,0.0],[120.874682,23.847582,0.0],[120.875123,23.848011,0.0],[120.875509,23.849971,0.0],[120.877168,23.849823,0.0],[120.877637,23.84984,0.0],[120.878401,23.851665,0.0],[120.879485,23.853493,0.0],[120.881655,23.854452,0.0],[120.882251,23.856613,0.0],[120.882131,23.856745,0.0],[120.881342,23.856074,0.0],[120.880594,23.85575,0.0],[120.879381,23.855405,0.0],[120.878923,23.855044,0.0],[120.878528,23.855071,0.0],[120.878231,23.855394,0.0],[120.878196,23.855639,0.0],[120.878491,23.856143,0.0],[120.879268,23.856924,0.0],[120.879206,23.856978,0.0],[120.8793,23.85706,0.0],[120.879285,23.85729,0.0],[120.879391,23.857295,0.0],[120.879478,23.85779,0.0],[120.879214,23.858053,0.0],[120.879265,23.858232,0.0],[120.879191,23.858372,0.0],[120.879024,23.858463,0.0],[120.878901,23.858379,0.0],[120.878632,23.858487,0.0],[120.878182,23.859044,0.0],[120.878083,23.859378,0.0],[120.877671,23.859887,0.0],[120.877348,23.86012,0.0],[120.876747,23.859861,0.0],[120.876694,23.860231,0.0],[120.876412,23.860792,0.0],[120.876311,23.860855,0.0],[120.875993,23.860661,0.0],[120.87564,23.860555,0.0],[120.875449,23.860682,0.0],[120.875124,23.859884,0.0],[120.875034,23.860012,0.0],[120.874632,23.86019,0.0],[120.875195,23.860462,0.0],[120.875298,23.86074,0.0],[120.875023,23.861094,0.0],[120.874885,23.861102,0.0],[120.874406,23.861068,0.0],[120.874286,23.860983,0.0],[120.874268,23.86073,0.0],[120.874347,23.86047,0.0],[120.874463,23.860395,0.0],[120.874082,23.860282,0.0],[120.874036,23.860154,0.0],[120.873953,23.860141,0.0],[120.874289,23.859692,0.0],[120.874126,23.859415,0.0],[120.87379,23.85946,0.0],[120.873323,23.859888,0.0],[120.873119,23.859838,0.0],[120.872776,23.859912,0.0],[120.872271,23.859884,0.0],[120.872781,23.860625,0.0],[120.872883,23.861019,0.0],[120.87285,23.862083,0.0],[120.872991,23.862352,0.0],[120.872823,23.862396,0.0],[120.872768,23.862623,0.0],[120.872787,23.864821,0.0],[120.873173,23.865411,0.0],[120.873098,23.866027,0.0],[120.87314,23.86624,0.0],[120.873291,23.866515,0.0],[120.873839,23.867138,0.0],[120.874487,23.868604,0.0],[120.874364,23.869171,0.0],[120.874655,23.869829,0.0],[120.87449,23.870437,0.0],[120.874152,23.870745,0.0],[120.87382,23.870876,0.0],[120.873737,23.871366,0.0],[120.872859,23.871374,0.0],[120.872847,23.871437,0.0],[120.872416,23.871479,0.0],[120.872983,23.872012,0.0],[120.873381,23.872261,0.0],[120.873752,23.872718,0.0],[120.874413,23.873058,0.0],[120.87455,23.873299,0.0],[120.874703,23.873369,0.0],[120.874552,23.873121,0.0],[120.874599,23.87307,0.0],[120.874796,23.873162,0.0],[120.874918,23.873377,0.0],[120.874994,23.873774,0.0],[120.875498,23.874396,0.0],[120.875595,23.874227,0.0],[120.87595,23.874254,0.0],[120.875905,23.874374,0.0],[120.876022,23.874392,0.0],[120.875756,23.874926,0.0],[120.876105,23.875335,0.0],[120.876263,23.875698,0.0],[120.876342,23.876239,0.0],[120.876505,23.876481,0.0],[120.877405,23.877233,0.0],[120.877557,23.877429,0.0],[120.877666,23.877851,0.0],[120.877554,23.8785,0.0],[120.876926,23.878982,0.0],[120.876355,23.87917,0.0],[120.875956,23.879206,0.0],[120.874559,23.879078,0.0],[120.87421,23.879106,0.0],[120.873824,23.879258,0.0],[120.873678,23.879493,0.0],[120.873563,23.880255,0.0],[120.873827,23.881003,0.0],[120.873903,23.881117,0.0],[120.874466,23.881158,0.0],[120.87465,23.881234,0.0],[120.874815,23.881432,0.0],[120.874874,23.88167,0.0],[120.874828,23.883156,0.0],[120.874718,23.883435,0.0],[120.87474,23.883777,0.0],[120.874493,23.884797,0.0],[120.874556,23.885214,0.0],[120.874694,23.885333,0.0],[120.875107,23.885477,0.0],[120.876364,23.885637,0.0],[120.876444,23.885443,0.0],[120.876696,23.885485,0.0],[120.877009,23.885672,0.0],[120.877236,23.885935,0.0],[120.877259,23.886208,0.0],[120.877471,23.886411,0.0],[120.877477,23.886551,0.0],[120.877857,23.886665,0.0],[120.877948,23.886768,0.0],[120.87791,23.886848,0.0],[120.878693,23.887444,0.0],[120.879227,23.887699,0.0],[120.879367,23.888097,0.0],[120.879312,23.888563,0.0],[120.879418,23.888511,0.0],[120.879339,23.888665,0.0],[120.879452,23.888672,0.0],[120.879549,23.888818,0.0],[120.879512,23.888964,0.0],[120.879841,23.88957,0.0],[120.88096,23.890038,0.0],[120.881708,23.890462,0.0],[120.88168,23.889655,0.0],[120.881426,23.889182,0.0],[120.881375,23.888836,0.0],[120.881405,23.888335,0.0],[120.881552,23.887832,0.0],[120.881664,23.886873,0.0],[120.882149,23.886246,0.0],[120.882233,23.885086,0.0],[120.881957,23.884146,0.0],[120.882093,23.884035,0.0],[120.882216,23.883679,0.0],[120.882244,23.883281,0.0],[120.882543,23.882839,0.0],[120.883,23.883071,0.0],[120.883769,23.88378,0.0],[120.884067,23.883893,0.0],[120.884355,23.884125,0.0],[120.887443,23.882422,0.0],[120.887604,23.882485,0.0],[120.88737,23.88292,0.0],[120.887777,23.882914,0.0],[120.887736,23.883155,0.0],[120.887797,23.883424,0.0],[120.888242,23.883966,0.0],[120.887737,23.88413,0.0],[120.887563,23.88404,0.0],[120.887897,23.884544,0.0],[120.888007,23.885418,0.0],[120.888078,23.885206,0.0],[120.888202,23.885307,0.0],[120.888586,23.885001,0.0],[120.88878,23.885215,0.0],[120.88951,23.884381,0.0],[120.889765,23.884182,0.0],[120.8902,23.884084,0.0],[120.892011,23.884099,0.0],[120.892366,23.884153,0.0],[120.892861,23.884365,0.0],[120.893165,23.884307,0.0],[120.894172,23.884661,0.0],[120.894277,23.884765,0.0],[120.894221,23.884815,0.0],[120.894594,23.885145,0.0],[120.895089,23.885225,0.0],[120.8951,23.885314,0.0],[120.895616,23.885658,0.0],[120.895709,23.886053,0.0],[120.89517,23.886454,0.0],[120.895167,23.886784,0.0],[120.895812,23.887651,0.0],[120.897173,23.888,0.0],[120.898678,23.888234,0.0],[120.89923,23.888489,0.0],[120.899338,23.888672,0.0],[120.899383,23.889243,0.0],[120.899596,23.889668,0.0],[120.899665,23.890075,0.0],[120.899455,23.890901,0.0],[120.898871,23.891975,0.0],[120.898848,23.892191,0.0],[120.899547,23.893112,0.0],[120.89979,23.893287,0.0],[120.900117,23.893995,0.0],[120.900069,23.894295,0.0],[120.900217,23.894444,0.0],[120.900142,23.895016,0.0],[120.900039,23.895132,0.0],[120.900019,23.895569,0.0],[120.900256,23.895774,0.0],[120.901029,23.895769,0.0],[120.901041,23.895693,0.0],[120.901283,23.895618,0.0],[120.901563,23.895715,0.0],[120.9021,23.895761,0.0],[120.90223,23.895683,0.0],[120.902941,23.895974,0.0],[120.902991,23.895488,0.0],[120.902842,23.895363,0.0],[120.90252,23.89477,0.0],[120.902501,23.894096,0.0],[120.902626,23.893942,0.0],[120.90359,23.893652,0.0],[120.904201,23.893591,0.0],[120.904607,23.89323,0.0],[120.904767,23.892796,0.0],[120.905348,23.892239,0.0],[120.905779,23.892197,0.0],[120.906289,23.891963,0.0],[120.906781,23.891848,0.0],[120.907313,23.891448,0.0],[120.907825,23.891475,0.0],[120.909782,23.892543,0.0],[120.910194,23.892985,0.0],[120.910371,23.893055,0.0],[120.911034,23.894278,0.0],[120.911346,23.894565,0.0],[120.912149,23.894868,0.0],[120.912996,23.895327,0.0],[120.913494,23.89546,0.0],[120.91436,23.895486,0.0],[120.915194,23.895348,0.0],[120.915642,23.8954,0.0],[120.915929,23.895705,0.0],[120.91629,23.895888,0.0],[120.916577,23.896153,0.0],[120.916838,23.896507,0.0],[120.917187,23.897277,0.0],[120.917244,23.897672,0.0],[120.917163,23.898083,0.0],[120.916988,23.898437,0.0],[120.915176,23.900094,0.0],[120.914597,23.901698,0.0],[120.914347,23.90294,0.0],[120.914204,23.903301,0.0],[120.913618,23.904093,0.0],[120.913369,23.905188,0.0],[120.912728,23.906912,0.0],[120.912466,23.907881,0.0],[120.912179,23.908151,0.0],[120.91178,23.90835,0.0],[120.910439,23.908895,0.0],[120.910034,23.908997,0.0],[120.909192,23.908888,0.0],[120.908725,23.90898,0.0],[120.908326,23.908962,0.0],[120.907477,23.90872,0.0],[120.906654,23.908817,0.0],[120.906088,23.908807,0.0],[120.905694,23.907887,0.0],[120.90474,23.90809,0.0],[120.904428,23.907636,0.0],[120.904382,23.906897,0.0],[120.904682,23.906615,0.0],[120.904961,23.906174,0.0],[120.905178,23.906111,0.0],[120.905219,23.905976,0.0],[120.904688,23.905641,0.0],[120.904232,23.905085,0.0],[120.903516,23.903611,0.0],[120.903298,23.903453,0.0],[120.902683,23.902405,0.0],[120.902643,23.902059,0.0],[120.902217,23.901367,0.0],[120.901752,23.901576,0.0],[120.900879,23.901514,0.0],[120.90025,23.901323,0.0],[120.899846,23.901454,0.0],[120.899456,23.901045,0.0],[120.899467,23.900729,0.0],[120.899345,23.900373,0.0],[120.899118,23.900069,0.0],[120.898984,23.89969,0.0],[120.899103,23.899662,0.0],[120.899032,23.899509,0.0],[120.899067,23.899277,0.0],[120.898871,23.898993,0.0],[120.89874,23.899072,0.0],[120.898622,23.898723,0.0],[120.898414,23.898474,0.0],[120.898383,23.898113,0.0],[120.898032,23.897893,0.0],[120.897833,23.897648,0.0],[120.897646,23.896969,0.0],[120.897434,23.896713,0.0],[120.896829,23.896282,0.0],[120.896714,23.896105,0.0],[120.896564,23.895488,0.0],[120.896788,23.895228,0.0],[120.896968,23.895207,0.0],[120.89636,23.894319,0.0],[120.89638,23.893936,0.0],[120.896177,23.893689,0.0],[120.895783,23.893642,0.0],[120.895921,23.89319,0.0],[120.895931,23.891937,0.0],[120.895735,23.891879,0.0],[120.895269,23.891532,0.0],[120.894963,23.891139,0.0],[120.894748,23.891063,0.0],[120.894199,23.89066,0.0],[120.893507,23.889866,0.0],[120.892557,23.887829,0.0],[120.892635,23.88701,0.0],[120.892809,23.886339,0.0],[120.892515,23.885953,0.0],[120.892045,23.88574,0.0],[120.89184,23.885401,0.0],[120.891028,23.884838,0.0],[120.891121,23.885474,0.0],[120.891002,23.886889,0.0],[120.891371,23.887047,0.0],[120.891305,23.887679,0.0],[120.891417,23.888154,0.0],[120.89106,23.889233,0.0],[120.890708,23.889512,0.0],[120.890493,23.889837,0.0],[120.889812,23.890187,0.0],[120.889595,23.890487,0.0],[120.890241,23.891266,0.0],[120.890502,23.891397,0.0],[120.890592,23.89162,0.0],[120.890376,23.891741,0.0],[120.890474,23.891744,0.0],[120.890503,23.892008,0.0],[120.890377,23.892232,0.0],[120.890335,23.892546,0.0],[120.89062,23.89284,0.0],[120.890721,23.893162,0.0],[120.89067,23.893813,0.0],[120.89072,23.894195,0.0],[120.89064,23.894467,0.0],[120.889719,23.894334,0.0],[120.889947,23.893721,0.0],[120.889634,23.893823,0.0],[120.889482,23.894112,0.0],[120.889406,23.894098,0.0],[120.889301,23.89427,0.0],[120.889463,23.894616,0.0],[120.889471,23.894422,0.0],[120.889809,23.894436,0.0],[120.889767,23.894607,0.0],[120.889649,23.894709,0.0],[120.889784,23.894839,0.0],[120.889708,23.895063,0.0],[120.889782,23.895262,0.0],[120.889686,23.896188,0.0],[120.889814,23.896709,0.0],[120.889754,23.897457,0.0],[120.890501,23.897935,0.0],[120.891602,23.89833,0.0],[120.8917,23.898492,0.0],[120.891716,23.898986,0.0],[120.891823,23.899135,0.0],[120.891951,23.899155,0.0],[120.891991,23.899918,0.0],[120.892088,23.899922,0.0],[120.892101,23.900185,0.0],[120.89225,23.90021,0.0],[120.89221,23.900405,0.0],[120.8923,23.900434,0.0],[120.892324,23.900685,0.0],[120.893173,23.900739,0.0],[120.893309,23.900863,0.0],[120.893919,23.900721,0.0],[120.893804,23.900984,0.0],[120.894124,23.901401,0.0],[120.893432,23.901558,0.0],[120.893287,23.901515,0.0],[120.893206,23.901648,0.0],[120.893049,23.901721,0.0],[120.892593,23.901538,0.0],[120.892263,23.90178,0.0],[120.892304,23.90182,0.0],[120.891958,23.90234,0.0],[120.891965,23.902445,0.0],[120.892156,23.902488,0.0],[120.892246,23.902642,0.0],[120.891978,23.902594,0.0],[120.892164,23.902718,0.0],[120.8919,23.902824,0.0],[120.892227,23.902945,0.0],[120.892382,23.903167,0.0],[120.892586,23.903252,0.0],[120.892696,23.903619,0.0],[120.892613,23.903649,0.0],[120.892698,23.903802,0.0],[120.892812,23.903724,0.0],[120.892983,23.903898,0.0],[120.892998,23.903998,0.0],[120.892764,23.904237,0.0],[120.89296,23.904372,0.0],[120.892937,23.904448,0.0],[120.893106,23.90458,0.0],[120.893178,23.904747,0.0],[120.893212,23.904952,0.0],[120.893022,23.905553,0.0],[120.89312,23.905758,0.0],[120.893929,23.906125,0.0],[120.894127,23.906314,0.0],[120.894113,23.906957,0.0],[120.893929,23.907177,0.0],[120.895555,23.908354,0.0],[120.896965,23.908456,0.0],[120.897553,23.908667,0.0],[120.897566,23.909391,0.0],[120.897724,23.909346,0.0],[120.897521,23.909647,0.0],[120.89753,23.90976,0.0],[120.89636,23.910261,0.0],[120.896325,23.910471,0.0],[120.896601,23.91061,0.0],[120.896733,23.910768,0.0],[120.896686,23.910875,0.0],[120.896773,23.910912,0.0],[120.89691,23.910904,0.0],[120.89717,23.910725,0.0],[120.897422,23.910794,0.0],[120.897523,23.910723,0.0],[120.897744,23.910764,0.0],[120.897518,23.911432,0.0],[120.897499,23.911886,0.0],[120.897858,23.912464,0.0],[120.897801,23.912556,0.0],[120.897585,23.912615,0.0],[120.898328,23.914558,0.0],[120.898043,23.914644,0.0],[120.898019,23.914476,0.0],[120.897596,23.914559,0.0],[120.896961,23.914431,0.0],[120.896654,23.914227,0.0],[120.896406,23.913871,0.0],[120.896299,23.914032,0.0],[120.896638,23.91477,0.0],[120.896781,23.914744,0.0],[120.896834,23.914814,0.0],[120.896862,23.915246,0.0],[120.896612,23.915551,0.0],[120.896266,23.915735,0.0],[120.896581,23.916258,0.0],[120.896595,23.915993,0.0],[120.897002,23.916072,0.0],[120.898238,23.916518,0.0],[120.89831,23.916704,0.0],[120.89852,23.916797,0.0],[120.898488,23.916883,0.0],[120.897988,23.916736,0.0],[120.897663,23.916768,0.0],[120.897535,23.916862,0.0],[120.897491,23.916778,0.0],[120.897331,23.916732,0.0],[120.897343,23.916905,0.0],[120.897164,23.91715,0.0],[120.896767,23.917417,0.0],[120.896787,23.918091,0.0],[120.896566,23.918539,0.0],[120.896047,23.918786,0.0],[120.895803,23.919081,0.0],[120.895815,23.919459,0.0],[120.89554,23.919759,0.0],[120.894815,23.921124,0.0],[120.895061,23.921426,0.0],[120.894917,23.921651,0.0],[120.894864,23.921955,0.0],[120.895218,23.922119,0.0],[120.895552,23.923061,0.0],[120.895326,23.923435,0.0],[120.894939,23.923717,0.0],[120.894884,23.924054,0.0],[120.894464,23.924524,0.0],[120.894524,23.925041,0.0],[120.893944,23.925218,0.0],[120.893832,23.924943,0.0],[120.893314,23.925381,0.0],[120.893614,23.925714,0.0],[120.893184,23.925823,0.0],[120.893266,23.926136,0.0],[120.893043,23.926352,0.0],[120.893037,23.926718,0.0],[120.89313,23.926837,0.0],[120.893086,23.92698,0.0],[120.893271,23.927139,0.0],[120.893297,23.927316,0.0],[120.893492,23.927478,0.0],[120.893672,23.927492,0.0],[120.893902,23.927813,0.0],[120.893792,23.928433,0.0],[120.894449,23.928703,0.0],[120.894645,23.928859,0.0],[120.895014,23.928849,0.0],[120.895056,23.928994,0.0],[120.895458,23.928819,0.0],[120.895633,23.928956,0.0],[120.895705,23.929134,0.0],[120.895982,23.929198,0.0],[120.895873,23.929255,0.0],[120.895906,23.9294,0.0],[120.89574,23.929427,0.0],[120.895818,23.929652,0.0],[120.896375,23.93016,0.0],[120.896405,23.930543,0.0],[120.896162,23.930846,0.0],[120.8958,23.931545,0.0],[120.895482,23.931877,0.0],[120.894334,23.932445,0.0],[120.894041,23.932673,0.0],[120.89361,23.932822,0.0],[120.89318,23.932722,0.0],[120.892825,23.932492,0.0],[120.891197,23.93119,0.0],[120.891017,23.930842,0.0],[120.890967,23.930486,0.0],[120.891273,23.929357,0.0],[120.891198,23.928962,0.0],[120.890606,23.92823,0.0],[120.890201,23.928131,0.0],[120.889783,23.928164,0.0],[120.88891,23.928541,0.0],[120.888461,23.928531,0.0],[120.888155,23.928294,0.0],[120.887483,23.926853,0.0],[120.886511,23.925943,0.0],[120.885744,23.925671,0.0],[120.885358,23.925635,0.0],[120.88406,23.925815,0.0],[120.882466,23.925827,0.0],[120.881907,23.925721,0.0],[120.881108,23.925427,0.0],[120.880156,23.925485,0.0],[120.879696,23.925369,0.0],[120.87975,23.924051,0.0],[120.879639,23.923493,0.0],[120.879676,23.92268,0.0],[120.87951,23.922197,0.0],[120.879332,23.920978,0.0],[120.879135,23.920601,0.0],[120.878772,23.920363,0.0],[120.878361,23.920341,0.0],[120.8779,23.920189,0.0],[120.87798,23.919297,0.0],[120.877716,23.918999,0.0],[120.877242,23.918712,0.0],[120.87656,23.918147,0.0],[120.876149,23.917996,0.0],[120.875829,23.917612,0.0],[120.875768,23.91711,0.0],[120.876388,23.916072,0.0],[120.876369,23.91509,0.0],[120.876646,23.91468,0.0],[120.876615,23.914278,0.0],[120.875939,23.913113,0.0],[120.875828,23.912677,0.0],[120.876074,23.911781,0.0],[120.876608,23.91119,0.0],[120.87686,23.910461,0.0],[120.876479,23.910219,0.0],[120.876055,23.910117,0.0],[120.874716,23.909531,0.0],[120.873099,23.909148,0.0],[120.873398,23.90904,0.0],[120.87377,23.909261,0.0],[120.874209,23.909298,0.0],[120.875827,23.909873,0.0],[120.87721,23.910142,0.0],[120.877309,23.9098,0.0],[120.877453,23.909607,0.0],[120.877507,23.909246,0.0],[120.877423,23.908962,0.0],[120.8775,23.908767,0.0],[120.877769,23.908564,0.0],[120.877969,23.907724,0.0],[120.877899,23.907384,0.0],[120.878184,23.906784,0.0],[120.877941,23.906305,0.0],[120.87803,23.906068,0.0],[120.878115,23.905923,0.0],[120.878347,23.905897,0.0],[120.878495,23.90566,0.0],[120.879289,23.905728,0.0],[120.879703,23.905571,0.0],[120.879989,23.905176,0.0],[120.880236,23.905072,0.0],[120.880329,23.904474,0.0],[120.880233,23.904199,0.0],[120.879774,23.904036,0.0],[120.880004,23.903329,0.0],[120.880243,23.903041,0.0],[120.880211,23.902696,0.0],[120.880071,23.902445,0.0],[120.880196,23.902148,0.0],[120.880701,23.901576,0.0],[120.881074,23.900897,0.0],[120.8813,23.900678,0.0],[120.882234,23.900097,0.0],[120.882475,23.89983,0.0],[120.882556,23.899425,0.0],[120.882781,23.89894,0.0],[120.882811,23.898729,0.0],[120.882698,23.898688,0.0],[120.881558,23.898626,0.0],[120.880342,23.898164,0.0],[120.880517,23.896506,0.0],[120.880345,23.89578,0.0],[120.88041,23.895298,0.0],[120.881944,23.895175,0.0],[120.882769,23.895479,0.0],[120.883475,23.895971,0.0],[120.884635,23.897369,0.0],[120.884701,23.897024,0.0],[120.88516,23.89661,0.0],[120.885011,23.896117,0.0],[120.885122,23.895887,0.0],[120.884888,23.89489,0.0],[120.88526,23.894653,0.0],[120.885496,23.894163,0.0],[120.885612,23.894081,0.0],[120.885887,23.892219,0.0],[120.885893,23.892046,0.0],[120.88573,23.891634,0.0],[120.885993,23.891381,0.0],[120.886127,23.890769,0.0],[120.885055,23.890926,0.0],[120.884689,23.891151,0.0],[120.884732,23.891241,0.0],[120.884035,23.891587,0.0],[120.883735,23.891625,0.0],[120.883679,23.891732,0.0],[120.883374,23.891608,0.0],[120.883095,23.891771,0.0],[120.882968,23.891564,0.0],[120.882583,23.89166,0.0],[120.881963,23.891605,0.0],[120.881463,23.891452,0.0],[120.880859,23.891149,0.0],[120.880718,23.891176,0.0],[120.880521,23.891637,0.0],[120.880367,23.891611,0.0],[120.879997,23.891289,0.0],[120.879942,23.891379,0.0],[120.879683,23.891299,0.0],[120.879643,23.891209,0.0],[120.879549,23.891241,0.0],[120.878916,23.891046,0.0],[120.878702,23.890805,0.0],[120.878732,23.890429,0.0],[120.878539,23.89027,0.0],[120.878374,23.889914,0.0],[120.878109,23.889628,0.0],[120.877914,23.889622,0.0],[120.878152,23.889456,0.0],[120.878223,23.889169,0.0],[120.878102,23.888936,0.0],[120.877936,23.888975,0.0],[120.877597,23.888548,0.0],[120.87762,23.888,0.0],[120.876877,23.887134,0.0],[120.876417,23.886897,0.0],[120.876114,23.886637,0.0],[120.875301,23.886494,0.0],[120.874982,23.886557,0.0],[120.87456,23.88649,0.0],[120.874562,23.886425,0.0],[120.873741,23.886264,0.0],[120.873738,23.886194,0.0],[120.873474,23.886217,0.0],[120.873166,23.886068,0.0],[120.872869,23.886596,0.0],[120.872676,23.886659,0.0],[120.872189,23.886606,0.0],[120.871894,23.886774,0.0],[120.871444,23.88721,0.0],[120.871429,23.887659,0.0],[120.871259,23.888129,0.0],[120.871362,23.888895,0.0],[120.871325,23.88929,0.0],[120.870406,23.891078,0.0],[120.870683,23.891887,0.0],[120.870703,23.892175,0.0],[120.870547,23.892372,0.0],[120.870175,23.892615,0.0],[120.870172,23.893517,0.0],[120.869666,23.893861,0.0],[120.869542,23.894068,0.0],[120.869626,23.89431,0.0],[120.870131,23.89435,0.0],[120.870031,23.894844,0.0],[120.869846,23.895123,0.0],[120.869851,23.895487,0.0],[120.869609,23.895803,0.0],[120.869102,23.895977,0.0],[120.869005,23.896074,0.0],[120.869184,23.896741,0.0],[120.869634,23.89692,0.0],[120.869601,23.897209,0.0],[120.869121,23.89752,0.0],[120.86853,23.898277,0.0],[120.868598,23.898298,0.0],[120.869071,23.897816,0.0],[120.869357,23.897948,0.0],[120.869267,23.898088,0.0],[120.869458,23.898151,0.0],[120.869394,23.89837,0.0],[120.869268,23.898348,0.0],[120.869216,23.898459,0.0],[120.868995,23.898439,0.0],[120.868883,23.898628,0.0],[120.869243,23.898899,0.0],[120.869218,23.899645,0.0],[120.869506,23.89996,0.0],[120.870221,23.899464,0.0],[120.870488,23.899465,0.0],[120.870844,23.899603,0.0],[120.8708,23.899646,0.0],[120.870465,23.899497,0.0],[120.870004,23.899815,0.0],[120.869953,23.899974,0.0],[120.869547,23.900083,0.0],[120.869564,23.900158,0.0],[120.869728,23.90012,0.0],[120.869792,23.900294,0.0],[120.869426,23.900373,0.0],[120.869,23.900773,0.0],[120.868756,23.900892,0.0],[120.86877,23.900968,0.0],[120.869372,23.901162,0.0],[120.869664,23.901411,0.0],[120.870493,23.901693,0.0],[120.870587,23.901984,0.0],[120.869251,23.901965,0.0],[120.869065,23.902145,0.0],[120.868932,23.902484,0.0],[120.868565,23.902529,0.0],[120.868452,23.902809,0.0],[120.868094,23.903104,0.0],[120.868027,23.903564,0.0],[120.868208,23.903775,0.0],[120.868432,23.903715,0.0],[120.86875,23.904523,0.0],[120.868425,23.904827,0.0],[120.868246,23.904627,0.0],[120.86718,23.905205,0.0],[120.866845,23.905509,0.0],[120.866227,23.906419,0.0],[120.864992,23.906357,0.0],[120.864943,23.905789,0.0],[120.864608,23.904668,0.0],[120.86503,23.904358,0.0],[120.86505,23.90283,0.0],[120.864651,23.902628,0.0],[120.864734,23.902436,0.0],[120.864581,23.902271,0.0],[120.864634,23.902129,0.0],[120.864519,23.902003,0.0],[120.864262,23.901945,0.0],[120.864235,23.901687,0.0],[120.864241,23.901572,0.0],[120.864871,23.901469,0.0],[120.86485,23.900933,0.0],[120.864791,23.900672,0.0],[120.864671,23.900705,0.0],[120.864548,23.899699,0.0],[120.864449,23.899663,0.0],[120.864306,23.899757,0.0],[120.864169,23.899699,0.0],[120.864918,23.898926,0.0],[120.864773,23.898681,0.0],[120.864657,23.898826,0.0],[120.864268,23.898675,0.0],[120.864239,23.898527,0.0],[120.864349,23.898426,0.0],[120.86446,23.898477,0.0],[120.864546,23.898395,0.0],[120.8639,23.897887,0.0],[120.863642,23.89752,0.0],[120.86403,23.897373,0.0],[120.864169,23.896471,0.0],[120.863101,23.896109,0.0],[120.863092,23.895827,0.0],[120.862828,23.895862,0.0],[120.862524,23.895657,0.0],[120.862501,23.895423,0.0],[120.862661,23.895422,0.0],[120.862629,23.895155,0.0],[120.86228,23.895062,0.0],[120.862235,23.894734,0.0],[120.862022,23.89456,0.0],[120.86218,23.894335,0.0],[120.862455,23.894212,0.0],[120.86232,23.894181,0.0],[120.862882,23.893336,0.0],[120.863074,23.893241,0.0],[120.863103,23.893048,0.0],[120.862952,23.892911,0.0],[120.863281,23.89266,0.0],[120.862904,23.892584,0.0],[120.863133,23.891612,0.0],[120.862911,23.89143,0.0],[120.862997,23.891294,0.0],[120.862859,23.891181,0.0],[120.863558,23.890733,0.0],[120.863572,23.890558,0.0],[120.863776,23.890295,0.0],[120.863764,23.890134,0.0],[120.863864,23.890123,0.0],[120.863876,23.889816,0.0],[120.863981,23.889796,0.0],[120.863976,23.889682,0.0],[120.864233,23.889322,0.0],[120.86436,23.88923,0.0],[120.864779,23.889248,0.0],[120.864793,23.888896,0.0],[120.864849,23.888887,0.0],[120.865019,23.888135,0.0],[120.864855,23.887083,0.0],[120.864915,23.885977,0.0],[120.865121,23.885975,0.0],[120.865149,23.885824,0.0],[120.865033,23.885854,0.0],[120.864963,23.885737,0.0],[120.865304,23.884925,0.0],[120.86576,23.884203,0.0],[120.865661,23.883947,0.0],[120.86568,23.883684,0.0],[120.86537,23.883608,0.0],[120.865689,23.883636,0.0],[120.865736,23.883368,0.0],[120.865665,23.882294,0.0],[120.865785,23.882294,0.0],[120.865819,23.882224,0.0],[120.86564,23.882206,0.0],[120.865785,23.881946,0.0],[120.865732,23.881767,0.0],[120.865548,23.881705,0.0],[120.865097,23.881726,0.0],[120.865097,23.881497,0.0],[120.865532,23.881484,0.0],[120.86586,23.881609,0.0],[120.866035,23.881509,0.0],[120.865718,23.880646,0.0],[120.866322,23.88011,0.0],[120.866449,23.879869,0.0],[120.867161,23.880072,0.0],[120.867759,23.880158,0.0],[120.867888,23.879726,0.0],[120.867865,23.879443,0.0],[120.868106,23.879441,0.0],[120.868265,23.879309,0.0],[120.868569,23.879432,0.0],[120.868367,23.879184,0.0],[120.868314,23.878997,0.0],[120.868163,23.87889,0.0],[120.867907,23.877263,0.0],[120.868771,23.876455,0.0],[120.870319,23.876198,0.0],[120.871035,23.87528,0.0],[120.871035,23.875152,0.0],[120.871319,23.874928,0.0],[120.871683,23.874356,0.0],[120.872008,23.874086,0.0],[120.872095,23.873612,0.0],[120.872026,23.873351,0.0],[120.871839,23.873154,0.0],[120.872316,23.872806,0.0],[120.871737,23.873052,0.0],[120.871553,23.872993,0.0],[120.871108,23.872133,0.0],[120.871227,23.871961,0.0],[120.871297,23.871985,0.0],[120.871157,23.871845,0.0],[120.871102,23.871587,0.0],[120.87118,23.871194,0.0],[120.871339,23.870935,0.0],[120.871602,23.870717,0.0],[120.871576,23.870372,0.0],[120.871475,23.870393,0.0],[120.8713,23.869962,0.0],[120.871391,23.869864,0.0],[120.871416,23.869609,0.0],[120.871095,23.8694,0.0],[120.871267,23.869131,0.0],[120.871601,23.868992,0.0],[120.872079,23.868567,0.0],[120.872263,23.868497,0.0],[120.872423,23.868648,0.0],[120.872349,23.868724,0.0],[120.872698,23.869068,0.0],[120.87279,23.869261,0.0],[120.872641,23.869471,0.0],[120.872548,23.869494,0.0],[120.872349,23.869368,0.0],[120.872055,23.869416,0.0],[120.872024,23.869371,0.0],[120.871636,23.869683,0.0],[120.872498,23.8696,0.0],[120.872571,23.869803,0.0],[120.87207,23.869847,0.0],[120.872117,23.870154,0.0],[120.872466,23.870111,0.0],[120.872767,23.869998,0.0],[120.872867,23.869167,0.0],[120.872846,23.868883,0.0],[120.871862,23.867946,0.0],[120.871352,23.866953,0.0],[120.871326,23.86651,0.0],[120.871613,23.86641,0.0],[120.87151,23.865601,0.0],[120.871308,23.865087,0.0],[120.871284,23.864087,0.0],[120.871321,23.863477,0.0],[120.871584,23.862579,0.0],[120.871342,23.862415,0.0],[120.871223,23.861681,0.0],[120.87107,23.861291,0.0],[120.869668,23.859727,0.0],[120.869233,23.85903,0.0],[120.869302,23.857996,0.0],[120.869828,23.857537,0.0],[120.869729,23.857399,0.0],[120.86964,23.857626,0.0],[120.869564,23.857547,0.0],[120.869552,23.856416,0.0],[120.868995,23.856381,0.0],[120.868655,23.856707,0.0],[120.868352,23.856567,0.0],[120.86866,23.856076,0.0],[120.868937,23.854838,0.0],[120.868027,23.854338,0.0],[120.867813,23.854352,0.0],[120.867776,23.854851,0.0],[120.867429,23.854866,0.0],[120.867516,23.854325,0.0],[120.867712,23.85411,0.0],[120.867971,23.85401,0.0],[120.867888,23.853558,0.0],[120.868044,23.853526,0.0],[120.868067,23.853456,0.0],[120.868377,23.853632,0.0],[120.868595,23.853642,0.0],[120.868807,23.853088,0.0],[120.868733,23.852875,0.0],[120.86862,23.852883,0.0],[120.868634,23.852727,0.0],[120.868888,23.852586,0.0],[120.868313,23.852724,0.0],[120.867754,23.852749,0.0],[120.867233,23.852306,0.0],[120.867083,23.85198,0.0],[120.867278,23.851628,0.0],[120.867136,23.850765,0.0],[120.866963,23.85044,0.0],[120.866487,23.85002,0.0],[120.866226,23.850057,0.0],[120.865736,23.850336,0.0],[120.865025,23.850356,0.0],[120.864353,23.850069,0.0],[120.864057,23.849779,0.0],[120.863837,23.84938,0.0],[120.863863,23.848927,0.0],[120.864084,23.848266,0.0],[120.864363,23.848026,0.0],[120.864638,23.847932,0.0],[120.864772,23.847736,0.0],[120.865335,23.847484,0.0],[120.865385,23.847384,0.0],[120.865302,23.84735,0.0],[120.865411,23.846969,0.0],[120.865635,23.846544,0.0],[120.865246,23.846344,0.0],[120.865459,23.845921,0.0],[120.865371,23.845831,0.0],[120.865536,23.84535,0.0],[120.865873,23.845071,0.0],[120.86618,23.84527,0.0],[120.866093,23.84482,0.0],[120.865857,23.844403,0.0],[120.8648,23.843273,0.0],[120.864184,23.843134,0.0],[120.863775,23.842887,0.0],[120.863517,23.842489,0.0],[120.863351,23.841811,0.0],[120.863162,23.841614,0.0],[120.861929,23.840821,0.0],[120.861106,23.839755,0.0],[120.860786,23.839838,0.0],[120.860453,23.840266,0.0],[120.860212,23.840138,0.0],[120.860372,23.839719,0.0],[120.860111,23.83947,0.0],[120.860947,23.838742,0.0],[120.861109,23.838367,0.0],[120.861551,23.837848,0.0],[120.862199,23.837454,0.0],[120.86387,23.836725,0.0],[120.864345,23.836605,0.0],[120.865082,23.836543,0.0],[120.866438,23.837122,0.0],[120.866695,23.837019,0.0],[120.866872,23.837124,0.0],[120.866821,23.837246,0.0],[120.867269,23.837253,0.0],[120.867876,23.836999,0.0],[120.868368,23.83652,0.0],[120.868277,23.836486,0.0],[120.868269,23.836329,0.0],[120.868484,23.836219,0.0],[120.868562,23.836057,0.0],[120.867936,23.834669,0.0],[120.867815,23.834759,0.0],[120.86742,23.834725,0.0],[120.86731,23.834782,0.0],[120.866729,23.834378,0.0],[120.866437,23.834589,0.0],[120.866532,23.835021,0.0],[120.866293,23.835137,0.0],[120.866296,23.835279,0.0],[120.866096,23.835225,0.0],[120.865502,23.835271,0.0],[120.865424,23.835207,0.0],[120.865442,23.834858,0.0],[120.865365,23.83461,0.0],[120.865251,23.834591,0.0],[120.865209,23.834806,0.0],[120.865063,23.834804,0.0],[120.86483,23.834542,0.0],[120.864605,23.834606,0.0],[120.864657,23.83425,0.0],[120.864283,23.833835,0.0],[120.864185,23.83354,0.0],[120.864432,23.833412,0.0],[120.864804,23.832908,0.0],[120.86488,23.832583,0.0],[120.864156,23.831872,0.0],[120.863932,23.832053,0.0],[120.86376,23.832461,0.0],[120.86342,23.832831,0.0],[120.862363,23.833594,0.0],[120.861963,23.834296,0.0],[120.861807,23.834381,0.0],[120.861697,23.834673,0.0],[120.861574,23.834737,0.0],[120.860768,23.834755,0.0],[120.860451,23.834908,0.0],[120.859624,23.835089,0.0],[120.858797,23.83517,0.0],[120.858295,23.834159,0.0],[120.857927,23.833986,0.0],[120.857686,23.833969,0.0],[120.857456,23.833991,0.0],[120.856968,23.834276,0.0],[120.856397,23.834399,0.0],[120.855947,23.83458,0.0],[120.854646,23.834702,0.0],[120.853323,23.835556,0.0],[120.852688,23.83588,0.0],[120.852308,23.83595,0.0],[120.851757,23.835938,0.0],[120.851277,23.836813,0.0],[120.851407,23.837163,0.0],[120.851268,23.837793,0.0],[120.851075,23.83824,0.0],[120.850802,23.83852,0.0],[120.850005,23.838415,0.0],[120.848932,23.838534,0.0],[120.848414,23.838917,0.0],[120.848118,23.839471,0.0],[120.847448,23.839522,0.0],[120.846845,23.839799,0.0],[120.846613,23.839532,0.0],[120.845762,23.839232,0.0],[120.845565,23.838706,0.0],[120.845272,23.838277,0.0],[120.844477,23.837741,0.0],[120.844102,23.837729,0.0],[120.84402,23.837562,0.0],[120.84374,23.837462,0.0],[120.843218,23.836755,0.0],[120.843327,23.835979,0.0],[120.843253,23.83549,0.0],[120.84331,23.835266,0.0],[120.843603,23.834799,0.0],[120.843523,23.834715,0.0],[120.843546,23.834296,0.0],[120.842923,23.83439,0.0],[120.841907,23.833499,0.0],[120.841795,23.833173,0.0],[120.841831,23.832865,0.0],[120.841676,23.832337,0.0],[120.841782,23.831619,0.0],[120.841706,23.830928,0.0],[120.841743,23.83011,0.0],[120.842373,23.829583,0.0],[120.842515,23.829167,0.0],[120.842985,23.828451,0.0],[120.843366,23.827914,0.0],[120.843664,23.827697,0.0],[120.843933,23.827318,0.0],[120.84409,23.826996,0.0],[120.844106,23.826783,0.0],[120.844353,23.826597,0.0],[120.844464,23.825957,0.0],[120.844522,23.82536,0.0],[120.844452,23.825001,0.0],[120.84388,23.824199,0.0],[120.842773,23.823455,0.0],[120.842699,23.823575,0.0],[120.84247,23.823592,0.0],[120.842106,23.82382,0.0],[120.841681,23.823864,0.0],[120.840742,23.824595,0.0],[120.840544,23.824871,0.0],[120.840401,23.824929,0.0],[120.840034,23.824813,0.0],[120.839779,23.824913,0.0],[120.839538,23.825435,0.0],[120.838677,23.826518,0.0],[120.838553,23.826537,0.0],[120.838683,23.826591,0.0],[120.838653,23.826637,0.0],[120.838521,23.826711,0.0],[120.838491,23.826555,0.0],[120.83834,23.826672,0.0],[120.838125,23.827313,0.0],[120.837926,23.827723,0.0],[120.837772,23.827863,0.0],[120.837578,23.827856,0.0],[120.836787,23.827452,0.0],[120.836375,23.827426,0.0],[120.836124,23.827303,0.0],[120.835897,23.826791,0.0],[120.835695,23.826616,0.0],[120.834631,23.826676,0.0],[120.834476,23.826576,0.0],[120.834353,23.826259,0.0],[120.834183,23.826113,0.0],[120.833849,23.826006,0.0],[120.833693,23.826148,0.0],[120.833752,23.826716,0.0],[120.833568,23.827006,0.0],[120.833299,23.827016,0.0],[120.832663,23.826735,0.0],[120.832089,23.826875,0.0],[120.831996,23.827067,0.0],[120.831818,23.828105,0.0],[120.831598,23.828694,0.0],[120.831648,23.82901,0.0],[120.831559,23.82928,0.0],[120.831223,23.829696,0.0],[120.831212,23.830329,0.0],[120.831054,23.830598,0.0],[120.830867,23.830741,0.0],[120.830893,23.831075,0.0],[120.83143,23.831374,0.0],[120.831667,23.831618,0.0],[120.831507,23.83272,0.0],[120.831351,23.832846,0.0],[120.831046,23.832715,0.0],[120.830566,23.832149,0.0],[120.830169,23.832063,0.0],[120.829767,23.831847,0.0],[120.829452,23.831834,0.0],[120.828796,23.831544,0.0],[120.828509,23.831035,0.0],[120.828452,23.831036,0.0],[120.828186,23.830194,0.0],[120.827587,23.829761,0.0],[120.826891,23.828482,0.0],[120.826618,23.828282,0.0],[120.825294,23.827703,0.0],[120.824884,23.827168,0.0],[120.824762,23.827108,0.0],[120.824306,23.827109,0.0],[120.824049,23.826723,0.0],[120.823991,23.826202,0.0],[120.82376,23.826008,0.0],[120.823139,23.825821,0.0],[120.822696,23.825169,0.0],[120.822435,23.825075,0.0],[120.819514,23.82495,0.0],[120.8194,23.825,0.0],[120.819311,23.825255,0.0],[120.819421,23.825405,0.0],[120.819525,23.825371,0.0],[120.819853,23.825622,0.0],[120.819922,23.825841,0.0],[120.820147,23.825891,0.0],[120.819759,23.826176,0.0],[120.819435,23.826273,0.0],[120.818669,23.826214,0.0],[120.818287,23.826435,0.0],[120.817986,23.826413,0.0],[120.817922,23.826343,0.0],[120.817968,23.826267,0.0],[120.817661,23.826192,0.0],[120.817599,23.826284,0.0],[120.817166,23.826304,0.0],[120.817166,23.826044,0.0],[120.81705,23.826086,0.0],[120.816872,23.82591,0.0],[120.816707,23.826101,0.0],[120.816582,23.825972,0.0],[120.816479,23.826083,0.0],[120.816184,23.826084,0.0],[120.816179,23.82641,0.0],[120.816092,23.826406,0.0],[120.816081,23.826238,0.0],[120.815621,23.826186,0.0],[120.815531,23.826637,0.0],[120.815075,23.826552,0.0],[120.81468,23.826642,0.0],[120.81448,23.826103,0.0],[120.814291,23.826068,0.0],[120.814233,23.825947,0.0],[120.814128,23.825952,0.0],[120.813441,23.826859,0.0],[120.813338,23.827222,0.0],[120.813706,23.827417,0.0],[120.81362,23.827413,0.0],[120.81395,23.827481,0.0],[120.814052,23.827634,0.0],[120.814112,23.827589,0.0],[120.814075,23.827486,0.0],[120.814242,23.827452,0.0],[120.814159,23.827353,0.0],[120.8142,23.827298,0.0],[120.814574,23.827239,0.0],[120.814772,23.827372,0.0],[120.81485,23.827351,0.0],[120.814936,23.827511,0.0],[120.814999,23.827497,0.0],[120.815026,23.827989,0.0],[120.815117,23.827989,0.0],[120.815252,23.828156,0.0],[120.81553,23.828157,0.0],[120.815729,23.828051,0.0],[120.815706,23.827992,0.0],[120.816041,23.827842,0.0],[120.816339,23.827914,0.0],[120.816552,23.82771,0.0],[120.816496,23.827612,0.0],[120.816409,23.82766,0.0],[120.816378,23.827561,0.0],[120.816632,23.827369,0.0],[120.816821,23.827362,0.0],[120.817028,23.827242,0.0],[120.817859,23.827315,0.0],[120.818072,23.827408,0.0],[120.818142,23.827524,0.0],[120.818484,23.827658,0.0],[120.818988,23.827717,0.0],[120.819379,23.828059,0.0],[120.819401,23.828177,0.0],[120.819302,23.828178,0.0],[120.819148,23.827978,0.0],[120.818561,23.827896,0.0],[120.818536,23.827943,0.0],[120.818625,23.827975,0.0],[120.818595,23.828105,0.0],[120.818452,23.82826,0.0],[120.81717,23.827779,0.0],[120.816646,23.82808,0.0],[120.816084,23.828161,0.0],[120.81628,23.828267,0.0],[120.816368,23.828674,0.0],[120.816347,23.829135,0.0],[120.816054,23.830396,0.0],[120.815975,23.830374,0.0],[120.816474,23.831091,0.0],[120.816637,23.831242,0.0],[120.816868,23.831311,0.0],[120.816932,23.831508,0.0],[120.817244,23.831668,0.0],[120.817348,23.831797,0.0],[120.81749,23.831856,0.0],[120.818021,23.831764,0.0],[120.818409,23.83179,0.0],[120.818539,23.831961,0.0],[120.818639,23.831976,0.0],[120.818677,23.832149,0.0],[120.818942,23.832284,0.0],[120.818979,23.832399,0.0],[120.819367,23.831853,0.0],[120.819592,23.831688,0.0],[120.820122,23.831047,0.0],[120.820251,23.831018,0.0],[120.820506,23.831191,0.0],[120.820858,23.831229,0.0],[120.821209,23.831433,0.0],[120.821587,23.831509,0.0],[120.821646,23.831597,0.0],[120.822498,23.831794,0.0],[120.822753,23.831993,0.0],[120.823232,23.832064,0.0],[120.823458,23.832013,0.0],[120.823941,23.832126,0.0],[120.824229,23.832284,0.0],[120.824514,23.832608,0.0],[120.824977,23.832716,0.0],[120.825135,23.832834,0.0],[120.826837,23.83288,0.0],[120.826613,23.834146,0.0],[120.826187,23.835103,0.0],[120.825689,23.83514,0.0],[120.825354,23.835426,0.0],[120.824751,23.837174,0.0],[120.824651,23.837988,0.0],[120.824463,23.838233,0.0],[120.824415,23.838294,0.0],[120.823584,23.838312,0.0],[120.823226,23.838539,0.0],[120.822203,23.838974,0.0],[120.821721,23.839413,0.0],[120.821616,23.839621,0.0],[120.821775,23.839717,0.0],[120.821706,23.83997,0.0],[120.822118,23.840479,0.0],[120.821661,23.840184,0.0],[120.821517,23.840273,0.0],[120.821363,23.8402,0.0],[120.821014,23.840371,0.0],[120.820826,23.840367,0.0],[120.819752,23.839991,0.0],[120.818713,23.840155,0.0],[120.818049,23.840476,0.0],[120.817191,23.841248,0.0],[120.817019,23.841193,0.0],[120.816731,23.842494,0.0],[120.816339,23.842959,0.0],[120.815414,23.843724,0.0],[120.814708,23.844502,0.0],[120.814258,23.844709,0.0],[120.813936,23.844966,0.0],[120.813905,23.845275,0.0],[120.813555,23.845885,0.0],[120.813038,23.846268,0.0],[120.812942,23.846167,0.0],[120.812668,23.84659,0.0],[120.812661,23.84691,0.0],[120.81244,23.847613,0.0],[120.812167,23.847762,0.0],[120.81205,23.848075,0.0],[120.811551,23.848584,0.0],[120.811497,23.848486,0.0],[120.810983,23.848664,0.0],[120.810471,23.848625,0.0],[120.810194,23.848447,0.0],[120.809777,23.848481,0.0],[120.809532,23.848402,0.0],[120.809317,23.848572,0.0],[120.809721,23.848933,0.0],[120.810229,23.849137,0.0],[120.810315,23.849431,0.0],[120.81014,23.849383,0.0],[120.810917,23.850153,0.0],[120.811867,23.850653,0.0],[120.811068,23.850631,0.0],[120.810619,23.850728,0.0],[120.808892,23.851523,0.0],[120.808443,23.851582,0.0],[120.807925,23.8515,0.0],[120.80686,23.850884,0.0],[120.806436,23.850832,0.0],[120.805526,23.850953,0.0],[120.804678,23.850957,0.0],[120.803756,23.851175,0.0],[120.802989,23.850928,0.0],[120.802596,23.850887,0.0],[120.801213,23.850989,0.0],[120.800714,23.85093,0.0],[120.800265,23.851004,0.0],[120.799536,23.851319,0.0],[120.798557,23.851376,0.0],[120.797236,23.851673,0.0],[120.795658,23.85233,0.0],[120.794836,23.852117,0.0],[120.793559,23.851043,0.0],[120.793229,23.850853,0.0],[120.792824,23.850789,0.0],[120.792375,23.85083,0.0],[120.791384,23.850571,0.0],[120.790081,23.850592,0.0],[120.789689,23.850689,0.0],[120.789339,23.850925,0.0],[120.789059,23.851257,0.0],[120.787369,23.851761,0.0],[120.786552,23.85274,0.0],[120.786209,23.852895,0.0],[120.785816,23.852917,0.0],[120.785056,23.852458,0.0],[120.784266,23.851563,0.0],[120.782271,23.851375,0.0],[120.780345,23.851499,0.0],[120.779479,23.851114,0.0],[120.778632,23.850874,0.0],[120.777803,23.85078,0.0],[120.777498,23.850585,0.0],[120.777711,23.848978,0.0],[120.777681,23.848549,0.0],[120.777457,23.848232,0.0],[120.777158,23.847956,0.0],[120.776772,23.847759,0.0],[120.775924,23.84746,0.0],[120.775463,23.847426,0.0],[120.774397,23.847603,0.0],[120.774036,23.847435,0.0],[120.773477,23.845759,0.0],[120.773028,23.845605,0.0],[120.772605,23.845615,0.0],[120.770678,23.846715,0.0],[120.769899,23.846937,0.0],[120.769045,23.847022,0.0],[120.768565,23.847166,0.0],[120.768234,23.847393,0.0],[120.767398,23.848255,0.0],[120.766999,23.848448,0.0],[120.766014,23.84858,0.0],[120.765634,23.848699,0.0],[120.765322,23.848992,0.0],[120.764718,23.849328,0.0],[120.764149,23.849977,0.0],[120.761751,23.849761,0.0],[120.761215,23.849794,0.0],[120.760853,23.849938,0.0],[120.760535,23.850195,0.0],[120.759549,23.85156,0.0],[120.75923,23.852311,0.0],[120.758862,23.852414,0.0],[120.7576,23.852383,0.0],[120.757354,23.85271,0.0],[120.757226,23.853563,0.0],[120.756881,23.854432,0.0],[120.75661,23.854761,0.0],[120.755578,23.855652,0.0],[120.755347,23.85599,0.0],[120.755234,23.856848,0.0],[120.754711,23.858513,0.0],[120.753908,23.858417,0.0],[120.753059,23.858154,0.0],[120.752668,23.858236,0.0],[120.752223,23.858443,0.0],[120.751475,23.85893,0.0],[120.751054,23.859098,0.0],[120.749577,23.858816,0.0],[120.749149,23.858585,0.0],[120.748286,23.857813,0.0],[120.747385,23.857509,0.0],[120.746986,23.857458,0.0],[120.746599,23.85765,0.0],[120.745976,23.858202,0.0],[120.745576,23.858438,0.0],[120.745163,23.858543,0.0],[120.742785,23.858487,0.0],[120.74176,23.859494,0.0],[120.741421,23.859712,0.0],[120.740968,23.85984,0.0],[120.739618,23.859794,0.0],[120.738592,23.859573,0.0],[120.737587,23.859508,0.0],[120.737436,23.859081,0.0],[120.736811,23.858393,0.0],[120.736769,23.857969,0.0],[120.736316,23.856787,0.0],[120.736145,23.856037,0.0],[120.735826,23.855747,0.0],[120.735268,23.855545,0.0],[120.734857,23.85528,0.0],[120.734526,23.854518,0.0],[120.73444,23.854164,0.0],[120.734465,23.853683,0.0],[120.734189,23.852894,0.0],[120.733857,23.852605,0.0],[120.733004,23.852199,0.0],[120.732249,23.85165,0.0],[120.730965,23.851397,0.0],[120.7301,23.851558,0.0],[120.729559,23.851502,0.0],[120.729105,23.851332,0.0],[120.72881,23.851078,0.0],[120.728387,23.850908,0.0],[120.726962,23.851219,0.0],[120.72644,23.851107,0.0],[120.726047,23.850891,0.0],[120.725433,23.850231,0.0],[120.725034,23.850042,0.0],[120.724138,23.849945,0.0],[120.723457,23.849449,0.0],[120.723033,23.849263,0.0],[120.722566,23.849222,0.0],[120.721756,23.849321,0.0],[120.72094,23.849265,0.0],[120.720547,23.849361,0.0],[120.720221,23.849175,0.0],[120.72035,23.848408,0.0],[120.720012,23.847211,0.0],[120.719459,23.846573,0.0],[120.718674,23.846189,0.0],[120.718287,23.845901,0.0],[120.718116,23.845585,0.0],[120.717398,23.845134,0.0],[120.717294,23.84437,0.0],[120.716892,23.843956,0.0],[120.716555,23.843764,0.0],[120.716107,23.843571,0.0],[120.715567,23.843651,0.0],[120.715058,23.843909,0.0],[120.713858,23.844254,0.0],[120.713429,23.844497,0.0],[120.712965,23.844516,0.0],[120.712738,23.844061,0.0],[120.712218,23.843473,0.0],[120.711771,23.843418,0.0],[120.711251,23.843473,0.0],[120.710816,23.843564,0.0],[120.71005,23.843897,0.0],[120.709671,23.843846,0.0],[120.709182,23.843472,0.0],[120.708729,23.843358,0.0],[120.707584,23.844012,0.0],[120.70661,23.844256,0.0],[120.70579,23.844256,0.0],[120.705512,23.844321,0.0],[120.70541,23.843895,0.0],[120.705427,23.843373,0.0],[120.705324,23.843112,0.0],[120.705347,23.842852,0.0],[120.705544,23.84233,0.0],[120.705477,23.842069,0.0],[120.705603,23.841809,0.0],[120.705654,23.841245,0.0],[120.706014,23.840794,0.0],[120.706022,23.840506,0.0],[120.706196,23.840178,0.0],[120.706687,23.839586,0.0],[120.707122,23.839256,0.0],[120.707406,23.838711,0.0],[120.70769,23.838497,0.0],[120.708541,23.838476,0.0],[120.708825,23.83832,0.0],[120.709069,23.837903,0.0],[120.70904,23.837121,0.0],[120.709395,23.837121,0.0],[120.709679,23.836904,0.0],[120.709963,23.836601,0.0],[120.709963,23.83634,0.0],[120.710248,23.83608,0.0],[120.711099,23.835892,0.0],[120.711949,23.835979,0.0],[120.7128,23.835628,0.0],[120.713084,23.835694,0.0],[120.713366,23.836151,0.0],[120.71365,23.836138,0.0],[120.713839,23.835999,0.0],[120.714263,23.835868,0.0],[120.715068,23.835795,0.0],[120.715636,23.835639,0.0],[120.715919,23.835656,0.0],[120.716486,23.83583,0.0],[120.717337,23.835702,0.0],[120.719321,23.835952,0.0],[120.719605,23.835888,0.0],[120.719889,23.835539,0.0],[120.720456,23.835432,0.0],[120.72203,23.835956,0.0],[120.722502,23.836305,0.0],[120.722552,23.836624,0.0],[120.722721,23.836885,0.0],[120.723005,23.837059,0.0],[120.723648,23.836695,0.0],[120.72414,23.836627,0.0],[120.72414,23.836366,0.0],[120.724424,23.836171,0.0],[120.725558,23.836238,0.0],[120.725842,23.836043,0.0],[120.72622,23.836022,0.0],[120.72655,23.83637,0.0],[120.72655,23.836631,0.0],[120.726691,23.836718,0.0],[120.726833,23.836632,0.0],[120.726834,23.836371,0.0],[120.72726,23.836111,0.0],[120.72726,23.83585,0.0],[120.727544,23.83559,0.0],[120.727545,23.835329,0.0],[120.728112,23.835199,0.0],[120.728396,23.83533,0.0],[120.728616,23.835229,0.0],[120.728657,23.834908,0.0],[120.727995,23.834025,0.0],[120.728759,23.833506,0.0],[120.729483,23.833202,0.0],[120.730055,23.832772,0.0],[120.730696,23.832484,0.0],[120.731713,23.83164,0.0],[120.732883,23.831258,0.0],[120.733581,23.831138,0.0],[120.735291,23.83004,0.0],[120.738154,23.82853,0.0],[120.739432,23.827737,0.0],[120.742809,23.827148,0.0],[120.745354,23.826371,0.0],[120.746485,23.826162,0.0],[120.746952,23.825983,0.0],[120.747648,23.825587,0.0],[120.750938,23.824343,0.0],[120.752873,23.823244,0.0],[120.754697,23.822353,0.0],[120.755451,23.821489,0.0],[120.755697,23.821043,0.0],[120.756017,23.820687,0.0],[120.756391,23.820524,0.0],[120.75769,23.820372,0.0],[120.758144,23.82019,0.0],[120.759032,23.819614,0.0],[120.759296,23.81977,0.0],[120.760101,23.819722,0.0],[120.76167,23.819777,0.0],[120.763528,23.819667,0.0],[120.764143,23.819453,0.0],[120.764052,23.817151,0.0],[120.771267,23.816895,0.0],[120.79258,23.815778,0.0],[120.798365,23.815887,0.0],[120.80781,23.8178,0.0],[120.814233,23.818727,0.0],[120.822061,23.820187,0.0],[120.826734,23.820499,0.0],[120.829526,23.820391,0.0],[120.833927,23.819335,0.0],[120.83751,23.817693,0.0],[120.840426,23.815129,0.0],[120.844054,23.808987,0.0],[120.846206,23.802119,0.0],[120.846853,23.800643,0.0],[120.84823,23.798116,0.0],[120.84963,23.796221,0.0],[120.852675,23.793426,0.0],[120.85516,23.791316,0.0],[120.857422,23.790302,0.0],[120.858056,23.790129,0.0],[120.859198,23.790018,0.0],[120.862827,23.789941,0.0],[120.864054,23.789746,0.0],[120.86615,23.788774,0.0],[120.869338,23.787673,0.0],[120.869569,23.787526,0.0],[120.869786,23.787184,0.0],[120.869898,23.786786,0.0],[120.869895,23.786407,0.0],[120.868282,23.783194,0.0],[120.86802,23.781762,0.0],[120.868091,23.780943,0.0],[120.86949,23.779704,0.0],[120.86985,23.77916,0.0],[120.870514,23.778455,0.0],[120.870784,23.778321,0.0],[120.871615,23.778169,0.0],[120.87214,23.778348,0.0],[120.872445,23.778654,0.0],[120.873122,23.779893,0.0],[120.873325,23.781053,0.0],[120.873227,23.782272,0.0],[120.873283,23.783251,0.0],[120.873413,23.784025,0.0],[120.873602,23.784108,0.0],[120.874433,23.784083,0.0],[120.875364,23.783902,0.0],[120.878786,23.783472,0.0],[120.880267,23.783584,0.0],[120.881396,23.783931,0.0],[120.883056,23.784627,0.0],[120.884777,23.785459,0.0],[120.885682,23.785776,0.0],[120.888721,23.786376,0.0],[120.889297,23.786423,0.0],[120.898407,23.786255,0.0],[120.90034,23.785796,0.0],[120.902309,23.785007,0.0],[120.904045,23.784581,0.0],[120.90591,23.784314,0.0],[120.906782,23.784477,0.0],[120.908056,23.784856,0.0],[120.90902,23.785457,0.0],[120.909307,23.785812,0.0],[120.909458,23.786303,0.0],[120.909244,23.788204,0.0],[120.908747,23.789975,0.0],[120.908726,23.791007,0.0],[120.908826,23.791651,0.0],[120.909324,23.792202,0.0],[120.911555,23.792969,0.0],[120.913167,23.793263,0.0],[120.914537,23.793043,0.0],[120.924572,23.788655,0.0],[120.929362,23.787225,0.0],[120.930515,23.787089,0.0],[120.933057,23.787031,0.0],[120.933563,23.787097,0.0],[120.933993,23.787927,0.0],[120.935212,23.789467,0.0],[120.935937,23.790596,0.0],[120.936469,23.791932,0.0],[120.936601,23.792553,0.0],[120.936646,23.792967,0.0],[120.936556,23.79413,0.0],[120.936759,23.795374,0.0],[120.936758,23.796936,0.0],[120.93695,23.797793,0.0],[120.936745,23.797887,0.0],[120.934165,23.798062,0.0],[120.933564,23.798306,0.0],[120.933356,23.798936,0.0],[120.933434,23.80001,0.0],[120.933268,23.800664,0.0],[120.933252,23.801997,0.0],[120.933429,23.802578,0.0],[120.933365,23.803593,0.0],[120.933565,23.804264,0.0],[120.933481,23.804838,0.0],[120.933238,23.805327,0.0],[120.933208,23.805634,0.0],[120.933711,23.806527,0.0],[120.934203,23.806942,0.0],[120.93426,23.807898,0.0],[120.933877,23.80859,0.0],[120.933111,23.809304,0.0],[120.933016,23.810056,0.0],[120.933097,23.810618,0.0],[120.932981,23.811243,0.0],[120.933007,23.811342,0.0],[120.933421,23.811621,0.0],[120.933808,23.812,0.0],[120.932874,23.812637,0.0],[120.932968,23.813188,0.0],[120.93275,23.813513,0.0],[120.932449,23.81374,0.0],[120.931922,23.814351,0.0],[120.93121,23.814783,0.0],[120.930952,23.814759,0.0],[120.930526,23.814416,0.0],[120.930247,23.814456,0.0],[120.929801,23.81414,0.0],[120.92968,23.813834,0.0],[120.929263,23.813597,0.0],[120.927772,23.813429,0.0],[120.927505,23.81351,0.0],[120.926955,23.8139,0.0],[120.926667,23.813885,0.0],[120.926537,23.813726,0.0],[120.925973,23.81361,0.0],[120.925574,23.813444,0.0],[120.925288,23.813429,0.0],[120.925285,23.813133,0.0],[120.925015,23.812651,0.0],[120.92486,23.812045,0.0],[120.924694,23.811911,0.0],[120.92469,23.811759,0.0],[120.924855,23.811487,0.0],[120.924939,23.810678,0.0],[120.924856,23.810201,0.0],[120.92498,23.809872,0.0],[120.924676,23.809273,0.0],[120.92481,23.80855,0.0],[120.925377,23.808069,0.0],[120.925255,23.807259,0.0],[120.925103,23.807111,0.0],[120.925133,23.806853,0.0],[120.925201,23.80681,0.0],[120.925195,23.806505,0.0],[120.925701,23.8051,0.0],[120.925648,23.804961,0.0],[120.92545,23.804845,0.0],[120.925704,23.80417,0.0],[120.925832,23.803526,0.0],[120.925379,23.803209,0.0],[120.925521,23.802358,0.0],[120.925388,23.802078,0.0],[120.923717,23.800652,0.0],[120.923415,23.800354,0.0],[120.923282,23.800095,0.0],[120.922759,23.799911,0.0],[120.922497,23.799555,0.0],[120.922307,23.799963,0.0],[120.922328,23.80062,0.0],[120.922252,23.800531,0.0],[120.922074,23.801445,0.0],[120.922152,23.801435,0.0],[120.922007,23.801764,0.0],[120.922348,23.802618,0.0],[120.922194,23.803419,0.0],[120.922234,23.803685,0.0],[120.922144,23.804465,0.0],[120.921929,23.804741,0.0],[120.921309,23.80508,0.0],[120.921036,23.805556,0.0],[120.920925,23.805604,0.0],[120.920731,23.805555,0.0],[120.920522,23.805896,0.0],[120.920341,23.806007,0.0],[120.920306,23.806138,0.0],[120.920378,23.8063,0.0],[120.92028,23.806824,0.0],[120.919935,23.807339,0.0],[120.919516,23.807785,0.0],[120.918317,23.808453,0.0],[120.917774,23.808492,0.0],[120.917577,23.808651,0.0],[120.917522,23.809068,0.0],[120.917413,23.80922,0.0],[120.917209,23.809264,0.0],[120.916337,23.809923,0.0],[120.915458,23.810299,0.0],[120.914981,23.811059,0.0],[120.914971,23.81169,0.0],[120.915365,23.812117,0.0],[120.915139,23.812493,0.0],[120.914905,23.813227,0.0],[120.913964,23.813681,0.0],[120.912984,23.813759,0.0],[120.912633,23.813958,0.0],[120.911947,23.81457,0.0],[120.910747,23.816558,0.0],[120.910959,23.816903,0.0],[120.911024,23.817208,0.0],[120.911013,23.817567,0.0],[120.9108,23.818192,0.0],[120.910811,23.818601,0.0],[120.910708,23.818868,0.0],[120.910881,23.819405,0.0],[120.911201,23.819858,0.0],[120.911439,23.820016,0.0],[120.912297,23.820227,0.0],[120.912399,23.820406,0.0],[120.913019,23.820918,0.0],[120.913024,23.82114,0.0],[120.9134,23.822272,0.0],[120.913539,23.823129,0.0],[120.914032,23.824239,0.0],[120.913908,23.824704,0.0],[120.913683,23.825042,0.0],[120.913594,23.825385,0.0],[120.913693,23.825716,0.0],[120.913616,23.826038,0.0],[120.913701,23.826543,0.0],[120.91307,23.827482,0.0],[120.912978,23.827918,0.0],[120.912765,23.828102,0.0],[120.91248,23.828894,0.0],[120.912433,23.829239,0.0],[120.912221,23.829412,0.0],[120.911804,23.830563,0.0],[120.91206,23.831188,0.0],[120.912296,23.831508,0.0],[120.9123,23.832098,0.0],[120.912468,23.832261,0.0],[120.912409,23.832805,0.0],[120.912203,23.833082,0.0],[120.912105,23.833372,0.0],[120.91146,23.833684,0.0],[120.911126,23.83396,0.0],[120.910985,23.834234,0.0],[120.910227,23.834951,0.0],[120.910016,23.835449,0.0],[120.908908,23.834384,0.0],[120.908564,23.833855,0.0],[120.908315,23.833654,0.0],[120.908193,23.834057,0.0],[120.907819,23.834018,0.0],[120.907922,23.833822,0.0],[120.90786,23.833802,0.0],[120.907403,23.833746,0.0],[120.906752,23.833886,0.0],[120.906559,23.833807,0.0],[120.906407,23.833857,0.0],[120.906328,23.833756,0.0],[120.906244,23.833937,0.0],[120.906087,23.833893,0.0],[120.905832,23.834108,0.0],[120.905582,23.834116,0.0],[120.905404,23.834226,0.0],[120.905462,23.834293,0.0],[120.905301,23.834267,0.0],[120.905331,23.834352,0.0],[120.904991,23.834874,0.0],[120.905123,23.835242,0.0],[120.905196,23.835089,0.0],[120.905487,23.835201,0.0],[120.905087,23.835731,0.0],[120.905239,23.835858,0.0]],[[120.903881,23.83813,0.0],[120.903512,23.837617,0.0],[120.903422,23.837642,0.0],[120.903048,23.83791,0.0],[120.903245,23.838341,0.0],[120.903084,23.838445,0.0],[120.903255,23.838568,0.0],[120.903342,23.838507,0.0],[120.903319,23.838372,0.0],[120.903687,23.838284,0.0],[120.903881,23.83813,0.0]],[[120.907717,23.861929,0.0],[120.907554,23.861782,0.0],[120.907546,23.86164,0.0],[120.907435,23.861503,0.0],[120.90731,23.8615,0.0],[120.907072,23.861754,0.0],[120.906759,23.861841,0.0],[120.906353,23.862069,0.0],[120.906231,23.862912,0.0],[120.906246,23.863578,0.0],[120.906138,23.863944,0.0],[120.906279,23.864321,0.0],[120.906851,23.864514,0.0],[120.907129,23.864485,0.0],[120.907377,23.864331,0.0],[120.907529,23.864409,0.0],[120.907515,23.864617,0.0],[120.907639,23.864795,0.0],[120.908189,23.865062,0.0],[120.909336,23.864827,0.0],[120.909796,23.864461,0.0],[120.910027,23.86456,0.0],[120.909997,23.865024,0.0],[120.910571,23.864982,0.0],[120.910823,23.864871,0.0],[120.910702,23.864737,0.0],[120.910995,23.864039,0.0],[120.910866,23.863714,0.0],[120.911203,23.863784,0.0],[120.911158,23.86416,0.0],[120.9113,23.864285,0.0],[120.911235,23.864045,0.0],[120.911272,23.863817,0.0],[120.911145,23.863617,0.0],[120.910736,23.86343,0.0],[120.910347,23.862951,0.0],[120.909976,23.862714,0.0],[120.90975,23.862666,0.0],[120.909607,23.862713,0.0],[120.909399,23.862576,0.0],[120.908279,23.862195,0.0],[120.908208,23.862069,0.0],[120.907717,23.861929,0.0]],[[120.908679,23.865835,0.0],[120.90799,23.865646,0.0],[120.90799,23.865549,0.0],[120.907749,23.865631,0.0],[120.907581,23.865829,0.0],[120.907465,23.865848,0.0],[120.907895,23.866384,0.0],[120.907712,23.866588,0.0],[120.907789,23.866875,0.0],[120.907697,23.867112,0.0],[120.907823,23.867296,0.0],[120.908155,23.867425,0.0],[120.908395,23.867687,0.0],[120.908488,23.867546,0.0],[120.909117,23.867489,0.0],[120.910468,23.866894,0.0],[120.910584,23.866439,0.0],[120.910839,23.866179,0.0],[120.910321,23.866195,0.0],[120.908954,23.865844,0.0],[120.908679,23.865835,0.0]],[[120.857508,23.81414,0.0],[120.856902,23.814467,0.0],[120.856615,23.814464,0.0],[120.856676,23.814145,0.0],[120.856598,23.814143,0.0],[120.856109,23.814447,0.0],[120.856171,23.814848,0.0],[120.856342,23.815129,0.0],[120.856411,23.815117,0.0],[120.856667,23.815703,0.0],[120.856672,23.815792,0.0],[120.856456,23.815792,0.0],[120.856478,23.815887,0.0],[120.857246,23.816637,0.0],[120.857743,23.816526,0.0],[120.857833,23.816408,0.0],[120.857832,23.816359,0.0],[120.857778,23.816408,0.0],[120.857777,23.816256,0.0],[120.857978,23.816062,0.0],[120.858171,23.815631,0.0],[120.85855,23.815383,0.0],[120.8598,23.815343,0.0],[120.86031,23.815474,0.0],[120.860169,23.815312,0.0],[120.858799,23.814796,0.0],[120.857899,23.814833,0.0],[120.857437,23.814489,0.0],[120.857425,23.814268,0.0],[120.857508,23.81414,0.0]],[[120.867754,23.808875,0.0],[120.867668,23.808943,0.0],[120.867797,23.808996,0.0],[120.867943,23.809263,0.0],[120.868553,23.809339,0.0],[120.868481,23.808673,0.0],[120.868614,23.808496,0.0],[120.868833,23.808454,0.0],[120.869334,23.808682,0.0],[120.869516,23.808982,0.0],[120.86969,23.808891,0.0],[120.869752,23.808957,0.0],[120.870175,23.808966,0.0],[120.870408,23.809194,0.0],[120.870564,23.809228,0.0],[120.87139,23.809148,0.0],[120.871844,23.80903,0.0],[120.872176,23.809148,0.0],[120.87271,23.808973,0.0],[120.873435,23.808606,0.0],[120.874075,23.808421,0.0],[120.874448,23.808785,0.0],[120.874802,23.80859,0.0],[120.875025,23.808665,0.0],[120.875393,23.808573,0.0],[120.875748,23.808951,0.0],[120.875932,23.809033,0.0],[120.87604,23.808868,0.0],[120.875986,23.8087,0.0],[120.876422,23.808801,0.0],[120.877245,23.808824,0.0],[120.87769,23.808675,0.0],[120.877906,23.808336,0.0],[120.87808,23.808372,0.0],[120.87871,23.80819,0.0],[120.879027,23.808228,0.0],[120.878998,23.808139,0.0],[120.878572,23.808082,0.0],[120.878189,23.808257,0.0],[120.877949,23.808278,0.0],[120.877766,23.808501,0.0],[120.877689,23.808672,0.0],[120.877222,23.808716,0.0],[120.876862,23.808553,0.0],[120.876317,23.808705,0.0],[120.875312,23.808454,0.0],[120.875122,23.808556,0.0],[120.874553,23.808575,0.0],[120.874183,23.808313,0.0],[120.873408,23.808524,0.0],[120.873253,23.807911,0.0],[120.872627,23.808021,0.0],[120.872803,23.808271,0.0],[120.873405,23.808525,0.0],[120.87291,23.808814,0.0],[120.872231,23.809062,0.0],[120.871927,23.808959,0.0],[120.870842,23.809139,0.0],[120.870463,23.809119,0.0],[120.870227,23.808911,0.0],[120.869508,23.808881,0.0],[120.869152,23.808417,0.0],[120.868929,23.808335,0.0],[120.868688,23.808388,0.0],[120.868475,23.808673,0.0],[120.86846,23.809243,0.0],[120.868164,23.809185,0.0],[120.867754,23.808875,0.0]],[[120.871974,23.807605,0.0],[120.872201,23.807508,0.0],[120.872504,23.80762,0.0],[120.872589,23.807787,0.0],[120.872782,23.807859,0.0],[120.873912,23.807392,0.0],[120.874348,23.807328,0.0],[120.875044,23.807507,0.0],[120.875061,23.807459,0.0],[120.87546,23.807518,0.0],[120.875956,23.807363,0.0],[120.876081,23.807413,0.0],[120.876295,23.80773,0.0],[120.876444,23.807769,0.0],[120.877086,23.806706,0.0],[120.877353,23.806693,0.0],[120.877637,23.806458,0.0],[120.878259,23.806497,0.0],[120.878485,23.806585,0.0],[120.878865,23.806266,0.0],[120.87803,23.806145,0.0],[120.878081,23.805947,0.0],[120.877943,23.805944,0.0],[120.877729,23.805755,0.0],[120.877569,23.805825,0.0],[120.877537,23.805409,0.0],[120.87726,23.80544,0.0],[120.877274,23.805863,0.0],[120.876632,23.805607,0.0],[120.876396,23.805603,0.0],[120.876398,23.805935,0.0],[120.876208,23.805983,0.0],[120.876002,23.805568,0.0],[120.875491,23.805456,0.0],[120.875064,23.805529,0.0],[120.87531,23.80593,0.0],[120.875245,23.806089,0.0],[120.874988,23.806159,0.0],[120.874525,23.806089,0.0],[120.874054,23.806752,0.0],[120.874304,23.805798,0.0],[120.874283,23.805615,0.0],[120.873153,23.806029,0.0],[120.872929,23.805987,0.0],[120.872361,23.805585,0.0],[120.872024,23.805734,0.0],[120.871799,23.805736,0.0],[120.87179,23.806214,0.0],[120.871371,23.807894,0.0],[120.871045,23.807489,0.0],[120.870453,23.807523,0.0],[120.870447,23.807597,0.0],[120.870661,23.807716,0.0],[120.870824,23.807687,0.0],[120.871199,23.808037,0.0],[120.871404,23.808133,0.0],[120.87165,23.80804,0.0],[120.871974,23.807605,0.0]]],[[[120.872172,23.908988,0.0],[120.871964,23.908985,0.0],[120.871528,23.90882,0.0],[120.871129,23.908589,0.0],[120.870527,23.908471,0.0],[120.869348,23.908414,0.0],[120.868224,23.908454,0.0],[120.867726,23.908342,0.0],[120.86619,23.907856,0.0],[120.865553,23.907503,0.0],[120.86557,23.907411,0.0],[120.865723,23.907586,0.0],[120.866368,23.907695,0.0],[120.866636,23.907974,0.0],[120.866796,23.907916,0.0],[120.867708,23.908282,0.0],[120.868771,23.908301,0.0],[120.869,23.908402,0.0],[120.869995,23.908356,0.0],[120.870638,23.908419,0.0],[120.871985,23.908847,0.0],[120.872172,23.908988,0.0]]],[[[120.863905,23.906718,0.0],[120.863291,23.905212,0.0],[120.862595,23.904142,0.0],[120.862718,23.904308,0.0],[120.863433,23.90463,0.0],[120.863342,23.904924,0.0],[120.863708,23.90535,0.0],[120.863607,23.905841,0.0],[120.863909,23.906387,0.0],[120.863905,23.906718,0.0]]],[[[120.862489,23.903868,0.0],[120.861916,23.901558,0.0],[120.861842,23.900682,0.0],[120.861651,23.900249,0.0],[120.861019,23.899476,0.0],[120.860669,23.898105,0.0],[120.860429,23.897656,0.0],[120.859203,23.896466,0.0],[120.859342,23.896425,0.0],[120.859856,23.896555,0.0],[120.860164,23.896897,0.0],[120.860408,23.897519,0.0],[120.860746,23.897744,0.0],[120.860937,23.898312,0.0],[120.860918,23.898619,0.0],[120.861081,23.899466,0.0],[120.861281,23.899716,0.0],[120.861912,23.90009,0.0],[120.861986,23.900228,0.0],[120.862112,23.900804,0.0],[120.862323,23.901115,0.0],[120.862308,23.901361,0.0],[120.862495,23.901828,0.0],[120.862374,23.902367,0.0],[120.862475,23.902485,0.0],[120.862507,23.903028,0.0],[120.862597,23.903266,0.0],[120.862582,23.903693,0.0],[120.862489,23.903868,0.0]]],[[[120.85879,23.896267,0.0],[120.858397,23.896211,0.0],[120.857965,23.895881,0.0],[120.858274,23.895696,0.0],[120.858595,23.8958,0.0],[120.858662,23.895853,0.0],[120.858622,23.896136,0.0],[120.85879,23.896267,0.0]]],[[[120.857901,23.895841,0.0],[120.857823,23.895793,0.0],[120.857865,23.895786,0.0],[120.857901,23.895841,0.0]]],[[[120.856155,23.895322,0.0],[120.855989,23.895191,0.0],[120.855528,23.894542,0.0],[120.855903,23.894795,0.0],[120.856155,23.895322,0.0]]],[[[120.855205,23.894286,0.0],[120.855136,23.894231,0.0],[120.854846,23.894058,0.0],[120.855144,23.894171,0.0],[120.855205,23.894286,0.0]]],[[[120.853672,23.893257,0.0],[120.85341,23.89303,0.0],[120.853393,23.892999,0.0],[120.853435,23.893028,0.0],[120.853672,23.893257,0.0]]],[[[120.853276,23.892788,0.0],[120.853017,23.892262,0.0],[120.853017,23.891824,0.0],[120.853134,23.891463,0.0],[120.853435,23.891152,0.0],[120.853454,23.890515,0.0],[120.852631,23.890052,0.0],[120.852103,23.889634,0.0],[120.852861,23.890016,0.0],[120.852954,23.890219,0.0],[120.853847,23.890618,0.0],[120.854023,23.890796,0.0],[120.853951,23.891061,0.0],[120.853448,23.891407,0.0],[120.853427,23.891734,0.0],[120.853251,23.891916,0.0],[120.853414,23.892353,0.0],[120.853192,23.892485,0.0],[120.853276,23.892788,0.0]]],[[[120.851423,23.888648,0.0],[120.851274,23.887515,0.0],[120.850617,23.885982,0.0],[120.850604,23.885523,0.0],[120.850623,23.884711,0.0],[120.850776,23.884345,0.0],[120.851538,23.883416,0.0],[120.851689,23.883724,0.0],[120.852068,23.884161,0.0],[120.852092,23.884491,0.0],[120.851919,23.885197,0.0],[120.851992,23.885685,0.0],[120.851896,23.88607,0.0],[120.852108,23.886637,0.0],[120.851999,23.886783,0.0],[120.851687,23.887874,0.0],[120.851703,23.888387,0.0],[120.851423,23.888648,0.0]]],[[[120.848696,23.880864,0.0],[120.847753,23.880539,0.0],[120.846992,23.880013,0.0],[120.847419,23.880111,0.0],[120.847704,23.880397,0.0],[120.84803,23.880552,0.0],[120.848374,23.880551,0.0],[120.848696,23.880864,0.0]]],[[[120.847385,23.878761,0.0],[120.847498,23.878474,0.0],[120.847405,23.878748,0.0],[120.847385,23.878761,0.0]]],[[[120.847541,23.876892,0.0],[120.8475,23.876766,0.0],[120.847641,23.87635,0.0],[120.84763,23.876579,0.0],[120.847541,23.876892,0.0]]],[[[120.847789,23.875965,0.0],[120.847881,23.875696,0.0],[120.847868,23.875783,0.0],[120.847789,23.875965,0.0]]],[[[120.846955,23.873505,0.0],[120.846865,23.873415,0.0],[120.846991,23.872634,0.0],[120.847263,23.871975,0.0],[120.847045,23.873183,0.0],[120.846951,23.873318,0.0],[120.846955,23.873505,0.0]]],[[[120.849017,23.868161,0.0],[120.848771,23.867505,0.0],[120.848803,23.866739,0.0],[120.848946,23.866904,0.0],[120.848864,23.867072,0.0],[120.848859,23.867594,0.0],[120.84898,23.867829,0.0],[120.849017,23.868161,0.0]]],[[[120.84849,23.865109,0.0],[120.848469,23.865003,0.0],[120.84849,23.865039,0.0],[120.84849,23.865109,0.0]]],[[[120.84748,23.86316,0.0],[120.847575,23.861262,0.0],[120.847938,23.860637,0.0],[120.847925,23.860293,0.0],[120.847794,23.859937,0.0],[120.847825,23.859214,0.0],[120.847063,23.858584,0.0],[120.846957,23.85817,0.0],[120.846719,23.857888,0.0],[120.84565,23.857724,0.0],[120.846546,23.857581,0.0],[120.847063,23.857811,0.0],[120.847219,23.858028,0.0],[120.847302,23.858566,0.0],[120.847553,23.858831,0.0],[120.84781,23.858972,0.0],[120.848024,23.859387,0.0],[120.848008,23.859776,0.0],[120.848113,23.860378,0.0],[120.847836,23.861047,0.0],[120.847708,23.86115,0.0],[120.847638,23.863088,0.0],[120.847805,23.863156,0.0],[120.847941,23.863447,0.0],[120.84816,23.863717,0.0],[120.84748,23.86316,0.0]]],[[[120.844659,23.857713,0.0],[120.84382,23.857851,0.0],[120.843576,23.857571,0.0],[120.843183,23.85639,0.0],[120.842914,23.856069,0.0],[120.841897,23.855619,0.0],[120.84204,23.855429,0.0],[120.842538,23.85585,0.0],[120.843393,23.856166,0.0],[120.843517,23.856549,0.0],[120.843531,23.857027,0.0],[120.843735,23.857419,0.0],[120.843918,23.857562,0.0],[120.844386,23.857591,0.0],[120.844659,23.857713,0.0]]],[[[120.840426,23.856096,0.0],[120.839203,23.855924,0.0],[120.838657,23.855432,0.0],[120.83958,23.855642,0.0],[120.839591,23.855747,0.0],[120.839985,23.855962,0.0],[120.840426,23.856096,0.0]]],[[[120.838572,23.855368,0.0],[120.838173,23.855148,0.0],[120.837661,23.855362,0.0],[120.837465,23.855612,0.0],[120.83778,23.855031,0.0],[120.838138,23.854948,0.0],[120.838572,23.855368,0.0]]],[[[120.837457,23.855623,0.0],[120.83715,23.855906,0.0],[120.83642,23.856251,0.0],[120.834844,23.856588,0.0],[120.834382,23.856644,0.0],[120.832662,23.856243,0.0],[120.831877,23.856172,0.0],[120.831447,23.856242,0.0],[120.830761,23.856546,0.0],[120.830415,23.856564,0.0],[120.830413,23.856466,0.0],[120.830587,23.856378,0.0],[120.830812,23.856391,0.0],[120.831636,23.855982,0.0],[120.83254,23.85607,0.0],[120.83285,23.856194,0.0],[120.833397,23.85626,0.0],[120.833707,23.856426,0.0],[120.834062,23.856411,0.0],[120.834789,23.856548,0.0],[120.835308,23.85634,0.0],[120.835466,23.856339,0.0],[120.835788,23.856089,0.0],[120.836104,23.856236,0.0],[120.836243,23.856188,0.0],[120.836454,23.855928,0.0],[120.836693,23.855885,0.0],[120.836894,23.855742,0.0],[120.837457,23.855623,0.0]]],[[[120.828177,23.855909,0.0],[120.827807,23.855768,0.0],[120.827602,23.85567,0.0],[120.827785,23.855678,0.0],[120.828177,23.855909,0.0]]],[[[120.827475,23.855608,0.0],[120.82739,23.855567,0.0],[120.827065,23.855219,0.0],[120.827358,23.855497,0.0],[120.827475,23.855608,0.0]]],[[[120.826462,23.854251,0.0],[120.826393,23.854148,0.0],[120.826168,23.853921,0.0],[120.826452,23.854109,0.0],[120.826462,23.854251,0.0]]],[[[120.824861,23.853276,0.0],[120.824405,23.853268,0.0],[120.824039,23.853292,0.0],[120.824531,23.853096,0.0],[120.824861,23.853276,0.0]]],[[[120.821166,23.854404,0.0],[120.820029,23.854957,0.0],[120.819623,23.855056,0.0],[120.819158,23.855045,0.0],[120.820199,23.854766,0.0],[120.820678,23.854459,0.0],[120.821166,23.854404,0.0]]],[[[120.819003,23.854996,0.0],[120.818408,23.854653,0.0],[120.817773,23.854019,0.0],[120.818005,23.854118,0.0],[120.818428,23.854616,0.0],[120.819003,23.854996,0.0]]],[[[120.815575,23.853291,0.0],[120.815455,23.853279,0.0],[120.815368,23.853249,0.0],[120.815528,23.853251,0.0],[120.815575,23.853291,0.0]]],[[[120.814674,23.852861,0.0],[120.814352,23.852642,0.0],[120.814231,23.852519,0.0],[120.814463,23.852657,0.0],[120.814674,23.852861,0.0]]],[[[120.814159,23.852448,0.0],[120.814009,23.852296,0.0],[120.813733,23.851916,0.0],[120.814004,23.852187,0.0],[120.814159,23.852448,0.0]]],[[[120.813561,23.851702,0.0],[120.813461,23.85158,0.0],[120.813028,23.851132,0.0],[120.813425,23.851432,0.0],[120.813561,23.851702,0.0]]],[[[120.902562,23.912586,0.0],[120.902488,23.913555,0.0],[120.902862,23.914571,0.0],[120.902688,23.914906,0.0],[120.902621,23.914881,0.0],[120.902433,23.914186,0.0],[120.902413,23.913742,0.0],[120.902562,23.912586,0.0]]],[[[120.901309,23.917234,0.0],[120.901217,23.917525,0.0],[120.901209,23.917428,0.0],[120.901309,23.917234,0.0]]],[[[120.901168,23.920992,0.0],[120.901096,23.921631,0.0],[120.900907,23.921917,0.0],[120.901087,23.921576,0.0],[120.901168,23.920992,0.0]]],[[[120.900736,23.922218,0.0],[120.900553,23.922681,0.0],[120.900025,23.923578,0.0],[120.89995,23.922917,0.0],[120.899988,23.922998,0.0],[120.90015,23.922753,0.0],[120.900736,23.922218,0.0]]],[[[120.89991,23.924001,0.0],[120.899771,23.924884,0.0],[120.899713,23.924768,0.0],[120.89982,23.924489,0.0],[120.899799,23.924176,0.0],[120.89991,23.924001,0.0]]],[[[120.900069,23.927838,0.0],[120.900278,23.928329,0.0],[120.899951,23.928265,0.0],[120.900071,23.928209,0.0],[120.90018,23.928271,0.0],[120.900069,23.927838,0.0]]]]}},
{"type":"Feature","properties":{"Id":16,"Zone":"西部","Name":"西六"},"geometry":{"type":"GeometryCollection","geometries":[{"type":"MultiPolygon","coordinates":[[[[120.635623,23.620128,0.0],[120.635738,23.620346,0.0],[120.635652,23.620249,0.0],[120.63551,23.620004,0.0],[120.635623,23.620128,0.0]]],[[[120.635077,23.651276,0.0],[120.635154,23.651151,0.0],[120.635127,23.651237,0.0],[120.635077,23.651276,0.0]]],[[[120.636929,23.656443,0.0],[120.636999,23.656392,0.0],[120.637009,23.656406,0.0],[120.636929,23.656443,0.0]]],[[[120.639308,23.660564,0.0],[120.639293,23.660577,0.0],[120.639276,23.660467,0.0],[120.639308,23.660564,0.0]]],[[[120.640107,23.661244,0.0],[120.640026,23.661547,0.0],[120.640049,23.661268,0.0],[120.640107,23.661244,0.0]]],[[[120.6402,23.662303,0.0],[120.640199,23.662278,0.0],[120.640227,23.662333,0.0],[120.6402,23.662303,0.0]]],[[[120.640385,23.662858,0.0],[120.640267,23.66241,0.0],[120.640446,23.662674,0.0],[120.640385,23.662858,0.0]]],[[[120.641349,23.665395,0.0],[120.641354,23.665682,0.0],[120.641332,23.665665,0.0],[120.641318,23.665588,0.0],[120.641349,23.665395,0.0]]],[[[120.642896,23.666186,0.0],[120.64288,23.666246,0.0],[120.642739,23.666179,0.0],[120.642896,23.666186,0.0]]],[[[120.642917,23.732069,0.0],[120.64294,23.732153,0.0],[120.642861,23.732025,0.0],[120.642917,23.732069,0.0]]],[[[120.64321,23.732767,0.0],[120.642975,23.732213,0.0],[120.643264,23.732613,0.0],[120.64321,23.732767,0.0]]],[[[120.736218,23.826197,0.0],[120.735346,23.826776,0.0],[120.734896,23.826991,0.0],[120.732007,23.827845,0.0],[120.73103,23.827731,0.0],[120.730675,23.827773,0.0],[120.728725,23.828497,0.0],[120.727464,23.828844,0.0],[120.724335,23.829216,0.0],[120.719754,23.828423,0.0],[120.717879,23.827903,0.0],[120.71568,23.826785,0.0],[120.714971,23.826514,0.0],[120.714621,23.826319,0.0],[120.713931,23.825619,0.0],[120.713413,23.825436,0.0],[120.711519,23.823894,0.0],[120.711207,23.823506,0.0],[120.708899,23.821444,0.0],[120.708053,23.820294,0.0],[120.706162,23.816161,0.0],[120.704649,23.813542,0.0],[120.70262,23.810303,0.0],[120.701332,23.808878,0.0],[120.700444,23.808056,0.0],[120.699822,23.807616,0.0],[120.699134,23.80688,0.0],[120.698501,23.806041,0.0],[120.687801,23.797007,0.0],[120.685273,23.795156,0.0],[120.675637,23.78657,0.0],[120.670293,23.784803,0.0],[120.665866,23.783564,0.0],[120.660499,23.782808,0.0],[120.651942,23.782605,0.0],[120.646129,23.783083,0.0],[120.641141,23.784245,0.0],[120.64171,23.782944,0.0],[120.642428,23.781701,0.0],[120.644249,23.779446,0.0],[120.645756,23.777163,0.0],[120.646594,23.776224,0.0],[120.647265,23.775319,0.0],[120.648064,23.774097,0.0],[120.648472,23.773277,0.0],[120.655455,23.755686,0.0],[120.655746,23.75483,0.0],[120.655967,23.753764,0.0],[120.654625,23.748313,0.0],[120.654658,23.748147,0.0],[120.654521,23.74731,0.0],[120.654612,23.745171,0.0],[120.654407,23.74387,0.0],[120.654355,23.741995,0.0],[120.654463,23.739792,0.0],[120.655287,23.737616,0.0],[120.65551,23.736789,0.0],[120.655804,23.735587,0.0],[120.655838,23.735121,0.0],[120.655745,23.734848,0.0],[120.655426,23.734518,0.0],[120.654983,23.734422,0.0],[120.654598,23.734463,0.0],[120.653694,23.734849,0.0],[120.653057,23.735248,0.0],[120.651429,23.732968,0.0],[120.650059,23.731754,0.0],[120.650209,23.730984,0.0],[120.648692,23.730767,0.0],[120.646834,23.730392,0.0],[120.64404,23.730971,0.0],[120.642224,23.731067,0.0],[120.642024,23.730597,0.0],[120.641554,23.730381,0.0],[120.640903,23.730479,0.0],[120.64083,23.730564,0.0],[120.640313,23.730512,0.0],[120.640078,23.730114,0.0],[120.640003,23.729683,0.0],[120.640045,23.729384,0.0],[120.63991,23.729219,0.0],[120.639825,23.728881,0.0],[120.639911,23.728003,0.0],[120.640144,23.727672,0.0],[120.639684,23.726344,0.0],[120.640106,23.725772,0.0],[120.640031,23.725436,0.0],[120.640146,23.725303,0.0],[120.640359,23.72514,0.0],[120.640758,23.725205,0.0],[120.640925,23.725114,0.0],[120.640939,23.725026,0.0],[120.641035,23.725007,0.0],[120.641059,23.724785,0.0],[120.641342,23.724529,0.0],[120.641353,23.724322,0.0],[120.640976,23.723732,0.0],[120.641074,23.72338,0.0],[120.641349,23.723033,0.0],[120.641678,23.722283,0.0],[120.641157,23.721571,0.0],[120.641064,23.720484,0.0],[120.640835,23.720047,0.0],[120.64068,23.719519,0.0],[120.640778,23.719124,0.0],[120.640732,23.717579,0.0],[120.640426,23.71705,0.0],[120.640249,23.715869,0.0],[120.640481,23.715305,0.0],[120.640043,23.715064,0.0],[120.639769,23.714589,0.0],[120.639936,23.714368,0.0],[120.640655,23.714316,0.0],[120.640695,23.713887,0.0],[120.640777,23.713844,0.0],[120.640692,23.713342,0.0],[120.640612,23.712956,0.0],[120.639702,23.711943,0.0],[120.639402,23.711183,0.0],[120.639549,23.710748,0.0],[120.640166,23.71021,0.0],[120.640357,23.70982,0.0],[120.640241,23.709443,0.0],[120.639871,23.70888,0.0],[120.640154,23.708425,0.0],[120.640425,23.708179,0.0],[120.640484,23.707724,0.0],[120.640625,23.707456,0.0],[120.640731,23.706956,0.0],[120.641095,23.70615,0.0],[120.64128,23.705924,0.0],[120.641781,23.705722,0.0],[120.642315,23.705755,0.0],[120.643089,23.70531,0.0],[120.64326,23.705094,0.0],[120.644564,23.704124,0.0],[120.644895,23.704152,0.0],[120.645123,23.703919,0.0],[120.645126,23.703733,0.0],[120.645373,23.7035,0.0],[120.64542,23.703323,0.0],[120.645668,23.703207,0.0],[120.645459,23.702872,0.0],[120.645284,23.701925,0.0],[120.644766,23.701317,0.0],[120.64436,23.701169,0.0],[120.644088,23.700521,0.0],[120.643665,23.699988,0.0],[120.643605,23.699781,0.0],[120.643916,23.699422,0.0],[120.644058,23.699119,0.0],[120.643987,23.699072,0.0],[120.644063,23.698775,0.0],[120.644409,23.698147,0.0],[120.644765,23.697708,0.0],[120.644661,23.697658,0.0],[120.645172,23.696993,0.0],[120.645495,23.696061,0.0],[120.645699,23.695904,0.0],[120.645633,23.69559,0.0],[120.646,23.694526,0.0],[120.646213,23.693413,0.0],[120.646409,23.693394,0.0],[120.646528,23.693262,0.0],[120.646494,23.693088,0.0],[120.646635,23.692322,0.0],[120.646593,23.691738,0.0],[120.646174,23.691373,0.0],[120.646014,23.690993,0.0],[120.646039,23.690614,0.0],[120.645796,23.690347,0.0],[120.645924,23.689449,0.0],[120.645736,23.688775,0.0],[120.645699,23.687935,0.0],[120.645809,23.6875,0.0],[120.646167,23.687219,0.0],[120.646978,23.686904,0.0],[120.647217,23.686508,0.0],[120.647248,23.686083,0.0],[120.646716,23.685681,0.0],[120.64672,23.68529,0.0],[120.646341,23.684923,0.0],[120.646592,23.68447,0.0],[120.648005,23.683426,0.0],[120.648272,23.682859,0.0],[120.648155,23.682347,0.0],[120.648135,23.68144,0.0],[120.64783,23.680351,0.0],[120.647546,23.679895,0.0],[120.647638,23.679675,0.0],[120.647443,23.679304,0.0],[120.647057,23.679098,0.0],[120.646973,23.678267,0.0],[120.646541,23.677804,0.0],[120.646368,23.677309,0.0],[120.646508,23.676851,0.0],[120.646556,23.676316,0.0],[120.64647,23.676059,0.0],[120.646507,23.675758,0.0],[120.646287,23.675407,0.0],[120.646287,23.675209,0.0],[120.647112,23.674161,0.0],[120.647144,23.672696,0.0],[120.645809,23.672037,0.0],[120.64506,23.671448,0.0],[120.644962,23.671232,0.0],[120.645039,23.671081,0.0],[120.644892,23.67088,0.0],[120.644753,23.670185,0.0],[120.64444,23.669394,0.0],[120.644424,23.668243,0.0],[120.646735,23.667562,0.0],[120.646422,23.667177,0.0],[120.646597,23.666484,0.0],[120.646832,23.666296,0.0],[120.647123,23.665753,0.0],[120.64748,23.665624,0.0],[120.648238,23.664973,0.0],[120.64835,23.665034,0.0],[120.648997,23.664506,0.0],[120.649053,23.66353,0.0],[120.649137,23.663184,0.0],[120.649325,23.663018,0.0],[120.649063,23.66298,0.0],[120.64921,23.662472,0.0],[120.650311,23.662399,0.0],[120.651293,23.662182,0.0],[120.651926,23.661928,0.0],[120.652033,23.661577,0.0],[120.651734,23.660863,0.0],[120.651471,23.660513,0.0],[120.650808,23.659922,0.0],[120.650671,23.659289,0.0],[120.65035,23.659109,0.0],[120.650161,23.658852,0.0],[120.649921,23.658047,0.0],[120.649658,23.657484,0.0],[120.6497,23.656828,0.0],[120.649359,23.656431,0.0],[120.649019,23.655827,0.0],[120.648887,23.655355,0.0],[120.649026,23.654503,0.0],[120.648452,23.654489,0.0],[120.646956,23.654665,0.0],[120.645372,23.65399,0.0],[120.645145,23.654065,0.0],[120.644181,23.653977,0.0],[120.644037,23.653857,0.0],[120.643441,23.653862,0.0],[120.643562,23.653524,0.0],[120.643315,23.653268,0.0],[120.642882,23.653209,0.0],[120.642694,23.653347,0.0],[120.642367,23.653083,0.0],[120.642043,23.652647,0.0],[120.641835,23.652543,0.0],[120.641242,23.65239,0.0],[120.640714,23.652432,0.0],[120.639947,23.651987,0.0],[120.639542,23.652241,0.0],[120.639401,23.652171,0.0],[120.639203,23.65221,0.0],[120.639181,23.652083,0.0],[120.639105,23.65211,0.0],[120.63895,23.651888,0.0],[120.638572,23.651643,0.0],[120.63799,23.651517,0.0],[120.637791,23.651541,0.0],[120.637668,23.651459,0.0],[120.637609,23.651184,0.0],[120.637056,23.651192,0.0],[120.636894,23.65095,0.0],[120.636183,23.650818,0.0],[120.635483,23.650386,0.0],[120.635161,23.650372,0.0],[120.635165,23.650084,0.0],[120.635897,23.649,0.0],[120.636674,23.648487,0.0],[120.635908,23.647826,0.0],[120.635798,23.647282,0.0],[120.634989,23.646297,0.0],[120.634894,23.645433,0.0],[120.635086,23.644585,0.0],[120.635229,23.644393,0.0],[120.635308,23.644027,0.0],[120.635209,23.643662,0.0],[120.635284,23.643134,0.0],[120.635242,23.642975,0.0],[120.635081,23.642624,0.0],[120.634712,23.642143,0.0],[120.634558,23.642034,0.0],[120.634289,23.642008,0.0],[120.634143,23.641622,0.0],[120.633735,23.641402,0.0],[120.633557,23.641092,0.0],[120.631743,23.639193,0.0],[120.631641,23.638794,0.0],[120.631148,23.63802,0.0],[120.630267,23.637136,0.0],[120.630137,23.63654,0.0],[120.630003,23.636371,0.0],[120.630358,23.632981,0.0],[120.630152,23.632584,0.0],[120.629974,23.631959,0.0],[120.629477,23.63129,0.0],[120.629155,23.630671,0.0],[120.630143,23.628443,0.0],[120.632496,23.627232,0.0],[120.63312,23.624684,0.0],[120.633592,23.623304,0.0],[120.634232,23.622384,0.0],[120.634628,23.621645,0.0],[120.635314,23.620967,0.0],[120.635755,23.62095,0.0],[120.635925,23.620667,0.0],[120.636137,23.62102,0.0],[120.636589,23.621361,0.0],[120.637231,23.622379,0.0],[120.637801,23.623009,0.0],[120.638085,23.623732,0.0],[120.638732,23.624743,0.0],[120.639719,23.625427,0.0],[120.639973,23.625447,0.0],[120.64093,23.625843,0.0],[120.641371,23.626323,0.0],[120.641758,23.626922,0.0],[120.64238,23.627291,0.0],[120.64252,23.627686,0.0],[120.642972,23.628161,0.0],[120.643549,23.628153,0.0],[120.643868,23.628249,0.0],[120.644064,23.628675,0.0],[120.644094,23.628937,0.0],[120.64442,23.62927,0.0],[120.644673,23.629959,0.0],[120.644675,23.630259,0.0],[120.644857,23.630456,0.0],[120.644895,23.630761,0.0],[120.645132,23.630986,0.0],[120.646681,23.631008,0.0],[120.647714,23.630432,0.0],[120.648051,23.630351,0.0],[120.649084,23.629839,0.0],[120.649829,23.62976,0.0],[120.650384,23.629824,0.0],[120.650807,23.629767,0.0],[120.651368,23.629928,0.0],[120.652078,23.629493,0.0],[120.653001,23.629508,0.0],[120.653401,23.629154,0.0],[120.653559,23.628907,0.0],[120.65362,23.628389,0.0],[120.653479,23.627865,0.0],[120.653111,23.62719,0.0],[120.653009,23.625696,0.0],[120.652788,23.62507,0.0],[120.652572,23.624766,0.0],[120.652541,23.62456,0.0],[120.652421,23.622747,0.0],[120.652552,23.622374,0.0],[120.652921,23.621867,0.0],[120.652491,23.620435,0.0],[120.652348,23.619309,0.0],[120.652026,23.618869,0.0],[120.651962,23.618599,0.0],[120.65205,23.618222,0.0],[120.651389,23.616236,0.0],[120.651446,23.616109,0.0],[120.651876,23.615964,0.0],[120.653893,23.615684,0.0],[120.657706,23.614019,0.0],[120.65835,23.613835,0.0],[120.658822,23.613365,0.0],[120.659391,23.612172,0.0],[120.660038,23.611363,0.0],[120.661201,23.610472,0.0],[120.661564,23.61041,0.0],[120.661941,23.610474,0.0],[120.662583,23.610671,0.0],[120.66366,23.61117,0.0],[120.664509,23.611121,0.0],[120.665493,23.610788,0.0],[120.666173,23.610356,0.0],[120.667186,23.610071,0.0],[120.667898,23.609415,0.0],[120.669134,23.609343,0.0],[120.670011,23.609496,0.0],[120.672691,23.609737,0.0],[120.673232,23.61003,0.0],[120.673665,23.610169,0.0],[120.675474,23.610266,0.0],[120.676615,23.610552,0.0],[120.676984,23.610765,0.0],[120.677776,23.611051,0.0],[120.678922,23.611107,0.0],[120.679889,23.611006,0.0],[120.680942,23.611028,0.0],[120.68229,23.610807,0.0],[120.683353,23.610851,0.0],[120.683727,23.610941,0.0],[120.685176,23.612347,0.0],[120.68547,23.612842,0.0],[120.685506,23.613849,0.0],[120.685636,23.61433,0.0],[120.685594,23.614903,0.0],[120.68538,23.615479,0.0],[120.685458,23.61608,0.0],[120.685591,23.616467,0.0],[120.686155,23.617347,0.0],[120.686187,23.617688,0.0],[120.686056,23.618211,0.0],[120.686352,23.618369,0.0],[120.687999,23.618875,0.0],[120.689246,23.619527,0.0],[120.691317,23.620355,0.0],[120.69182,23.620352,0.0],[120.692776,23.619966,0.0],[120.693182,23.619966,0.0],[120.694679,23.620297,0.0],[120.695574,23.620094,0.0],[120.696445,23.620096,0.0],[120.696794,23.620013,0.0],[120.69722,23.619756,0.0],[120.69765,23.619187,0.0],[120.697914,23.619077,0.0],[120.699553,23.618793,0.0],[120.699979,23.618616,0.0],[120.70023,23.61838,0.0],[120.700439,23.618292,0.0],[120.700873,23.618248,0.0],[120.701251,23.618026,0.0],[120.701779,23.617534,0.0],[120.701988,23.617454,0.0],[120.705027,23.61727,0.0],[120.705368,23.617451,0.0],[120.705436,23.61768,0.0],[120.705752,23.617971,0.0],[120.706568,23.618552,0.0],[120.706882,23.61869,0.0],[120.707721,23.618641,0.0],[120.708063,23.618511,0.0],[120.708347,23.618563,0.0],[120.710126,23.619107,0.0],[120.7111,23.619505,0.0],[120.711551,23.619706,0.0],[120.712103,23.620169,0.0],[120.713836,23.620795,0.0],[120.71407,23.621018,0.0],[120.714182,23.62168,0.0],[120.714151,23.622809,0.0],[120.713589,23.624972,0.0],[120.713349,23.626703,0.0],[120.713062,23.627588,0.0],[120.713102,23.627913,0.0],[120.713367,23.628219,0.0],[120.714094,23.628635,0.0],[120.716033,23.629524,0.0],[120.715916,23.629857,0.0],[120.716523,23.62961,0.0],[120.717332,23.629563,0.0],[120.717934,23.62977,0.0],[120.718581,23.630176,0.0],[120.719404,23.629152,0.0],[120.719828,23.628463,0.0],[120.719964,23.628483,0.0],[120.72002,23.628309,0.0],[120.720435,23.627908,0.0],[120.720048,23.627587,0.0],[120.720304,23.627112,0.0],[120.720693,23.62675,0.0],[120.721051,23.625931,0.0],[120.721041,23.625743,0.0],[120.721749,23.625237,0.0],[120.721848,23.625281,0.0],[120.722181,23.62523,0.0],[120.722202,23.625149,0.0],[120.721935,23.62491,0.0],[120.721976,23.62482,0.0],[120.722295,23.624386,0.0],[120.722658,23.624047,0.0],[120.722842,23.623617,0.0],[120.723545,23.622756,0.0],[120.723959,23.622494,0.0],[120.724319,23.622035,0.0],[120.724853,23.621743,0.0],[120.725425,23.621792,0.0],[120.725957,23.622019,0.0],[120.726174,23.622001,0.0],[120.726334,23.621753,0.0],[120.72659,23.621727,0.0],[120.726825,23.621424,0.0],[120.727093,23.62125,0.0],[120.727184,23.621068,0.0],[120.727118,23.620628,0.0],[120.727214,23.620422,0.0],[120.728158,23.620125,0.0],[120.729188,23.619959,0.0],[120.729628,23.619586,0.0],[120.730203,23.61945,0.0],[120.730869,23.618895,0.0],[120.731055,23.619083,0.0],[120.731293,23.618438,0.0],[120.730641,23.616481,0.0],[120.731127,23.615242,0.0],[120.731294,23.614368,0.0],[120.73122,23.613299,0.0],[120.731247,23.612108,0.0],[120.731122,23.611419,0.0],[120.730909,23.610897,0.0],[120.73103,23.610764,0.0],[120.732042,23.610579,0.0],[120.732671,23.610835,0.0],[120.73361,23.610439,0.0],[120.734181,23.61057,0.0],[120.734295,23.610731,0.0],[120.734749,23.610878,0.0],[120.73494,23.610855,0.0],[120.735552,23.610476,0.0],[120.735655,23.610489,0.0],[120.735891,23.610292,0.0],[120.736429,23.610308,0.0],[120.736657,23.61019,0.0],[120.737625,23.610002,0.0],[120.738306,23.610047,0.0],[120.738842,23.610239,0.0],[120.739284,23.610529,0.0],[120.741023,23.612255,0.0],[120.741999,23.612538,0.0],[120.743423,23.612602,0.0],[120.744601,23.612752,0.0],[120.745216,23.612705,0.0],[120.745884,23.612751,0.0],[120.746627,23.612344,0.0],[120.747112,23.611759,0.0],[120.747678,23.611876,0.0],[120.748658,23.612313,0.0],[120.748773,23.612588,0.0],[120.749144,23.612948,0.0],[120.749562,23.613766,0.0],[120.749962,23.614088,0.0],[120.750075,23.614331,0.0],[120.750415,23.614443,0.0],[120.750682,23.61465,0.0],[120.751668,23.614699,0.0],[120.752459,23.615025,0.0],[120.75289,23.61494,0.0],[120.753415,23.615034,0.0],[120.75378,23.614832,0.0],[120.754337,23.615064,0.0],[120.754665,23.614997,0.0],[120.754812,23.614835,0.0],[120.755077,23.614801,0.0],[120.755155,23.614672,0.0],[120.755314,23.614635,0.0],[120.755723,23.614851,0.0],[120.75602,23.614921,0.0],[120.756776,23.614852,0.0],[120.757332,23.61458,0.0],[120.757687,23.614535,0.0],[120.75795,23.61433,0.0],[120.758178,23.61429,0.0],[120.759014,23.613544,0.0],[120.759637,23.61313,0.0],[120.760107,23.613077,0.0],[120.760421,23.613147,0.0],[120.761591,23.614208,0.0],[120.761639,23.61408,0.0],[120.761702,23.614168,0.0],[120.761773,23.614112,0.0],[120.761979,23.614263,0.0],[120.762506,23.614352,0.0],[120.762592,23.614863,0.0],[120.762756,23.615257,0.0],[120.762916,23.615314,0.0],[120.762876,23.615525,0.0],[120.76324,23.615782,0.0],[120.763994,23.615903,0.0],[120.765382,23.615977,0.0],[120.766437,23.616316,0.0],[120.766655,23.616562,0.0],[120.766647,23.616807,0.0],[120.766398,23.617562,0.0],[120.766418,23.617819,0.0],[120.76601,23.618442,0.0],[120.766336,23.618612,0.0],[120.766418,23.618572,0.0],[120.767136,23.618955,0.0],[120.767015,23.619491,0.0],[120.767002,23.619986,0.0],[120.767134,23.620013,0.0],[120.767497,23.619837,0.0],[120.767646,23.619633,0.0],[120.767865,23.619541,0.0],[120.767772,23.61925,0.0],[120.768098,23.618888,0.0],[120.76808,23.618828,0.0],[120.76851,23.6185,0.0],[120.768307,23.618499,0.0],[120.76855,23.618236,0.0],[120.768866,23.618262,0.0],[120.769173,23.618209,0.0],[120.769179,23.618123,0.0],[120.769307,23.618114,0.0],[120.769153,23.617588,0.0],[120.769542,23.61719,0.0],[120.769479,23.616148,0.0],[120.769611,23.615897,0.0],[120.770331,23.615607,0.0],[120.770851,23.615554,0.0],[120.771233,23.615268,0.0],[120.771489,23.615189,0.0],[120.771474,23.61493,0.0],[120.771725,23.614636,0.0],[120.772041,23.615052,0.0],[120.7722,23.615935,0.0],[120.771842,23.61684,0.0],[120.772026,23.617093,0.0],[120.772218,23.617154,0.0],[120.772338,23.617411,0.0],[120.772666,23.617661,0.0],[120.772649,23.617849,0.0],[120.773008,23.617972,0.0],[120.773273,23.617957,0.0],[120.773921,23.618484,0.0],[120.773804,23.618742,0.0],[120.773944,23.618995,0.0],[120.774407,23.619287,0.0],[120.774216,23.619486,0.0],[120.774866,23.619539,0.0],[120.77515,23.619493,0.0],[120.775411,23.619568,0.0],[120.776203,23.619285,0.0],[120.776309,23.619389,0.0],[120.777827,23.618906,0.0],[120.778278,23.618595,0.0],[120.778595,23.618538,0.0],[120.778985,23.6186,0.0],[120.779462,23.618516,0.0],[120.780749,23.618521,0.0],[120.78075,23.618047,0.0],[120.781603,23.618103,0.0],[120.782105,23.617773,0.0],[120.782675,23.617106,0.0],[120.783141,23.61835,0.0],[120.783327,23.618364,0.0],[120.783561,23.618197,0.0],[120.784341,23.618178,0.0],[120.784569,23.618267,0.0],[120.784176,23.618825,0.0],[120.783784,23.619029,0.0],[120.783682,23.619173,0.0],[120.783224,23.619464,0.0],[120.78313,23.620216,0.0],[120.783251,23.620639,0.0],[120.783032,23.621061,0.0],[120.783046,23.621443,0.0],[120.782862,23.621753,0.0],[120.78279,23.622106,0.0],[120.782833,23.622279,0.0],[120.782606,23.62257,0.0],[120.781585,23.622688,0.0],[120.780647,23.622951,0.0],[120.780185,23.623933,0.0],[120.779882,23.624189,0.0],[120.779803,23.624376,0.0],[120.779541,23.625155,0.0],[120.779435,23.626034,0.0],[120.779003,23.626229,0.0],[120.778921,23.62668,0.0],[120.778735,23.626905,0.0],[120.778721,23.627713,0.0],[120.778376,23.627899,0.0],[120.778076,23.628262,0.0],[120.778091,23.628424,0.0],[120.777838,23.628727,0.0],[120.77761,23.629514,0.0],[120.7775,23.630479,0.0],[120.776448,23.631271,0.0],[120.776421,23.632822,0.0],[120.776212,23.633405,0.0],[120.776343,23.634254,0.0],[120.776525,23.634478,0.0],[120.77654,23.634825,0.0],[120.776702,23.635115,0.0],[120.776715,23.635823,0.0],[120.776169,23.638318,0.0],[120.77536,23.63939,0.0],[120.775198,23.639878,0.0],[120.775138,23.640446,0.0],[120.775203,23.641547,0.0],[120.776123,23.640422,0.0],[120.776652,23.639893,0.0],[120.776386,23.640507,0.0],[120.776175,23.641774,0.0],[120.776185,23.642301,0.0],[120.776435,23.64312,0.0],[120.775201,23.642929,0.0],[120.774231,23.643041,0.0],[120.772996,23.643354,0.0],[120.772528,23.643587,0.0],[120.772069,23.643699,0.0],[120.771466,23.643492,0.0],[120.77028,23.643308,0.0],[120.769843,23.643403,0.0],[120.768584,23.644319,0.0],[120.768581,23.644778,0.0],[120.769417,23.645299,0.0],[120.769704,23.645212,0.0],[120.770064,23.645237,0.0],[120.77111,23.64588,0.0],[120.771311,23.646238,0.0],[120.771879,23.646569,0.0],[120.772548,23.646674,0.0],[120.774059,23.64726,0.0],[120.774258,23.647208,0.0],[120.774909,23.647305,0.0],[120.775161,23.647268,0.0],[120.775422,23.64742,0.0],[120.775535,23.64738,0.0],[120.776137,23.647639,0.0],[120.777554,23.64763,0.0],[120.778205,23.647317,0.0],[120.7785,23.647091,0.0],[120.780264,23.647324,0.0],[120.780793,23.647309,0.0],[120.781602,23.646959,0.0],[120.781635,23.64681,0.0],[120.781889,23.646496,0.0],[120.782336,23.646095,0.0],[120.782894,23.646066,0.0],[120.783571,23.64619,0.0],[120.78449,23.646499,0.0],[120.786965,23.646826,0.0],[120.787074,23.646815,0.0],[120.787398,23.646567,0.0],[120.787558,23.646283,0.0],[120.787848,23.646236,0.0],[120.788168,23.646525,0.0],[120.789479,23.646807,0.0],[120.790298,23.647592,0.0],[120.79084,23.647824,0.0],[120.791384,23.648199,0.0],[120.791705,23.648672,0.0],[120.791993,23.648855,0.0],[120.792543,23.649006,0.0],[120.793172,23.648877,0.0],[120.793769,23.648475,0.0],[120.793933,23.648162,0.0],[120.795038,23.648156,0.0],[120.794519,23.648491,0.0],[120.794309,23.648923,0.0],[120.794335,23.649118,0.0],[120.794472,23.649276,0.0],[120.794664,23.649316,0.0],[120.794921,23.649262,0.0],[120.795299,23.648972,0.0],[120.795656,23.648396,0.0],[120.796793,23.647892,0.0],[120.796874,23.647776,0.0],[120.796837,23.64761,0.0],[120.797315,23.647399,0.0],[120.798049,23.647734,0.0],[120.798938,23.647642,0.0],[120.79971,23.647695,0.0],[120.800104,23.647948,0.0],[120.800982,23.648248,0.0],[120.80127,23.648473,0.0],[120.801279,23.648607,0.0],[120.801505,23.648803,0.0],[120.801421,23.649136,0.0],[120.801532,23.649598,0.0],[120.80174,23.649833,0.0],[120.80202,23.649718,0.0],[120.802422,23.649731,0.0],[120.802717,23.649494,0.0],[120.802918,23.649543,0.0],[120.803388,23.649244,0.0],[120.804347,23.648921,0.0],[120.804519,23.648304,0.0],[120.80457,23.647738,0.0],[120.805034,23.647057,0.0],[120.805606,23.646576,0.0],[120.806335,23.646341,0.0],[120.808518,23.645966,0.0],[120.809138,23.645107,0.0],[120.809557,23.644202,0.0],[120.810627,23.643657,0.0],[120.811331,23.642721,0.0],[120.812363,23.642246,0.0],[120.813894,23.641105,0.0],[120.814045,23.640227,0.0],[120.814253,23.639588,0.0],[120.814175,23.638566,0.0],[120.814222,23.638241,0.0],[120.814554,23.637501,0.0],[120.814771,23.636065,0.0],[120.814776,23.635814,0.0],[120.814406,23.635191,0.0],[120.814372,23.634876,0.0],[120.814551,23.633936,0.0],[120.814162,23.633191,0.0],[120.81415,23.632836,0.0],[120.814654,23.630585,0.0],[120.815091,23.62998,0.0],[120.815902,23.629311,0.0],[120.815843,23.628889,0.0],[120.81591,23.628678,0.0],[120.816026,23.628548,0.0],[120.816257,23.628482,0.0],[120.816317,23.627698,0.0],[120.816258,23.626516,0.0],[120.815907,23.626141,0.0],[120.815824,23.625565,0.0],[120.816017,23.624951,0.0],[120.81666,23.624254,0.0],[120.816332,23.623571,0.0],[120.816332,23.623278,0.0],[120.816717,23.622844,0.0],[120.816901,23.62245,0.0],[120.817224,23.622147,0.0],[120.817843,23.621154,0.0],[120.818314,23.621193,0.0],[120.818446,23.620778,0.0],[120.81887,23.620565,0.0],[120.819249,23.620205,0.0],[120.820427,23.619479,0.0],[120.820714,23.619442,0.0],[120.821249,23.619522,0.0],[120.821588,23.619369,0.0],[120.821815,23.619161,0.0],[120.822107,23.618632,0.0],[120.822516,23.618453,0.0],[120.823101,23.618399,0.0],[120.823462,23.618249,0.0],[120.823564,23.618122,0.0],[120.823691,23.617593,0.0],[120.823778,23.61674,0.0],[120.824233,23.615999,0.0],[120.824159,23.615491,0.0],[120.82437,23.615024,0.0],[120.82425,23.614586,0.0],[120.824286,23.614419,0.0],[120.824431,23.614115,0.0],[120.824811,23.613659,0.0],[120.825263,23.613283,0.0],[120.825375,23.612961,0.0],[120.825333,23.612705,0.0],[120.8252,23.612491,0.0],[120.824321,23.611874,0.0],[120.823548,23.610948,0.0],[120.822521,23.61082,0.0],[120.821983,23.610381,0.0],[120.821821,23.609878,0.0],[120.821895,23.609605,0.0],[120.822246,23.609153,0.0],[120.822237,23.608847,0.0],[120.821948,23.608603,0.0],[120.820973,23.608528,0.0],[120.820638,23.608414,0.0],[120.820453,23.608174,0.0],[120.820206,23.608014,0.0],[120.819786,23.607923,0.0],[120.819462,23.607687,0.0],[120.818397,23.607522,0.0],[120.818265,23.607426,0.0],[120.817684,23.606538,0.0],[120.81763,23.606314,0.0],[120.81717,23.606461,0.0],[120.817183,23.607243,0.0],[120.816814,23.607553,0.0],[120.816168,23.607749,0.0],[120.815913,23.608144,0.0],[120.815631,23.608417,0.0],[120.81555,23.608617,0.0],[120.814808,23.608931,0.0],[120.814747,23.609017,0.0],[120.814546,23.608779,0.0],[120.814024,23.608585,0.0],[120.813737,23.608262,0.0],[120.813552,23.608413,0.0],[120.813064,23.608584,0.0],[120.812864,23.608726,0.0],[120.81289,23.608423,0.0],[120.813197,23.608208,0.0],[120.813418,23.607759,0.0],[120.813192,23.607693,0.0],[120.812807,23.60794,0.0],[120.812595,23.607824,0.0],[120.812848,23.607176,0.0],[120.812808,23.607113,0.0],[120.812442,23.607047,0.0],[120.812546,23.606925,0.0],[120.812869,23.606832,0.0],[120.813007,23.605959,0.0],[120.813395,23.605102,0.0],[120.813595,23.604973,0.0],[120.813732,23.604466,0.0],[120.813925,23.60413,0.0],[120.813619,23.603947,0.0],[120.813658,23.603454,0.0],[120.813404,23.603081,0.0],[120.813309,23.602772,0.0],[120.813848,23.602436,0.0],[120.814728,23.602194,0.0],[120.814849,23.60207,0.0],[120.814776,23.601588,0.0],[120.814667,23.601458,0.0],[120.814317,23.6013,0.0],[120.814177,23.60105,0.0],[120.814158,23.600811,0.0],[120.814981,23.600411,0.0],[120.816172,23.600007,0.0],[120.81632,23.600004,0.0],[120.816822,23.600299,0.0],[120.817313,23.600201,0.0],[120.818075,23.599415,0.0],[120.818465,23.599175,0.0],[120.818774,23.598548,0.0],[120.818758,23.598333,0.0],[120.818537,23.597912,0.0],[120.818295,23.597114,0.0],[120.81775,23.596235,0.0],[120.818402,23.595774,0.0],[120.818981,23.595043,0.0],[120.819001,23.594229,0.0],[120.818793,23.593446,0.0],[120.818944,23.593109,0.0],[120.819371,23.592708,0.0],[120.820055,23.592559,0.0],[120.820565,23.592165,0.0],[120.821146,23.591337,0.0],[120.821254,23.590959,0.0],[120.821201,23.590624,0.0],[120.821069,23.590406,0.0],[120.820553,23.590109,0.0],[120.820624,23.589609,0.0],[120.821358,23.589071,0.0],[120.821925,23.589058,0.0],[120.822663,23.588878,0.0],[120.822604,23.588837,0.0],[120.822809,23.588777,0.0],[120.823863,23.588727,0.0],[120.825103,23.587818,0.0],[120.825827,23.587803,0.0],[120.826482,23.587341,0.0],[120.827522,23.586235,0.0],[120.826627,23.586178,0.0],[120.825627,23.585575,0.0],[120.82474,23.585405,0.0],[120.824592,23.585033,0.0],[120.824721,23.584649,0.0],[120.824691,23.584204,0.0],[120.823454,23.583858,0.0],[120.823141,23.583557,0.0],[120.82306,23.583371,0.0],[120.823,23.582636,0.0],[120.822922,23.582539,0.0],[120.82162,23.58189,0.0],[120.821592,23.581294,0.0],[120.821798,23.579682,0.0],[120.820861,23.578951,0.0],[120.820268,23.577958,0.0],[120.819985,23.577171,0.0],[120.819995,23.576702,0.0],[120.819877,23.576072,0.0],[120.819708,23.575795,0.0],[120.819606,23.575281,0.0],[120.819727,23.574262,0.0],[120.820029,23.573934,0.0],[120.820271,23.573317,0.0],[120.820583,23.573066,0.0],[120.820764,23.572449,0.0],[120.820954,23.572173,0.0],[120.821325,23.571952,0.0],[120.821705,23.571469,0.0],[120.821959,23.571347,0.0],[120.822063,23.5712,0.0],[120.822021,23.570867,0.0],[120.821855,23.57054,0.0],[120.821442,23.570237,0.0],[120.821191,23.569942,0.0],[120.821446,23.569371,0.0],[120.821708,23.569156,0.0],[120.821791,23.568933,0.0],[120.821726,23.56872,0.0],[120.821526,23.568505,0.0],[120.821244,23.567193,0.0],[120.82055,23.565969,0.0],[120.820981,23.564346,0.0],[120.820539,23.563451,0.0],[120.820549,23.562763,0.0],[120.820818,23.562344,0.0],[120.820679,23.561696,0.0],[120.820242,23.561021,0.0],[120.820172,23.56073,0.0],[120.819908,23.560294,0.0],[120.819472,23.559263,0.0],[120.819337,23.559228,0.0],[120.819081,23.559304,0.0],[120.818785,23.558921,0.0],[120.818274,23.558736,0.0],[120.817894,23.558758,0.0],[120.816948,23.558578,0.0],[120.816422,23.558275,0.0],[120.815991,23.557525,0.0],[120.81565,23.557102,0.0],[120.814097,23.556158,0.0],[120.813982,23.555744,0.0],[120.814045,23.555407,0.0],[120.814271,23.555073,0.0],[120.814881,23.554377,0.0],[120.815902,23.553668,0.0],[120.815943,23.55331,0.0],[120.81587,23.552979,0.0],[120.815663,23.552572,0.0],[120.81564,23.552245,0.0],[120.814898,23.551496,0.0],[120.81429,23.551382,0.0],[120.813362,23.55099,0.0],[120.813145,23.55102,0.0],[120.812837,23.550857,0.0],[120.812586,23.550489,0.0],[120.812899,23.549879,0.0],[120.813423,23.549537,0.0],[120.813846,23.548981,0.0],[120.813243,23.548864,0.0],[120.81209,23.548841,0.0],[120.811942,23.548677,0.0],[120.811275,23.548254,0.0],[120.81059,23.548142,0.0],[120.810351,23.547989,0.0],[120.810269,23.547642,0.0],[120.810453,23.546979,0.0],[120.810091,23.546526,0.0],[120.809611,23.546281,0.0],[120.809156,23.546183,0.0],[120.808861,23.545894,0.0],[120.809134,23.54482,0.0],[120.808557,23.54446,0.0],[120.808444,23.544169,0.0],[120.808232,23.543118,0.0],[120.808176,23.542135,0.0],[120.808258,23.541619,0.0],[120.808649,23.541028,0.0],[120.809245,23.540359,0.0],[120.808441,23.539542,0.0],[120.808484,23.53938,0.0],[120.808822,23.538804,0.0],[120.808844,23.538343,0.0],[120.809196,23.537904,0.0],[120.809214,23.537714,0.0],[120.809629,23.537253,0.0],[120.810276,23.536834,0.0],[120.810447,23.536615,0.0],[120.810473,23.536313,0.0],[120.810347,23.535818,0.0],[120.810552,23.53513,0.0],[120.810886,23.534685,0.0],[120.811661,23.533974,0.0],[120.812001,23.533346,0.0],[120.812308,23.533201,0.0],[120.812388,23.532683,0.0],[120.814159,23.530023,0.0],[120.814529,23.528827,0.0],[120.815063,23.528062,0.0],[120.815851,23.527446,0.0],[120.816228,23.52706,0.0],[120.816448,23.527124,0.0],[120.816677,23.527097,0.0],[120.817492,23.526594,0.0],[120.818059,23.526569,0.0],[120.818382,23.526357,0.0],[120.818464,23.525999,0.0],[120.818199,23.525596,0.0],[120.818176,23.525397,0.0],[120.818621,23.524802,0.0],[120.818628,23.524071,0.0],[120.819068,23.523616,0.0],[120.819036,23.522838,0.0],[120.819181,23.522647,0.0],[120.819429,23.522631,0.0],[120.819754,23.522846,0.0],[120.820049,23.522882,0.0],[120.820836,23.522465,0.0],[120.821314,23.522349,0.0],[120.821562,23.52241,0.0],[120.822021,23.522711,0.0],[120.822364,23.522653,0.0],[120.822562,23.522432,0.0],[120.822957,23.522423,0.0],[120.823373,23.52262,0.0],[120.82368,23.522853,0.0],[120.823968,23.523293,0.0],[120.824131,23.523817,0.0],[120.824189,23.52475,0.0],[120.824756,23.525454,0.0],[120.824895,23.525339,0.0],[120.825048,23.525556,0.0],[120.825848,23.524868,0.0],[120.825993,23.525045,0.0],[120.825976,23.525293,0.0],[120.826209,23.52543,0.0],[120.826623,23.525493,0.0],[120.83058,23.525422,0.0],[120.831181,23.525321,0.0],[120.831703,23.525057,0.0],[120.831793,23.524892,0.0],[120.831718,23.524573,0.0],[120.831305,23.524389,0.0],[120.830986,23.524428,0.0],[120.830236,23.524678,0.0],[120.829797,23.52495,0.0],[120.829092,23.525061,0.0],[120.828152,23.524992,0.0],[120.827316,23.524569,0.0],[120.826506,23.523911,0.0],[120.825925,23.52297,0.0],[120.825334,23.521018,0.0],[120.82494,23.520864,0.0],[120.824462,23.520808,0.0],[120.823,23.521128,0.0],[120.823029,23.520825,0.0],[120.821777,23.520931,0.0],[120.821477,23.520838,0.0],[120.821208,23.520721,0.0],[120.820784,23.520313,0.0],[120.820256,23.520018,0.0],[120.820115,23.519401,0.0],[120.819907,23.519171,0.0],[120.82033,23.518904,0.0],[120.820615,23.517693,0.0],[120.820755,23.517524,0.0],[120.820662,23.516559,0.0],[120.820753,23.516259,0.0],[120.820694,23.516036,0.0],[120.820514,23.515814,0.0],[120.819771,23.515649,0.0],[120.819901,23.514952,0.0],[120.820083,23.51459,0.0],[120.820326,23.514314,0.0],[120.821022,23.514135,0.0],[120.821558,23.513867,0.0],[120.822289,23.512395,0.0],[120.823075,23.511858,0.0],[120.823524,23.511284,0.0],[120.823485,23.510871,0.0],[120.823668,23.510483,0.0],[120.823595,23.509954,0.0],[120.823899,23.508898,0.0],[120.823837,23.508438,0.0],[120.823322,23.50777,0.0],[120.823766,23.506321,0.0],[120.824173,23.506151,0.0],[120.824094,23.505891,0.0],[120.824201,23.505791,0.0],[120.824292,23.504966,0.0],[120.824496,23.504267,0.0],[120.824306,23.503874,0.0],[120.824218,23.503137,0.0],[120.824261,23.502992,0.0],[120.824151,23.502768,0.0],[120.824319,23.501962,0.0],[120.823803,23.501211,0.0],[120.823539,23.500384,0.0],[120.823496,23.499883,0.0],[120.823324,23.499655,0.0],[120.82347,23.498567,0.0],[120.823924,23.497726,0.0],[120.824038,23.497292,0.0],[120.824353,23.496754,0.0],[120.824633,23.496608,0.0],[120.824963,23.496027,0.0],[120.825775,23.49524,0.0],[120.825807,23.495028,0.0],[120.825402,23.493209,0.0],[120.825458,23.491802,0.0],[120.825303,23.489711,0.0],[120.825504,23.489257,0.0],[120.82618,23.488515,0.0],[120.826229,23.488191,0.0],[120.826699,23.487927,0.0],[120.827377,23.487405,0.0],[120.827643,23.487293,0.0],[120.82837,23.48725,0.0],[120.829127,23.487084,0.0],[120.83002,23.487622,0.0],[120.830065,23.486419,0.0],[120.830381,23.484408,0.0],[120.830208,23.484339,0.0],[120.830156,23.484094,0.0],[120.82994,23.48402,0.0],[120.830025,23.483709,0.0],[120.829477,23.483181,0.0],[120.829389,23.482135,0.0],[120.829593,23.481471,0.0],[120.829965,23.481056,0.0],[120.830554,23.480638,0.0],[120.830364,23.4801,0.0],[120.830388,23.479764,0.0],[120.831651,23.477663,0.0],[120.832105,23.475813,0.0],[120.832642,23.474733,0.0],[120.832971,23.474503,0.0],[120.83354,23.47427,0.0],[120.8339,23.474145,0.0],[120.834398,23.474096,0.0],[120.834423,23.473936,0.0],[120.834897,23.4737,0.0],[120.835543,23.473021,0.0],[120.83568,23.472997,0.0],[120.836049,23.472536,0.0],[120.836649,23.472274,0.0],[120.837658,23.471989,0.0],[120.838082,23.471781,0.0],[120.838559,23.471784,0.0],[120.839034,23.471361,0.0],[120.839454,23.471318,0.0],[120.839775,23.471572,0.0],[120.839924,23.472016,0.0],[120.840242,23.4723,0.0],[120.840446,23.472625,0.0],[120.841064,23.473079,0.0],[120.841347,23.473723,0.0],[120.842219,23.473421,0.0],[120.843277,23.473392,0.0],[120.843503,23.473318,0.0],[120.84367,23.473159,0.0],[120.844972,23.472886,0.0],[120.845457,23.472948,0.0],[120.84608,23.473321,0.0],[120.846533,23.473329,0.0],[120.846987,23.473221,0.0],[120.847163,23.472973,0.0],[120.848783,23.472395,0.0],[120.848869,23.472179,0.0],[120.849302,23.472115,0.0],[120.850762,23.472477,0.0],[120.851152,23.473212,0.0],[120.852691,23.473371,0.0],[120.853163,23.473316,0.0],[120.854446,23.473436,0.0],[120.854658,23.473557,0.0],[120.854993,23.474019,0.0],[120.855678,23.474643,0.0],[120.855727,23.474578,0.0],[120.85579,23.474646,0.0],[120.856052,23.474237,0.0],[120.856047,23.473735,0.0],[120.856135,23.473511,0.0],[120.856579,23.473448,0.0],[120.856831,23.473491,0.0],[120.85908,23.47319,0.0],[120.859231,23.473369,0.0],[120.859701,23.4733,0.0],[120.860375,23.473602,0.0],[120.861107,23.473546,0.0],[120.862096,23.473684,0.0],[120.862894,23.473713,0.0],[120.863177,23.473806,0.0],[120.863334,23.473711,0.0],[120.863653,23.47371,0.0],[120.864879,23.473331,0.0],[120.866484,23.472479,0.0],[120.866947,23.47248,0.0],[120.867034,23.472734,0.0],[120.867252,23.472982,0.0],[120.86749,23.473591,0.0],[120.867646,23.474293,0.0],[120.867673,23.475102,0.0],[120.868126,23.475952,0.0],[120.8683,23.476967,0.0],[120.868085,23.47758,0.0],[120.868513,23.478581,0.0],[120.868448,23.479797,0.0],[120.868509,23.4809,0.0],[120.868296,23.482327,0.0],[120.867623,23.483577,0.0],[120.86761,23.484272,0.0],[120.867757,23.485449,0.0],[120.867172,23.488919,0.0],[120.867028,23.489354,0.0],[120.866644,23.489929,0.0],[120.86612,23.491032,0.0],[120.865584,23.49263,0.0],[120.865126,23.493148,0.0],[120.862982,23.494325,0.0],[120.862332,23.495849,0.0],[120.861981,23.496177,0.0],[120.860841,23.496885,0.0],[120.86056,23.497371,0.0],[120.860313,23.498201,0.0],[120.860217,23.498947,0.0],[120.860588,23.499883,0.0],[120.860823,23.50011,0.0],[120.861048,23.500978,0.0],[120.860718,23.50157,0.0],[120.86073,23.501729,0.0],[120.860368,23.502977,0.0],[120.860373,23.503867,0.0],[120.860497,23.504499,0.0],[120.860713,23.505019,0.0],[120.860782,23.505668,0.0],[120.861554,23.506122,0.0],[120.86274,23.507131,0.0],[120.863953,23.508385,0.0],[120.864555,23.508838,0.0],[120.865627,23.51102,0.0],[120.866505,23.511897,0.0],[120.867189,23.512801,0.0],[120.86773,23.515663,0.0],[120.868855,23.51869,0.0],[120.869954,23.520432,0.0],[120.870855,23.521496,0.0],[120.872438,23.522806,0.0],[120.873109,23.523508,0.0],[120.874084,23.52416,0.0],[120.875671,23.525014,0.0],[120.87635,23.525701,0.0],[120.876663,23.526808,0.0],[120.877165,23.527244,0.0],[120.877577,23.527989,0.0],[120.877708,23.528397,0.0],[120.877963,23.528516,0.0],[120.881738,23.531473,0.0],[120.882384,23.532511,0.0],[120.883083,23.533185,0.0],[120.883931,23.533549,0.0],[120.884326,23.53401,0.0],[120.884769,23.534278,0.0],[120.886179,23.534927,0.0],[120.886891,23.535409,0.0],[120.887853,23.536274,0.0],[120.888669,23.536067,0.0],[120.889441,23.536496,0.0],[120.891678,23.536643,0.0],[120.89203,23.536874,0.0],[120.892185,23.536873,0.0],[120.892403,23.53674,0.0],[120.89258,23.536784,0.0],[120.89337,23.536681,0.0],[120.893821,23.536941,0.0],[120.894006,23.537387,0.0],[120.894216,23.537543,0.0],[120.894473,23.537457,0.0],[120.894671,23.537714,0.0],[120.895013,23.53793,0.0],[120.895505,23.538035,0.0],[120.895916,23.538332,0.0],[120.896658,23.539736,0.0],[120.896916,23.539913,0.0],[120.898105,23.542547,0.0],[120.899217,23.54338,0.0],[120.899244,23.543867,0.0],[120.899172,23.544112,0.0],[120.8994,23.545602,0.0],[120.899714,23.54587,0.0],[120.8999,23.545989,0.0],[120.901713,23.545804,0.0],[120.901898,23.546176,0.0],[120.902305,23.546685,0.0],[120.903039,23.546774,0.0],[120.903385,23.546938,0.0],[120.903788,23.547488,0.0],[120.904134,23.547667,0.0],[120.9045,23.548191,0.0],[120.904694,23.548347,0.0],[120.906467,23.548675,0.0],[120.908359,23.549258,0.0],[120.908819,23.549328,0.0],[120.909485,23.549288,0.0],[120.909599,23.549716,0.0],[120.910881,23.551797,0.0],[120.911081,23.551785,0.0],[120.911192,23.5519,0.0],[120.911381,23.55177,0.0],[120.9115,23.552308,0.0],[120.911646,23.55202,0.0],[120.912221,23.552347,0.0],[120.912461,23.552356,0.0],[120.91257,23.552517,0.0],[120.912641,23.552405,0.0],[120.913035,23.552531,0.0],[120.913462,23.552551,0.0],[120.913964,23.553246,0.0],[120.914339,23.553432,0.0],[120.914638,23.554232,0.0],[120.915174,23.554869,0.0],[120.915688,23.555185,0.0],[120.915815,23.555396,0.0],[120.916376,23.555597,0.0],[120.916884,23.556298,0.0],[120.91728,23.556444,0.0],[120.917865,23.556345,0.0],[120.918065,23.556486,0.0],[120.918727,23.556582,0.0],[120.919461,23.556965,0.0],[120.91973,23.556943,0.0],[120.920208,23.5572,0.0],[120.920683,23.557912,0.0],[120.920545,23.558272,0.0],[120.920616,23.558557,0.0],[120.920523,23.558731,0.0],[120.920574,23.558813,0.0],[120.920457,23.560025,0.0],[120.920511,23.560035,0.0],[120.920933,23.559356,0.0],[120.921119,23.559431,0.0],[120.921219,23.559355,0.0],[120.921578,23.559377,0.0],[120.921693,23.559664,0.0],[120.922022,23.559798,0.0],[120.92223,23.559656,0.0],[120.922426,23.559642,0.0],[120.922674,23.559887,0.0],[120.922696,23.560073,0.0],[120.923542,23.560443,0.0],[120.923993,23.560392,0.0],[120.924504,23.559698,0.0],[120.92482,23.5596,0.0],[120.925143,23.559357,0.0],[120.925524,23.559509,0.0],[120.926538,23.559681,0.0],[120.927761,23.560207,0.0],[120.928372,23.559941,0.0],[120.929542,23.560222,0.0],[120.93009,23.560848,0.0],[120.930665,23.560447,0.0],[120.930779,23.560536,0.0],[120.930989,23.560548,0.0],[120.931936,23.560303,0.0],[120.93305,23.559851,0.0],[120.934986,23.559812,0.0],[120.935393,23.55964,0.0],[120.93603,23.559668,0.0],[120.936053,23.560008,0.0],[120.936373,23.560864,0.0],[120.93665,23.561982,0.0],[120.9371,23.562726,0.0],[120.937173,23.563019,0.0],[120.93746,23.563519,0.0],[120.938212,23.564608,0.0],[120.938399,23.564698,0.0],[120.937556,23.56893,0.0],[120.936918,23.569221,0.0],[120.935317,23.569749,0.0],[120.934738,23.569754,0.0],[120.933362,23.569387,0.0],[120.932846,23.569697,0.0],[120.931352,23.570211,0.0],[120.931091,23.570906,0.0],[120.931105,23.571265,0.0],[120.930874,23.572259,0.0],[120.930209,23.572904,0.0],[120.929592,23.57375,0.0],[120.929067,23.573808,0.0],[120.92857,23.574289,0.0],[120.92846,23.574731,0.0],[120.928489,23.575199,0.0],[120.927809,23.576032,0.0],[120.926986,23.577552,0.0],[120.926516,23.578758,0.0],[120.925489,23.579396,0.0],[120.924249,23.579117,0.0],[120.923989,23.579227,0.0],[120.923764,23.579229,0.0],[120.921967,23.578966,0.0],[120.921072,23.578997,0.0],[120.919871,23.57871,0.0],[120.91908,23.578275,0.0],[120.918171,23.577388,0.0],[120.917473,23.577067,0.0],[120.916934,23.576647,0.0],[120.915364,23.57647,0.0],[120.915132,23.576156,0.0],[120.912023,23.573585,0.0],[120.911802,23.573522,0.0],[120.911683,23.573326,0.0],[120.911615,23.573408,0.0],[120.911769,23.573944,0.0],[120.911756,23.574351,0.0],[120.910757,23.575016,0.0],[120.910144,23.575194,0.0],[120.909933,23.57493,0.0],[120.908058,23.575125,0.0],[120.907572,23.575539,0.0],[120.908621,23.576147,0.0],[120.908848,23.57654,0.0],[120.90967,23.577344,0.0],[120.909531,23.577621,0.0],[120.909516,23.578971,0.0],[120.909803,23.579494,0.0],[120.909967,23.580126,0.0],[120.910854,23.58223,0.0],[120.911127,23.585368,0.0],[120.909029,23.588332,0.0],[120.907517,23.589549,0.0],[120.907466,23.589807,0.0],[120.906742,23.59137,0.0],[120.906448,23.592435,0.0],[120.904728,23.592655,0.0],[120.903589,23.592617,0.0],[120.902076,23.594046,0.0],[120.901087,23.595111,0.0],[120.899726,23.595653,0.0],[120.898621,23.596777,0.0],[120.898216,23.597092,0.0],[120.897125,23.598528,0.0],[120.896365,23.600548,0.0],[120.896343,23.60086,0.0],[120.895452,23.601688,0.0],[120.895049,23.601584,0.0],[120.894718,23.601637,0.0],[120.894498,23.601872,0.0],[120.894079,23.60202,0.0],[120.896317,23.60544,0.0],[120.896177,23.606141,0.0],[120.896207,23.60638,0.0],[120.896025,23.606319,0.0],[120.896071,23.606852,0.0],[120.895949,23.607361,0.0],[120.895692,23.607927,0.0],[120.89579,23.608604,0.0],[120.895753,23.609455,0.0],[120.895228,23.610724,0.0],[120.89496,23.612101,0.0],[120.895009,23.612857,0.0],[120.89529,23.613528,0.0],[120.895698,23.614953,0.0],[120.895567,23.615901,0.0],[120.895377,23.616155,0.0],[120.895376,23.616376,0.0],[120.895609,23.616831,0.0],[120.895885,23.617086,0.0],[120.89755,23.618228,0.0],[120.898385,23.61957,0.0],[120.898894,23.620747,0.0],[120.899139,23.621998,0.0],[120.899101,23.622792,0.0],[120.898786,23.623922,0.0],[120.898847,23.624316,0.0],[120.898559,23.624592,0.0],[120.898461,23.625356,0.0],[120.897767,23.625746,0.0],[120.897349,23.626209,0.0],[120.897034,23.626378,0.0],[120.895821,23.626544,0.0],[120.895499,23.626816,0.0],[120.896317,23.628722,0.0],[120.896395,23.629109,0.0],[120.89624,23.631736,0.0],[120.896044,23.631952,0.0],[120.895876,23.632791,0.0],[120.89561,23.633278,0.0],[120.894365,23.634889,0.0],[120.892288,23.635867,0.0],[120.891568,23.637147,0.0],[120.890856,23.637999,0.0],[120.890572,23.638918,0.0],[120.889459,23.640632,0.0],[120.889209,23.641285,0.0],[120.888712,23.64211,0.0],[120.888024,23.643119,0.0],[120.886621,23.644809,0.0],[120.885985,23.646204,0.0],[120.885916,23.646518,0.0],[120.886085,23.647703,0.0],[120.88645,23.649256,0.0],[120.886426,23.649471,0.0],[120.886089,23.650015,0.0],[120.885648,23.650388,0.0],[120.885482,23.65063,0.0],[120.885448,23.651013,0.0],[120.885118,23.651839,0.0],[120.88499,23.652684,0.0],[120.88482,23.652777,0.0],[120.884603,23.653092,0.0],[120.883692,23.653954,0.0],[120.883504,23.655243,0.0],[120.88297,23.656133,0.0],[120.883032,23.656159,0.0],[120.882649,23.656992,0.0],[120.882405,23.657758,0.0],[120.882351,23.657747,0.0],[120.882151,23.658465,0.0],[120.881909,23.658537,0.0],[120.88222,23.658598,0.0],[120.883835,23.657896,0.0],[120.88418,23.65764,0.0],[120.884681,23.657413,0.0],[120.885225,23.65742,0.0],[120.885455,23.657286,0.0],[120.885838,23.656853,0.0],[120.886555,23.656253,0.0],[120.886635,23.655706,0.0],[120.886898,23.655173,0.0],[120.887078,23.654451,0.0],[120.887465,23.654077,0.0],[120.887959,23.653234,0.0],[120.888564,23.652513,0.0],[120.889335,23.652152,0.0],[120.890067,23.652171,0.0],[120.890403,23.653489,0.0],[120.890533,23.65348,0.0],[120.890988,23.654087,0.0],[120.896047,23.658527,0.0],[120.896646,23.658953,0.0],[120.897393,23.659724,0.0],[120.897976,23.660161,0.0],[120.898562,23.66111,0.0],[120.899277,23.663,0.0],[120.900149,23.664287,0.0],[120.900695,23.665558,0.0],[120.901241,23.666581,0.0],[120.901417,23.667205,0.0],[120.901782,23.667803,0.0],[120.902003,23.668098,0.0],[120.905247,23.670568,0.0],[120.90361,23.674426,0.0],[120.902893,23.674932,0.0],[120.902477,23.675593,0.0],[120.901846,23.67616,0.0],[120.901459,23.676624,0.0],[120.901131,23.676825,0.0],[120.90101,23.677132,0.0],[120.900967,23.678189,0.0],[120.900847,23.678919,0.0],[120.900897,23.679077,0.0],[120.901086,23.679174,0.0],[120.901124,23.679596,0.0],[120.900959,23.680195,0.0],[120.901423,23.681107,0.0],[120.900591,23.6821,0.0],[120.900691,23.682298,0.0],[120.900986,23.682504,0.0],[120.900687,23.682996,0.0],[120.900575,23.683349,0.0],[120.900639,23.683658,0.0],[120.900973,23.684192,0.0],[120.901158,23.684683,0.0],[120.900912,23.685639,0.0],[120.900771,23.68589,0.0],[120.900909,23.686864,0.0],[120.900716,23.687934,0.0],[120.902731,23.688969,0.0],[120.905303,23.6898,0.0],[120.907199,23.690989,0.0],[120.907525,23.690961,0.0],[120.908561,23.691378,0.0],[120.908564,23.691669,0.0],[120.908215,23.692241,0.0],[120.907998,23.692785,0.0],[120.908056,23.693115,0.0],[120.907978,23.693524,0.0],[120.908023,23.693926,0.0],[120.907278,23.694817,0.0],[120.906999,23.695007,0.0],[120.906576,23.695665,0.0],[120.905953,23.696377,0.0],[120.906027,23.696981,0.0],[120.905822,23.697238,0.0],[120.905718,23.697876,0.0],[120.905291,23.698886,0.0],[120.904354,23.699403,0.0],[120.904019,23.69998,0.0],[120.903599,23.700393,0.0],[120.903432,23.700759,0.0],[120.902964,23.70083,0.0],[120.902758,23.700955,0.0],[120.902667,23.701505,0.0],[120.902362,23.701742,0.0],[120.902193,23.702319,0.0],[120.901817,23.702749,0.0],[120.901291,23.703706,0.0],[120.900616,23.704164,0.0],[120.900335,23.70458,0.0],[120.899379,23.704905,0.0],[120.899147,23.705065,0.0],[120.898915,23.705373,0.0],[120.898625,23.70603,0.0],[120.897863,23.707142,0.0],[120.897166,23.707576,0.0],[120.896537,23.707796,0.0],[120.895627,23.708273,0.0],[120.895135,23.708639,0.0],[120.894517,23.708779,0.0],[120.894061,23.709292,0.0],[120.893026,23.709849,0.0],[120.892844,23.710161,0.0],[120.891067,23.710998,0.0],[120.888068,23.713168,0.0],[120.887176,23.713668,0.0],[120.886409,23.71424,0.0],[120.885398,23.715425,0.0],[120.884951,23.715708,0.0],[120.884405,23.716607,0.0],[120.883298,23.717589,0.0],[120.882154,23.718554,0.0],[120.880722,23.719255,0.0],[120.880893,23.71943,0.0],[120.881248,23.720075,0.0],[120.879002,23.721801,0.0],[120.877433,23.7244,0.0],[120.876782,23.724901,0.0],[120.8747,23.725891,0.0],[120.873497,23.726674,0.0],[120.873278,23.726821,0.0],[120.872641,23.727794,0.0],[120.872512,23.727608,0.0],[120.872312,23.727836,0.0],[120.872677,23.73178,0.0],[120.872711,23.733069,0.0],[120.873232,23.733298,0.0],[120.872724,23.734021,0.0],[120.872722,23.733954,0.0],[120.872634,23.734131,0.0],[120.872651,23.734442,0.0],[120.872839,23.734632,0.0],[120.873345,23.735974,0.0],[120.87277,23.73581,0.0],[120.87286,23.738629,0.0],[120.87223,23.740699,0.0],[120.871331,23.744804,0.0],[120.872125,23.745527,0.0],[120.873756,23.747318,0.0],[120.873845,23.747372,0.0],[120.873955,23.747291,0.0],[120.874041,23.747358,0.0],[120.873952,23.747505,0.0],[120.874128,23.747531,0.0],[120.874056,23.747614,0.0],[120.874703,23.748547,0.0],[120.875283,23.749146,0.0],[120.875387,23.749346,0.0],[120.875537,23.749431,0.0],[120.876578,23.750895,0.0],[120.876681,23.750888,0.0],[120.876526,23.75117,0.0],[120.877097,23.751838,0.0],[120.877415,23.752544,0.0],[120.877387,23.752822,0.0],[120.877579,23.754129,0.0],[120.877177,23.755678,0.0],[120.877649,23.757307,0.0],[120.877615,23.757514,0.0],[120.877718,23.757772,0.0],[120.877779,23.758238,0.0],[120.877722,23.75824,0.0],[120.878212,23.762074,0.0],[120.878224,23.7629,0.0],[120.878312,23.763176,0.0],[120.878744,23.763755,0.0],[120.878917,23.764384,0.0],[120.879148,23.764535,0.0],[120.879339,23.76429,0.0],[120.879488,23.764241,0.0],[120.879487,23.765565,0.0],[120.879298,23.765593,0.0],[120.879447,23.765756,0.0],[120.879591,23.766347,0.0],[120.879409,23.767081,0.0],[120.879519,23.767719,0.0],[120.879419,23.768301,0.0],[120.879228,23.768364,0.0],[120.879154,23.76851,0.0],[120.879227,23.768589,0.0],[120.879175,23.76885,0.0],[120.879078,23.768891,0.0],[120.879016,23.769038,0.0],[120.879682,23.769177,0.0],[120.879718,23.769441,0.0],[120.879637,23.769744,0.0],[120.879573,23.769722,0.0],[120.879532,23.769808,0.0],[120.878706,23.769599,0.0],[120.878433,23.769811,0.0],[120.878403,23.770033,0.0],[120.878299,23.770095,0.0],[120.877573,23.771428,0.0],[120.879507,23.770613,0.0],[120.879279,23.771729,0.0],[120.87866,23.772097,0.0],[120.878404,23.77231,0.0],[120.878378,23.772057,0.0],[120.87819,23.771947,0.0],[120.877955,23.772054,0.0],[120.877192,23.772077,0.0],[120.875789,23.772826,0.0],[120.872968,23.773305,0.0],[120.873619,23.773608,0.0],[120.873433,23.773924,0.0],[120.873314,23.773976,0.0],[120.872223,23.773911,0.0],[120.871561,23.774239,0.0],[120.87133,23.774473,0.0],[120.869903,23.776492,0.0],[120.870212,23.776833,0.0],[120.870232,23.777298,0.0],[120.869541,23.77749,0.0],[120.869161,23.777403,0.0],[120.869212,23.77733,0.0],[120.868654,23.777112,0.0],[120.869498,23.777848,0.0],[120.869437,23.7779,0.0],[120.869268,23.777753,0.0],[120.869063,23.778085,0.0],[120.869389,23.778088,0.0],[120.869882,23.7778,0.0],[120.87055,23.777676,0.0],[120.871322,23.777181,0.0],[120.871627,23.777167,0.0],[120.87207,23.777292,0.0],[120.873371,23.77848,0.0],[120.873601,23.778789,0.0],[120.873821,23.779181,0.0],[120.874104,23.780334,0.0],[120.874196,23.780333,0.0],[120.87425,23.779935,0.0],[120.875707,23.778991,0.0],[120.876893,23.778996,0.0],[120.877624,23.778641,0.0],[120.877685,23.77848,0.0],[120.877621,23.776055,0.0],[120.877536,23.77605,0.0],[120.877599,23.775978,0.0],[120.877237,23.774663,0.0],[120.876702,23.773886,0.0],[120.877223,23.773263,0.0],[120.877362,23.772969,0.0],[120.87833,23.772418,0.0],[120.878718,23.772084,0.0],[120.879119,23.771963,0.0],[120.879387,23.771786,0.0],[120.879759,23.771186,0.0],[120.880146,23.771577,0.0],[120.880298,23.771509,0.0],[120.881065,23.768999,0.0],[120.882668,23.767763,0.0],[120.883013,23.76783,0.0],[120.883319,23.767982,0.0],[120.883981,23.768565,0.0],[120.884156,23.768514,0.0],[120.884204,23.768567,0.0],[120.8841,23.768676,0.0],[120.886742,23.769099,0.0],[120.887317,23.768653,0.0],[120.887229,23.768557,0.0],[120.88731,23.768525,0.0],[120.887481,23.768653,0.0],[120.888253,23.768754,0.0],[120.888433,23.768919,0.0],[120.889322,23.76899,0.0],[120.889726,23.768616,0.0],[120.888802,23.766721,0.0],[120.889155,23.765519,0.0],[120.889173,23.764868,0.0],[120.888485,23.762883,0.0],[120.887387,23.762002,0.0],[120.887401,23.761527,0.0],[120.887535,23.761275,0.0],[120.887427,23.7612,0.0],[120.887339,23.760978,0.0],[120.887247,23.760397,0.0],[120.887041,23.760235,0.0],[120.887049,23.759743,0.0],[120.886516,23.758351,0.0],[120.885826,23.756163,0.0],[120.885281,23.754733,0.0],[120.885035,23.754588,0.0],[120.885046,23.754243,0.0],[120.885205,23.754193,0.0],[120.885401,23.754001,0.0],[120.886841,23.752395,0.0],[120.887372,23.751907,0.0],[120.888298,23.750623,0.0],[120.892186,23.748618,0.0],[120.891504,23.747861,0.0],[120.891561,23.747769,0.0],[120.89151,23.747382,0.0],[120.891293,23.746306,0.0],[120.891516,23.745911,0.0],[120.892255,23.743813,0.0],[120.892531,23.74334,0.0],[120.892438,23.741632,0.0],[120.893212,23.740838,0.0],[120.893699,23.73996,0.0],[120.893994,23.739622,0.0],[120.894579,23.738674,0.0],[120.895438,23.737618,0.0],[120.896161,23.737223,0.0],[120.896887,23.736973,0.0],[120.898493,23.735605,0.0],[120.899933,23.73375,0.0],[120.900084,23.732933,0.0],[120.900332,23.732614,0.0],[120.901047,23.732203,0.0],[120.901398,23.731889,0.0],[120.901502,23.731401,0.0],[120.901812,23.731281,0.0],[120.902088,23.730964,0.0],[120.903385,23.730181,0.0],[120.90342,23.729326,0.0],[120.903537,23.728987,0.0],[120.90332,23.727511,0.0],[120.904429,23.72633,0.0],[120.904088,23.726249,0.0],[120.903912,23.726101,0.0],[120.903994,23.725919,0.0],[120.903949,23.724673,0.0],[120.903426,23.724168,0.0],[120.903529,23.722908,0.0],[120.903829,23.722784,0.0],[120.90429,23.722442,0.0],[120.904611,23.72216,0.0],[120.904956,23.721694,0.0],[120.904729,23.720996,0.0],[120.9048,23.720866,0.0],[120.904715,23.720157,0.0],[120.90445,23.719376,0.0],[120.904878,23.719101,0.0],[120.905129,23.718835,0.0],[120.905463,23.718048,0.0],[120.905351,23.71775,0.0],[120.905593,23.717515,0.0],[120.905875,23.717399,0.0],[120.905931,23.717071,0.0],[120.906314,23.716998,0.0],[120.90647,23.716633,0.0],[120.90706,23.716444,0.0],[120.907529,23.716121,0.0],[120.908593,23.71595,0.0],[120.909269,23.716003,0.0],[120.909538,23.716127,0.0],[120.909773,23.716341,0.0],[120.909794,23.716638,0.0],[120.90967,23.716679,0.0],[120.909583,23.716892,0.0],[120.909068,23.717407,0.0],[120.909046,23.717785,0.0],[120.908842,23.718443,0.0],[120.908865,23.718748,0.0],[120.908531,23.719097,0.0],[120.908432,23.719584,0.0],[120.908181,23.720111,0.0],[120.908196,23.720364,0.0],[120.908288,23.720677,0.0],[120.908739,23.721505,0.0],[120.909528,23.722257,0.0],[120.909615,23.722897,0.0],[120.909955,23.723249,0.0],[120.910004,23.723816,0.0],[120.910187,23.724268,0.0],[120.910091,23.72469,0.0],[120.910225,23.725298,0.0],[120.910246,23.725875,0.0],[120.910589,23.726227,0.0],[120.911617,23.727632,0.0],[120.911916,23.728283,0.0],[120.911837,23.728837,0.0],[120.91155,23.729012,0.0],[120.911469,23.729286,0.0],[120.911831,23.729699,0.0],[120.911948,23.730489,0.0],[120.911831,23.731062,0.0],[120.912033,23.731578,0.0],[120.91179,23.731853,0.0],[120.911852,23.732639,0.0],[120.9114,23.732789,0.0],[120.911265,23.732915,0.0],[120.911178,23.733405,0.0],[120.911437,23.733752,0.0],[120.911678,23.734652,0.0],[120.911527,23.735201,0.0],[120.910883,23.736099,0.0],[120.910534,23.736309,0.0],[120.910396,23.736487,0.0],[120.909707,23.736628,0.0],[120.909573,23.737261,0.0],[120.909656,23.737686,0.0],[120.909942,23.737873,0.0],[120.910153,23.738292,0.0],[120.910589,23.738634,0.0],[120.910474,23.738868,0.0],[120.910262,23.738983,0.0],[120.910354,23.739239,0.0],[120.910014,23.739305,0.0],[120.909802,23.739648,0.0],[120.910139,23.739907,0.0],[120.91064,23.740067,0.0],[120.911117,23.74035,0.0],[120.91202,23.740703,0.0],[120.911772,23.742137,0.0],[120.911225,23.742478,0.0],[120.910734,23.743053,0.0],[120.909861,23.743822,0.0],[120.909805,23.744125,0.0],[120.909513,23.744534,0.0],[120.909181,23.745284,0.0],[120.908229,23.744608,0.0],[120.907021,23.744424,0.0],[120.906768,23.744188,0.0],[120.906646,23.744176,0.0],[120.906206,23.74452,0.0],[120.906307,23.744759,0.0],[120.906134,23.745598,0.0],[120.90615,23.746007,0.0],[120.906557,23.747137,0.0],[120.906527,23.747652,0.0],[120.906334,23.747881,0.0],[120.906389,23.748138,0.0],[120.906118,23.749901,0.0],[120.906332,23.75067,0.0],[120.906166,23.752345,0.0],[120.903703,23.754421,0.0],[120.90323,23.754424,0.0],[120.901046,23.754909,0.0],[120.90017,23.755401,0.0],[120.899486,23.756132,0.0],[120.898665,23.756714,0.0],[120.898784,23.756853,0.0],[120.897912,23.757116,0.0],[120.897623,23.757414,0.0],[120.897743,23.757503,0.0],[120.898273,23.757511,0.0],[120.898613,23.757359,0.0],[120.899388,23.757328,0.0],[120.899892,23.757144,0.0],[120.900323,23.756875,0.0],[120.900652,23.756639,0.0],[120.900939,23.756308,0.0],[120.901199,23.756205,0.0],[120.902068,23.75612,0.0],[120.903473,23.756644,0.0],[120.903842,23.756633,0.0],[120.904459,23.756745,0.0],[120.906082,23.757315,0.0],[120.909906,23.758378,0.0],[120.912184,23.758802,0.0],[120.91396,23.76,0.0],[120.914375,23.760026,0.0],[120.915166,23.760527,0.0],[120.915723,23.759741,0.0],[120.915776,23.759231,0.0],[120.915019,23.759012,0.0],[120.914203,23.758466,0.0],[120.913687,23.758026,0.0],[120.913351,23.757877,0.0],[120.91078,23.757226,0.0],[120.911092,23.756921,0.0],[120.911532,23.756177,0.0],[120.914283,23.754497,0.0],[120.915006,23.754422,0.0],[120.916038,23.754857,0.0],[120.916911,23.755973,0.0],[120.917018,23.756278,0.0],[120.916953,23.756954,0.0],[120.917276,23.757754,0.0],[120.917329,23.758663,0.0],[120.917171,23.760107,0.0],[120.916954,23.760598,0.0],[120.917026,23.760632,0.0],[120.919542,23.759265,0.0],[120.919946,23.759126,0.0],[120.920232,23.759141,0.0],[120.920504,23.759059,0.0],[120.921319,23.758612,0.0],[120.921507,23.759092,0.0],[120.921123,23.760152,0.0],[120.920874,23.761452,0.0],[120.920772,23.762724,0.0],[120.920537,23.763441,0.0],[120.920522,23.763839,0.0],[120.920422,23.764145,0.0],[120.920717,23.764347,0.0],[120.921207,23.764472,0.0],[120.923016,23.765217,0.0],[120.923216,23.765237,0.0],[120.923692,23.765055,0.0],[120.924072,23.765054,0.0],[120.924433,23.765226,0.0],[120.92544,23.765997,0.0],[120.925505,23.765958,0.0],[120.925538,23.766017,0.0],[120.925449,23.766086,0.0],[120.925589,23.766365,0.0],[120.9256,23.766711,0.0],[120.925915,23.767193,0.0],[120.9259,23.767523,0.0],[120.926097,23.767981,0.0],[120.926282,23.768023,0.0],[120.927437,23.767717,0.0],[120.927741,23.768114,0.0],[120.928026,23.767999,0.0],[120.928597,23.76755,0.0],[120.929722,23.767498,0.0],[120.929986,23.76693,0.0],[120.930811,23.766474,0.0],[120.931634,23.766235,0.0],[120.93208,23.765987,0.0],[120.932542,23.765915,0.0],[120.933241,23.765506,0.0],[120.93358,23.76557,0.0],[120.9336,23.765426,0.0],[120.934207,23.765333,0.0],[120.934347,23.765162,0.0],[120.934545,23.765132,0.0],[120.934636,23.764894,0.0],[120.9358,23.764527,0.0],[120.936066,23.764361,0.0],[120.936667,23.763416,0.0],[120.937564,23.762656,0.0],[120.939584,23.761639,0.0],[120.940626,23.761485,0.0],[120.940902,23.761357,0.0],[120.941396,23.761272,0.0],[120.942113,23.761643,0.0],[120.943062,23.761581,0.0],[120.943681,23.761663,0.0],[120.945666,23.762635,0.0],[120.946722,23.762971,0.0],[120.948165,23.762794,0.0],[120.948366,23.763352,0.0],[120.9481,23.763736,0.0],[120.947613,23.76423,0.0],[120.947435,23.764639,0.0],[120.947487,23.764936,0.0],[120.947212,23.765285,0.0],[120.947301,23.765349,0.0],[120.947708,23.76524,0.0],[120.94817,23.765256,0.0],[120.948275,23.765352,0.0],[120.948293,23.765485,0.0],[120.948127,23.765791,0.0],[120.948234,23.766069,0.0],[120.94866,23.766588,0.0],[120.948978,23.767458,0.0],[120.949177,23.767686,0.0],[120.949548,23.767854,0.0],[120.949553,23.76826,0.0],[120.94872,23.769334,0.0],[120.948657,23.769688,0.0],[120.948331,23.770176,0.0],[120.948048,23.770287,0.0],[120.947804,23.770162,0.0],[120.947466,23.770183,0.0],[120.947054,23.770339,0.0],[120.947098,23.770637,0.0],[120.946951,23.771053,0.0],[120.947007,23.772123,0.0],[120.947174,23.772239,0.0],[120.947967,23.772357,0.0],[120.948019,23.772515,0.0],[120.947837,23.772738,0.0],[120.947773,23.773226,0.0],[120.947656,23.773503,0.0],[120.947273,23.77377,0.0],[120.947248,23.773896,0.0],[120.947769,23.77426,0.0],[120.948124,23.774335,0.0],[120.949438,23.775025,0.0],[120.949588,23.775159,0.0],[120.949588,23.775318,0.0],[120.95003,23.775587,0.0],[120.950529,23.776406,0.0],[120.950622,23.776658,0.0],[120.950619,23.776992,0.0],[120.951005,23.777222,0.0],[120.951484,23.777981,0.0],[120.951085,23.778185,0.0],[120.950964,23.778359,0.0],[120.950964,23.779163,0.0],[120.951205,23.779442,0.0],[120.951374,23.779498,0.0],[120.951405,23.779726,0.0],[120.95174,23.780211,0.0],[120.952087,23.780535,0.0],[120.952264,23.780628,0.0],[120.952501,23.780571,0.0],[120.952675,23.780659,0.0],[120.952919,23.781284,0.0],[120.953049,23.781442,0.0],[120.952988,23.782046,0.0],[120.953052,23.782482,0.0],[120.953321,23.782944,0.0],[120.953896,23.783309,0.0],[120.954002,23.783535,0.0],[120.95378,23.783548,0.0],[120.953777,23.783659,0.0],[120.953969,23.783606,0.0],[120.953759,23.783927,0.0],[120.953604,23.784094,0.0],[120.952725,23.784605,0.0],[120.952396,23.785057,0.0],[120.952931,23.785841,0.0],[120.952942,23.786251,0.0],[120.952812,23.786698,0.0],[120.952915,23.787586,0.0],[120.952473,23.788057,0.0],[120.952018,23.788347,0.0],[120.951294,23.788534,0.0],[120.951042,23.788723,0.0],[120.950904,23.789224,0.0],[120.950819,23.789261,0.0],[120.950976,23.789353,0.0],[120.951415,23.789376,0.0],[120.952188,23.789266,0.0],[120.953092,23.789325,0.0],[120.954163,23.789267,0.0],[120.954806,23.789572,0.0],[120.955351,23.789622,0.0],[120.955243,23.790205,0.0],[120.95416,23.790067,0.0],[120.951923,23.789994,0.0],[120.949946,23.79006,0.0],[120.946512,23.789946,0.0],[120.941599,23.789639,0.0],[120.940234,23.789383,0.0],[120.939151,23.789042,0.0],[120.935828,23.787636,0.0],[120.934507,23.787222,0.0],[120.933057,23.787031,0.0],[120.930515,23.787089,0.0],[120.929362,23.787225,0.0],[120.924572,23.788655,0.0],[120.914537,23.793043,0.0],[120.913167,23.793263,0.0],[120.911555,23.792969,0.0],[120.909324,23.792202,0.0],[120.908826,23.791651,0.0],[120.908726,23.791007,0.0],[120.908747,23.789975,0.0],[120.909244,23.788204,0.0],[120.909458,23.786303,0.0],[120.909307,23.785812,0.0],[120.90902,23.785457,0.0],[120.908056,23.784856,0.0],[120.906782,23.784477,0.0],[120.90591,23.784314,0.0],[120.904045,23.784581,0.0],[120.902309,23.785007,0.0],[120.90034,23.785796,0.0],[120.898407,23.786255,0.0],[120.889297,23.786423,0.0],[120.888721,23.786376,0.0],[120.885682,23.785776,0.0],[120.884777,23.785459,0.0],[120.883056,23.784627,0.0],[120.881396,23.783931,0.0],[120.880267,23.783584,0.0],[120.878786,23.783472,0.0],[120.875364,23.783902,0.0],[120.874433,23.784083,0.0],[120.873602,23.784108,0.0],[120.873413,23.784025,0.0],[120.873283,23.783251,0.0],[120.873227,23.782272,0.0],[120.873325,23.781053,0.0],[120.873256,23.78038,0.0],[120.87306,23.779712,0.0],[120.872445,23.778654,0.0],[120.87214,23.778348,0.0],[120.871615,23.778169,0.0],[120.871365,23.778195,0.0],[120.870784,23.778321,0.0],[120.870514,23.778455,0.0],[120.86985,23.77916,0.0],[120.86949,23.779704,0.0],[120.868091,23.780943,0.0],[120.86802,23.781762,0.0],[120.868282,23.783194,0.0],[120.869895,23.786407,0.0],[120.869898,23.786786,0.0],[120.869786,23.787184,0.0],[120.869569,23.787526,0.0],[120.869338,23.787673,0.0],[120.86615,23.788774,0.0],[120.864054,23.789746,0.0],[120.862827,23.789941,0.0],[120.859198,23.790018,0.0],[120.858056,23.790129,0.0],[120.857422,23.790302,0.0],[120.85516,23.791316,0.0],[120.852675,23.793426,0.0],[120.84963,23.796221,0.0],[120.84823,23.798116,0.0],[120.846853,23.800643,0.0],[120.846206,23.802119,0.0],[120.844054,23.808987,0.0],[120.840426,23.815129,0.0],[120.83751,23.817693,0.0],[120.833927,23.819335,0.0],[120.829526,23.820391,0.0],[120.826734,23.820499,0.0],[120.822061,23.820187,0.0],[120.814233,23.818727,0.0],[120.80781,23.8178,0.0],[120.798365,23.815887,0.0],[120.79258,23.815778,0.0],[120.771267,23.816895,0.0],[120.764052,23.817151,0.0],[120.764143,23.819453,0.0],[120.76383,23.819584,0.0],[120.763528,23.819667,0.0],[120.76167,23.819777,0.0],[120.760101,23.819722,0.0],[120.759296,23.81977,0.0],[120.758773,23.81946,0.0],[120.756871,23.818763,0.0],[120.756619,23.818782,0.0],[120.755583,23.819187,0.0],[120.755236,23.81943,0.0],[120.754349,23.819492,0.0],[120.753448,23.819343,0.0],[120.753049,23.819388,0.0],[120.752331,23.819629,0.0],[120.751019,23.820457,0.0],[120.749841,23.820785,0.0],[120.749037,23.820801,0.0],[120.747699,23.821176,0.0],[120.74684,23.8216,0.0],[120.746246,23.821984,0.0],[120.745382,23.822727,0.0],[120.744709,23.823092,0.0],[120.743413,23.82347,0.0],[120.741829,23.823736,0.0],[120.740796,23.824079,0.0],[120.739214,23.824744,0.0],[120.736218,23.826197,0.0]],[[120.653028,23.6694,0.0],[120.653542,23.669351,0.0],[120.654494,23.669621,0.0],[120.655272,23.669663,0.0],[120.655758,23.669599,0.0],[120.655765,23.669689,0.0],[120.656468,23.669639,0.0],[120.656334,23.669263,0.0],[120.65561,23.66884,0.0],[120.655494,23.66867,0.0],[120.655406,23.667557,0.0],[120.655251,23.666695,0.0],[120.655751,23.666669,0.0],[120.655498,23.666446,0.0],[120.655284,23.666436,0.0],[120.65517,23.666338,0.0],[120.655133,23.666268,0.0],[120.65532,23.666169,0.0],[120.655127,23.666073,0.0],[120.655077,23.665796,0.0],[120.654179,23.664601,0.0],[120.653954,23.664582,0.0],[120.653854,23.664222,0.0],[120.653336,23.664225,0.0],[120.653212,23.664163,0.0],[120.652912,23.663333,0.0],[120.652583,23.663196,0.0],[120.652228,23.66314,0.0],[120.652105,23.663186,0.0],[120.65171,23.665337,0.0],[120.651834,23.666567,0.0],[120.652034,23.666939,0.0],[120.652464,23.667363,0.0],[120.652978,23.668104,0.0],[120.653056,23.668523,0.0],[120.653028,23.6694,0.0]]],[[[120.643445,23.733333,0.0],[120.643433,23.733257,0.0],[120.643455,23.733271,0.0],[120.643445,23.733333,0.0]]],[[[120.643452,23.73347,0.0],[120.643449,23.733477,0.0],[120.643449,23.733466,0.0],[120.643452,23.73347,0.0]]],[[[120.653034,23.735261,0.0],[120.652972,23.735294,0.0],[120.652966,23.735256,0.0],[120.653034,23.735261,0.0]]],[[[120.874219,23.735941,0.0],[120.874334,23.736149,0.0],[120.873696,23.736215,0.0],[120.873917,23.736066,0.0],[120.873893,23.735956,0.0],[120.874219,23.735941,0.0]]],[[[120.872801,23.742121,0.0],[120.873213,23.742332,0.0],[120.873256,23.742257,0.0],[120.873356,23.742274,0.0],[120.873189,23.742575,0.0],[120.872796,23.742455,0.0],[120.87262,23.74272,0.0],[120.872626,23.742926,0.0],[120.872458,23.743064,0.0],[120.871935,23.743103,0.0],[120.872071,23.742784,0.0],[120.872801,23.742121,0.0]]],[[[120.871833,23.743608,0.0],[120.872074,23.743603,0.0],[120.871975,23.743778,0.0],[120.871841,23.743762,0.0],[120.871833,23.743608,0.0]]],[[[120.990123,23.797761,0.0],[120.990161,23.797992,0.0],[120.990042,23.798334,0.0],[120.989569,23.798788,0.0],[120.989199,23.798907,0.0],[120.984329,23.799136,0.0],[120.983295,23.798973,0.0],[120.982382,23.798713,0.0],[120.981342,23.798169,0.0],[120.981169,23.798005,0.0],[120.980117,23.79536,0.0],[120.979724,23.794958,0.0],[120.979466,23.794772,0.0],[120.978502,23.794545,0.0],[120.977572,23.794658,0.0],[120.978364,23.794094,0.0],[120.978979,23.793916,0.0],[120.980215,23.794329,0.0],[120.981211,23.795101,0.0],[120.981032,23.794249,0.0],[120.980824,23.794201,0.0],[120.980673,23.794048,0.0],[120.980839,23.793699,0.0],[120.980918,23.793211,0.0],[120.982196,23.791517,0.0],[120.98202,23.791394,0.0],[120.981764,23.790985,0.0],[120.981568,23.790892,0.0],[120.981309,23.790593,0.0],[120.981208,23.790026,0.0],[120.980874,23.789738,0.0],[120.980371,23.789589,0.0],[120.979118,23.789608,0.0],[120.978725,23.789324,0.0],[120.978517,23.789113,0.0],[120.978018,23.788215,0.0],[120.977685,23.787854,0.0],[120.977512,23.787531,0.0],[120.977137,23.787164,0.0],[120.976358,23.786723,0.0],[120.976242,23.786729,0.0],[120.976144,23.786088,0.0],[120.97591,23.785821,0.0],[120.971449,23.784925,0.0],[120.971289,23.785053,0.0],[120.971352,23.784898,0.0],[120.971692,23.784594,0.0],[120.971876,23.784629,0.0],[120.972034,23.784525,0.0],[120.972251,23.783906,0.0],[120.972225,23.78379,0.0],[120.972362,23.783748,0.0],[120.973209,23.784035,0.0],[120.973703,23.783925,0.0],[120.974286,23.783305,0.0],[120.974968,23.782187,0.0],[120.975615,23.781584,0.0],[120.975799,23.780857,0.0],[120.975794,23.780646,0.0],[120.97559,23.78008,0.0],[120.975614,23.779943,0.0],[120.976026,23.779638,0.0],[120.976461,23.778639,0.0],[120.976864,23.777995,0.0],[120.977136,23.777796,0.0],[120.977052,23.777588,0.0],[120.976857,23.77739,0.0],[120.976236,23.777093,0.0],[120.976182,23.776888,0.0],[120.976564,23.776483,0.0],[120.976628,23.776184,0.0],[120.976922,23.775888,0.0],[120.97709,23.775855,0.0],[120.977662,23.775961,0.0],[120.978058,23.775781,0.0],[120.978031,23.775553,0.0],[120.977536,23.775375,0.0],[120.977419,23.775226,0.0],[120.97746,23.775029,0.0],[120.977916,23.774819,0.0],[120.978062,23.77453,0.0],[120.977932,23.774157,0.0],[120.977545,23.773751,0.0],[120.977378,23.772771,0.0],[120.977454,23.772283,0.0],[120.978142,23.770455,0.0],[120.978018,23.769414,0.0],[120.977846,23.768735,0.0],[120.978068,23.768777,0.0],[120.978226,23.76866,0.0],[120.978263,23.768732,0.0],[120.978136,23.768799,0.0],[120.978435,23.768854,0.0],[120.979011,23.769374,0.0],[120.979416,23.769495,0.0],[120.979751,23.769477,0.0],[120.980093,23.77,0.0],[120.980433,23.769951,0.0],[120.980856,23.769773,0.0],[120.982421,23.770268,0.0],[120.983541,23.77079,0.0],[120.984064,23.77192,0.0],[120.98456,23.773318,0.0],[120.984594,23.773705,0.0],[120.984514,23.773775,0.0],[120.985025,23.774521,0.0],[120.985865,23.774969,0.0],[120.986291,23.775359,0.0],[120.986308,23.775514,0.0],[120.986499,23.775713,0.0],[120.987465,23.776059,0.0],[120.987698,23.776254,0.0],[120.987526,23.776413,0.0],[120.987609,23.776549,0.0],[120.98835,23.776891,0.0],[120.988641,23.776945,0.0],[120.988778,23.777061,0.0],[120.988961,23.77727,0.0],[120.989166,23.778042,0.0],[120.989668,23.778559,0.0],[120.990271,23.778764,0.0],[120.990626,23.7793,0.0],[120.990705,23.779828,0.0],[120.990944,23.780273,0.0],[120.99095,23.780684,0.0],[120.991211,23.781438,0.0],[120.992019,23.781858,0.0],[120.992259,23.782152,0.0],[120.99298,23.782648,0.0],[120.993034,23.783095,0.0],[120.993234,23.783312,0.0],[120.993326,23.783556,0.0],[120.993428,23.783658,0.0],[120.9938,23.783703,0.0],[120.994925,23.785013,0.0],[120.995331,23.785003,0.0],[120.995873,23.785302,0.0],[120.996313,23.786262,0.0],[120.997105,23.787183,0.0],[120.997407,23.787001,0.0],[120.997772,23.786383,0.0],[120.999052,23.784718,0.0],[120.999255,23.784554,0.0],[121.000578,23.783693,0.0],[121.001222,23.783416,0.0],[121.003174,23.783064,0.0],[121.004545,23.783502,0.0],[121.005778,23.784059,0.0],[121.007252,23.785,0.0],[121.008636,23.785627,0.0],[121.009236,23.785785,0.0],[121.009658,23.786035,0.0],[121.010821,23.786239,0.0],[121.010411,23.786272,0.0],[121.009224,23.785992,0.0],[121.007205,23.785235,0.0],[121.005737,23.78436,0.0],[121.003443,23.783566,0.0],[121.003042,23.783499,0.0],[121.00264,23.783526,0.0],[121.001656,23.783687,0.0],[121.001268,23.78383,0.0],[121.000106,23.784653,0.0],[120.997997,23.787313,0.0],[120.996869,23.789199,0.0],[120.996634,23.789307,0.0],[120.994385,23.78934,0.0],[120.992713,23.788601,0.0],[120.990636,23.788618,0.0],[120.989894,23.78872,0.0],[120.989482,23.789033,0.0],[120.989131,23.78968,0.0],[120.989001,23.790926,0.0],[120.989141,23.79136,0.0],[120.990261,23.791885,0.0],[120.99059,23.792234,0.0],[120.990662,23.792451,0.0],[120.9906,23.792848,0.0],[120.990051,23.793662,0.0],[120.989292,23.794354,0.0],[120.98915,23.794895,0.0],[120.989291,23.796326,0.0],[120.989509,23.796969,0.0],[120.990123,23.797761,0.0]],[[120.988066,23.792942,0.0],[120.987597,23.793345,0.0],[120.98737,23.794048,0.0],[120.987166,23.794259,0.0],[120.986833,23.794847,0.0],[120.986815,23.795146,0.0],[120.986966,23.795844,0.0],[120.986805,23.796168,0.0],[120.986858,23.796437,0.0],[120.987392,23.797353,0.0],[120.988409,23.797313,0.0],[120.98826,23.796357,0.0],[120.988381,23.794766,0.0],[120.988697,23.794,0.0],[120.989497,23.793055,0.0],[120.989488,23.792517,0.0],[120.989389,23.79212,0.0],[120.989211,23.791839,0.0],[120.988604,23.791609,0.0],[120.986882,23.791651,0.0],[120.986706,23.791721,0.0],[120.986625,23.792188,0.0],[120.987029,23.792363,0.0],[120.98802,23.792559,0.0],[120.988116,23.792734,0.0],[120.988066,23.792942,0.0]],[[120.987819,23.781916,0.0],[120.988164,23.782222,0.0],[120.988384,23.782269,0.0],[120.988456,23.782364,0.0],[120.988752,23.782334,0.0],[120.98932,23.782679,0.0],[120.989873,23.782761,0.0],[120.990227,23.782991,0.0],[120.990563,23.783025,0.0],[120.990893,23.783252,0.0],[120.991145,23.783537,0.0],[120.991737,23.783869,0.0],[120.991993,23.783716,0.0],[120.991768,23.782803,0.0],[120.99129,23.782168,0.0],[120.991018,23.782386,0.0],[120.990795,23.782276,0.0],[120.99047,23.782249,0.0],[120.989696,23.7816,0.0],[120.989575,23.781751,0.0],[120.989091,23.781601,0.0],[120.988617,23.781042,0.0],[120.988213,23.78088,0.0],[120.988171,23.780681,0.0],[120.987834,23.780516,0.0],[120.987124,23.780448,0.0],[120.986679,23.780566,0.0],[120.986008,23.780554,0.0],[120.985672,23.780282,0.0],[120.985425,23.779862,0.0],[120.985463,23.779757,0.0],[120.98564,23.779555,0.0],[120.986282,23.779626,0.0],[120.986405,23.779345,0.0],[120.9863,23.778997,0.0],[120.985745,23.77883,0.0],[120.985954,23.778357,0.0],[120.98631,23.778296,0.0],[120.986295,23.778036,0.0],[120.985556,23.77787,0.0],[120.985129,23.777441,0.0],[120.984985,23.776678,0.0],[120.984662,23.776756,0.0],[120.984491,23.776876,0.0],[120.984396,23.776849,0.0],[120.984108,23.776648,0.0],[120.983992,23.776322,0.0],[120.983891,23.776236,0.0],[120.98305,23.776012,0.0],[120.981679,23.776095,0.0],[120.981225,23.77601,0.0],[120.980497,23.776125,0.0],[120.98044,23.776538,0.0],[120.98018,23.776852,0.0],[120.980269,23.777242,0.0],[120.980023,23.777972,0.0],[120.980009,23.77827,0.0],[120.979901,23.778354,0.0],[120.979949,23.779028,0.0],[120.979895,23.779509,0.0],[120.980021,23.780497,0.0],[120.979979,23.780985,0.0],[120.980039,23.781462,0.0],[120.980475,23.781517,0.0],[120.980798,23.781318,0.0],[120.980916,23.781146,0.0],[120.981117,23.781123,0.0],[120.982039,23.781279,0.0],[120.982574,23.781481,0.0],[120.983152,23.781275,0.0],[120.983258,23.781047,0.0],[120.983367,23.781074,0.0],[120.983522,23.780951,0.0],[120.984311,23.781171,0.0],[120.984501,23.781434,0.0],[120.984928,23.781665,0.0],[120.985076,23.781688,0.0],[120.985529,23.781307,0.0],[120.98592,23.78128,0.0],[120.986821,23.78171,0.0],[120.987322,23.781752,0.0],[120.987384,23.781249,0.0],[120.987843,23.781112,0.0],[120.988064,23.781366,0.0],[120.988022,23.781822,0.0],[120.987819,23.781916,0.0]]],[[[120.966498,23.788805,0.0],[120.966284,23.788287,0.0],[120.966355,23.788212,0.0],[120.966462,23.788118,0.0],[120.968371,23.790017,0.0],[120.96839,23.789966,0.0],[120.968371,23.790018,0.0],[120.968962,23.790598,0.0],[120.970261,23.792165,0.0],[120.970434,23.79267,0.0],[120.970504,23.794295,0.0],[120.96986,23.792667,0.0],[120.969238,23.7917,0.0],[120.967637,23.789826,0.0],[120.967135,23.789453,0.0],[120.966498,23.788805,0.0]]],[[[120.974186,23.796457,0.0],[120.973504,23.796791,0.0],[120.97269,23.796913,0.0],[120.97242,23.796861,0.0],[120.974546,23.795768,0.0],[120.975039,23.795593,0.0],[120.974602,23.796139,0.0],[120.974186,23.796457,0.0]]]]},{"type":"Point","coordinates":[120.638043,23.658735,0.0]}]}},
{"type":"Feature","properties":{"Id":17,"Zone":"西部","Name":"西七"},"geometry":{"type":"MultiPolygon","coordinates":[[[[120.713359,23.571718,0.0],[120.713047,23.571462,0.0],[120.712664,23.571345,0.0],[120.713626,23.571256,0.0],[120.714734,23.570814,0.0],[120.715771,23.571063,0.0],[120.716098,23.571066,0.0],[120.71628,23.570801,0.0],[120.716413,23.569999,0.0],[120.717403,23.569175,0.0],[120.717943,23.569044,0.0],[120.71827,23.569047,0.0],[120.718757,23.569247,0.0],[120.718355,23.569396,0.0],[120.718094,23.570136,0.0],[120.71787,23.570519,0.0],[120.717542,23.570868,0.0],[120.717094,23.571136,0.0],[120.716459,23.5713,0.0],[120.715948,23.571211,0.0],[120.715399,23.57123,0.0],[120.714535,23.571578,0.0],[120.714087,23.571404,0.0],[120.713872,23.571662,0.0],[120.713359,23.571718,0.0]]],[[[120.711217,23.571203,0.0],[120.710924,23.571253,0.0],[120.710828,23.571353,0.0],[120.71056,23.571737,0.0],[120.710163,23.572571,0.0],[120.710042,23.574422,0.0],[120.709927,23.575066,0.0],[120.709585,23.57544,0.0],[120.709001,23.575665,0.0],[120.709203,23.575485,0.0],[120.709426,23.574901,0.0],[120.709518,23.574269,0.0],[120.709409,23.573624,0.0],[120.709426,23.572498,0.0],[120.709498,23.572077,0.0],[120.709862,23.571409,0.0],[120.71005,23.57119,0.0],[120.710422,23.570961,0.0],[120.711003,23.570834,0.0],[120.711512,23.570904,0.0],[120.712462,23.571302,0.0],[120.711217,23.571203,0.0]]],[[[120.731247,23.612108,0.0],[120.73122,23.613299,0.0],[120.731294,23.614368,0.0],[120.731127,23.615242,0.0],[120.730641,23.616481,0.0],[120.730502,23.615972,0.0],[120.730571,23.615666,0.0],[120.730538,23.615129,0.0],[120.730819,23.614505,0.0],[120.731,23.612962,0.0],[120.730971,23.611751,0.0],[120.730651,23.610929,0.0],[120.730909,23.610897,0.0],[120.731247,23.612108,0.0]]],[[[120.725425,23.621792,0.0],[120.724853,23.621743,0.0],[120.725014,23.621697,0.0],[120.725425,23.621792,0.0]]],[[[120.71807,23.629843,0.0],[120.718174,23.629917,0.0],[120.717905,23.629756,0.0],[120.71807,23.629843,0.0]]],[[[120.646167,23.687219,0.0],[120.645808,23.687502,0.0],[120.645809,23.6875,0.0],[120.646167,23.687219,0.0],[120.646923,23.686932,0.0],[120.646564,23.687113,0.0],[120.646167,23.687219,0.0]]],[[[120.646725,23.685686,0.0],[120.646601,23.685617,0.0],[120.646629,23.685399,0.0],[120.646352,23.685102,0.0],[120.646341,23.684923,0.0],[120.646592,23.68447,0.0],[120.647666,23.683666,0.0],[120.64732,23.683959,0.0],[120.646592,23.68447,0.0],[120.646341,23.684923,0.0],[120.64672,23.68529,0.0],[120.646725,23.685686,0.0]]],[[[120.647671,23.683662,0.0],[120.647671,23.683662,0.0],[120.647711,23.683634,0.0],[120.647671,23.683662,0.0]]],[[[120.648176,23.683019,0.0],[120.648191,23.68272,0.0],[120.648191,23.682717,0.0],[120.648272,23.682859,0.0],[120.648176,23.683019,0.0]]],[[[120.648167,23.682003,0.0],[120.648172,23.681857,0.0],[120.648149,23.681592,0.0],[120.648172,23.681857,0.0],[120.648167,23.682003,0.0]]],[[[120.647845,23.680389,0.0],[120.64783,23.680351,0.0],[120.64783,23.680351,0.0],[120.647845,23.680389,0.0]]],[[[120.64777,23.68025,0.0],[120.647519,23.679854,0.0],[120.647601,23.679763,0.0],[120.647201,23.679252,0.0],[120.647127,23.67927,0.0],[120.647019,23.679003,0.0],[120.647,23.678665,0.0],[120.647057,23.679098,0.0],[120.647443,23.679304,0.0],[120.647552,23.679454,0.0],[120.647641,23.679763,0.0],[120.647546,23.679895,0.0],[120.647642,23.680039,0.0],[120.64777,23.68025,0.0]]],[[[120.646953,23.678469,0.0],[120.646797,23.678087,0.0],[120.646973,23.678267,0.0],[120.646953,23.678469,0.0]]],[[[120.64679,23.678071,0.0],[120.646541,23.677804,0.0],[120.646368,23.677309,0.0],[120.646535,23.676545,0.0],[120.646508,23.676851,0.0],[120.646368,23.677309,0.0],[120.646541,23.677804,0.0],[120.64679,23.678071,0.0]]],[[[120.646441,23.675971,0.0],[120.646521,23.675892,0.0],[120.646496,23.676021,0.0],[120.646441,23.675971,0.0]]],[[[120.646428,23.692947,0.0],[120.646578,23.692191,0.0],[120.64648,23.691779,0.0],[120.64617,23.691363,0.0],[120.646593,23.691738,0.0],[120.646635,23.692322,0.0],[120.646494,23.693088,0.0],[120.646428,23.692947,0.0]]],[[[120.6458,23.690221,0.0],[120.645883,23.689591,0.0],[120.64571,23.688527,0.0],[120.645924,23.689449,0.0],[120.6458,23.690221,0.0]]],[[[120.645633,23.69559,0.0],[120.645699,23.695904,0.0],[120.64559,23.695983,0.0],[120.645633,23.69559,0.0]]],[[[120.645794,23.695098,0.0],[120.646,23.694526,0.0],[120.646093,23.694015,0.0],[120.646,23.694526,0.0],[120.645794,23.695098,0.0]]],[[[120.644661,23.697658,0.0],[120.644913,23.697311,0.0],[120.645138,23.697035,0.0],[120.644913,23.697311,0.0],[120.644661,23.697658,0.0]]],[[[120.645209,23.696914,0.0],[120.64535,23.696612,0.0],[120.645412,23.696369,0.0],[120.64535,23.696612,0.0],[120.645209,23.696914,0.0]]],[[[120.644129,23.698664,0.0],[120.644063,23.698775,0.0],[120.644372,23.698248,0.0],[120.644129,23.698664,0.0]]],[[[120.643891,23.699453,0.0],[120.643712,23.699605,0.0],[120.643766,23.699356,0.0],[120.643891,23.699453,0.0]]],[[[120.645373,23.7035,0.0],[120.645126,23.703733,0.0],[120.645123,23.703919,0.0],[120.645038,23.704007,0.0],[120.645032,23.703818,0.0],[120.645373,23.7035,0.0],[120.645412,23.703353,0.0],[120.645373,23.7035,0.0]]],[[[120.64542,23.703323,0.0],[120.645478,23.703105,0.0],[120.645459,23.702872,0.0],[120.645668,23.703207,0.0],[120.64542,23.703323,0.0]]],[[[120.645352,23.702349,0.0],[120.645064,23.701799,0.0],[120.64461,23.701378,0.0],[120.644465,23.701337,0.0],[120.64436,23.701169,0.0],[120.644693,23.701269,0.0],[120.644966,23.701522,0.0],[120.645337,23.702029,0.0],[120.645352,23.702349,0.0]]],[[[120.644103,23.700617,0.0],[120.644033,23.700445,0.0],[120.643716,23.700162,0.0],[120.643665,23.699988,0.0],[120.643896,23.700218,0.0],[120.644088,23.700521,0.0],[120.644103,23.700617,0.0]]],[[[120.643202,23.705221,0.0],[120.642945,23.705358,0.0],[120.643004,23.705321,0.0],[120.643,23.705303,0.0],[120.643104,23.705219,0.0],[120.643553,23.704859,0.0],[120.643843,23.704634,0.0],[120.643553,23.704859,0.0],[120.643202,23.705221,0.0]]],[[[120.644031,23.704496,0.0],[120.644305,23.704297,0.0],[120.644564,23.704124,0.0],[120.644305,23.704297,0.0],[120.644031,23.704496,0.0]]],[[[120.640425,23.708179,0.0],[120.640323,23.708283,0.0],[120.640397,23.708183,0.0],[120.64034,23.708093,0.0],[120.640613,23.707389,0.0],[120.640484,23.707724,0.0],[120.640425,23.708179,0.0]]],[[[120.640694,23.707125,0.0],[120.640731,23.706956,0.0],[120.640856,23.706588,0.0],[120.641202,23.706019,0.0],[120.640974,23.706516,0.0],[120.640829,23.706668,0.0],[120.640694,23.707125,0.0]]],[[[120.64128,23.705924,0.0],[120.641781,23.705722,0.0],[120.642315,23.705755,0.0],[120.642707,23.705532,0.0],[120.642315,23.705755,0.0],[120.641781,23.705722,0.0],[120.64128,23.705924,0.0]]],[[[120.642862,23.705414,0.0],[120.642886,23.705395,0.0],[120.642886,23.705395,0.0],[120.642862,23.705414,0.0]]],[[[120.640177,23.708401,0.0],[120.640188,23.708392,0.0],[120.640154,23.708425,0.0],[120.640177,23.708401,0.0]]],[[[120.640777,23.713844,0.0],[120.640695,23.713887,0.0],[120.640718,23.714148,0.0],[120.640646,23.71428,0.0],[120.64052,23.71407,0.0],[120.640685,23.713893,0.0],[120.640777,23.713844,0.0],[120.640676,23.713266,0.0],[120.640777,23.713844,0.0]]],[[[120.639695,23.711936,0.0],[120.639661,23.711865,0.0],[120.639705,23.71193,0.0],[120.639695,23.711936,0.0]]],[[[120.639469,23.710985,0.0],[120.639549,23.710748,0.0],[120.640166,23.71021,0.0],[120.640335,23.709864,0.0],[120.640166,23.71021,0.0],[120.639919,23.710467,0.0],[120.639549,23.710748,0.0],[120.639469,23.710985,0.0]]],[[[120.640134,23.709359,0.0],[120.639949,23.709216,0.0],[120.639871,23.70888,0.0],[120.639989,23.70865,0.0],[120.639871,23.70888,0.0],[120.640134,23.709359,0.0]]],[[[120.639936,23.714368,0.0],[120.639769,23.714589,0.0],[120.640043,23.715064,0.0],[120.640481,23.715305,0.0],[120.640388,23.715532,0.0],[120.639838,23.715011,0.0],[120.639729,23.71464,0.0],[120.640021,23.714257,0.0],[120.640161,23.714346,0.0],[120.639936,23.714368,0.0]]],[[[120.640258,23.715827,0.0],[120.640215,23.715776,0.0],[120.640295,23.715683,0.0],[120.640258,23.715827,0.0]]],[[[120.640317,23.716608,0.0],[120.640484,23.71719,0.0],[120.640732,23.717579,0.0],[120.640744,23.718706,0.0],[120.640733,23.718375,0.0],[120.640477,23.717722,0.0],[120.640464,23.717415,0.0],[120.640338,23.71724,0.0],[120.640317,23.716608,0.0]]],[[[120.640993,23.720389,0.0],[120.640914,23.720218,0.0],[120.640994,23.720351,0.0],[120.640993,23.720389,0.0]]],[[[120.6407,23.71959,0.0],[120.64068,23.719519,0.0],[120.640753,23.719224,0.0],[120.64068,23.719519,0.0],[120.6407,23.71959,0.0]]],[[[120.641385,23.722895,0.0],[120.641592,23.722435,0.0],[120.641359,23.722195,0.0],[120.64109,23.72156,0.0],[120.641026,23.720548,0.0],[120.641072,23.720766,0.0],[120.641103,23.721165,0.0],[120.641097,23.721347,0.0],[120.641157,23.721571,0.0],[120.641678,23.722283,0.0],[120.641385,23.722895,0.0]]],[[[120.641117,23.723295,0.0],[120.641203,23.723123,0.0],[120.641274,23.723072,0.0],[120.641117,23.723295,0.0]]],[[[120.641353,23.724322,0.0],[120.641371,23.724455,0.0],[120.641284,23.724573,0.0],[120.641228,23.72424,0.0],[120.640947,23.72389,0.0],[120.640976,23.723732,0.0],[120.641353,23.724322,0.0]]],[[[120.640966,23.724855,0.0],[120.641289,23.724606,0.0],[120.641059,23.724785,0.0],[120.641,23.725034,0.0],[120.640939,23.725026,0.0],[120.640966,23.724855,0.0]]],[[[120.640031,23.725436,0.0],[120.640106,23.725772,0.0],[120.639953,23.725932,0.0],[120.639955,23.725523,0.0],[120.640146,23.725303,0.0],[120.640304,23.725181,0.0],[120.640031,23.725436,0.0]]],[[[120.640844,23.730563,0.0],[120.64083,23.730564,0.0],[120.640853,23.73055,0.0],[120.640844,23.730563,0.0]]],[[[120.640313,23.730512,0.0],[120.640022,23.730047,0.0],[120.639891,23.729717,0.0],[120.639894,23.729496,0.0],[120.639691,23.729156,0.0],[120.639698,23.728793,0.0],[120.639809,23.728633,0.0],[120.639757,23.7282,0.0],[120.639962,23.72783,0.0],[120.639903,23.727302,0.0],[120.639672,23.726979,0.0],[120.639538,23.726397,0.0],[120.6397,23.726247,0.0],[120.639696,23.726507,0.0],[120.640144,23.727672,0.0],[120.639911,23.728003,0.0],[120.639812,23.728577,0.0],[120.639839,23.72902,0.0],[120.640045,23.729384,0.0],[120.640003,23.729683,0.0],[120.640078,23.730114,0.0],[120.640313,23.730512,0.0]]],[[[120.642224,23.731067,0.0],[120.642036,23.730938,0.0],[120.641961,23.730718,0.0],[120.641827,23.730592,0.0],[120.641666,23.730517,0.0],[120.64103,23.730481,0.0],[120.641554,23.730381,0.0],[120.641965,23.73055,0.0],[120.642224,23.731067,0.0]]],[[[120.643098,23.733836,0.0],[120.643003,23.733037,0.0],[120.642851,23.732725,0.0],[120.642744,23.732094,0.0],[120.642829,23.732133,0.0],[120.642682,23.73194,0.0],[120.642861,23.732025,0.0],[120.642987,23.732235,0.0],[120.643335,23.733196,0.0],[120.643441,23.733273,0.0],[120.643329,23.733841,0.0],[120.643308,23.7337,0.0],[120.643098,23.733836,0.0]]],[[[120.649585,23.746952,0.0],[120.64906,23.74714,0.0],[120.649039,23.747013,0.0],[120.648843,23.746884,0.0],[120.648772,23.746677,0.0],[120.648867,23.746639,0.0],[120.648899,23.746499,0.0],[120.649258,23.746363,0.0],[120.649585,23.746952,0.0]]],[[[120.647704,23.748186,0.0],[120.647544,23.747865,0.0],[120.647408,23.74783,0.0],[120.647445,23.747649,0.0],[120.647306,23.747284,0.0],[120.647387,23.747175,0.0],[120.64716,23.746937,0.0],[120.647003,23.747034,0.0],[120.646705,23.746565,0.0],[120.646813,23.746598,0.0],[120.646901,23.746381,0.0],[120.647129,23.746182,0.0],[120.646956,23.746095,0.0],[120.646889,23.745792,0.0],[120.646992,23.745705,0.0],[120.647033,23.745785,0.0],[120.647266,23.745606,0.0],[120.647071,23.745202,0.0],[120.646969,23.745256,0.0],[120.646817,23.745009,0.0],[120.646948,23.744823,0.0],[120.646782,23.744611,0.0],[120.646764,23.744501,0.0],[120.646853,23.744376,0.0],[120.646745,23.744139,0.0],[120.646141,23.743805,0.0],[120.646102,23.743435,0.0],[120.645763,23.743039,0.0],[120.647038,23.741432,0.0],[120.647663,23.741342,0.0],[120.647926,23.741729,0.0],[120.647984,23.742005,0.0],[120.648675,23.741994,0.0],[120.648766,23.741843,0.0],[120.648684,23.741754,0.0],[120.648752,23.741635,0.0],[120.648529,23.741484,0.0],[120.64862,23.741347,0.0],[120.648559,23.741243,0.0],[120.648759,23.740926,0.0],[120.649039,23.740749,0.0],[120.649317,23.740438,0.0],[120.649847,23.740191,0.0],[120.650136,23.740433,0.0],[120.650009,23.740586,0.0],[120.650367,23.740874,0.0],[120.650296,23.741129,0.0],[120.650146,23.741048,0.0],[120.650008,23.741215,0.0],[120.650239,23.741409,0.0],[120.650268,23.741737,0.0],[120.650091,23.741708,0.0],[120.650097,23.741619,0.0],[120.649956,23.741613,0.0],[120.649944,23.741514,0.0],[120.649794,23.74141,0.0],[120.649743,23.741489,0.0],[120.649625,23.74132,0.0],[120.649447,23.74212,0.0],[120.649115,23.742704,0.0],[120.64921,23.74272,0.0],[120.649083,23.743325,0.0],[120.648971,23.7435,0.0],[120.649094,23.744268,0.0],[120.648852,23.744746,0.0],[120.648844,23.745348,0.0],[120.648439,23.746045,0.0],[120.648431,23.746695,0.0],[120.648866,23.747262,0.0],[120.648953,23.747861,0.0],[120.647704,23.748186,0.0]]],[[[120.641162,23.749365,0.0],[120.640967,23.749494,0.0],[120.640805,23.749216,0.0],[120.640903,23.749055,0.0],[120.641299,23.749156,0.0],[120.641516,23.749334,0.0],[120.641484,23.749394,0.0],[120.641162,23.749365,0.0]]],[[[120.640258,23.748894,0.0],[120.640378,23.748939,0.0],[120.640337,23.749026,0.0],[120.640412,23.749044,0.0],[120.640542,23.749315,0.0],[120.640591,23.749624,0.0],[120.640205,23.74928,0.0],[120.640046,23.749267,0.0],[120.639916,23.748749,0.0],[120.640029,23.74863,0.0],[120.640258,23.748894,0.0]]],[[[120.641098,23.750067,0.0],[120.641005,23.750045,0.0],[120.640898,23.749855,0.0],[120.641024,23.749951,0.0],[120.641098,23.750067,0.0]]],[[[120.641298,23.750195,0.0],[120.640953,23.749698,0.0],[120.641191,23.749632,0.0],[120.641391,23.749698,0.0],[120.641251,23.749835,0.0],[120.641593,23.749975,0.0],[120.64195,23.749986,0.0],[120.642443,23.749862,0.0],[120.642521,23.749925,0.0],[120.642668,23.749892,0.0],[120.642635,23.750153,0.0],[120.642548,23.750179,0.0],[120.642434,23.749964,0.0],[120.642398,23.750066,0.0],[120.642204,23.750073,0.0],[120.642114,23.750005,0.0],[120.64176,23.750086,0.0],[120.641776,23.750184,0.0],[120.641298,23.750195,0.0]]],[[[120.645753,23.752124,0.0],[120.645697,23.752107,0.0],[120.645821,23.751796,0.0],[120.645795,23.751638,0.0],[120.64629,23.751673,0.0],[120.646406,23.75154,0.0],[120.646491,23.751614,0.0],[120.646231,23.751948,0.0],[120.645912,23.751814,0.0],[120.645753,23.752124,0.0]]],[[[120.643899,23.752714,0.0],[120.643699,23.752574,0.0],[120.643454,23.752673,0.0],[120.643404,23.752627,0.0],[120.643798,23.752209,0.0],[120.643906,23.751926,0.0],[120.644372,23.751854,0.0],[120.64406,23.752536,0.0],[120.643899,23.752714,0.0]]],[[[120.641505,23.751479,0.0],[120.641751,23.75168,0.0],[120.642331,23.75253,0.0],[120.6422,23.752778,0.0],[120.641973,23.752527,0.0],[120.642003,23.752306,0.0],[120.64189,23.752146,0.0],[120.641322,23.751622,0.0],[120.641505,23.751479,0.0]]],[[[120.647514,23.752616,0.0],[120.647512,23.753077,0.0],[120.647428,23.753138,0.0],[120.647485,23.753335,0.0],[120.64711,23.753539,0.0],[120.646541,23.752543,0.0],[120.646268,23.752332,0.0],[120.646141,23.752292,0.0],[120.646126,23.752602,0.0],[120.646017,23.752694,0.0],[120.646017,23.752796,0.0],[120.645815,23.753035,0.0],[120.645723,23.753005,0.0],[120.645864,23.752923,0.0],[120.645977,23.752239,0.0],[120.646074,23.752222,0.0],[120.646108,23.752101,0.0],[120.64651,23.752387,0.0],[120.646698,23.752416,0.0],[120.647213,23.752191,0.0],[120.647514,23.752616,0.0]]],[[[120.640768,23.752668,0.0],[120.640774,23.752889,0.0],[120.64065,23.753151,0.0],[120.640871,23.753576,0.0],[120.640706,23.753457,0.0],[120.640602,23.753207,0.0],[120.640609,23.752786,0.0],[120.640699,23.752659,0.0],[120.640768,23.752668,0.0]]],[[[120.642642,23.753761,0.0],[120.642489,23.75372,0.0],[120.642521,23.75364,0.0],[120.642943,23.753548,0.0],[120.643212,23.753669,0.0],[120.642958,23.753618,0.0],[120.642642,23.753761,0.0]]],[[[120.644241,23.75349,0.0],[120.644235,23.754013,0.0],[120.643397,23.75389,0.0],[120.643267,23.753564,0.0],[120.64333,23.753512,0.0],[120.643275,23.753329,0.0],[120.643322,23.752693,0.0],[120.643386,23.752715,0.0],[120.643354,23.752783,0.0],[120.643485,23.752811,0.0],[120.643419,23.753001,0.0],[120.643472,23.753176,0.0],[120.643882,23.753425,0.0],[120.644241,23.75349,0.0]]],[[[120.640578,23.753957,0.0],[120.640416,23.754014,0.0],[120.64036,23.754278,0.0],[120.640192,23.754508,0.0],[120.640076,23.754491,0.0],[120.640088,23.754003,0.0],[120.640335,23.753988,0.0],[120.640054,23.753852,0.0],[120.639656,23.754222,0.0],[120.640156,23.753124,0.0],[120.640285,23.753348,0.0],[120.640771,23.753629,0.0],[120.640578,23.753957,0.0]]],[[[120.645548,23.754246,0.0],[120.645479,23.754623,0.0],[120.645365,23.754686,0.0],[120.645301,23.754077,0.0],[120.645045,23.754102,0.0],[120.644965,23.753737,0.0],[120.644705,23.753507,0.0],[120.644709,23.753118,0.0],[120.64533,23.753095,0.0],[120.645918,23.75371,0.0],[120.645992,23.754082,0.0],[120.645831,23.754052,0.0],[120.645825,23.754218,0.0],[120.645664,23.754174,0.0],[120.645548,23.754246,0.0]]],[[[120.64666,23.755639,0.0],[120.645834,23.755355,0.0],[120.645817,23.75516,0.0],[120.64593,23.755106,0.0],[120.646273,23.755262,0.0],[120.646594,23.755019,0.0],[120.646698,23.755046,0.0],[120.646764,23.755148,0.0],[120.64666,23.755639,0.0]]],[[[120.642473,23.757051,0.0],[120.642187,23.756944,0.0],[120.642321,23.75674,0.0],[120.643342,23.756263,0.0],[120.643503,23.756409,0.0],[120.643278,23.756583,0.0],[120.642797,23.7567,0.0],[120.642473,23.757051,0.0]]],[[[120.643407,23.757367,0.0],[120.643229,23.757457,0.0],[120.643052,23.757292,0.0],[120.642833,23.757286,0.0],[120.642735,23.757017,0.0],[120.643021,23.75698,0.0],[120.643212,23.757078,0.0],[120.643356,23.757044,0.0],[120.643407,23.757367,0.0]]],[[[120.647895,23.758319,0.0],[120.647863,23.7585,0.0],[120.64794,23.75859,0.0],[120.64789,23.758681,0.0],[120.647362,23.758597,0.0],[120.647034,23.758229,0.0],[120.646166,23.758092,0.0],[120.645965,23.757874,0.0],[120.646334,23.757317,0.0],[120.647895,23.758319,0.0]]],[[[120.64478,23.760873,0.0],[120.64485,23.761168,0.0],[120.645007,23.761217,0.0],[120.644977,23.761429,0.0],[120.644624,23.761169,0.0],[120.644407,23.760879,0.0],[120.644269,23.760808,0.0],[120.643997,23.760817,0.0],[120.64389,23.760599,0.0],[120.644009,23.760487,0.0],[120.644197,23.760504,0.0],[120.64441,23.760767,0.0],[120.64478,23.760873,0.0]]],[[[120.640851,23.763586,0.0],[120.640617,23.763526,0.0],[120.640338,23.763262,0.0],[120.640217,23.762821,0.0],[120.640496,23.762566,0.0],[120.641223,23.763162,0.0],[120.641132,23.763301,0.0],[120.64086,23.763437,0.0],[120.640851,23.763586,0.0]]],[[[120.641414,23.770501,0.0],[120.641403,23.770714,0.0],[120.641166,23.770624,0.0],[120.641011,23.770054,0.0],[120.64064,23.769764,0.0],[120.639695,23.769257,0.0],[120.639421,23.7688,0.0],[120.639066,23.768533,0.0],[120.638021,23.767451,0.0],[120.637776,23.767101,0.0],[120.637496,23.766258,0.0],[120.63759,23.765208,0.0],[120.63778,23.764854,0.0],[120.638075,23.764559,0.0],[120.638373,23.763951,0.0],[120.638766,23.764623,0.0],[120.638889,23.764627,0.0],[120.639134,23.764965,0.0],[120.639458,23.765124,0.0],[120.639612,23.765531,0.0],[120.639809,23.765668,0.0],[120.64,23.765644,0.0],[120.640235,23.765815,0.0],[120.640351,23.766015,0.0],[120.640531,23.766075,0.0],[120.640603,23.765978,0.0],[120.640739,23.765977,0.0],[120.640826,23.766253,0.0],[120.640788,23.766331,0.0],[120.640674,23.766321,0.0],[120.640653,23.766497,0.0],[120.640965,23.76668,0.0],[120.64114,23.76665,0.0],[120.641362,23.766868,0.0],[120.64158,23.766924,0.0],[120.641631,23.767062,0.0],[120.641445,23.767205,0.0],[120.640845,23.766796,0.0],[120.640701,23.766792,0.0],[120.640602,23.766674,0.0],[120.640044,23.766492,0.0],[120.639974,23.766383,0.0],[120.638963,23.766115,0.0],[120.638723,23.766195,0.0],[120.638716,23.766251,0.0],[120.639128,23.766378,0.0],[120.639524,23.766703,0.0],[120.639225,23.766965,0.0],[120.639351,23.767105,0.0],[120.639475,23.76708,0.0],[120.639349,23.76747,0.0],[120.639481,23.767596,0.0],[120.639759,23.767462,0.0],[120.639953,23.767468,0.0],[120.640037,23.767587,0.0],[120.640288,23.767697,0.0],[120.640335,23.767894,0.0],[120.640223,23.768353,0.0],[120.64051,23.768495,0.0],[120.640602,23.768326,0.0],[120.640826,23.768371,0.0],[120.6408,23.768542,0.0],[120.640994,23.768775,0.0],[120.640936,23.768949,0.0],[120.641286,23.768952,0.0],[120.641693,23.768718,0.0],[120.641973,23.76884,0.0],[120.642188,23.769387,0.0],[120.642076,23.769638,0.0],[120.642075,23.769959,0.0],[120.641659,23.77008,0.0],[120.641414,23.770501,0.0]]],[[[120.638727,23.763117,0.0],[120.63912,23.7625,0.0],[120.639179,23.762293,0.0],[120.639188,23.762426,0.0],[120.639342,23.762543,0.0],[120.639436,23.762916,0.0],[120.639398,23.762963,0.0],[120.639231,23.762833,0.0],[120.639109,23.762846,0.0],[120.638925,23.763138,0.0],[120.638825,23.763548,0.0],[120.638715,23.763404,0.0],[120.638727,23.763117,0.0]]],[[[120.639243,23.761245,0.0],[120.639,23.760242,0.0],[120.638994,23.759791,0.0],[120.639031,23.759409,0.0],[120.639491,23.758063,0.0],[120.639411,23.757654,0.0],[120.638987,23.757542,0.0],[120.638497,23.757293,0.0],[120.637917,23.755806,0.0],[120.638274,23.754116,0.0],[120.638602,23.753347,0.0],[120.638377,23.752414,0.0],[120.637835,23.751392,0.0],[120.637787,23.75006,0.0],[120.637864,23.749087,0.0],[120.638069,23.748715,0.0],[120.638708,23.746777,0.0],[120.639362,23.745691,0.0],[120.639749,23.745337,0.0],[120.640109,23.745187,0.0],[120.640629,23.745078,0.0],[120.641433,23.745073,0.0],[120.64153,23.744999,0.0],[120.641709,23.745029,0.0],[120.641534,23.745448,0.0],[120.6413,23.7457,0.0],[120.640735,23.745749,0.0],[120.640155,23.746121,0.0],[120.640092,23.746244,0.0],[120.640066,23.74641,0.0],[120.64021,23.746571,0.0],[120.640364,23.747217,0.0],[120.640929,23.747802,0.0],[120.640959,23.748029,0.0],[120.640713,23.747853,0.0],[120.640768,23.747693,0.0],[120.640608,23.747639,0.0],[120.639756,23.7481,0.0],[120.639501,23.748486,0.0],[120.639493,23.748609,0.0],[120.639603,23.74904,0.0],[120.640044,23.749479,0.0],[120.640115,23.749803,0.0],[120.640504,23.750022,0.0],[120.640618,23.75023,0.0],[120.641285,23.750605,0.0],[120.641337,23.751252,0.0],[120.641264,23.751309,0.0],[120.640774,23.751037,0.0],[120.63961,23.750827,0.0],[120.639432,23.750867,0.0],[120.639598,23.751382,0.0],[120.63897,23.751862,0.0],[120.639291,23.752338,0.0],[120.63951,23.752189,0.0],[120.639778,23.752503,0.0],[120.639741,23.752683,0.0],[120.639411,23.75309,0.0],[120.63928,23.753382,0.0],[120.639158,23.753755,0.0],[120.639209,23.75401,0.0],[120.639023,23.754059,0.0],[120.639073,23.754219,0.0],[120.638891,23.754485,0.0],[120.638793,23.7549,0.0],[120.638837,23.755057,0.0],[120.638764,23.755174,0.0],[120.638874,23.755335,0.0],[120.639157,23.755401,0.0],[120.639304,23.755645,0.0],[120.639535,23.755674,0.0],[120.63986,23.755908,0.0],[120.64088,23.755945,0.0],[120.641249,23.756148,0.0],[120.641182,23.756247,0.0],[120.641586,23.756778,0.0],[120.642017,23.757627,0.0],[120.642973,23.758203,0.0],[120.643117,23.757943,0.0],[120.643192,23.757982,0.0],[120.643417,23.758334,0.0],[120.643573,23.758478,0.0],[120.644017,23.758668,0.0],[120.644164,23.758904,0.0],[120.644073,23.759005,0.0],[120.643835,23.758944,0.0],[120.643634,23.75875,0.0],[120.643396,23.758699,0.0],[120.643362,23.75924,0.0],[120.643453,23.75955,0.0],[120.64367,23.759778,0.0],[120.643396,23.760007,0.0],[120.643101,23.759858,0.0],[120.642947,23.759289,0.0],[120.642581,23.759011,0.0],[120.642415,23.759004,0.0],[120.642352,23.758933,0.0],[120.642095,23.759126,0.0],[120.64193,23.759095,0.0],[120.641734,23.759202,0.0],[120.641642,23.759411,0.0],[120.641383,23.759613,0.0],[120.64146,23.759829,0.0],[120.641374,23.760365,0.0],[120.641902,23.760225,0.0],[120.641965,23.760384,0.0],[120.641742,23.761133,0.0],[120.641745,23.761525,0.0],[120.641931,23.761713,0.0],[120.641893,23.761893,0.0],[120.642201,23.762006,0.0],[120.642224,23.762249,0.0],[120.642028,23.762465,0.0],[120.641622,23.762469,0.0],[120.641458,23.762187,0.0],[120.641088,23.762001,0.0],[120.640647,23.761923,0.0],[120.639621,23.761153,0.0],[120.63939,23.761258,0.0],[120.639243,23.761245,0.0]]],[[[120.614998,23.791364,0.0],[120.61191,23.791133,0.0],[120.609197,23.791269,0.0],[120.608353,23.79115,0.0],[120.593723,23.791088,0.0],[120.592361,23.789114,0.0],[120.5922,23.7884,0.0],[120.591938,23.787915,0.0],[120.590464,23.78599,0.0],[120.589423,23.78414,0.0],[120.589148,23.784003,0.0],[120.589094,23.783662,0.0],[120.58888,23.783567,0.0],[120.588754,23.783086,0.0],[120.5884,23.782855,0.0],[120.588144,23.782378,0.0],[120.588115,23.782105,0.0],[120.586955,23.781255,0.0],[120.58662,23.781087,0.0],[120.586499,23.780914,0.0],[120.58647,23.780661,0.0],[120.585989,23.78018,0.0],[120.585939,23.779977,0.0],[120.586017,23.779311,0.0],[120.585954,23.779124,0.0],[120.583133,23.777301,0.0],[120.581562,23.77693,0.0],[120.580117,23.775996,0.0],[120.578728,23.775468,0.0],[120.578585,23.775269,0.0],[120.578581,23.773841,0.0],[120.578356,23.773353,0.0],[120.577842,23.773017,0.0],[120.577333,23.772489,0.0],[120.576426,23.772183,0.0],[120.57635,23.771979,0.0],[120.576482,23.771085,0.0],[120.5762,23.77058,0.0],[120.57465,23.769806,0.0],[120.577851,23.770156,0.0],[120.5828,23.770919,0.0],[120.588449,23.77132,0.0],[120.591353,23.771841,0.0],[120.593392,23.772399,0.0],[120.594909,23.772938,0.0],[120.598368,23.774442,0.0],[120.601633,23.775744,0.0],[120.602409,23.775972,0.0],[120.605596,23.776574,0.0],[120.608107,23.776709,0.0],[120.613824,23.776751,0.0],[120.615021,23.77683,0.0],[120.615847,23.777106,0.0],[120.616201,23.77735,0.0],[120.617987,23.778964,0.0],[120.618859,23.779355,0.0],[120.619357,23.779478,0.0],[120.621132,23.779602,0.0],[120.625352,23.778942,0.0],[120.629562,23.778754,0.0],[120.633092,23.779114,0.0],[120.635237,23.779041,0.0],[120.635942,23.779108,0.0],[120.636506,23.779497,0.0],[120.63656,23.778734,0.0],[120.637297,23.77752,0.0],[120.637948,23.776781,0.0],[120.638991,23.775361,0.0],[120.639726,23.774853,0.0],[120.640154,23.774725,0.0],[120.640477,23.774304,0.0],[120.640952,23.773264,0.0],[120.641123,23.772461,0.0],[120.64126,23.772508,0.0],[120.642396,23.772016,0.0],[120.643093,23.771229,0.0],[120.643453,23.770552,0.0],[120.644023,23.769879,0.0],[120.644621,23.768667,0.0],[120.644695,23.768762,0.0],[120.644761,23.768028,0.0],[120.64551,23.765846,0.0],[120.646357,23.765087,0.0],[120.64653,23.764195,0.0],[120.646391,23.764152,0.0],[120.646836,23.763521,0.0],[120.646939,23.763259,0.0],[120.647009,23.762448,0.0],[120.64774,23.760344,0.0],[120.647922,23.76005,0.0],[120.648717,23.759795,0.0],[120.648907,23.759282,0.0],[120.648743,23.75891,0.0],[120.649004,23.758395,0.0],[120.649178,23.757363,0.0],[120.649235,23.757386,0.0],[120.649393,23.757005,0.0],[120.649434,23.756455,0.0],[120.649365,23.755995,0.0],[120.649289,23.756007,0.0],[120.649277,23.755905,0.0],[120.649537,23.7558,0.0],[120.649714,23.755463,0.0],[120.649317,23.754802,0.0],[120.649408,23.754747,0.0],[120.649229,23.754493,0.0],[120.649272,23.753667,0.0],[120.649371,23.753509,0.0],[120.649274,23.75328,0.0],[120.649294,23.753031,0.0],[120.649498,23.752207,0.0],[120.649722,23.751547,0.0],[120.650091,23.750792,0.0],[120.650459,23.750258,0.0],[120.650584,23.749869,0.0],[120.650867,23.749589,0.0],[120.650994,23.749347,0.0],[120.650925,23.749321,0.0],[120.651224,23.748919,0.0],[120.651415,23.74872,0.0],[120.651543,23.748688,0.0],[120.651485,23.748634,0.0],[120.651597,23.748444,0.0],[120.651357,23.748263,0.0],[120.651487,23.748058,0.0],[120.651899,23.748026,0.0],[120.652059,23.747832,0.0],[120.652394,23.746571,0.0],[120.652671,23.745923,0.0],[120.652649,23.744314,0.0],[120.652312,23.743607,0.0],[120.652527,23.740593,0.0],[120.653341,23.738951,0.0],[120.653624,23.738099,0.0],[120.653582,23.737588,0.0],[120.653417,23.737091,0.0],[120.65297,23.736496,0.0],[120.652913,23.736097,0.0],[120.652972,23.735294,0.0],[120.654382,23.734521,0.0],[120.654983,23.734422,0.0],[120.655467,23.734542,0.0],[120.655812,23.734988,0.0],[120.655804,23.735587,0.0],[120.655287,23.737616,0.0],[120.654463,23.739792,0.0],[120.654355,23.741995,0.0],[120.654407,23.74387,0.0],[120.654612,23.745171,0.0],[120.654521,23.74731,0.0],[120.654658,23.748147,0.0],[120.654625,23.748313,0.0],[120.655967,23.753764,0.0],[120.655692,23.755024,0.0],[120.648472,23.773277,0.0],[120.648064,23.774097,0.0],[120.647265,23.775319,0.0],[120.646594,23.776224,0.0],[120.645756,23.777163,0.0],[120.644249,23.779446,0.0],[120.642428,23.781701,0.0],[120.64171,23.782944,0.0],[120.640368,23.786051,0.0],[120.638374,23.786284,0.0],[120.636869,23.786568,0.0],[120.635015,23.786772,0.0],[120.633975,23.787764,0.0],[120.633126,23.788894,0.0],[120.630239,23.789792,0.0],[120.628226,23.790021,0.0],[120.626699,23.789951,0.0],[120.625031,23.790034,0.0],[120.623578,23.790263,0.0],[120.618116,23.790781,0.0],[120.614998,23.791364,0.0]]],[[[120.64674,23.672523,0.0],[120.646495,23.672417,0.0],[120.646803,23.67255,0.0],[120.64674,23.672523,0.0]]],[[[120.646275,23.675597,0.0],[120.646287,23.675209,0.0],[120.647112,23.674161,0.0],[120.647129,23.673911,0.0],[120.647112,23.674161,0.0],[120.646812,23.674599,0.0],[120.646287,23.675209,0.0],[120.646282,23.675391,0.0],[120.646479,23.675666,0.0],[120.646523,23.675879,0.0],[120.646275,23.675597,0.0]]],[[[120.646467,23.672406,0.0],[120.646108,23.672213,0.0],[120.645983,23.67214,0.0],[120.646321,23.672312,0.0],[120.646467,23.672406,0.0]]],[[[120.645809,23.672037,0.0],[120.645402,23.671776,0.0],[120.645062,23.671449,0.0],[120.645402,23.671776,0.0],[120.645809,23.672037,0.0]]],[[[120.64506,23.671448,0.0],[120.644901,23.6711,0.0],[120.644892,23.67088,0.0],[120.645039,23.671081,0.0],[120.644962,23.671232,0.0],[120.64506,23.671448,0.0]]],[[[120.644565,23.669695,0.0],[120.64444,23.669394,0.0],[120.644434,23.669159,0.0],[120.64444,23.669394,0.0],[120.644565,23.669695,0.0]]],[[[120.644434,23.668903,0.0],[120.644465,23.668577,0.0],[120.644438,23.668203,0.0],[120.644465,23.668577,0.0],[120.644434,23.668903,0.0]]],[[[120.642906,23.6664,0.0],[120.642046,23.666083,0.0],[120.642348,23.666036,0.0],[120.642357,23.666164,0.0],[120.642739,23.666179,0.0],[120.64288,23.666246,0.0],[120.642906,23.6664,0.0]]],[[[120.641869,23.666032,0.0],[120.641815,23.666016,0.0],[120.641858,23.666016,0.0],[120.641869,23.666032,0.0]]],[[[120.641524,23.665919,0.0],[120.641286,23.665825,0.0],[120.641009,23.665492,0.0],[120.640769,23.665038,0.0],[120.640712,23.664765,0.0],[120.641349,23.665395,0.0],[120.641332,23.665665,0.0],[120.641524,23.665919,0.0]]],[[[120.640336,23.662693,0.0],[120.639378,23.66082,0.0],[120.639587,23.660961,0.0],[120.639989,23.661025,0.0],[120.640072,23.661232,0.0],[120.640017,23.661839,0.0],[120.640336,23.662693,0.0]]],[[[120.639293,23.660577,0.0],[120.639282,23.660517,0.0],[120.639293,23.660577,0.0],[120.639293,23.660577,0.0]]],[[[120.639274,23.660473,0.0],[120.639271,23.660455,0.0],[120.639276,23.660467,0.0],[120.639274,23.660473,0.0]]],[[[120.63823,23.659165,0.0],[120.638199,23.659114,0.0],[120.638241,23.659135,0.0],[120.63823,23.659165,0.0]]],[[[120.638028,23.65881,0.0],[120.637882,23.658437,0.0],[120.637849,23.658294,0.0],[120.638116,23.658433,0.0],[120.638028,23.65881,0.0]]],[[[120.636844,23.656483,0.0],[120.636628,23.656143,0.0],[120.63673,23.655423,0.0],[120.636928,23.655543,0.0],[120.636951,23.655743,0.0],[120.6369,23.655955,0.0],[120.636771,23.656086,0.0],[120.636999,23.656392,0.0],[120.636844,23.656483,0.0]]],[[[120.636257,23.65427,0.0],[120.63564,23.653004,0.0],[120.635834,23.652934,0.0],[120.636025,23.653206,0.0],[120.636085,23.653651,0.0],[120.636296,23.654141,0.0],[120.636257,23.65427,0.0]]],[[[120.63544,23.652698,0.0],[120.63515,23.652392,0.0],[120.634924,23.651782,0.0],[120.635076,23.651932,0.0],[120.635133,23.65212,0.0],[120.635293,23.652162,0.0],[120.635365,23.652504,0.0],[120.635465,23.652579,0.0],[120.63544,23.652698,0.0]]],[[[120.635043,23.651302,0.0],[120.63513,23.651021,0.0],[120.635149,23.650694,0.0],[120.635256,23.650828,0.0],[120.635043,23.651302,0.0]]],[[[120.635161,23.650372,0.0],[120.635165,23.650084,0.0],[120.635897,23.649,0.0],[120.63663,23.648513,0.0],[120.635897,23.649,0.0],[120.635165,23.650084,0.0],[120.635161,23.650372,0.0]]],[[[120.635862,23.647597,0.0],[120.635798,23.647282,0.0],[120.635748,23.647209,0.0],[120.635798,23.647282,0.0],[120.635862,23.647597,0.0]]],[[[120.634989,23.646297,0.0],[120.634883,23.645907,0.0],[120.634885,23.645799,0.0],[120.634936,23.64589,0.0],[120.634989,23.646297,0.0]]],[[[120.634929,23.645251,0.0],[120.635167,23.643982,0.0],[120.635081,23.643515,0.0],[120.634794,23.642798,0.0],[120.633404,23.640982,0.0],[120.633557,23.641092,0.0],[120.633735,23.641402,0.0],[120.634143,23.641622,0.0],[120.634289,23.642008,0.0],[120.634558,23.642034,0.0],[120.634712,23.642143,0.0],[120.635203,23.642864,0.0],[120.635284,23.643134,0.0],[120.635209,23.643662,0.0],[120.635308,23.644027,0.0],[120.634929,23.645251,0.0]]],[[[120.633181,23.640698,0.0],[120.629906,23.637296,0.0],[120.630003,23.636371,0.0],[120.630137,23.63654,0.0],[120.630267,23.637136,0.0],[120.631148,23.63802,0.0],[120.631641,23.638794,0.0],[120.631743,23.639193,0.0],[120.633095,23.640589,0.0],[120.633181,23.640698,0.0]]],[[[120.630341,23.633141,0.0],[120.630358,23.632981,0.0],[120.630358,23.632981,0.0],[120.630341,23.633141,0.0]]],[[[120.630349,23.632963,0.0],[120.630152,23.632584,0.0],[120.629974,23.631959,0.0],[120.629477,23.63129,0.0],[120.629181,23.630721,0.0],[120.630349,23.632963,0.0]]],[[[120.629563,23.62975,0.0],[120.630143,23.628443,0.0],[120.632496,23.627232,0.0],[120.630143,23.628443,0.0],[120.629563,23.62975,0.0]]],[[[120.633248,23.624334,0.0],[120.633295,23.624206,0.0],[120.633319,23.624129,0.0],[120.633295,23.624206,0.0],[120.633248,23.624334,0.0]]],[[[120.63354,23.623457,0.0],[120.633592,23.623304,0.0],[120.63444,23.622041,0.0],[120.634232,23.622384,0.0],[120.633592,23.623304,0.0],[120.63354,23.623457,0.0]]],[[[120.634628,23.621645,0.0],[120.635314,23.620967,0.0],[120.635755,23.62095,0.0],[120.635963,23.620602,0.0],[120.635426,23.619858,0.0],[120.635432,23.619416,0.0],[120.635856,23.618555,0.0],[120.635948,23.61806,0.0],[120.635837,23.617611,0.0],[120.635608,23.617283,0.0],[120.635468,23.615743,0.0],[120.635135,23.615543,0.0],[120.634185,23.615381,0.0],[120.633638,23.615197,0.0],[120.633088,23.614875,0.0],[120.632561,23.614982,0.0],[120.631469,23.613374,0.0],[120.631333,23.61292,0.0],[120.631344,23.612397,0.0],[120.631232,23.611983,0.0],[120.631225,23.611486,0.0],[120.631076,23.611035,0.0],[120.630537,23.610442,0.0],[120.630339,23.610085,0.0],[120.630232,23.609152,0.0],[120.630003,23.608716,0.0],[120.629969,23.607858,0.0],[120.629839,23.607415,0.0],[120.62895,23.606291,0.0],[120.628597,23.605491,0.0],[120.628601,23.605062,0.0],[120.629166,23.603797,0.0],[120.629382,23.60298,0.0],[120.629764,23.602193,0.0],[120.629754,23.601346,0.0],[120.629569,23.600917,0.0],[120.629119,23.600268,0.0],[120.627302,23.598548,0.0],[120.627104,23.598161,0.0],[120.627083,23.597243,0.0],[120.626849,23.596698,0.0],[120.62619,23.595276,0.0],[120.625416,23.594304,0.0],[120.625195,23.593827,0.0],[120.625271,23.592382,0.0],[120.625035,23.591465,0.0],[120.624868,23.591063,0.0],[120.624033,23.590301,0.0],[120.625217,23.59066,0.0],[120.627211,23.59021,0.0],[120.628472,23.590167,0.0],[120.629562,23.590361,0.0],[120.630621,23.589945,0.0],[120.630829,23.589954,0.0],[120.631089,23.590006,0.0],[120.631645,23.590364,0.0],[120.631953,23.590474,0.0],[120.633001,23.590531,0.0],[120.633422,23.590695,0.0],[120.634767,23.590973,0.0],[120.635768,23.591331,0.0],[120.636779,23.591932,0.0],[120.638611,23.592153,0.0],[120.639806,23.592541,0.0],[120.640289,23.592555,0.0],[120.640925,23.592432,0.0],[120.642037,23.592565,0.0],[120.643065,23.592567,0.0],[120.643816,23.592802,0.0],[120.644788,23.593344,0.0],[120.645353,23.59352,0.0],[120.645748,23.593522,0.0],[120.647455,23.593218,0.0],[120.649067,23.592547,0.0],[120.649128,23.592411,0.0],[120.648862,23.591988,0.0],[120.648663,23.591352,0.0],[120.648637,23.590262,0.0],[120.647839,23.589232,0.0],[120.647155,23.58787,0.0],[120.647077,23.587483,0.0],[120.64723,23.586856,0.0],[120.647325,23.585809,0.0],[120.647446,23.585718,0.0],[120.647938,23.585664,0.0],[120.648303,23.585721,0.0],[120.648702,23.585909,0.0],[120.648993,23.585904,0.0],[120.649261,23.585701,0.0],[120.649309,23.585477,0.0],[120.649122,23.583978,0.0],[120.649194,23.583455,0.0],[120.649034,23.582744,0.0],[120.648299,23.581539,0.0],[120.647257,23.580389,0.0],[120.646869,23.580114,0.0],[120.646506,23.580021,0.0],[120.646145,23.579541,0.0],[120.645961,23.579437,0.0],[120.645608,23.579385,0.0],[120.645103,23.579542,0.0],[120.644705,23.579449,0.0],[120.64348,23.578214,0.0],[120.643544,23.578085,0.0],[120.643388,23.577994,0.0],[120.643448,23.577827,0.0],[120.643374,23.577483,0.0],[120.643549,23.57701,0.0],[120.643559,23.576592,0.0],[120.643439,23.575855,0.0],[120.643458,23.575716,0.0],[120.643658,23.575442,0.0],[120.644143,23.57529,0.0],[120.645277,23.575638,0.0],[120.64558,23.5758,0.0],[120.64624,23.576536,0.0],[120.646573,23.57675,0.0],[120.647129,23.576726,0.0],[120.647828,23.576337,0.0],[120.64829,23.575923,0.0],[120.648698,23.57536,0.0],[120.649209,23.574957,0.0],[120.649303,23.574807,0.0],[120.649508,23.573325,0.0],[120.649916,23.572778,0.0],[120.650594,23.572517,0.0],[120.651195,23.572571,0.0],[120.653465,23.572223,0.0],[120.654438,23.572346,0.0],[120.655085,23.572212,0.0],[120.655868,23.572223,0.0],[120.656316,23.572303,0.0],[120.658053,23.57288,0.0],[120.658371,23.573707,0.0],[120.658786,23.574182,0.0],[120.659401,23.574697,0.0],[120.659757,23.575122,0.0],[120.66018,23.57585,0.0],[120.660683,23.576296,0.0],[120.662646,23.576827,0.0],[120.66375,23.57704,0.0],[120.66527,23.577686,0.0],[120.665683,23.577778,0.0],[120.666503,23.577831,0.0],[120.667957,23.577647,0.0],[120.66858,23.577785,0.0],[120.6698,23.578731,0.0],[120.670129,23.578777,0.0],[120.67077,23.578478,0.0],[120.671336,23.578005,0.0],[120.671975,23.577258,0.0],[120.672559,23.576399,0.0],[120.672814,23.575871,0.0],[120.673162,23.574775,0.0],[120.673315,23.573672,0.0],[120.67375,23.572834,0.0],[120.674716,23.571475,0.0],[120.676537,23.571073,0.0],[120.677491,23.570985,0.0],[120.677698,23.570988,0.0],[120.677996,23.571207,0.0],[120.678498,23.57116,0.0],[120.679439,23.571437,0.0],[120.680593,23.57148,0.0],[120.681208,23.571697,0.0],[120.68158,23.571722,0.0],[120.682065,23.571884,0.0],[120.682855,23.572362,0.0],[120.684229,23.573619,0.0],[120.684491,23.573733,0.0],[120.685624,23.574563,0.0],[120.686331,23.574882,0.0],[120.687188,23.575093,0.0],[120.688858,23.575123,0.0],[120.689412,23.575212,0.0],[120.690069,23.57543,0.0],[120.69134,23.576112,0.0],[120.69281,23.576432,0.0],[120.694019,23.576503,0.0],[120.695831,23.576217,0.0],[120.696636,23.576261,0.0],[120.697513,23.57641,0.0],[120.698912,23.576341,0.0],[120.699836,23.57615,0.0],[120.700739,23.576079,0.0],[120.701581,23.57589,0.0],[120.703623,23.575159,0.0],[120.704658,23.574977,0.0],[120.7056,23.574956,0.0],[120.706495,23.57505,0.0],[120.70703,23.575204,0.0],[120.707631,23.575539,0.0],[120.707876,23.576348,0.0],[120.708197,23.576651,0.0],[120.708159,23.57685,0.0],[120.708234,23.577081,0.0],[120.708545,23.577479,0.0],[120.708924,23.57752,0.0],[120.709325,23.578149,0.0],[120.708475,23.579313,0.0],[120.707603,23.578708,0.0],[120.707565,23.57864,0.0],[120.707661,23.578369,0.0],[120.707511,23.578173,0.0],[120.706755,23.577826,0.0],[120.706366,23.577976,0.0],[120.705501,23.577285,0.0],[120.704759,23.577151,0.0],[120.704419,23.576727,0.0],[120.704127,23.576616,0.0],[120.704032,23.576298,0.0],[120.703813,23.576133,0.0],[120.703377,23.576251,0.0],[120.703372,23.576827,0.0],[120.703251,23.577239,0.0],[120.702691,23.577614,0.0],[120.702194,23.578281,0.0],[120.701633,23.578264,0.0],[120.701851,23.578769,0.0],[120.70192,23.579261,0.0],[120.701636,23.580159,0.0],[120.70177,23.58057,0.0],[120.701815,23.581106,0.0],[120.701628,23.581592,0.0],[120.701663,23.581907,0.0],[120.701604,23.581983,0.0],[120.701878,23.582278,0.0],[120.702106,23.582721,0.0],[120.702494,23.583077,0.0],[120.702766,23.583749,0.0],[120.703424,23.584478,0.0],[120.703679,23.585214,0.0],[120.703214,23.586134,0.0],[120.702653,23.58672,0.0],[120.702811,23.587055,0.0],[120.702769,23.587282,0.0],[120.702963,23.587897,0.0],[120.702964,23.588647,0.0],[120.702807,23.589004,0.0],[120.703349,23.589768,0.0],[120.703491,23.590233,0.0],[120.703931,23.590693,0.0],[120.704321,23.591388,0.0],[120.704568,23.592926,0.0],[120.704809,23.593697,0.0],[120.705092,23.594269,0.0],[120.706089,23.594886,0.0],[120.70676,23.595113,0.0],[120.707078,23.595091,0.0],[120.707329,23.595289,0.0],[120.707709,23.595342,0.0],[120.708248,23.595968,0.0],[120.708304,23.596844,0.0],[120.708179,23.596973,0.0],[120.708161,23.597416,0.0],[120.708247,23.598058,0.0],[120.708448,23.598644,0.0],[120.709044,23.599167,0.0],[120.709854,23.59936,0.0],[120.710479,23.599636,0.0],[120.710618,23.599833,0.0],[120.710915,23.600716,0.0],[120.71143,23.601211,0.0],[120.711679,23.601731,0.0],[120.71138,23.602239,0.0],[120.711693,23.602845,0.0],[120.711845,23.602982,0.0],[120.711783,23.603101,0.0],[120.711883,23.603399,0.0],[120.711794,23.603539,0.0],[120.711837,23.603893,0.0],[120.711983,23.604099,0.0],[120.712057,23.604533,0.0],[120.712339,23.60511,0.0],[120.713255,23.6057,0.0],[120.713829,23.606253,0.0],[120.7143,23.606837,0.0],[120.714185,23.607159,0.0],[120.714202,23.607402,0.0],[120.714337,23.607763,0.0],[120.714394,23.608688,0.0],[120.714568,23.609531,0.0],[120.714839,23.609843,0.0],[120.71551,23.610143,0.0],[120.716661,23.610428,0.0],[120.717005,23.610891,0.0],[120.717109,23.611314,0.0],[120.717564,23.611173,0.0],[120.7183,23.611454,0.0],[120.71867,23.611671,0.0],[120.718664,23.612202,0.0],[120.71874,23.612405,0.0],[120.718961,23.612761,0.0],[120.718961,23.612697,0.0],[120.719222,23.612857,0.0],[120.719211,23.613024,0.0],[120.719011,23.613126,0.0],[120.719357,23.61314,0.0],[120.718985,23.613343,0.0],[120.719003,23.613431,0.0],[120.719324,23.613467,0.0],[120.719623,23.613326,0.0],[120.719805,23.613342,0.0],[120.720175,23.613547,0.0],[120.720823,23.613729,0.0],[120.721089,23.614066,0.0],[120.721347,23.61459,0.0],[120.721086,23.615269,0.0],[120.721049,23.615646,0.0],[120.72137,23.615909,0.0],[120.722305,23.616316,0.0],[120.722262,23.61641,0.0],[120.722322,23.61656,0.0],[120.722339,23.616409,0.0],[120.722368,23.616541,0.0],[120.722704,23.616776,0.0],[120.723012,23.617531,0.0],[120.723008,23.617643,0.0],[120.722938,23.617645,0.0],[120.72282,23.617859,0.0],[120.722276,23.617943,0.0],[120.722195,23.618143,0.0],[120.721947,23.61826,0.0],[120.721731,23.618616,0.0],[120.721318,23.61899,0.0],[120.721164,23.619574,0.0],[120.721256,23.619896,0.0],[120.721149,23.620042,0.0],[120.72158,23.620695,0.0],[120.721257,23.620935,0.0],[120.721118,23.621152,0.0],[120.721178,23.622072,0.0],[120.72063,23.62269,0.0],[120.720471,23.623083,0.0],[120.719995,23.623486,0.0],[120.719849,23.624284,0.0],[120.719685,23.624648,0.0],[120.719444,23.624649,0.0],[120.719255,23.624924,0.0],[120.719074,23.62498,0.0],[120.718574,23.625376,0.0],[120.718542,23.626245,0.0],[120.718466,23.626382,0.0],[120.71803,23.626731,0.0],[120.717615,23.626751,0.0],[120.71751,23.627017,0.0],[120.717143,23.62732,0.0],[120.716843,23.628437,0.0],[120.716239,23.628984,0.0],[120.716033,23.629524,0.0],[120.715589,23.629365,0.0],[120.713602,23.628358,0.0],[120.713367,23.628219,0.0],[120.713044,23.627813,0.0],[120.713148,23.627193,0.0],[120.713349,23.626703,0.0],[120.713589,23.624972,0.0],[120.714151,23.622809,0.0],[120.714182,23.62168,0.0],[120.71407,23.621018,0.0],[120.713836,23.620795,0.0],[120.712103,23.620169,0.0],[120.711551,23.619706,0.0],[120.7111,23.619505,0.0],[120.710126,23.619107,0.0],[120.708347,23.618563,0.0],[120.708063,23.618511,0.0],[120.707721,23.618641,0.0],[120.706882,23.61869,0.0],[120.706568,23.618552,0.0],[120.705752,23.617971,0.0],[120.705436,23.61768,0.0],[120.705368,23.617451,0.0],[120.705027,23.61727,0.0],[120.701988,23.617454,0.0],[120.701779,23.617534,0.0],[120.701251,23.618026,0.0],[120.700873,23.618248,0.0],[120.700439,23.618292,0.0],[120.70023,23.61838,0.0],[120.699979,23.618616,0.0],[120.699553,23.618793,0.0],[120.697914,23.619077,0.0],[120.69765,23.619187,0.0],[120.69722,23.619756,0.0],[120.696794,23.620013,0.0],[120.696445,23.620096,0.0],[120.695574,23.620094,0.0],[120.694679,23.620297,0.0],[120.693182,23.619966,0.0],[120.692776,23.619966,0.0],[120.69182,23.620352,0.0],[120.691317,23.620355,0.0],[120.689246,23.619527,0.0],[120.687999,23.618875,0.0],[120.686352,23.618369,0.0],[120.686056,23.618211,0.0],[120.686187,23.617688,0.0],[120.686155,23.617347,0.0],[120.685591,23.616467,0.0],[120.685458,23.61608,0.0],[120.68538,23.615479,0.0],[120.685594,23.614903,0.0],[120.685636,23.61433,0.0],[120.685506,23.613849,0.0],[120.68547,23.612842,0.0],[120.685176,23.612347,0.0],[120.683727,23.610941,0.0],[120.683353,23.610851,0.0],[120.68229,23.610807,0.0],[120.680942,23.611028,0.0],[120.679889,23.611006,0.0],[120.678922,23.611107,0.0],[120.677776,23.611051,0.0],[120.676984,23.610765,0.0],[120.676615,23.610552,0.0],[120.675474,23.610266,0.0],[120.673665,23.610169,0.0],[120.673232,23.61003,0.0],[120.672691,23.609737,0.0],[120.670011,23.609496,0.0],[120.669134,23.609343,0.0],[120.667898,23.609415,0.0],[120.667186,23.610071,0.0],[120.666173,23.610356,0.0],[120.665493,23.610788,0.0],[120.664509,23.611121,0.0],[120.66366,23.61117,0.0],[120.662583,23.610671,0.0],[120.661941,23.610474,0.0],[120.661564,23.61041,0.0],[120.661201,23.610472,0.0],[120.660038,23.611363,0.0],[120.659391,23.612172,0.0],[120.658822,23.613365,0.0],[120.65835,23.613835,0.0],[120.657706,23.614019,0.0],[120.653893,23.615684,0.0],[120.651876,23.615964,0.0],[120.651446,23.616109,0.0],[120.651389,23.616236,0.0],[120.65205,23.618222,0.0],[120.651962,23.618599,0.0],[120.652026,23.618869,0.0],[120.652348,23.619309,0.0],[120.652491,23.620435,0.0],[120.652921,23.621867,0.0],[120.652552,23.622374,0.0],[120.652421,23.622747,0.0],[120.652541,23.62456,0.0],[120.652572,23.624766,0.0],[120.652788,23.62507,0.0],[120.653009,23.625696,0.0],[120.653111,23.62719,0.0],[120.653479,23.627865,0.0],[120.65362,23.628389,0.0],[120.653559,23.628907,0.0],[120.653401,23.629154,0.0],[120.653001,23.629508,0.0],[120.652078,23.629493,0.0],[120.651368,23.629928,0.0],[120.650807,23.629767,0.0],[120.650384,23.629824,0.0],[120.649829,23.62976,0.0],[120.649084,23.629839,0.0],[120.648051,23.630351,0.0],[120.647714,23.630432,0.0],[120.646681,23.631008,0.0],[120.645132,23.630986,0.0],[120.644895,23.630761,0.0],[120.644857,23.630456,0.0],[120.644675,23.630259,0.0],[120.644673,23.629959,0.0],[120.64442,23.62927,0.0],[120.644094,23.628937,0.0],[120.644064,23.628675,0.0],[120.643868,23.628249,0.0],[120.643549,23.628153,0.0],[120.642972,23.628161,0.0],[120.64252,23.627686,0.0],[120.64238,23.627291,0.0],[120.641758,23.626922,0.0],[120.641371,23.626323,0.0],[120.64093,23.625843,0.0],[120.639973,23.625447,0.0],[120.639719,23.625427,0.0],[120.638732,23.624743,0.0],[120.638085,23.623732,0.0],[120.637801,23.623009,0.0],[120.637231,23.622379,0.0],[120.636589,23.621361,0.0],[120.636137,23.62102,0.0],[120.635925,23.620667,0.0],[120.635755,23.62095,0.0],[120.635314,23.620967,0.0],[120.635008,23.6213,0.0],[120.634628,23.621645,0.0]]]]}},
{"type":"Feature","properties":{"Id":22,"Zone":"西南部","Name":"西南五"},"geometry":{"type":"MultiPolygon","coordinates":[[[[120.659771,23.504211,0.0],[120.65968,23.50425,0.0],[120.659637,23.50417,0.0],[120.659733,23.504131,0.0],[120.659771,23.504211,0.0]]],[[[120.660787,23.510256,0.0],[120.660677,23.510257,0.0],[120.660758,23.510148,0.0],[120.660787,23.510256,0.0]]],[[[120.663232,23.510318,0.0],[120.662949,23.51038,0.0],[120.662804,23.510149,0.0],[120.663232,23.510318,0.0]]],[[[120.664121,23.511427,0.0],[120.663851,23.511472,0.0],[120.663505,23.511263,0.0],[120.664083,23.511081,0.0],[120.664163,23.511361,0.0],[120.664121,23.511427,0.0]]],[[[120.656449,23.512608,0.0],[120.656273,23.512384,0.0],[120.656391,23.512299,0.0],[120.657004,23.512334,0.0],[120.656996,23.512514,0.0],[120.656789,23.512606,0.0],[120.656628,23.512537,0.0],[120.656449,23.512608,0.0]]],[[[120.659068,23.513631,0.0],[120.658952,23.51361,0.0],[120.659014,23.513455,0.0],[120.658929,23.513431,0.0],[120.658972,23.513363,0.0],[120.658153,23.512859,0.0],[120.658359,23.512732,0.0],[120.658692,23.512855,0.0],[120.659157,23.513369,0.0],[120.659029,23.513452,0.0],[120.659068,23.513631,0.0]]],[[[120.658002,23.513529,0.0],[120.657908,23.513793,0.0],[120.657689,23.513719,0.0],[120.657575,23.513594,0.0],[120.657536,23.513354,0.0],[120.658002,23.513529,0.0]]],[[[120.657102,23.513701,0.0],[120.656985,23.513711,0.0],[120.656968,23.513982,0.0],[120.656857,23.513957,0.0],[120.656739,23.513482,0.0],[120.656979,23.51348,0.0],[120.657102,23.513701,0.0]]],[[[120.659114,23.513905,0.0],[120.659073,23.514096,0.0],[120.658903,23.514108,0.0],[120.658682,23.513948,0.0],[120.658773,23.513894,0.0],[120.659114,23.513905,0.0]]],[[[120.660262,23.513981,0.0],[120.660272,23.514141,0.0],[120.660162,23.514185,0.0],[120.660088,23.514106,0.0],[120.660119,23.513975,0.0],[120.659625,23.513824,0.0],[120.659883,23.513371,0.0],[120.660296,23.513335,0.0],[120.660255,23.513896,0.0],[120.660153,23.513961,0.0],[120.660262,23.513981,0.0]]],[[[120.655773,23.515755,0.0],[120.65517,23.515657,0.0],[120.655101,23.515558,0.0],[120.655149,23.515415,0.0],[120.655451,23.515314,0.0],[120.655941,23.515373,0.0],[120.655773,23.515755,0.0]]],[[[120.661225,23.515926,0.0],[120.661101,23.516073,0.0],[120.661012,23.516087,0.0],[120.661185,23.515884,0.0],[120.661225,23.515926,0.0]]],[[[120.660994,23.516192,0.0],[120.660991,23.516193,0.0],[120.660984,23.51616,0.0],[120.660994,23.516192,0.0]]],[[[120.660872,23.516541,0.0],[120.660728,23.516406,0.0],[120.660983,23.516232,0.0],[120.660872,23.516541,0.0]]],[[[120.661578,23.517164,0.0],[120.661701,23.517507,0.0],[120.661661,23.517926,0.0],[120.661459,23.517984,0.0],[120.66113,23.517428,0.0],[120.661182,23.51685,0.0],[120.661578,23.517164,0.0]]],[[[120.660457,23.516457,0.0],[120.660597,23.517084,0.0],[120.660724,23.517212,0.0],[120.660685,23.517388,0.0],[120.660758,23.517429,0.0],[120.66076,23.517666,0.0],[120.661267,23.518089,0.0],[120.661264,23.51856,0.0],[120.661127,23.518693,0.0],[120.661093,23.518851,0.0],[120.660854,23.518988,0.0],[120.660557,23.5189,0.0],[120.65976,23.518443,0.0],[120.659763,23.518119,0.0],[120.659967,23.518011,0.0],[120.659911,23.51757,0.0],[120.660024,23.517026,0.0],[120.659883,23.516831,0.0],[120.659826,23.516566,0.0],[120.659545,23.516324,0.0],[120.659713,23.516214,0.0],[120.660064,23.516197,0.0],[120.660457,23.516457,0.0]]],[[[120.657308,23.520196,0.0],[120.657186,23.520273,0.0],[120.656944,23.52018,0.0],[120.657048,23.520082,0.0],[120.657168,23.520081,0.0],[120.657304,23.520114,0.0],[120.657308,23.520196,0.0]]],[[[120.71685,23.521432,0.0],[120.716285,23.521592,0.0],[120.716075,23.521494,0.0],[120.716124,23.521148,0.0],[120.716318,23.521163,0.0],[120.716286,23.520663,0.0],[120.71651,23.520812,0.0],[120.716785,23.520796,0.0],[120.71685,23.521432,0.0]]],[[[120.658643,23.523036,0.0],[120.658149,23.523,0.0],[120.658209,23.522722,0.0],[120.658792,23.522863,0.0],[120.658793,23.522941,0.0],[120.658643,23.523036,0.0]]],[[[120.657408,23.523459,0.0],[120.656922,23.523166,0.0],[120.6569,23.523043,0.0],[120.657329,23.523089,0.0],[120.657729,23.52302,0.0],[120.657843,23.52306,0.0],[120.657408,23.523459,0.0]]],[[[120.662339,23.523276,0.0],[120.662394,23.523468,0.0],[120.662185,23.523878,0.0],[120.661923,23.523768,0.0],[120.661654,23.523333,0.0],[120.661701,23.523199,0.0],[120.66215,23.523177,0.0],[120.662339,23.523276,0.0]]],[[[120.658334,23.524625,0.0],[120.65847,23.524735,0.0],[120.658164,23.525086,0.0],[120.657966,23.524805,0.0],[120.658083,23.524604,0.0],[120.658334,23.524625,0.0]]],[[[120.656077,23.525971,0.0],[120.655891,23.526054,0.0],[120.655586,23.525791,0.0],[120.655611,23.525343,0.0],[120.656056,23.525306,0.0],[120.656077,23.525971,0.0]]],[[[120.658385,23.526059,0.0],[120.657979,23.526265,0.0],[120.657693,23.526002,0.0],[120.658149,23.525867,0.0],[120.658385,23.526059,0.0]]],[[[120.652699,23.526906,0.0],[120.652792,23.527023,0.0],[120.652685,23.527081,0.0],[120.652602,23.52694,0.0],[120.652699,23.526906,0.0]]],[[[120.673107,23.527164,0.0],[120.673043,23.527166,0.0],[120.673121,23.527019,0.0],[120.673107,23.527164,0.0]]],[[[120.642522,23.525916,0.0],[120.64256,23.526395,0.0],[120.642751,23.526672,0.0],[120.64269,23.52709,0.0],[120.642162,23.527381,0.0],[120.64154,23.526504,0.0],[120.64191,23.525931,0.0],[120.642522,23.525916,0.0]]],[[[120.658412,23.527071,0.0],[120.658165,23.527497,0.0],[120.657802,23.52727,0.0],[120.65776,23.527014,0.0],[120.657662,23.527125,0.0],[120.657495,23.527162,0.0],[120.657082,23.526946,0.0],[120.656557,23.526832,0.0],[120.656668,23.526366,0.0],[120.65751,23.526457,0.0],[120.657743,23.526783,0.0],[120.658412,23.527071,0.0]]],[[[120.652076,23.527612,0.0],[120.651604,23.527482,0.0],[120.651562,23.527316,0.0],[120.651421,23.527282,0.0],[120.651339,23.527168,0.0],[120.651553,23.527073,0.0],[120.651867,23.527313,0.0],[120.652161,23.527367,0.0],[120.652076,23.527612,0.0]]],[[[120.655302,23.527736,0.0],[120.655028,23.527459,0.0],[120.654736,23.527292,0.0],[120.654434,23.527268,0.0],[120.654261,23.52703,0.0],[120.654484,23.526884,0.0],[120.655203,23.52693,0.0],[120.655417,23.527224,0.0],[120.655302,23.527736,0.0]]],[[[120.673889,23.527778,0.0],[120.673897,23.527881,0.0],[120.673869,23.527726,0.0],[120.673667,23.527795,0.0],[120.673558,23.527665,0.0],[120.673356,23.527624,0.0],[120.67318,23.527236,0.0],[120.673462,23.527073,0.0],[120.673602,23.527306,0.0],[120.673767,23.527243,0.0],[120.673889,23.527778,0.0]]],[[[120.657803,23.527604,0.0],[120.657811,23.527838,0.0],[120.657601,23.527968,0.0],[120.657206,23.527875,0.0],[120.657042,23.527433,0.0],[120.657064,23.527208,0.0],[120.65747,23.527549,0.0],[120.657803,23.527604,0.0]]],[[[120.65539,23.528207,0.0],[120.654457,23.528372,0.0],[120.654507,23.528024,0.0],[120.65503,23.528107,0.0],[120.655466,23.528065,0.0],[120.65539,23.528207,0.0]]],[[[120.644235,23.527394,0.0],[120.644419,23.528089,0.0],[120.643671,23.528201,0.0],[120.643599,23.528575,0.0],[120.643233,23.528323,0.0],[120.643199,23.528197,0.0],[120.643581,23.527295,0.0],[120.643857,23.52714,0.0],[120.644235,23.527394,0.0]]],[[[120.6575,23.528736,0.0],[120.657209,23.528799,0.0],[120.657008,23.528731,0.0],[120.656908,23.528562,0.0],[120.657351,23.528455,0.0],[120.6575,23.528736,0.0]]],[[[120.65854,23.528638,0.0],[120.658577,23.529012,0.0],[120.658388,23.529045,0.0],[120.658307,23.528922,0.0],[120.658325,23.52873,0.0],[120.65854,23.528638,0.0]]],[[[120.658272,23.529058,0.0],[120.658162,23.529317,0.0],[120.658042,23.529311,0.0],[120.657932,23.529136,0.0],[120.657982,23.52902,0.0],[120.658055,23.529041,0.0],[120.658198,23.528934,0.0],[120.658272,23.529058,0.0]]],[[[120.658718,23.529819,0.0],[120.658648,23.52974,0.0],[120.658784,23.529607,0.0],[120.658865,23.529688,0.0],[120.658718,23.529819,0.0]]],[[[120.674999,23.529518,0.0],[120.674854,23.529702,0.0],[120.674398,23.529884,0.0],[120.674404,23.529426,0.0],[120.67457,23.529517,0.0],[120.674893,23.529403,0.0],[120.674999,23.529518,0.0]]],[[[120.656668,23.529868,0.0],[120.656733,23.530054,0.0],[120.656533,23.530213,0.0],[120.656033,23.530102,0.0],[120.655883,23.529867,0.0],[120.655668,23.529866,0.0],[120.655343,23.529366,0.0],[120.655361,23.529277,0.0],[120.655432,23.529217,0.0],[120.655793,23.529201,0.0],[120.655962,23.529352,0.0],[120.656288,23.52947,0.0],[120.656668,23.529868,0.0]]],[[[120.67414,23.531056,0.0],[120.673979,23.530965,0.0],[120.673976,23.530687,0.0],[120.674022,23.530603,0.0],[120.67414,23.531056,0.0]]],[[[120.724645,23.532081,0.0],[120.724702,23.532205,0.0],[120.724601,23.532272,0.0],[120.724165,23.532017,0.0],[120.724075,23.532137,0.0],[120.723957,23.532077,0.0],[120.724019,23.531906,0.0],[120.723777,23.531707,0.0],[120.723811,23.53163,0.0],[120.724227,23.531806,0.0],[120.724645,23.532081,0.0]]],[[[120.670455,23.532777,0.0],[120.670281,23.533023,0.0],[120.670003,23.53311,0.0],[120.669902,23.533001,0.0],[120.66997,23.532884,0.0],[120.669672,23.532547,0.0],[120.669503,23.532617,0.0],[120.669297,23.532566,0.0],[120.669088,23.532398,0.0],[120.668932,23.532128,0.0],[120.668532,23.531955,0.0],[120.668422,23.531809,0.0],[120.668465,23.531691,0.0],[120.668661,23.531654,0.0],[120.668513,23.531559,0.0],[120.668763,23.531535,0.0],[120.668346,23.531377,0.0],[120.667517,23.531452,0.0],[120.667334,23.53134,0.0],[120.667217,23.531147,0.0],[120.667249,23.53101,0.0],[120.666649,23.530606,0.0],[120.665994,23.530479,0.0],[120.665762,23.530531,0.0],[120.665626,23.530402,0.0],[120.665666,23.530078,0.0],[120.665268,23.530026,0.0],[120.665229,23.529923,0.0],[120.665329,23.529682,0.0],[120.665063,23.529467,0.0],[120.66495,23.529596,0.0],[120.664686,23.529574,0.0],[120.664437,23.52933,0.0],[120.664403,23.529117,0.0],[120.664091,23.528987,0.0],[120.66386,23.529292,0.0],[120.663439,23.52934,0.0],[120.663299,23.529423,0.0],[120.66322,23.529285,0.0],[120.663354,23.529204,0.0],[120.662901,23.529122,0.0],[120.66272,23.52901,0.0],[120.662316,23.528675,0.0],[120.662145,23.528402,0.0],[120.661775,23.527538,0.0],[120.661847,23.527437,0.0],[120.662107,23.527368,0.0],[120.662593,23.526891,0.0],[120.662836,23.526916,0.0],[120.662831,23.526684,0.0],[120.663043,23.526564,0.0],[120.663281,23.526535,0.0],[120.663462,23.526402,0.0],[120.663647,23.52592,0.0],[120.664366,23.526547,0.0],[120.664601,23.526942,0.0],[120.664842,23.526891,0.0],[120.664914,23.526728,0.0],[120.664583,23.526158,0.0],[120.664581,23.525762,0.0],[120.664518,23.525696,0.0],[120.664385,23.52564,0.0],[120.664196,23.525809,0.0],[120.664198,23.52603,0.0],[120.66391,23.525754,0.0],[120.663645,23.525631,0.0],[120.663723,23.525094,0.0],[120.663322,23.524743,0.0],[120.663195,23.524415,0.0],[120.663231,23.52426,0.0],[120.663716,23.523647,0.0],[120.663786,23.523189,0.0],[120.663966,23.522988,0.0],[120.663989,23.522659,0.0],[120.664359,23.522488,0.0],[120.664574,23.522278,0.0],[120.664741,23.522717,0.0],[120.664773,23.523373,0.0],[120.664921,23.523549,0.0],[120.664857,23.524155,0.0],[120.665349,23.524246,0.0],[120.665338,23.523992,0.0],[120.665495,23.523966,0.0],[120.665784,23.524111,0.0],[120.665922,23.524099,0.0],[120.665992,23.52446,0.0],[120.666096,23.524445,0.0],[120.666096,23.524533,0.0],[120.666428,23.524563,0.0],[120.666648,23.524797,0.0],[120.66727,23.524682,0.0],[120.667504,23.524704,0.0],[120.667915,23.525011,0.0],[120.668203,23.525051,0.0],[120.668572,23.525444,0.0],[120.668989,23.525519,0.0],[120.669159,23.525802,0.0],[120.669524,23.525935,0.0],[120.669541,23.526287,0.0],[120.669633,23.526287,0.0],[120.669648,23.526418,0.0],[120.66984,23.526419,0.0],[120.669805,23.526151,0.0],[120.670107,23.526086,0.0],[120.670323,23.526204,0.0],[120.670391,23.52629,0.0],[120.670202,23.526527,0.0],[120.67044,23.526592,0.0],[120.670601,23.527011,0.0],[120.671152,23.527098,0.0],[120.671,23.527361,0.0],[120.670712,23.527253,0.0],[120.670556,23.527382,0.0],[120.670551,23.527856,0.0],[120.670403,23.527928,0.0],[120.670452,23.527979,0.0],[120.670379,23.528218,0.0],[120.670686,23.528587,0.0],[120.670718,23.528842,0.0],[120.671002,23.528812,0.0],[120.671062,23.528865,0.0],[120.671563,23.528722,0.0],[120.671864,23.528798,0.0],[120.671873,23.529025,0.0],[120.671751,23.52904,0.0],[120.671747,23.529188,0.0],[120.671805,23.529355,0.0],[120.671925,23.529422,0.0],[120.671882,23.529556,0.0],[120.672062,23.529561,0.0],[120.672114,23.52963,0.0],[120.672101,23.529928,0.0],[120.672031,23.52996,0.0],[120.671996,23.530157,0.0],[120.672138,23.530211,0.0],[120.672066,23.530548,0.0],[120.672377,23.530557,0.0],[120.672408,23.530658,0.0],[120.672374,23.530858,0.0],[120.672175,23.531138,0.0],[120.672176,23.531466,0.0],[120.671976,23.531625,0.0],[120.672078,23.531865,0.0],[120.672093,23.532169,0.0],[120.671738,23.532026,0.0],[120.671377,23.532312,0.0],[120.670455,23.532777,0.0]]],[[[120.725606,23.532659,0.0],[120.725894,23.532833,0.0],[120.726176,23.533218,0.0],[120.726069,23.533373,0.0],[120.725923,23.533231,0.0],[120.725792,23.533207,0.0],[120.725419,23.532823,0.0],[120.725413,23.532654,0.0],[120.725606,23.532659,0.0]]],[[[120.682239,23.534322,0.0],[120.682112,23.534239,0.0],[120.682231,23.533938,0.0],[120.682606,23.533803,0.0],[120.68305,23.533941,0.0],[120.683105,23.534155,0.0],[120.682851,23.534301,0.0],[120.682634,23.53418,0.0],[120.682563,23.534218,0.0],[120.682538,23.534138,0.0],[120.682239,23.534322,0.0]]],[[[120.684981,23.535426,0.0],[120.684806,23.535324,0.0],[120.684291,23.535335,0.0],[120.68381,23.535138,0.0],[120.683859,23.534932,0.0],[120.684269,23.534842,0.0],[120.684459,23.534918,0.0],[120.684274,23.53517,0.0],[120.684575,23.535127,0.0],[120.684626,23.534984,0.0],[120.685007,23.535111,0.0],[120.684981,23.535426,0.0]]],[[[120.629159,23.535186,0.0],[120.629773,23.53496,0.0],[120.631073,23.534249,0.0],[120.631946,23.533884,0.0],[120.632803,23.533244,0.0],[120.633596,23.532194,0.0],[120.633868,23.531357,0.0],[120.634171,23.53095,0.0],[120.63448,23.530194,0.0],[120.635013,23.529559,0.0],[120.635423,23.528821,0.0],[120.635955,23.528229,0.0],[120.636269,23.527941,0.0],[120.637058,23.527572,0.0],[120.638036,23.527595,0.0],[120.638445,23.527433,0.0],[120.638628,23.527007,0.0],[120.638725,23.526091,0.0],[120.638878,23.525626,0.0],[120.639041,23.525304,0.0],[120.639594,23.524589,0.0],[120.640167,23.52416,0.0],[120.640634,23.523971,0.0],[120.64149,23.523998,0.0],[120.642191,23.523841,0.0],[120.641645,23.524054,0.0],[120.641955,23.52459,0.0],[120.641987,23.524919,0.0],[120.64208,23.525087,0.0],[120.641731,23.525185,0.0],[120.641361,23.525403,0.0],[120.640756,23.525872,0.0],[120.640896,23.526049,0.0],[120.640441,23.526551,0.0],[120.640346,23.526859,0.0],[120.640394,23.527281,0.0],[120.640164,23.527852,0.0],[120.63976,23.528068,0.0],[120.639796,23.528366,0.0],[120.639658,23.528801,0.0],[120.63972,23.52908,0.0],[120.639539,23.529371,0.0],[120.639707,23.529581,0.0],[120.640395,23.530121,0.0],[120.64089,23.530126,0.0],[120.641177,23.529425,0.0],[120.641572,23.528967,0.0],[120.641991,23.528818,0.0],[120.642759,23.528776,0.0],[120.64284,23.528636,0.0],[120.643597,23.528583,0.0],[120.643519,23.529021,0.0],[120.643752,23.530047,0.0],[120.6428,23.53052,0.0],[120.642756,23.531089,0.0],[120.642859,23.532006,0.0],[120.642483,23.533,0.0],[120.642891,23.533546,0.0],[120.642604,23.533596,0.0],[120.641895,23.533118,0.0],[120.641044,23.533271,0.0],[120.640498,23.533685,0.0],[120.640497,23.533846,0.0],[120.640085,23.533786,0.0],[120.63946,23.533254,0.0],[120.638969,23.533145,0.0],[120.638099,23.533219,0.0],[120.637319,23.533449,0.0],[120.637204,23.533402,0.0],[120.636898,23.533153,0.0],[120.636402,23.532945,0.0],[120.636549,23.532769,0.0],[120.636352,23.532533,0.0],[120.636321,23.532177,0.0],[120.636514,23.532036,0.0],[120.636983,23.531954,0.0],[120.637002,23.531801,0.0],[120.635917,23.531032,0.0],[120.63574,23.530142,0.0],[120.635277,23.530489,0.0],[120.635297,23.530603,0.0],[120.63521,23.530653,0.0],[120.635042,23.530614,0.0],[120.634763,23.530923,0.0],[120.634997,23.531134,0.0],[120.635106,23.531354,0.0],[120.635416,23.531449,0.0],[120.635464,23.53166,0.0],[120.635269,23.532061,0.0],[120.634373,23.531803,0.0],[120.63417,23.531922,0.0],[120.634412,23.53258,0.0],[120.634878,23.532897,0.0],[120.63505,23.53314,0.0],[120.635565,23.533371,0.0],[120.635506,23.53423,0.0],[120.635098,23.534738,0.0],[120.635004,23.534801,0.0],[120.634451,23.534598,0.0],[120.634405,23.533812,0.0],[120.634554,23.533253,0.0],[120.634316,23.53278,0.0],[120.634194,23.532828,0.0],[120.63406,23.532773,0.0],[120.633813,23.532895,0.0],[120.633442,23.533318,0.0],[120.633352,23.533773,0.0],[120.633068,23.533969,0.0],[120.633008,23.534374,0.0],[120.63335,23.534808,0.0],[120.632721,23.534905,0.0],[120.632085,23.534815,0.0],[120.631712,23.535347,0.0],[120.631886,23.535412,0.0],[120.631826,23.535759,0.0],[120.63021,23.535604,0.0],[120.629655,23.535323,0.0],[120.629159,23.535186,0.0]]],[[[120.643413,23.523639,0.0],[120.643622,23.523588,0.0],[120.643498,23.523711,0.0],[120.643413,23.523639,0.0]]],[[[120.646466,23.521936,0.0],[120.646666,23.521858,0.0],[120.646682,23.521846,0.0],[120.646575,23.521972,0.0],[120.646466,23.521936,0.0]]],[[[120.647871,23.519649,0.0],[120.647975,23.519453,0.0],[120.64846,23.519232,0.0],[120.647985,23.519544,0.0],[120.647871,23.519649,0.0]]],[[[120.649843,23.518229,0.0],[120.649927,23.518066,0.0],[120.650177,23.517801,0.0],[120.64997,23.518088,0.0],[120.649843,23.518229,0.0]]],[[[120.651183,23.516753,0.0],[120.65119,23.516711,0.0],[120.65119,23.516727,0.0],[120.651183,23.516753,0.0]]],[[[120.651631,23.515122,0.0],[120.651689,23.514632,0.0],[120.651478,23.514328,0.0],[120.651769,23.514691,0.0],[120.651705,23.515024,0.0],[120.651631,23.515122,0.0]]],[[[120.651571,23.511475,0.0],[120.651792,23.511197,0.0],[120.65217,23.511006,0.0],[120.652082,23.511095,0.0],[120.651571,23.511475,0.0]]],[[[120.653376,23.510257,0.0],[120.653547,23.509848,0.0],[120.653572,23.509793,0.0],[120.653557,23.510074,0.0],[120.653376,23.510257,0.0]]],[[[120.653868,23.508098,0.0],[120.654347,23.506674,0.0],[120.654644,23.506343,0.0],[120.65482,23.506318,0.0],[120.654435,23.50662,0.0],[120.654318,23.507099,0.0],[120.653868,23.508098,0.0]]],[[[120.683565,23.536316,0.0],[120.683418,23.536127,0.0],[120.683774,23.535977,0.0],[120.683818,23.536152,0.0],[120.683565,23.536316,0.0]]],[[[120.683886,23.536795,0.0],[120.683692,23.536749,0.0],[120.683558,23.536455,0.0],[120.684271,23.536449,0.0],[120.684469,23.536579,0.0],[120.684503,23.53668,0.0],[120.684336,23.53679,0.0],[120.683985,23.536734,0.0],[120.683886,23.536795,0.0]]],[[[120.682946,23.536089,0.0],[120.683003,23.53622,0.0],[120.682844,23.536238,0.0],[120.682525,23.53688,0.0],[120.682338,23.536782,0.0],[120.682175,23.536401,0.0],[120.682297,23.536254,0.0],[120.682304,23.536085,0.0],[120.682796,23.535397,0.0],[120.683164,23.535533,0.0],[120.682946,23.536089,0.0]]],[[[120.651402,23.536587,0.0],[120.65132,23.536737,0.0],[120.65125,23.53682,0.0],[120.651221,23.536757,0.0],[120.651402,23.536587,0.0]]],[[[120.653629,23.536831,0.0],[120.653565,23.536864,0.0],[120.653475,23.536725,0.0],[120.653532,23.53667,0.0],[120.653629,23.536831,0.0]]],[[[120.651107,23.537048,0.0],[120.651045,23.537098,0.0],[120.650984,23.537045,0.0],[120.65098,23.536922,0.0],[120.651107,23.537048,0.0]]],[[[120.656417,23.538025,0.0],[120.656344,23.537966,0.0],[120.656408,23.537925,0.0],[120.656417,23.538025,0.0]]],[[[120.686585,23.538898,0.0],[120.687219,23.538965,0.0],[120.687391,23.53926,0.0],[120.687232,23.539479,0.0],[120.686788,23.539315,0.0],[120.686325,23.539011,0.0],[120.686585,23.538898,0.0]]],[[[120.66096,23.540561,0.0],[120.660871,23.540583,0.0],[120.660779,23.540493,0.0],[120.660963,23.540169,0.0],[120.660985,23.540193,0.0],[120.66096,23.540561,0.0]]],[[[120.682401,23.539683,0.0],[120.682524,23.539837,0.0],[120.682472,23.540081,0.0],[120.682655,23.540369,0.0],[120.682373,23.540661,0.0],[120.682257,23.540695,0.0],[120.681973,23.540516,0.0],[120.681538,23.54,0.0],[120.68174,23.539711,0.0],[120.682062,23.539566,0.0],[120.682401,23.539683,0.0]]],[[[120.660716,23.539978,0.0],[120.660602,23.540069,0.0],[120.66058,23.540667,0.0],[120.660296,23.540767,0.0],[120.660274,23.540673,0.0],[120.660464,23.5404,0.0],[120.660455,23.540167,0.0],[120.66056,23.540156,0.0],[120.660511,23.539988,0.0],[120.660605,23.539897,0.0],[120.660716,23.539978,0.0]]],[[[120.622,23.541117,0.0],[120.621869,23.54113,0.0],[120.621808,23.541009,0.0],[120.622016,23.540799,0.0],[120.622168,23.540778,0.0],[120.62222,23.540856,0.0],[120.622,23.541117,0.0]]],[[[120.622445,23.541222,0.0],[120.622309,23.541246,0.0],[120.622306,23.541201,0.0],[120.622389,23.541185,0.0],[120.622445,23.541222,0.0]]],[[[120.662151,23.541559,0.0],[120.66207,23.541613,0.0],[120.661765,23.541527,0.0],[120.661713,23.541381,0.0],[120.66208,23.541353,0.0],[120.662151,23.541559,0.0]]],[[[120.622004,23.541725,0.0],[120.621754,23.54151,0.0],[120.622005,23.541494,0.0],[120.622004,23.541725,0.0]]],[[[120.624087,23.541951,0.0],[120.623969,23.542034,0.0],[120.623818,23.541953,0.0],[120.62387,23.54188,0.0],[120.624087,23.541951,0.0]]],[[[120.662622,23.542315,0.0],[120.662113,23.542276,0.0],[120.662027,23.542194,0.0],[120.662185,23.542076,0.0],[120.662147,23.541755,0.0],[120.662313,23.541623,0.0],[120.662742,23.541729,0.0],[120.662928,23.542022,0.0],[120.662959,23.542114,0.0],[120.662622,23.542315,0.0]]],[[[120.661253,23.543442,0.0],[120.661178,23.543433,0.0],[120.661176,23.543312,0.0],[120.661241,23.543306,0.0],[120.661253,23.543442,0.0]]],[[[120.662379,23.543466,0.0],[120.662007,23.54332,0.0],[120.661605,23.543402,0.0],[120.661511,23.543047,0.0],[120.66249,23.542797,0.0],[120.662644,23.542922,0.0],[120.662728,23.543142,0.0],[120.662379,23.543466,0.0]]],[[[120.667264,23.544202,0.0],[120.667067,23.544113,0.0],[120.666428,23.544134,0.0],[120.666722,23.543797,0.0],[120.666924,23.543786,0.0],[120.667056,23.543696,0.0],[120.667429,23.543749,0.0],[120.667845,23.543962,0.0],[120.667862,23.544078,0.0],[120.667717,23.544081,0.0],[120.66772,23.544144,0.0],[120.667264,23.544202,0.0]]],[[[120.668131,23.544258,0.0],[120.667943,23.544154,0.0],[120.667943,23.544007,0.0],[120.668131,23.544258,0.0]]],[[[120.671717,23.544717,0.0],[120.67116,23.545762,0.0],[120.670821,23.545578,0.0],[120.671125,23.545273,0.0],[120.670673,23.544768,0.0],[120.670884,23.544606,0.0],[120.671255,23.544476,0.0],[120.671717,23.544717,0.0]]],[[[120.674322,23.545845,0.0],[120.674118,23.545958,0.0],[120.674209,23.546377,0.0],[120.673918,23.546498,0.0],[120.673061,23.545989,0.0],[120.673065,23.54574,0.0],[120.673185,23.545678,0.0],[120.673233,23.545326,0.0],[120.673739,23.545767,0.0],[120.67427,23.545421,0.0],[120.674141,23.545616,0.0],[120.674322,23.545845,0.0]]],[[[120.65541,23.547337,0.0],[120.654933,23.547441,0.0],[120.655325,23.547276,0.0],[120.65541,23.547337,0.0]]],[[[120.652099,23.547354,0.0],[120.652025,23.547528,0.0],[120.65181,23.547647,0.0],[120.651671,23.54757,0.0],[120.651686,23.547406,0.0],[120.651386,23.547332,0.0],[120.650862,23.547604,0.0],[120.650522,23.54759,0.0],[120.650582,23.547528,0.0],[120.6508,23.547557,0.0],[120.65096,23.547442,0.0],[120.65104,23.547255,0.0],[120.651969,23.547225,0.0],[120.652099,23.547354,0.0]]],[[[120.666341,23.549146,0.0],[120.666216,23.549076,0.0],[120.666033,23.549136,0.0],[120.665942,23.549091,0.0],[120.666128,23.54887,0.0],[120.666244,23.548853,0.0],[120.6663,23.548933,0.0],[120.666472,23.548894,0.0],[120.666388,23.54899,0.0],[120.666462,23.549051,0.0],[120.666767,23.548907,0.0],[120.666652,23.549076,0.0],[120.666341,23.549146,0.0]]],[[[120.668533,23.549562,0.0],[120.668253,23.549529,0.0],[120.668077,23.549209,0.0],[120.66822,23.548871,0.0],[120.668294,23.548922,0.0],[120.66844,23.548835,0.0],[120.668225,23.548333,0.0],[120.667985,23.548224,0.0],[120.667973,23.547917,0.0],[120.668236,23.548056,0.0],[120.66843,23.54859,0.0],[120.668715,23.548798,0.0],[120.668794,23.548925,0.0],[120.668752,23.549009,0.0],[120.668954,23.549272,0.0],[120.669229,23.549451,0.0],[120.669234,23.5495,0.0],[120.669074,23.549459,0.0],[120.668662,23.549054,0.0],[120.668627,23.549327,0.0],[120.668695,23.549468,0.0],[120.668533,23.549562,0.0]]],[[[120.669376,23.549562,0.0],[120.669419,23.549677,0.0],[120.669251,23.549552,0.0],[120.669376,23.549562,0.0]]],[[[120.616439,23.549867,0.0],[120.615898,23.549821,0.0],[120.615479,23.549424,0.0],[120.614797,23.549291,0.0],[120.614665,23.549058,0.0],[120.614823,23.548804,0.0],[120.614752,23.548548,0.0],[120.61495,23.548606,0.0],[120.615378,23.548446,0.0],[120.615576,23.548059,0.0],[120.61584,23.547961,0.0],[120.616151,23.548094,0.0],[120.616321,23.548373,0.0],[120.616552,23.548353,0.0],[120.616655,23.548494,0.0],[120.616613,23.548837,0.0],[120.616783,23.549035,0.0],[120.61682,23.549347,0.0],[120.616428,23.549711,0.0],[120.616439,23.549867,0.0]]],[[[120.669907,23.550101,0.0],[120.669573,23.549945,0.0],[120.669531,23.549852,0.0],[120.669907,23.550101,0.0]]],[[[120.670342,23.55027,0.0],[120.670022,23.550239,0.0],[120.669981,23.550161,0.0],[120.670017,23.550125,0.0],[120.670342,23.55027,0.0]]],[[[120.665748,23.549711,0.0],[120.665751,23.549792,0.0],[120.665668,23.549905,0.0],[120.665242,23.550111,0.0],[120.665305,23.550194,0.0],[120.665106,23.550266,0.0],[120.664863,23.550213,0.0],[120.66475,23.550058,0.0],[120.664867,23.549749,0.0],[120.66472,23.549544,0.0],[120.665215,23.549233,0.0],[120.665748,23.549711,0.0]]],[[[120.624051,23.550124,0.0],[120.624038,23.55032,0.0],[120.623824,23.550331,0.0],[120.623419,23.55023,0.0],[120.623259,23.550036,0.0],[120.623022,23.550066,0.0],[120.622697,23.549979,0.0],[120.622605,23.549514,0.0],[120.622888,23.549199,0.0],[120.623075,23.548632,0.0],[120.623395,23.548744,0.0],[120.62354,23.54916,0.0],[120.623719,23.549337,0.0],[120.623945,23.549385,0.0],[120.624116,23.549573,0.0],[120.624138,23.549663,0.0],[120.623864,23.549735,0.0],[120.624136,23.549817,0.0],[120.624105,23.549933,0.0],[120.624169,23.550013,0.0],[120.624051,23.550124,0.0]]],[[[120.612737,23.55187,0.0],[120.612697,23.551704,0.0],[120.612899,23.551542,0.0],[120.613012,23.551145,0.0],[120.613595,23.551149,0.0],[120.613628,23.551363,0.0],[120.613352,23.551545,0.0],[120.613402,23.551906,0.0],[120.612737,23.55187,0.0]]],[[[120.659788,23.552284,0.0],[120.659544,23.552245,0.0],[120.659552,23.552124,0.0],[120.659822,23.551904,0.0],[120.659899,23.552003,0.0],[120.659788,23.552284,0.0]]],[[[120.665427,23.553407,0.0],[120.665265,23.553336,0.0],[120.665469,23.553145,0.0],[120.665221,23.553241,0.0],[120.665021,23.553219,0.0],[120.664804,23.553308,0.0],[120.664783,23.553259,0.0],[120.665101,23.553012,0.0],[120.665605,23.552824,0.0],[120.665741,23.552646,0.0],[120.666237,23.552881,0.0],[120.665726,23.552937,0.0],[120.666241,23.553081,0.0],[120.666033,23.553312,0.0],[120.665427,23.553407,0.0]]],[[[120.651112,23.554122,0.0],[120.651059,23.554053,0.0],[120.65033,23.554049,0.0],[120.650378,23.553924,0.0],[120.650828,23.553625,0.0],[120.650882,23.553372,0.0],[120.651398,23.552909,0.0],[120.651274,23.552771,0.0],[120.651336,23.552426,0.0],[120.651094,23.552119,0.0],[120.650847,23.551991,0.0],[120.650897,23.551867,0.0],[120.651421,23.551947,0.0],[120.651534,23.551685,0.0],[120.651616,23.551668,0.0],[120.651691,23.552057,0.0],[120.651736,23.551817,0.0],[120.651832,23.551734,0.0],[120.651954,23.552283,0.0],[120.651752,23.55249,0.0],[120.652136,23.552255,0.0],[120.652374,23.5519,0.0],[120.652574,23.551741,0.0],[120.652552,23.551483,0.0],[120.652188,23.551562,0.0],[120.65203,23.551414,0.0],[120.652036,23.551014,0.0],[120.652353,23.550884,0.0],[120.65247,23.55065,0.0],[120.652096,23.550576,0.0],[120.652065,23.550469,0.0],[120.651739,23.550493,0.0],[120.65166,23.550101,0.0],[120.651815,23.550007,0.0],[120.652381,23.550105,0.0],[120.652626,23.550011,0.0],[120.652769,23.549844,0.0],[120.652613,23.549456,0.0],[120.651969,23.549547,0.0],[120.651927,23.549337,0.0],[120.651812,23.549373,0.0],[120.651825,23.548678,0.0],[120.651985,23.548433,0.0],[120.652311,23.548473,0.0],[120.652454,23.548344,0.0],[120.653121,23.548309,0.0],[120.653429,23.548174,0.0],[120.654192,23.548044,0.0],[120.654751,23.548053,0.0],[120.655384,23.548236,0.0],[120.655687,23.547926,0.0],[120.656159,23.547657,0.0],[120.656577,23.547207,0.0],[120.656709,23.547017,0.0],[120.656702,23.546664,0.0],[120.656791,23.5464,0.0],[120.65691,23.546344,0.0],[120.657078,23.546057,0.0],[120.657634,23.546105,0.0],[120.657846,23.546023,0.0],[120.658072,23.545226,0.0],[120.658314,23.544966,0.0],[120.657825,23.544795,0.0],[120.657855,23.544696,0.0],[120.658262,23.544633,0.0],[120.658455,23.544733,0.0],[120.658508,23.544941,0.0],[120.658774,23.544537,0.0],[120.658778,23.544413,0.0],[120.659059,23.544492,0.0],[120.660268,23.545253,0.0],[120.660303,23.545703,0.0],[120.660435,23.545703,0.0],[120.660815,23.545621,0.0],[120.660992,23.545465,0.0],[120.661906,23.545495,0.0],[120.6622,23.54516,0.0],[120.662302,23.544889,0.0],[120.662665,23.545213,0.0],[120.662761,23.545169,0.0],[120.66289,23.544961,0.0],[120.662938,23.544681,0.0],[120.663055,23.544584,0.0],[120.663066,23.544771,0.0],[120.663321,23.544743,0.0],[120.663649,23.544341,0.0],[120.663694,23.544154,0.0],[120.663704,23.544443,0.0],[120.663632,23.544458,0.0],[120.66374,23.544561,0.0],[120.663483,23.544906,0.0],[120.663372,23.54546,0.0],[120.663206,23.545607,0.0],[120.662826,23.54593,0.0],[120.662657,23.545646,0.0],[120.66247,23.545621,0.0],[120.662277,23.54584,0.0],[120.66199,23.545928,0.0],[120.66171,23.546286,0.0],[120.661281,23.546587,0.0],[120.66094,23.54655,0.0],[120.660692,23.546659,0.0],[120.660221,23.546607,0.0],[120.660288,23.547042,0.0],[120.660163,23.547201,0.0],[120.659764,23.547223,0.0],[120.659585,23.547193,0.0],[120.659466,23.54709,0.0],[120.659321,23.547147,0.0],[120.659304,23.547297,0.0],[120.659125,23.547241,0.0],[120.658808,23.546653,0.0],[120.65833,23.546974,0.0],[120.65813,23.546859,0.0],[120.657601,23.546999,0.0],[120.6572,23.547448,0.0],[120.657013,23.547771,0.0],[120.657009,23.547946,0.0],[120.656604,23.548368,0.0],[120.656225,23.548587,0.0],[120.656094,23.548819,0.0],[120.656075,23.548873,0.0],[120.656362,23.548918,0.0],[120.656373,23.549107,0.0],[120.656598,23.549398,0.0],[120.656574,23.549527,0.0],[120.6564,23.549751,0.0],[120.656185,23.549783,0.0],[120.65572,23.549458,0.0],[120.655681,23.549656,0.0],[120.65553,23.549709,0.0],[120.655513,23.550149,0.0],[120.655256,23.550273,0.0],[120.655307,23.550382,0.0],[120.654743,23.550897,0.0],[120.655099,23.550946,0.0],[120.655421,23.551141,0.0],[120.655116,23.551714,0.0],[120.654967,23.551702,0.0],[120.654799,23.551887,0.0],[120.654647,23.551848,0.0],[120.654434,23.552264,0.0],[120.654287,23.552293,0.0],[120.65472,23.552626,0.0],[120.654689,23.552752,0.0],[120.654608,23.552838,0.0],[120.654558,23.552796,0.0],[120.65452,23.552905,0.0],[120.654675,23.553057,0.0],[120.654645,23.553163,0.0],[120.654451,23.553124,0.0],[120.6543,23.553416,0.0],[120.653772,23.553431,0.0],[120.653758,23.553562,0.0],[120.653324,23.553657,0.0],[120.653311,23.553203,0.0],[120.653406,23.552941,0.0],[120.652903,23.552975,0.0],[120.652764,23.55302,0.0],[120.652647,23.553166,0.0],[120.652445,23.553153,0.0],[120.652251,23.553233,0.0],[120.652283,23.553313,0.0],[120.652344,23.55326,0.0],[120.652461,23.553355,0.0],[120.652381,23.553658,0.0],[120.652144,23.553671,0.0],[120.651776,23.55382,0.0],[120.651515,23.553731,0.0],[120.651221,23.55393,0.0],[120.651269,23.553997,0.0],[120.651112,23.554122,0.0]]],[[[120.649902,23.554053,0.0],[120.649559,23.554151,0.0],[120.649548,23.554134,0.0],[120.649545,23.554044,0.0],[120.649902,23.554053,0.0]]],[[[120.648568,23.55385,0.0],[120.648594,23.554056,0.0],[120.648404,23.554174,0.0],[120.648222,23.554181,0.0],[120.648081,23.553847,0.0],[120.647912,23.553878,0.0],[120.64811,23.553531,0.0],[120.648617,23.553687,0.0],[120.648699,23.553785,0.0],[120.648568,23.55385,0.0]]],[[[120.648112,23.554409,0.0],[120.647948,23.554591,0.0],[120.647657,23.554063,0.0],[120.64767,23.553904,0.0],[120.647934,23.553892,0.0],[120.648112,23.554409,0.0]]],[[[120.649662,23.554584,0.0],[120.649431,23.554664,0.0],[120.648855,23.554445,0.0],[120.648579,23.554467,0.0],[120.648414,23.554558,0.0],[120.648107,23.554552,0.0],[120.648213,23.55438,0.0],[120.64839,23.554396,0.0],[120.648417,23.554463,0.0],[120.648683,23.554303,0.0],[120.648677,23.554349,0.0],[120.649353,23.554494,0.0],[120.649368,23.554559,0.0],[120.649642,23.554533,0.0],[120.649662,23.554584,0.0]]],[[[120.65812,23.557748,0.0],[120.657859,23.557741,0.0],[120.657664,23.557505,0.0],[120.657436,23.557518,0.0],[120.657115,23.557228,0.0],[120.657168,23.557,0.0],[120.657401,23.556866,0.0],[120.657684,23.55711,0.0],[120.65776,23.557289,0.0],[120.658039,23.557373,0.0],[120.65812,23.557748,0.0]]],[[[120.656907,23.558152,0.0],[120.656852,23.558336,0.0],[120.656749,23.558385,0.0],[120.656605,23.558238,0.0],[120.656907,23.558152,0.0]]],[[[120.681072,23.559384,0.0],[120.680971,23.559954,0.0],[120.680668,23.560022,0.0],[120.680534,23.559974,0.0],[120.680358,23.559712,0.0],[120.680817,23.559477,0.0],[120.680877,23.559329,0.0],[120.681072,23.559384,0.0]]],[[[120.654882,23.560357,0.0],[120.654797,23.56046,0.0],[120.654443,23.56027,0.0],[120.654741,23.559903,0.0],[120.654991,23.559784,0.0],[120.655155,23.559481,0.0],[120.655144,23.559391,0.0],[120.655003,23.559445,0.0],[120.654966,23.559579,0.0],[120.654683,23.559432,0.0],[120.654933,23.558842,0.0],[120.655026,23.558824,0.0],[120.655475,23.55892,0.0],[120.655382,23.559076,0.0],[120.655514,23.559142,0.0],[120.655537,23.55953,0.0],[120.655486,23.559694,0.0],[120.655178,23.559918,0.0],[120.655313,23.560232,0.0],[120.655225,23.5602,0.0],[120.654882,23.560357,0.0]]],[[[120.646992,23.562034,0.0],[120.646899,23.561921,0.0],[120.647098,23.562004,0.0],[120.646992,23.562034,0.0]]],[[[120.684287,23.562135,0.0],[120.68406,23.562081,0.0],[120.684074,23.561887,0.0],[120.683881,23.561744,0.0],[120.684008,23.561666,0.0],[120.684299,23.561738,0.0],[120.684539,23.561929,0.0],[120.684664,23.561915,0.0],[120.684287,23.562135,0.0]]],[[[120.687332,23.562432,0.0],[120.687227,23.562385,0.0],[120.687301,23.562373,0.0],[120.687332,23.562432,0.0]]],[[[120.641741,23.562301,0.0],[120.64138,23.562533,0.0],[120.640997,23.562146,0.0],[120.640968,23.562035,0.0],[120.639908,23.561512,0.0],[120.639653,23.561257,0.0],[120.639462,23.560654,0.0],[120.640363,23.560321,0.0],[120.640726,23.559886,0.0],[120.641106,23.559818,0.0],[120.641966,23.561025,0.0],[120.641617,23.561457,0.0],[120.641741,23.562301,0.0]]],[[[120.68763,23.56357,0.0],[120.687108,23.563755,0.0],[120.686864,23.563467,0.0],[120.686853,23.56326,0.0],[120.686975,23.563263,0.0],[120.6873,23.562827,0.0],[120.687481,23.562822,0.0],[120.687517,23.563268,0.0],[120.687712,23.563247,0.0],[120.68763,23.56357,0.0]]],[[[120.705075,23.565187,0.0],[120.704956,23.565482,0.0],[120.704729,23.565723,0.0],[120.704598,23.565723,0.0],[120.704412,23.565873,0.0],[120.701733,23.565105,0.0],[120.701437,23.564978,0.0],[120.701269,23.564758,0.0],[120.700956,23.564744,0.0],[120.700809,23.564912,0.0],[120.700673,23.564831,0.0],[120.700597,23.564878,0.0],[120.700386,23.56483,0.0],[120.69995,23.564946,0.0],[120.699773,23.564879,0.0],[120.699515,23.565112,0.0],[120.699377,23.565081,0.0],[120.699256,23.564829,0.0],[120.699327,23.564409,0.0],[120.698554,23.563875,0.0],[120.697652,23.563035,0.0],[120.69765,23.56275,0.0],[120.698049,23.56208,0.0],[120.698068,23.56105,0.0],[120.697934,23.560833,0.0],[120.697697,23.560654,0.0],[120.697419,23.560023,0.0],[120.697202,23.559735,0.0],[120.696342,23.559441,0.0],[120.695972,23.55914,0.0],[120.695962,23.55825,0.0],[120.695882,23.55793,0.0],[120.696095,23.557414,0.0],[120.695748,23.55676,0.0],[120.695655,23.556722,0.0],[120.695631,23.557003,0.0],[120.695427,23.557267,0.0],[120.695469,23.557492,0.0],[120.695356,23.557741,0.0],[120.69515,23.55736,0.0],[120.695287,23.556898,0.0],[120.694978,23.556132,0.0],[120.694837,23.5562,0.0],[120.694759,23.556508,0.0],[120.694113,23.556668,0.0],[120.694013,23.556967,0.0],[120.693666,23.557219,0.0],[120.692957,23.557103,0.0],[120.692831,23.556991,0.0],[120.692438,23.556993,0.0],[120.691501,23.557404,0.0],[120.691014,23.557416,0.0],[120.690949,23.557554,0.0],[120.690546,23.557356,0.0],[120.689681,23.557337,0.0],[120.688485,23.55698,0.0],[120.687452,23.556922,0.0],[120.686895,23.557083,0.0],[120.68641,23.557041,0.0],[120.686168,23.557275,0.0],[120.685986,23.557184,0.0],[120.685748,23.557206,0.0],[120.685709,23.557146,0.0],[120.685956,23.556891,0.0],[120.685758,23.556065,0.0],[120.68578,23.555644,0.0],[120.685568,23.555691,0.0],[120.685342,23.555887,0.0],[120.68547,23.55602,0.0],[120.685406,23.55624,0.0],[120.685098,23.556317,0.0],[120.685054,23.556598,0.0],[120.685173,23.556751,0.0],[120.685182,23.557013,0.0],[120.684698,23.55677,0.0],[120.684638,23.556836,0.0],[120.683841,23.556979,0.0],[120.683444,23.556848,0.0],[120.683251,23.556686,0.0],[120.683266,23.556742,0.0],[120.682947,23.556907,0.0],[120.682883,23.556722,0.0],[120.682388,23.556827,0.0],[120.681732,23.556607,0.0],[120.680704,23.556703,0.0],[120.680476,23.556947,0.0],[120.680242,23.557059,0.0],[120.680265,23.557272,0.0],[120.679584,23.557461,0.0],[120.679237,23.557805,0.0],[120.679288,23.558615,0.0],[120.679138,23.55883,0.0],[120.679171,23.559189,0.0],[120.679307,23.559471,0.0],[120.679504,23.559473,0.0],[120.679551,23.559587,0.0],[120.679792,23.559712,0.0],[120.679484,23.559831,0.0],[120.67918,23.559774,0.0],[120.679075,23.560277,0.0],[120.678654,23.560496,0.0],[120.678167,23.560543,0.0],[120.678029,23.560384,0.0],[120.677818,23.56033,0.0],[120.677809,23.560177,0.0],[120.67587,23.560164,0.0],[120.675905,23.560382,0.0],[120.675208,23.560513,0.0],[120.67516,23.560424,0.0],[120.674059,23.560411,0.0],[120.674041,23.560331,0.0],[120.673951,23.560337,0.0],[120.672906,23.560662,0.0],[120.672525,23.561443,0.0],[120.672273,23.561409,0.0],[120.672087,23.561471,0.0],[120.671275,23.561863,0.0],[120.670723,23.561938,0.0],[120.670411,23.561871,0.0],[120.670075,23.561945,0.0],[120.669812,23.562058,0.0],[120.669625,23.562246,0.0],[120.66933,23.562343,0.0],[120.669326,23.562677,0.0],[120.668624,23.562922,0.0],[120.667695,23.562941,0.0],[120.667584,23.562557,0.0],[120.667317,23.562562,0.0],[120.667444,23.562889,0.0],[120.666705,23.563048,0.0],[120.666597,23.562712,0.0],[120.66588,23.562584,0.0],[120.665855,23.562518,0.0],[120.665096,23.562725,0.0],[120.66478,23.562734,0.0],[120.664774,23.562665,0.0],[120.664288,23.562858,0.0],[120.664193,23.562781,0.0],[120.664348,23.562633,0.0],[120.664099,23.562566,0.0],[120.66369,23.562686,0.0],[120.663505,23.56257,0.0],[120.663358,23.562162,0.0],[120.663163,23.56223,0.0],[120.663076,23.562188,0.0],[120.663074,23.562248,0.0],[120.662846,23.562341,0.0],[120.662568,23.562336,0.0],[120.662432,23.562723,0.0],[120.662612,23.562792,0.0],[120.662594,23.562906,0.0],[120.662391,23.56309,0.0],[120.661937,23.562838,0.0],[120.661743,23.562623,0.0],[120.660537,23.563179,0.0],[120.660543,23.56368,0.0],[120.660267,23.563728,0.0],[120.66012,23.56384,0.0],[120.659997,23.564148,0.0],[120.659218,23.564504,0.0],[120.659456,23.564884,0.0],[120.659824,23.564774,0.0],[120.659451,23.564962,0.0],[120.659358,23.565129,0.0],[120.659156,23.565058,0.0],[120.659183,23.564792,0.0],[120.658989,23.564625,0.0],[120.658627,23.564929,0.0],[120.658511,23.565186,0.0],[120.658135,23.565227,0.0],[120.657935,23.56541,0.0],[120.657092,23.565497,0.0],[120.656777,23.565704,0.0],[120.656691,23.565527,0.0],[120.656429,23.565436,0.0],[120.655867,23.564443,0.0],[120.655669,23.5643,0.0],[120.655736,23.564184,0.0],[120.655932,23.564354,0.0],[120.656198,23.5644,0.0],[120.656275,23.564345,0.0],[120.656248,23.564253,0.0],[120.656116,23.564229,0.0],[120.656814,23.563673,0.0],[120.656787,23.563617,0.0],[120.656337,23.563778,0.0],[120.656115,23.563704,0.0],[120.655904,23.563734,0.0],[120.655894,23.563308,0.0],[120.655589,23.563338,0.0],[120.655471,23.563266,0.0],[120.655309,23.563324,0.0],[120.654961,23.563226,0.0],[120.654696,23.563463,0.0],[120.654395,23.563508,0.0],[120.654191,23.563708,0.0],[120.654217,23.56379,0.0],[120.653387,23.564219,0.0],[120.653187,23.564469,0.0],[120.653197,23.56463,0.0],[120.65307,23.564892,0.0],[120.652866,23.565026,0.0],[120.65266,23.565062,0.0],[120.652481,23.565245,0.0],[120.651732,23.565287,0.0],[120.650925,23.565604,0.0],[120.650641,23.565579,0.0],[120.650569,23.565483,0.0],[120.650597,23.565172,0.0],[120.650291,23.564962,0.0],[120.649924,23.564437,0.0],[120.650059,23.564212,0.0],[120.649941,23.563956,0.0],[120.649853,23.563861,0.0],[120.649189,23.563625,0.0],[120.648875,23.563432,0.0],[120.648471,23.562857,0.0],[120.647846,23.562354,0.0],[120.647479,23.562201,0.0],[120.647397,23.561951,0.0],[120.647476,23.561825,0.0],[120.647811,23.561855,0.0],[120.64773,23.561723,0.0],[120.647893,23.561547,0.0],[120.647879,23.561134,0.0],[120.648086,23.560939,0.0],[120.648426,23.560894,0.0],[120.648536,23.560638,0.0],[120.648668,23.56068,0.0],[120.649292,23.560465,0.0],[120.649351,23.560537,0.0],[120.649514,23.560409,0.0],[120.649677,23.560447,0.0],[120.649839,23.560319,0.0],[120.650503,23.560241,0.0],[120.650557,23.560105,0.0],[120.650668,23.560118,0.0],[120.651159,23.559456,0.0],[120.651338,23.559349,0.0],[120.651636,23.559474,0.0],[120.651905,23.559494,0.0],[120.652299,23.559352,0.0],[120.652491,23.559655,0.0],[120.652459,23.55987,0.0],[120.652389,23.559864,0.0],[120.652551,23.559991,0.0],[120.653444,23.560026,0.0],[120.653734,23.560565,0.0],[120.653802,23.560848,0.0],[120.653984,23.561015,0.0],[120.654227,23.560981,0.0],[120.654174,23.5613,0.0],[120.654333,23.561425,0.0],[120.655465,23.560935,0.0],[120.655479,23.560649,0.0],[120.655659,23.560593,0.0],[120.655953,23.560743,0.0],[120.656253,23.560289,0.0],[120.655918,23.560045,0.0],[120.656023,23.559946,0.0],[120.656086,23.559702,0.0],[120.656059,23.55941,0.0],[120.655699,23.558862,0.0],[120.655519,23.558764,0.0],[120.655798,23.558299,0.0],[120.656249,23.5583,0.0],[120.656381,23.558431,0.0],[120.656245,23.558607,0.0],[120.656399,23.558854,0.0],[120.656468,23.5589,0.0],[120.65669,23.558852,0.0],[120.656856,23.558965,0.0],[120.657306,23.558617,0.0],[120.657871,23.557896,0.0],[120.658594,23.557675,0.0],[120.658859,23.557723,0.0],[120.658903,23.557643,0.0],[120.659213,23.55772,0.0],[120.659422,23.55766,0.0],[120.659763,23.557802,0.0],[120.659647,23.557649,0.0],[120.659482,23.557593,0.0],[120.659509,23.557421,0.0],[120.659595,23.557405,0.0],[120.659664,23.557218,0.0],[120.659769,23.557221,0.0],[120.659908,23.557104,0.0],[120.659891,23.556956,0.0],[120.659999,23.556824,0.0],[120.660284,23.556756,0.0],[120.660416,23.556975,0.0],[120.660555,23.557021,0.0],[120.660491,23.55682,0.0],[120.660356,23.556695,0.0],[120.660454,23.556628,0.0],[120.660994,23.556676,0.0],[120.661063,23.556935,0.0],[120.661449,23.556955,0.0],[120.661378,23.556748,0.0],[120.661774,23.556612,0.0],[120.662118,23.556554,0.0],[120.662302,23.556776,0.0],[120.662819,23.55665,0.0],[120.663027,23.556487,0.0],[120.663385,23.556463,0.0],[120.663426,23.556238,0.0],[120.663557,23.55621,0.0],[120.663494,23.55613,0.0],[120.663393,23.556141,0.0],[120.663363,23.556051,0.0],[120.663552,23.555991,0.0],[120.66372,23.556026,0.0],[120.663811,23.556301,0.0],[120.664226,23.556441,0.0],[120.664377,23.556406,0.0],[120.664406,23.556253,0.0],[120.664622,23.556206,0.0],[120.664586,23.555994,0.0],[120.66508,23.556172,0.0],[120.665131,23.556118,0.0],[120.665326,23.55615,0.0],[120.665521,23.555895,0.0],[120.66541,23.555776,0.0],[120.665451,23.555406,0.0],[120.665807,23.555056,0.0],[120.666247,23.555064,0.0],[120.666233,23.554932,0.0],[120.666652,23.554788,0.0],[120.666845,23.554601,0.0],[120.666931,23.554633,0.0],[120.667108,23.554556,0.0],[120.66722,23.554267,0.0],[120.667381,23.554247,0.0],[120.66743,23.554304,0.0],[120.667635,23.554276,0.0],[120.667709,23.554186,0.0],[120.668082,23.554171,0.0],[120.668168,23.554252,0.0],[120.668448,23.554163,0.0],[120.668345,23.553729,0.0],[120.668564,23.553299,0.0],[120.668688,23.553298,0.0],[120.668827,23.55319,0.0],[120.668677,23.553068,0.0],[120.668821,23.552701,0.0],[120.66877,23.552572,0.0],[120.668554,23.552484,0.0],[120.66822,23.552726,0.0],[120.668016,23.552712,0.0],[120.667662,23.552491,0.0],[120.666955,23.552764,0.0],[120.666586,23.552712,0.0],[120.666248,23.552879,0.0],[120.666289,23.552591,0.0],[120.666093,23.552323,0.0],[120.666124,23.551861,0.0],[120.666611,23.551405,0.0],[120.666794,23.551369,0.0],[120.66662,23.551094,0.0],[120.664617,23.552197,0.0],[120.664479,23.552141,0.0],[120.664065,23.552255,0.0],[120.66391,23.551983,0.0],[120.66374,23.551906,0.0],[120.663678,23.552118,0.0],[120.663389,23.552321,0.0],[120.663162,23.552323,0.0],[120.662908,23.552202,0.0],[120.662674,23.55225,0.0],[120.662517,23.552123,0.0],[120.662408,23.552137,0.0],[120.661863,23.552573,0.0],[120.661706,23.552872,0.0],[120.662173,23.552752,0.0],[120.66262,23.552838,0.0],[120.662489,23.553082,0.0],[120.662816,23.553159,0.0],[120.662859,23.553085,0.0],[120.66337,23.553586,0.0],[120.663959,23.553637,0.0],[120.663905,23.553692,0.0],[120.66319,23.553718,0.0],[120.66232,23.553428,0.0],[120.66224,23.553464,0.0],[120.662267,23.553578,0.0],[120.661945,23.553428,0.0],[120.661599,23.553408,0.0],[120.661466,23.553476,0.0],[120.661099,23.553434,0.0],[120.661032,23.553601,0.0],[120.660747,23.553763,0.0],[120.660493,23.553678,0.0],[120.660365,23.553434,0.0],[120.660241,23.553419,0.0],[120.660171,23.553179,0.0],[120.660301,23.552849,0.0],[120.660547,23.552743,0.0],[120.660702,23.552779,0.0],[120.660723,23.552983,0.0],[120.660481,23.553097,0.0],[120.66055,23.553306,0.0],[120.660695,23.553272,0.0],[120.66086,23.55287,0.0],[120.660934,23.552883,0.0],[120.660879,23.553182,0.0],[120.661124,23.553382,0.0],[120.66173,23.553351,0.0],[120.6618,23.55298,0.0],[120.661366,23.552724,0.0],[120.660962,23.552584,0.0],[120.660952,23.552315,0.0],[120.660726,23.551978,0.0],[120.660755,23.551618,0.0],[120.66064,23.551615,0.0],[120.660418,23.551369,0.0],[120.660437,23.551176,0.0],[120.660573,23.551143,0.0],[120.660631,23.550859,0.0],[120.660781,23.550858,0.0],[120.660798,23.55068,0.0],[120.66043,23.54987,0.0],[120.660138,23.54965,0.0],[120.660128,23.549549,0.0],[120.660212,23.549307,0.0],[120.660484,23.54914,0.0],[120.660531,23.548847,0.0],[120.660745,23.548695,0.0],[120.660894,23.54864,0.0],[120.661082,23.548685,0.0],[120.661557,23.548507,0.0],[120.662306,23.548419,0.0],[120.662525,23.548612,0.0],[120.662812,23.548401,0.0],[120.66307,23.548405,0.0],[120.663041,23.548355,0.0],[120.663189,23.54823,0.0],[120.663298,23.548265,0.0],[120.663332,23.548398,0.0],[120.663658,23.548625,0.0],[120.663561,23.548669,0.0],[120.663546,23.548809,0.0],[120.663012,23.549092,0.0],[120.662903,23.548961,0.0],[120.66281,23.54903,0.0],[120.662666,23.549003,0.0],[120.662709,23.54906,0.0],[120.662611,23.549028,0.0],[120.663121,23.549666,0.0],[120.663649,23.549477,0.0],[120.6635,23.54924,0.0],[120.66366,23.549089,0.0],[120.663778,23.549056,0.0],[120.663827,23.549141,0.0],[120.663568,23.549778,0.0],[120.663787,23.550134,0.0],[120.66307,23.550461,0.0],[120.663389,23.550562,0.0],[120.663916,23.550434,0.0],[120.66446,23.550579,0.0],[120.665513,23.550416,0.0],[120.666032,23.55047,0.0],[120.666382,23.550403,0.0],[120.666287,23.550023,0.0],[120.666417,23.549787,0.0],[120.666559,23.549712,0.0],[120.667174,23.549647,0.0],[120.667349,23.549281,0.0],[120.667632,23.549464,0.0],[120.667807,23.549832,0.0],[120.667497,23.550108,0.0],[120.667584,23.550376,0.0],[120.667829,23.550429,0.0],[120.668029,23.550616,0.0],[120.667925,23.550902,0.0],[120.668328,23.550925,0.0],[120.668573,23.551171,0.0],[120.668796,23.551275,0.0],[120.669096,23.55103,0.0],[120.669302,23.551323,0.0],[120.669272,23.551381,0.0],[120.669837,23.551602,0.0],[120.670402,23.551517,0.0],[120.671191,23.551695,0.0],[120.671461,23.551638,0.0],[120.671747,23.551761,0.0],[120.672011,23.551747,0.0],[120.672497,23.552015,0.0],[120.672977,23.552085,0.0],[120.673468,23.552022,0.0],[120.673933,23.552128,0.0],[120.674264,23.552058,0.0],[120.674378,23.551968,0.0],[120.675477,23.552156,0.0],[120.675488,23.552286,0.0],[120.675702,23.552242,0.0],[120.675868,23.552325,0.0],[120.677178,23.55214,0.0],[120.677798,23.551812,0.0],[120.677272,23.551524,0.0],[120.677358,23.551351,0.0],[120.67757,23.551336,0.0],[120.677614,23.551157,0.0],[120.677813,23.550973,0.0],[120.677811,23.550847,0.0],[120.677432,23.550457,0.0],[120.677301,23.550212,0.0],[120.677237,23.549852,0.0],[120.676956,23.549557,0.0],[120.677032,23.548988,0.0],[120.67725,23.5489,0.0],[120.677694,23.548872,0.0],[120.677944,23.548622,0.0],[120.678802,23.54855,0.0],[120.67905,23.548375,0.0],[120.679402,23.548401,0.0],[120.679728,23.548168,0.0],[120.680109,23.548208,0.0],[120.680454,23.547984,0.0],[120.680825,23.547976,0.0],[120.681308,23.547774,0.0],[120.68156,23.547795,0.0],[120.682134,23.547503,0.0],[120.682043,23.547188,0.0],[120.682062,23.546372,0.0],[120.682152,23.546161,0.0],[120.681996,23.546011,0.0],[120.681856,23.546052,0.0],[120.68092,23.545269,0.0],[120.68155,23.545139,0.0],[120.681466,23.545082,0.0],[120.681542,23.545042,0.0],[120.681046,23.544835,0.0],[120.680694,23.544866,0.0],[120.680582,23.54474,0.0],[120.680163,23.544684,0.0],[120.679965,23.544528,0.0],[120.67946,23.544849,0.0],[120.678916,23.545412,0.0],[120.677873,23.545725,0.0],[120.677289,23.545329,0.0],[120.67723,23.545422,0.0],[120.67682,23.54533,0.0],[120.67652,23.545494,0.0],[120.676183,23.545503,0.0],[120.675251,23.545098,0.0],[120.67508,23.544685,0.0],[120.674514,23.544724,0.0],[120.674335,23.544652,0.0],[120.674105,23.544752,0.0],[120.673939,23.544687,0.0],[120.673776,23.544804,0.0],[120.673581,23.545135,0.0],[120.673164,23.545068,0.0],[120.672799,23.545111,0.0],[120.671882,23.54466,0.0],[120.671907,23.544246,0.0],[120.672338,23.544241,0.0],[120.672367,23.544087,0.0],[120.671779,23.543886,0.0],[120.671459,23.543661,0.0],[120.670903,23.54356,0.0],[120.670455,23.54371,0.0],[120.670331,23.543648,0.0],[120.670187,23.543919,0.0],[120.670057,23.543901,0.0],[120.669958,23.544031,0.0],[120.670181,23.544161,0.0],[120.670188,23.544327,0.0],[120.670017,23.544706,0.0],[120.669828,23.544647,0.0],[120.669755,23.544254,0.0],[120.669526,23.54463,0.0],[120.669138,23.544569,0.0],[120.668901,23.54449,0.0],[120.66881,23.544349,0.0],[120.66912,23.543841,0.0],[120.669067,23.5436,0.0],[120.669448,23.543231,0.0],[120.669333,23.542852,0.0],[120.669291,23.542783,0.0],[120.668553,23.542666,0.0],[120.668036,23.542852,0.0],[120.66714,23.542703,0.0],[120.666737,23.543164,0.0],[120.666404,23.543304,0.0],[120.666298,23.543589,0.0],[120.666495,23.543833,0.0],[120.666391,23.54414,0.0],[120.666307,23.544136,0.0],[120.665553,23.543865,0.0],[120.665518,23.543539,0.0],[120.665396,23.543428,0.0],[120.665408,23.543302,0.0],[120.665294,23.543145,0.0],[120.664965,23.543233,0.0],[120.664642,23.543062,0.0],[120.66462,23.542866,0.0],[120.664402,23.542909,0.0],[120.664315,23.542821,0.0],[120.664253,23.542438,0.0],[120.664385,23.542101,0.0],[120.664502,23.542053,0.0],[120.664216,23.541628,0.0],[120.663921,23.54154,0.0],[120.663952,23.54182,0.0],[120.663794,23.541872,0.0],[120.66349,23.541523,0.0],[120.663526,23.541153,0.0],[120.663209,23.541265,0.0],[120.66327,23.541425,0.0],[120.662909,23.541233,0.0],[120.662782,23.540905,0.0],[120.662863,23.540556,0.0],[120.662776,23.540265,0.0],[120.662585,23.540144,0.0],[120.662549,23.539513,0.0],[120.662286,23.539337,0.0],[120.662293,23.539029,0.0],[120.662471,23.538804,0.0],[120.662737,23.539074,0.0],[120.66304,23.53903,0.0],[120.662756,23.539393,0.0],[120.662675,23.539657,0.0],[120.663051,23.539742,0.0],[120.663146,23.539677,0.0],[120.663214,23.539424,0.0],[120.663485,23.539407,0.0],[120.663933,23.538929,0.0],[120.664411,23.538703,0.0],[120.664995,23.53801,0.0],[120.665166,23.537991,0.0],[120.665393,23.537836,0.0],[120.665835,23.537798,0.0],[120.666035,23.537632,0.0],[120.666539,23.537694,0.0],[120.66677,23.537243,0.0],[120.667252,23.536758,0.0],[120.667526,23.536854,0.0],[120.667668,23.536825,0.0],[120.667788,23.53708,0.0],[120.667847,23.536929,0.0],[120.668095,23.537036,0.0],[120.668197,23.536997,0.0],[120.668292,23.537146,0.0],[120.668286,23.536997,0.0],[120.669426,23.536787,0.0],[120.669686,23.536468,0.0],[120.670245,23.536369,0.0],[120.670226,23.536689,0.0],[120.670322,23.536346,0.0],[120.670668,23.535998,0.0],[120.670665,23.535824,0.0],[120.671261,23.535486,0.0],[120.671345,23.535294,0.0],[120.67158,23.535256,0.0],[120.671875,23.534857,0.0],[120.671886,23.534487,0.0],[120.671553,23.534188,0.0],[120.671707,23.534071,0.0],[120.671851,23.534113,0.0],[120.672091,23.533499,0.0],[120.672307,23.533407,0.0],[120.672539,23.533432,0.0],[120.672325,23.533186,0.0],[120.672693,23.532695,0.0],[120.672312,23.532517,0.0],[120.672329,23.532469,0.0],[120.672582,23.532368,0.0],[120.67282,23.532412,0.0],[120.673153,23.532273,0.0],[120.673499,23.532273,0.0],[120.674218,23.532381,0.0],[120.674938,23.532953,0.0],[120.675312,23.533131,0.0],[120.676074,23.53324,0.0],[120.676213,23.533103,0.0],[120.676374,23.533069,0.0],[120.676491,23.53323,0.0],[120.676682,23.533111,0.0],[120.67714,23.534007,0.0],[120.677251,23.534661,0.0],[120.677505,23.534916,0.0],[120.677357,23.535463,0.0],[120.677239,23.535461,0.0],[120.67726,23.535666,0.0],[120.677495,23.536018,0.0],[120.677667,23.535798,0.0],[120.678123,23.535865,0.0],[120.678105,23.536054,0.0],[120.677589,23.536389,0.0],[120.677587,23.536619,0.0],[120.677822,23.536585,0.0],[120.677933,23.536866,0.0],[120.678094,23.537017,0.0],[120.678088,23.537114,0.0],[120.678466,23.537108,0.0],[120.679052,23.537771,0.0],[120.679353,23.537893,0.0],[120.679746,23.538286,0.0],[120.679471,23.538451,0.0],[120.679359,23.538621,0.0],[120.679436,23.538832,0.0],[120.67997,23.539253,0.0],[120.680204,23.539193,0.0],[120.680499,23.539444,0.0],[120.680563,23.539527,0.0],[120.680495,23.53962,0.0],[120.680609,23.539687,0.0],[120.680862,23.54015,0.0],[120.68081,23.540371,0.0],[120.681254,23.540636,0.0],[120.681286,23.540767,0.0],[120.681507,23.540786,0.0],[120.681314,23.540851,0.0],[120.681225,23.541275,0.0],[120.681453,23.541505,0.0],[120.681526,23.541804,0.0],[120.681775,23.541588,0.0],[120.68212,23.541713,0.0],[120.682441,23.54228,0.0],[120.682899,23.54264,0.0],[120.683233,23.543018,0.0],[120.683235,23.543195,0.0],[120.683653,23.543905,0.0],[120.683854,23.543936,0.0],[120.684275,23.543694,0.0],[120.684623,23.543136,0.0],[120.684985,23.542911,0.0],[120.685498,23.542425,0.0],[120.685623,23.541806,0.0],[120.68553,23.541302,0.0],[120.685993,23.540679,0.0],[120.686676,23.541075,0.0],[120.686395,23.541261,0.0],[120.686344,23.54149,0.0],[120.68737,23.541865,0.0],[120.687489,23.542182,0.0],[120.687526,23.542754,0.0],[120.688003,23.542802,0.0],[120.688041,23.542902,0.0],[120.687706,23.54327,0.0],[120.687797,23.543268,0.0],[120.68774,23.543358,0.0],[120.688137,23.543328,0.0],[120.688153,23.543376,0.0],[120.688492,23.543243,0.0],[120.688537,23.543479,0.0],[120.688285,23.544021,0.0],[120.688172,23.544056,0.0],[120.688015,23.543893,0.0],[120.687985,23.544087,0.0],[120.687921,23.54404,0.0],[120.687745,23.544145,0.0],[120.687787,23.544191,0.0],[120.687634,23.544375,0.0],[120.687697,23.544485,0.0],[120.687603,23.54499,0.0],[120.687662,23.545448,0.0],[120.68726,23.545564,0.0],[120.68702,23.545819,0.0],[120.686857,23.546614,0.0],[120.686491,23.547465,0.0],[120.687078,23.547798,0.0],[120.687067,23.547918,0.0],[120.687375,23.547916,0.0],[120.687567,23.54833,0.0],[120.68751,23.548666,0.0],[120.687624,23.549072,0.0],[120.687506,23.549278,0.0],[120.68852,23.549527,0.0],[120.688706,23.549512,0.0],[120.689057,23.549677,0.0],[120.689301,23.549485,0.0],[120.689505,23.549848,0.0],[120.689675,23.549822,0.0],[120.689743,23.549893,0.0],[120.689972,23.550701,0.0],[120.690129,23.550891,0.0],[120.690324,23.550987,0.0],[120.690543,23.550976,0.0],[120.69062,23.551052,0.0],[120.690978,23.551042,0.0],[120.691272,23.55113,0.0],[120.691421,23.551498,0.0],[120.691964,23.552205,0.0],[120.6927,23.552411,0.0],[120.69284,23.55251,0.0],[120.693472,23.553238,0.0],[120.6937,23.553722,0.0],[120.693704,23.554041,0.0],[120.694069,23.554395,0.0],[120.694067,23.554744,0.0],[120.694235,23.554918,0.0],[120.694363,23.55529,0.0],[120.694643,23.555432,0.0],[120.694735,23.555567,0.0],[120.694885,23.556014,0.0],[120.695012,23.55607,0.0],[120.695191,23.555854,0.0],[120.695365,23.555969,0.0],[120.695655,23.556529,0.0],[120.695691,23.556335,0.0],[120.695748,23.556426,0.0],[120.695749,23.556152,0.0],[120.695915,23.556014,0.0],[120.695993,23.555738,0.0],[120.695915,23.55545,0.0],[120.696412,23.554457,0.0],[120.696559,23.554484,0.0],[120.696581,23.554828,0.0],[120.696838,23.554841,0.0],[120.696798,23.554974,0.0],[120.697104,23.555361,0.0],[120.697257,23.555429,0.0],[120.697362,23.555594,0.0],[120.697336,23.555718,0.0],[120.697572,23.55586,0.0],[120.697866,23.55634,0.0],[120.697878,23.556511,0.0],[120.698268,23.55631,0.0],[120.699101,23.556531,0.0],[120.699329,23.556436,0.0],[120.699569,23.556463,0.0],[120.699526,23.556723,0.0],[120.699689,23.556737,0.0],[120.699804,23.556922,0.0],[120.700189,23.556983,0.0],[120.700554,23.556945,0.0],[120.700688,23.556817,0.0],[120.700927,23.556822,0.0],[120.701183,23.556562,0.0],[120.701406,23.55652,0.0],[120.701451,23.556432,0.0],[120.701592,23.556437,0.0],[120.701663,23.556353,0.0],[120.702108,23.556669,0.0],[120.702434,23.557011,0.0],[120.702225,23.557656,0.0],[120.703006,23.558437,0.0],[120.704098,23.558683,0.0],[120.70423,23.558448,0.0],[120.704446,23.558368,0.0],[120.704722,23.558488,0.0],[120.705536,23.558361,0.0],[120.705587,23.558287,0.0],[120.705587,23.558379,0.0],[120.706097,23.558383,0.0],[120.706973,23.558047,0.0],[120.707586,23.557972,0.0],[120.708184,23.558133,0.0],[120.708515,23.558135,0.0],[120.708839,23.558285,0.0],[120.708758,23.558374,0.0],[120.708461,23.558397,0.0],[120.708345,23.55851,0.0],[120.708305,23.558859,0.0],[120.707931,23.559217,0.0],[120.707583,23.55927,0.0],[120.707298,23.55964,0.0],[120.707248,23.560245,0.0],[120.707612,23.560431,0.0],[120.708561,23.560288,0.0],[120.708706,23.561229,0.0],[120.70887,23.561375,0.0],[120.708981,23.561786,0.0],[120.709158,23.562018,0.0],[120.709264,23.562589,0.0],[120.708396,23.563319,0.0],[120.707844,23.563498,0.0],[120.707228,23.563557,0.0],[120.706688,23.56385,0.0],[120.706517,23.564164,0.0],[120.706309,23.564288,0.0],[120.705764,23.564891,0.0],[120.705725,23.565193,0.0],[120.705502,23.565106,0.0],[120.705075,23.565187,0.0]]],[[[120.744176,23.566044,0.0],[120.744421,23.566319,0.0],[120.74485,23.566604,0.0],[120.744698,23.566968,0.0],[120.744067,23.566978,0.0],[120.743981,23.566082,0.0],[120.744176,23.566044,0.0]]],[[[120.6673,23.567094,0.0],[120.667114,23.567038,0.0],[120.667121,23.566763,0.0],[120.667528,23.565955,0.0],[120.667737,23.565758,0.0],[120.667793,23.565528,0.0],[120.667954,23.565347,0.0],[120.668134,23.565307,0.0],[120.668199,23.56515,0.0],[120.668513,23.565194,0.0],[120.668612,23.564824,0.0],[120.668946,23.564866,0.0],[120.669006,23.565025,0.0],[120.669056,23.564866,0.0],[120.669214,23.56488,0.0],[120.669336,23.565254,0.0],[120.66945,23.564958,0.0],[120.669772,23.564901,0.0],[120.669968,23.565222,0.0],[120.669842,23.565384,0.0],[120.669652,23.565463,0.0],[120.669235,23.565479,0.0],[120.669129,23.566108,0.0],[120.669448,23.566154,0.0],[120.669394,23.566267,0.0],[120.668861,23.56641,0.0],[120.668717,23.566337,0.0],[120.668534,23.566519,0.0],[120.668083,23.566742,0.0],[120.667831,23.566754,0.0],[120.6673,23.567094,0.0]]],[[[120.719365,23.56929,0.0],[120.718757,23.569247,0.0],[120.71827,23.569047,0.0],[120.717943,23.569044,0.0],[120.717403,23.569175,0.0],[120.71769,23.568771,0.0],[120.718274,23.568333,0.0],[120.719409,23.567895,0.0],[120.719682,23.567968,0.0],[120.719801,23.567764,0.0],[120.719307,23.567342,0.0],[120.719287,23.567245,0.0],[120.720018,23.565909,0.0],[120.720014,23.565463,0.0],[120.720566,23.56394,0.0],[120.720498,23.563155,0.0],[120.720601,23.562616,0.0],[120.720624,23.561726,0.0],[120.720257,23.561751,0.0],[120.720229,23.561641,0.0],[120.719447,23.561699,0.0],[120.718817,23.561614,0.0],[120.718218,23.561202,0.0],[120.716711,23.560485,0.0],[120.716343,23.560459,0.0],[120.715948,23.560177,0.0],[120.715274,23.560097,0.0],[120.714988,23.559732,0.0],[120.714791,23.559751,0.0],[120.71479,23.559623,0.0],[120.714296,23.559617,0.0],[120.714166,23.559705,0.0],[120.713499,23.559435,0.0],[120.71351,23.559262,0.0],[120.712968,23.558962,0.0],[120.712355,23.558795,0.0],[120.712172,23.558826,0.0],[120.712293,23.558723,0.0],[120.712234,23.558485,0.0],[120.71144,23.558467,0.0],[120.711209,23.558266,0.0],[120.710941,23.558384,0.0],[120.710273,23.558492,0.0],[120.709948,23.558655,0.0],[120.709496,23.558621,0.0],[120.709019,23.558379,0.0],[120.708983,23.558132,0.0],[120.708937,23.558179,0.0],[120.708867,23.558094,0.0],[120.708971,23.558102,0.0],[120.708718,23.557714,0.0],[120.708665,23.557416,0.0],[120.70876,23.556889,0.0],[120.708699,23.556772,0.0],[120.708852,23.556448,0.0],[120.707349,23.555669,0.0],[120.707172,23.555412,0.0],[120.707228,23.555237,0.0],[120.706959,23.554978,0.0],[120.706538,23.554933,0.0],[120.70616,23.555134,0.0],[120.70586,23.555143,0.0],[120.705614,23.554806,0.0],[120.705607,23.554485,0.0],[120.705271,23.554444,0.0],[120.705209,23.554372,0.0],[120.705221,23.55416,0.0],[120.705457,23.553971,0.0],[120.705732,23.553335,0.0],[120.705701,23.553177,0.0],[120.705893,23.552973,0.0],[120.705911,23.552478,0.0],[120.706986,23.551784,0.0],[120.707046,23.551965,0.0],[120.707132,23.551948,0.0],[120.707156,23.551674,0.0],[120.709966,23.549916,0.0],[120.709923,23.54959,0.0],[120.709838,23.549456,0.0],[120.709069,23.548961,0.0],[120.708844,23.548615,0.0],[120.708665,23.548616,0.0],[120.708612,23.548499,0.0],[120.708155,23.548416,0.0],[120.708129,23.5482,0.0],[120.70781,23.548124,0.0],[120.707671,23.547983,0.0],[120.707712,23.547654,0.0],[120.707317,23.547516,0.0],[120.70632,23.548048,0.0],[120.706156,23.548042,0.0],[120.705543,23.54831,0.0],[120.705335,23.548278,0.0],[120.704905,23.548393,0.0],[120.704701,23.548606,0.0],[120.703924,23.548636,0.0],[120.703668,23.548385,0.0],[120.70364,23.547959,0.0],[120.7037,23.547952,0.0],[120.703377,23.547455,0.0],[120.703473,23.547222,0.0],[120.703258,23.547278,0.0],[120.703083,23.547238,0.0],[120.702671,23.54636,0.0],[120.702355,23.54616,0.0],[120.702155,23.545702,0.0],[120.701972,23.545563,0.0],[120.701927,23.545427,0.0],[120.702109,23.544978,0.0],[120.70212,23.544514,0.0],[120.702288,23.544043,0.0],[120.702174,23.543722,0.0],[120.702324,23.542623,0.0],[120.702282,23.542391,0.0],[120.702171,23.542248,0.0],[120.70197,23.54221,0.0],[120.701759,23.54162,0.0],[120.701914,23.540909,0.0],[120.701832,23.540741,0.0],[120.701953,23.540177,0.0],[120.701762,23.539816,0.0],[120.700931,23.539085,0.0],[120.700252,23.538897,0.0],[120.699751,23.538662,0.0],[120.699543,23.5387,0.0],[120.699386,23.538584,0.0],[120.699253,23.538605,0.0],[120.698488,23.538146,0.0],[120.698681,23.537945,0.0],[120.698696,23.537781,0.0],[120.698331,23.537241,0.0],[120.698469,23.536979,0.0],[120.698465,23.536655,0.0],[120.698341,23.536516,0.0],[120.698309,23.534687,0.0],[120.699112,23.533009,0.0],[120.699125,23.532617,0.0],[120.69945,23.532424,0.0],[120.69979,23.532477,0.0],[120.701269,23.531946,0.0],[120.701173,23.531724,0.0],[120.701222,23.531525,0.0],[120.701346,23.531398,0.0],[120.701749,23.531378,0.0],[120.701872,23.531217,0.0],[120.701821,23.530878,0.0],[120.701636,23.530892,0.0],[120.701684,23.530591,0.0],[120.701535,23.530266,0.0],[120.70163,23.530211,0.0],[120.701628,23.529822,0.0],[120.701912,23.529475,0.0],[120.70318,23.525693,0.0],[120.703501,23.52509,0.0],[120.704117,23.524368,0.0],[120.704029,23.524304,0.0],[120.704132,23.523694,0.0],[120.703897,23.523523,0.0],[120.703564,23.522692,0.0],[120.703405,23.522602,0.0],[120.703175,23.521603,0.0],[120.703187,23.521386,0.0],[120.703118,23.521327,0.0],[120.703112,23.52121,0.0],[120.703364,23.520921,0.0],[120.703535,23.520817,0.0],[120.703611,23.520643,0.0],[120.703796,23.520557,0.0],[120.703823,23.520377,0.0],[120.703507,23.519701,0.0],[120.702548,23.518699,0.0],[120.702388,23.518856,0.0],[120.702154,23.518633,0.0],[120.701859,23.518673,0.0],[120.701735,23.518763,0.0],[120.701588,23.518738,0.0],[120.70139,23.518668,0.0],[120.701067,23.518376,0.0],[120.700163,23.518177,0.0],[120.700035,23.518062,0.0],[120.700096,23.517959,0.0],[120.699952,23.517891,0.0],[120.699771,23.517662,0.0],[120.698819,23.517216,0.0],[120.698589,23.51724,0.0],[120.698356,23.51701,0.0],[120.698281,23.516815,0.0],[120.696968,23.517012,0.0],[120.696625,23.517139,0.0],[120.695904,23.517121,0.0],[120.695771,23.51688,0.0],[120.695838,23.516654,0.0],[120.696109,23.516514,0.0],[120.696322,23.516137,0.0],[120.696054,23.515884,0.0],[120.696373,23.515203,0.0],[120.696585,23.515265,0.0],[120.696659,23.515435,0.0],[120.697061,23.515584,0.0],[120.697365,23.515574,0.0],[120.698599,23.516309,0.0],[120.698842,23.516641,0.0],[120.699158,23.516714,0.0],[120.699267,23.516637,0.0],[120.699585,23.516752,0.0],[120.699896,23.516682,0.0],[120.700373,23.517092,0.0],[120.700818,23.51724,0.0],[120.701893,23.518217,0.0],[120.702257,23.518403,0.0],[120.702745,23.518416,0.0],[120.702812,23.518563,0.0],[120.703048,23.518582,0.0],[120.703228,23.518829,0.0],[120.703531,23.519027,0.0],[120.70391,23.518991,0.0],[120.704665,23.519534,0.0],[120.704803,23.519485,0.0],[120.704895,23.519581,0.0],[120.70517,23.519599,0.0],[120.705433,23.519358,0.0],[120.705452,23.519203,0.0],[120.705662,23.519229,0.0],[120.70575,23.519166,0.0],[120.705899,23.519215,0.0],[120.706399,23.519021,0.0],[120.706666,23.519164,0.0],[120.706698,23.519354,0.0],[120.70725,23.519765,0.0],[120.707739,23.519836,0.0],[120.708056,23.519984,0.0],[120.708364,23.520256,0.0],[120.708443,23.520435,0.0],[120.708717,23.520587,0.0],[120.708979,23.520585,0.0],[120.709189,23.520911,0.0],[120.709452,23.521104,0.0],[120.709645,23.521088,0.0],[120.709676,23.521195,0.0],[120.71005,23.521349,0.0],[120.710319,23.521314,0.0],[120.710412,23.521213,0.0],[120.710716,23.521241,0.0],[120.710866,23.52111,0.0],[120.711022,23.521091,0.0],[120.711994,23.521229,0.0],[120.712234,23.521522,0.0],[120.712229,23.521881,0.0],[120.712558,23.521994,0.0],[120.712671,23.522202,0.0],[120.712599,23.522346,0.0],[120.712668,23.522606,0.0],[120.712897,23.522795,0.0],[120.713006,23.523049,0.0],[120.713269,23.523333,0.0],[120.713561,23.523472,0.0],[120.713804,23.52372,0.0],[120.714059,23.523712,0.0],[120.714597,23.524155,0.0],[120.71506,23.524411,0.0],[120.715557,23.525162,0.0],[120.715567,23.525458,0.0],[120.71598,23.525874,0.0],[120.716089,23.526146,0.0],[120.716395,23.5264,0.0],[120.716633,23.526776,0.0],[120.716906,23.526713,0.0],[120.717582,23.52699,0.0],[120.717706,23.526958,0.0],[120.718029,23.527482,0.0],[120.719166,23.528624,0.0],[120.719484,23.528854,0.0],[120.719746,23.529191,0.0],[120.720514,23.52935,0.0],[120.720655,23.529551,0.0],[120.722001,23.530162,0.0],[120.722427,23.530464,0.0],[120.722663,23.531376,0.0],[120.722312,23.532256,0.0],[120.722374,23.532746,0.0],[120.722572,23.533061,0.0],[120.723056,23.533499,0.0],[120.723444,23.53369,0.0],[120.723861,23.533787,0.0],[120.725328,23.533742,0.0],[120.726131,23.534071,0.0],[120.726326,23.534278,0.0],[120.726438,23.534226,0.0],[120.72654,23.534338,0.0],[120.726706,23.534102,0.0],[120.727239,23.533857,0.0],[120.727454,23.534139,0.0],[120.72646,23.534711,0.0],[120.726368,23.534844,0.0],[120.72648,23.535623,0.0],[120.726669,23.536022,0.0],[120.726972,23.536406,0.0],[120.727631,23.536917,0.0],[120.728013,23.536767,0.0],[120.72842,23.536857,0.0],[120.729012,23.536093,0.0],[120.728846,23.535858,0.0],[120.728961,23.535628,0.0],[120.728609,23.535329,0.0],[120.728204,23.535184,0.0],[120.728256,23.534991,0.0],[120.728156,23.534874,0.0],[120.728449,23.533896,0.0],[120.728336,23.533368,0.0],[120.728405,23.532307,0.0],[120.728033,23.530364,0.0],[120.727841,23.530032,0.0],[120.72684,23.529111,0.0],[120.72718,23.527859,0.0],[120.726992,23.527793,0.0],[120.72694,23.527584,0.0],[120.726197,23.52629,0.0],[120.726084,23.525864,0.0],[120.726283,23.524925,0.0],[120.72684,23.52547,0.0],[120.727236,23.525696,0.0],[120.72745,23.52593,0.0],[120.727836,23.525976,0.0],[120.728853,23.526402,0.0],[120.730892,23.526238,0.0],[120.731148,23.526383,0.0],[120.731314,23.526329,0.0],[120.732682,23.526526,0.0],[120.732677,23.526468,0.0],[120.732744,23.527228,0.0],[120.73276,23.52787,0.0],[120.73281,23.528157,0.0],[120.733986,23.528449,0.0],[120.734062,23.527769,0.0],[120.733972,23.527346,0.0],[120.733696,23.526856,0.0],[120.73354,23.526252,0.0],[120.733736,23.525598,0.0],[120.734546,23.524785,0.0],[120.734595,23.524609,0.0],[120.734881,23.524403,0.0],[120.734863,23.523252,0.0],[120.734923,23.523078,0.0],[120.735251,23.522723,0.0],[120.735111,23.522172,0.0],[120.735254,23.521459,0.0],[120.735478,23.520998,0.0],[120.735572,23.520951,0.0],[120.735967,23.52102,0.0],[120.736723,23.520727,0.0],[120.737513,23.520845,0.0],[120.737912,23.520676,0.0],[120.738241,23.520415,0.0],[120.738384,23.520394,0.0],[120.739751,23.521369,0.0],[120.739878,23.521352,0.0],[120.740018,23.521491,0.0],[120.740648,23.521526,0.0],[120.740959,23.52142,0.0],[120.741726,23.520549,0.0],[120.741625,23.520515,0.0],[120.741808,23.520142,0.0],[120.741926,23.520111,0.0],[120.741962,23.519998,0.0],[120.741772,23.519628,0.0],[120.742656,23.519323,0.0],[120.742073,23.518407,0.0],[120.741974,23.518205,0.0],[120.74201,23.518027,0.0],[120.741388,23.516954,0.0],[120.741048,23.515888,0.0],[120.741413,23.512284,0.0],[120.741611,23.511812,0.0],[120.742265,23.512191,0.0],[120.742561,23.512247,0.0],[120.742914,23.512572,0.0],[120.743979,23.513301,0.0],[120.744618,23.51398,0.0],[120.744914,23.514013,0.0],[120.745385,23.513319,0.0],[120.745323,23.512867,0.0],[120.745028,23.512501,0.0],[120.745325,23.511752,0.0],[120.745171,23.511251,0.0],[120.744684,23.511139,0.0],[120.744744,23.511037,0.0],[120.744342,23.510677,0.0],[120.744358,23.510355,0.0],[120.744115,23.509964,0.0],[120.744338,23.509389,0.0],[120.744053,23.508914,0.0],[120.743975,23.508611,0.0],[120.744119,23.508285,0.0],[120.744457,23.508183,0.0],[120.744697,23.508011,0.0],[120.745451,23.508131,0.0],[120.745346,23.508306,0.0],[120.745287,23.508804,0.0],[120.745514,23.508965,0.0],[120.746272,23.509093,0.0],[120.746288,23.508856,0.0],[120.746603,23.508203,0.0],[120.74687,23.507951,0.0],[120.747454,23.507791,0.0],[120.747631,23.507542,0.0],[120.74863,23.507006,0.0],[120.748799,23.506426,0.0],[120.748412,23.505092,0.0],[120.74824,23.505021,0.0],[120.747914,23.503944,0.0],[120.747294,23.503673,0.0],[120.74726,23.503491,0.0],[120.746917,23.503428,0.0],[120.746941,23.50302,0.0],[120.747233,23.502727,0.0],[120.747068,23.502283,0.0],[120.746749,23.502168,0.0],[120.74665,23.501966,0.0],[120.746623,23.501762,0.0],[120.746727,23.501524,0.0],[120.746537,23.501389,0.0],[120.746468,23.501129,0.0],[120.746632,23.501008,0.0],[120.746668,23.50067,0.0],[120.746784,23.500653,0.0],[120.747138,23.500866,0.0],[120.747597,23.501487,0.0],[120.747724,23.501839,0.0],[120.748215,23.502062,0.0],[120.748315,23.502365,0.0],[120.749664,23.502778,0.0],[120.74934,23.503579,0.0],[120.749116,23.504521,0.0],[120.749126,23.505251,0.0],[120.749396,23.505629,0.0],[120.749763,23.505948,0.0],[120.749922,23.506046,0.0],[120.750333,23.506102,0.0],[120.750587,23.505876,0.0],[120.751001,23.504867,0.0],[120.751358,23.504792,0.0],[120.751624,23.504582,0.0],[120.752508,23.504734,0.0],[120.752865,23.504526,0.0],[120.753307,23.504523,0.0],[120.753407,23.504614,0.0],[120.753464,23.505054,0.0],[120.753627,23.505183,0.0],[120.753815,23.505247,0.0],[120.753929,23.505133,0.0],[120.754056,23.505141,0.0],[120.754329,23.505616,0.0],[120.755021,23.505744,0.0],[120.755741,23.506272,0.0],[120.755935,23.506343,0.0],[120.754217,23.507829,0.0],[120.753961,23.508175,0.0],[120.753641,23.508443,0.0],[120.753279,23.509062,0.0],[120.752562,23.509804,0.0],[120.752278,23.510143,0.0],[120.752364,23.510158,0.0],[120.752264,23.510263,0.0],[120.752921,23.510395,0.0],[120.75299,23.510355,0.0],[120.753592,23.51056,0.0],[120.754081,23.510522,0.0],[120.753999,23.510387,0.0],[120.754141,23.510324,0.0],[120.753747,23.510119,0.0],[120.75413,23.510118,0.0],[120.754545,23.51036,0.0],[120.755653,23.510582,0.0],[120.756599,23.510901,0.0],[120.757131,23.511194,0.0],[120.757566,23.511335,0.0],[120.75748,23.511574,0.0],[120.757089,23.511919,0.0],[120.756945,23.511956,0.0],[120.756642,23.512382,0.0],[120.756509,23.513027,0.0],[120.756632,23.513667,0.0],[120.756465,23.513971,0.0],[120.756603,23.51433,0.0],[120.756628,23.514683,0.0],[120.756426,23.514983,0.0],[120.755781,23.5153,0.0],[120.755491,23.515655,0.0],[120.754781,23.515981,0.0],[120.754115,23.516199,0.0],[120.753829,23.51617,0.0],[120.754004,23.516238,0.0],[120.753874,23.516284,0.0],[120.753751,23.516191,0.0],[120.753741,23.516331,0.0],[120.753637,23.516367,0.0],[120.75361,23.516604,0.0],[120.752864,23.516268,0.0],[120.752738,23.516113,0.0],[120.752475,23.515995,0.0],[120.752344,23.51577,0.0],[120.752068,23.515522,0.0],[120.751687,23.515573,0.0],[120.751375,23.515731,0.0],[120.750965,23.515765,0.0],[120.750372,23.515139,0.0],[120.749491,23.514546,0.0],[120.748794,23.514594,0.0],[120.748722,23.514705,0.0],[120.74802,23.514548,0.0],[120.748964,23.516422,0.0],[120.748836,23.516389,0.0],[120.748853,23.516833,0.0],[120.749394,23.517481,0.0],[120.749392,23.518287,0.0],[120.749188,23.51894,0.0],[120.750136,23.520203,0.0],[120.750729,23.520518,0.0],[120.750938,23.520825,0.0],[120.752229,23.521446,0.0],[120.751597,23.521837,0.0],[120.751292,23.521896,0.0],[120.750303,23.522382,0.0],[120.7497,23.522509,0.0],[120.749213,23.522775,0.0],[120.748749,23.522742,0.0],[120.748299,23.522906,0.0],[120.747964,23.523183,0.0],[120.747681,23.523226,0.0],[120.746622,23.523709,0.0],[120.74615,23.524114,0.0],[120.74527,23.525565,0.0],[120.745977,23.525986,0.0],[120.745927,23.525764,0.0],[120.746146,23.524634,0.0],[120.746372,23.524411,0.0],[120.747848,23.523888,0.0],[120.748929,23.524211,0.0],[120.749905,23.524247,0.0],[120.750633,23.524617,0.0],[120.750714,23.525471,0.0],[120.751421,23.52644,0.0],[120.751623,23.526518,0.0],[120.751907,23.527062,0.0],[120.752184,23.527138,0.0],[120.752368,23.527683,0.0],[120.752142,23.527681,0.0],[120.749834,23.52876,0.0],[120.748834,23.529517,0.0],[120.748089,23.529705,0.0],[120.750385,23.529787,0.0],[120.75066,23.529521,0.0],[120.752178,23.529649,0.0],[120.75252,23.52977,0.0],[120.752894,23.530018,0.0],[120.753257,23.530048,0.0],[120.754687,23.53059,0.0],[120.754565,23.530666,0.0],[120.754587,23.530977,0.0],[120.754492,23.531066,0.0],[120.754401,23.531688,0.0],[120.754242,23.531844,0.0],[120.753437,23.532141,0.0],[120.75311,23.532578,0.0],[120.752721,23.53284,0.0],[120.752335,23.532885,0.0],[120.752077,23.533601,0.0],[120.751565,23.533297,0.0],[120.750329,23.532936,0.0],[120.749789,23.533055,0.0],[120.74966,23.533316,0.0],[120.749352,23.533538,0.0],[120.749352,23.53375,0.0],[120.749597,23.53365,0.0],[120.749806,23.533678,0.0],[120.750013,23.533838,0.0],[120.750472,23.53449,0.0],[120.750868,23.535502,0.0],[120.750879,23.536346,0.0],[120.750974,23.536737,0.0],[120.751158,23.53707,0.0],[120.749901,23.537322,0.0],[120.749794,23.537496,0.0],[120.749338,23.537419,0.0],[120.748441,23.537597,0.0],[120.748163,23.537827,0.0],[120.74777,23.537898,0.0],[120.746656,23.538555,0.0],[120.746007,23.538603,0.0],[120.745704,23.538843,0.0],[120.74479,23.538964,0.0],[120.744633,23.539097,0.0],[120.743868,23.539228,0.0],[120.743315,23.53945,0.0],[120.742421,23.539504,0.0],[120.741854,23.539387,0.0],[120.7413,23.539509,0.0],[120.739791,23.539582,0.0],[120.739787,23.539949,0.0],[120.738626,23.542293,0.0],[120.738204,23.542928,0.0],[120.737295,23.543069,0.0],[120.736993,23.543016,0.0],[120.736862,23.542884,0.0],[120.736749,23.54288,0.0],[120.735988,23.543377,0.0],[120.735569,23.543428,0.0],[120.734963,23.54374,0.0],[120.734472,23.544156,0.0],[120.73455,23.544291,0.0],[120.733952,23.544611,0.0],[120.733805,23.544907,0.0],[120.733876,23.545209,0.0],[120.734062,23.545335,0.0],[120.733819,23.545391,0.0],[120.733824,23.545909,0.0],[120.734042,23.547345,0.0],[120.734348,23.547538,0.0],[120.734597,23.547497,0.0],[120.735116,23.547603,0.0],[120.735724,23.548105,0.0],[120.736429,23.548579,0.0],[120.736631,23.548626,0.0],[120.736855,23.548865,0.0],[120.737676,23.548814,0.0],[120.738203,23.548866,0.0],[120.739253,23.549104,0.0],[120.740362,23.550002,0.0],[120.740649,23.550303,0.0],[120.740724,23.550581,0.0],[120.741199,23.551278,0.0],[120.742458,23.552373,0.0],[120.743578,23.552994,0.0],[120.743762,23.552924,0.0],[120.745689,23.553537,0.0],[120.745559,23.553961,0.0],[120.745608,23.554097,0.0],[120.746259,23.554352,0.0],[120.746449,23.554583,0.0],[120.746256,23.555047,0.0],[120.745788,23.555461,0.0],[120.745638,23.556138,0.0],[120.746437,23.556243,0.0],[120.747151,23.556623,0.0],[120.747612,23.557078,0.0],[120.748781,23.558562,0.0],[120.74866,23.558497,0.0],[120.748423,23.558575,0.0],[120.748099,23.558564,0.0],[120.747918,23.55881,0.0],[120.748475,23.560478,0.0],[120.748866,23.561076,0.0],[120.748236,23.562846,0.0],[120.747942,23.56319,0.0],[120.747613,23.563762,0.0],[120.747004,23.564048,0.0],[120.746702,23.564412,0.0],[120.746557,23.564761,0.0],[120.746463,23.565519,0.0],[120.745025,23.564514,0.0],[120.744899,23.563959,0.0],[120.744975,23.563472,0.0],[120.745272,23.562667,0.0],[120.745592,23.562389,0.0],[120.745682,23.561761,0.0],[120.744925,23.559722,0.0],[120.74452,23.559003,0.0],[120.743892,23.558547,0.0],[120.743692,23.558222,0.0],[120.743623,23.558247,0.0],[120.743561,23.558178,0.0],[120.743084,23.558425,0.0],[120.742173,23.558614,0.0],[120.742129,23.558564,0.0],[120.741856,23.558726,0.0],[120.741346,23.558663,0.0],[120.740061,23.558783,0.0],[120.739696,23.558903,0.0],[120.739326,23.559192,0.0],[120.738593,23.559547,0.0],[120.738179,23.559654,0.0],[120.737798,23.559562,0.0],[120.737331,23.559642,0.0],[120.737131,23.559767,0.0],[120.736824,23.560057,0.0],[120.736134,23.561011,0.0],[120.735917,23.561139,0.0],[120.735528,23.561638,0.0],[120.735138,23.562348,0.0],[120.734556,23.562983,0.0],[120.734026,23.563368,0.0],[120.733672,23.56384,0.0],[120.733526,23.563922,0.0],[120.733121,23.56398,0.0],[120.732502,23.563653,0.0],[120.731301,23.564086,0.0],[120.73065,23.563967,0.0],[120.73059,23.564469,0.0],[120.730651,23.564774,0.0],[120.730473,23.565046,0.0],[120.730321,23.565055,0.0],[120.730162,23.565321,0.0],[120.729833,23.565169,0.0],[120.729422,23.565116,0.0],[120.72908,23.564507,0.0],[120.728157,23.564893,0.0],[120.72809,23.564673,0.0],[120.727955,23.564629,0.0],[120.727825,23.564857,0.0],[120.7275,23.565025,0.0],[120.727388,23.565378,0.0],[120.726929,23.565471,0.0],[120.726793,23.565601,0.0],[120.72673,23.565818,0.0],[120.726873,23.565973,0.0],[120.726194,23.566591,0.0],[120.726159,23.566883,0.0],[120.725994,23.567025,0.0],[120.725734,23.566986,0.0],[120.725483,23.567128,0.0],[120.725205,23.567078,0.0],[120.724457,23.567413,0.0],[120.723996,23.567388,0.0],[120.72392,23.567285,0.0],[120.723673,23.567421,0.0],[120.723399,23.567376,0.0],[120.722957,23.567856,0.0],[120.72154,23.568054,0.0],[120.720829,23.56847,0.0],[120.719377,23.569063,0.0],[120.719546,23.569197,0.0],[120.719365,23.56929,0.0]]],[[[120.67403,23.569404,0.0],[120.673892,23.569328,0.0],[120.673971,23.56912,0.0],[120.67408,23.569088,0.0],[120.674561,23.56927,0.0],[120.674423,23.56938,0.0],[120.67403,23.569404,0.0]]],[[[120.700891,23.569541,0.0],[120.700817,23.569715,0.0],[120.700723,23.569738,0.0],[120.700741,23.570016,0.0],[120.700505,23.570099,0.0],[120.699936,23.569819,0.0],[120.699525,23.569095,0.0],[120.700214,23.569454,0.0],[120.700624,23.569484,0.0],[120.700837,23.569295,0.0],[120.700891,23.569541,0.0]]],[[[120.674215,23.570232,0.0],[120.674003,23.570257,0.0],[120.673955,23.570072,0.0],[120.67375,23.570225,0.0],[120.673242,23.569985,0.0],[120.673147,23.57002,0.0],[120.673001,23.569911,0.0],[120.672746,23.569893,0.0],[120.672759,23.569806,0.0],[120.672851,23.569748,0.0],[120.673046,23.569771,0.0],[120.673564,23.569373,0.0],[120.673943,23.56949,0.0],[120.67418,23.569458,0.0],[120.674279,23.569612,0.0],[120.674419,23.569597,0.0],[120.674528,23.569671,0.0],[120.674513,23.569873,0.0],[120.674693,23.570135,0.0],[120.674502,23.570171,0.0],[120.674298,23.570034,0.0],[120.674297,23.569953,0.0],[120.67419,23.569941,0.0],[120.674215,23.570232,0.0]]],[[[120.678518,23.570535,0.0],[120.677534,23.570469,0.0],[120.677457,23.570311,0.0],[120.678239,23.570382,0.0],[120.678392,23.570014,0.0],[120.678525,23.570025,0.0],[120.678518,23.570535,0.0]]],[[[120.683367,23.570726,0.0],[120.683154,23.570635,0.0],[120.682912,23.570715,0.0],[120.682124,23.570497,0.0],[120.682219,23.570324,0.0],[120.682336,23.570329,0.0],[120.682449,23.570083,0.0],[120.682585,23.570083,0.0],[120.682585,23.570015,0.0],[120.683506,23.570434,0.0],[120.683367,23.570726,0.0]]],[[[120.67867,23.571192,0.0],[120.678562,23.571172,0.0],[120.678498,23.57116,0.0],[120.678593,23.571151,0.0],[120.67867,23.571192,0.0]]],[[[120.670599,23.570935,0.0],[120.670328,23.571258,0.0],[120.670092,23.571103,0.0],[120.670353,23.570728,0.0],[120.670599,23.570935,0.0]]],[[[120.685941,23.571363,0.0],[120.685686,23.57128,0.0],[120.685611,23.571179,0.0],[120.685706,23.570987,0.0],[120.685778,23.570957,0.0],[120.685781,23.570986,0.0],[120.685694,23.571245,0.0],[120.685864,23.571247,0.0],[120.685941,23.571363,0.0]]],[[[120.680593,23.57148,0.0],[120.679439,23.571437,0.0],[120.6788,23.571228,0.0],[120.680054,23.571295,0.0],[120.680593,23.57148,0.0]]],[[[120.669122,23.572349,0.0],[120.668908,23.572238,0.0],[120.66873,23.571993,0.0],[120.668712,23.571835,0.0],[120.669006,23.571759,0.0],[120.669325,23.57144,0.0],[120.669515,23.571511,0.0],[120.669411,23.571796,0.0],[120.669434,23.572201,0.0],[120.669122,23.572349,0.0]]],[[[120.652667,23.572325,0.0],[120.653444,23.572209,0.0],[120.654016,23.572325,0.0],[120.653465,23.572223,0.0],[120.652667,23.572325,0.0]]],[[[120.655275,23.572203,0.0],[120.654217,23.572337,0.0],[120.65527,23.572163,0.0],[120.656316,23.572303,0.0],[120.655275,23.572203,0.0]]],[[[120.704341,23.572469,0.0],[120.704481,23.572494,0.0],[120.704393,23.572685,0.0],[120.703684,23.572752,0.0],[120.70347,23.572565,0.0],[120.703523,23.572458,0.0],[120.703911,23.572231,0.0],[120.70396,23.572112,0.0],[120.704204,23.571954,0.0],[120.704454,23.57223,0.0],[120.70449,23.572382,0.0],[120.704384,23.57237,0.0],[120.704341,23.572469,0.0]]],[[[120.649817,23.572861,0.0],[120.649787,23.572895,0.0],[120.649852,23.572812,0.0],[120.649817,23.572861,0.0]]],[[[120.664645,23.572566,0.0],[120.663918,23.572934,0.0],[120.663836,23.572726,0.0],[120.664392,23.572372,0.0],[120.664579,23.572371,0.0],[120.664645,23.572566,0.0]]],[[[120.667269,23.57286,0.0],[120.667443,23.573152,0.0],[120.666816,23.573332,0.0],[120.666668,23.573256,0.0],[120.666795,23.573029,0.0],[120.666706,23.572971,0.0],[120.667011,23.572545,0.0],[120.667748,23.572371,0.0],[120.667754,23.57226,0.0],[120.667942,23.572287,0.0],[120.66789,23.572158,0.0],[120.668206,23.572067,0.0],[120.668295,23.571929,0.0],[120.668641,23.572172,0.0],[120.668754,23.572167,0.0],[120.668734,23.572324,0.0],[120.668819,23.572343,0.0],[120.668875,23.57227,0.0],[120.669093,23.572399,0.0],[120.669029,23.572547,0.0],[120.669075,23.572742,0.0],[120.669163,23.572751,0.0],[120.669127,23.573005,0.0],[120.668929,23.573136,0.0],[120.6687,23.573127,0.0],[120.668592,23.572966,0.0],[120.668199,23.572988,0.0],[120.668244,23.57278,0.0],[120.667873,23.572793,0.0],[120.667829,23.572723,0.0],[120.667269,23.57286,0.0]]],[[[120.649493,23.573378,0.0],[120.649508,23.573325,0.0],[120.649486,23.573409,0.0],[120.649493,23.573378,0.0]]],[[[120.70674,23.573518,0.0],[120.706172,23.573495,0.0],[120.705818,23.57334,0.0],[120.705902,23.572926,0.0],[120.706297,23.57282,0.0],[120.706637,23.573011,0.0],[120.706915,23.573254,0.0],[120.706685,23.573406,0.0],[120.70674,23.573518,0.0]]],[[[120.746806,23.573236,0.0],[120.746835,23.573617,0.0],[120.746588,23.573636,0.0],[120.746509,23.573082,0.0],[120.746806,23.573236,0.0]]],[[[120.698711,23.573479,0.0],[120.698556,23.573693,0.0],[120.69831,23.573704,0.0],[120.698402,23.573884,0.0],[120.698296,23.573879,0.0],[120.698228,23.573712,0.0],[120.698368,23.573288,0.0],[120.698538,23.573247,0.0],[120.698711,23.573479,0.0]]],[[[120.695911,23.573628,0.0],[120.695944,23.573977,0.0],[120.695729,23.574031,0.0],[120.69569,23.573773,0.0],[120.695911,23.573628,0.0]]],[[[120.706794,23.574114,0.0],[120.706729,23.57397,0.0],[120.706517,23.573849,0.0],[120.706745,23.57394,0.0],[120.706797,23.573883,0.0],[120.707236,23.573878,0.0],[120.707285,23.573931,0.0],[120.707577,23.573807,0.0],[120.70757,23.573938,0.0],[120.706794,23.574114,0.0]]],[[[120.649434,23.573736,0.0],[120.649466,23.573504,0.0],[120.649402,23.574024,0.0],[120.649434,23.573736,0.0]]],[[[120.750129,23.574511,0.0],[120.749921,23.57454,0.0],[120.749446,23.574071,0.0],[120.749605,23.573946,0.0],[120.750129,23.574511,0.0]]],[[[120.697876,23.573961,0.0],[120.697841,23.57418,0.0],[120.697589,23.574503,0.0],[120.697636,23.574011,0.0],[120.69746,23.573942,0.0],[120.697324,23.57344,0.0],[120.697876,23.573424,0.0],[120.69798,23.573762,0.0],[120.697739,23.573717,0.0],[120.697876,23.573961,0.0]]],[[[120.697733,23.575066,0.0],[120.697536,23.575041,0.0],[120.697555,23.574765,0.0],[120.697581,23.574938,0.0],[120.697757,23.574907,0.0],[120.697733,23.575066,0.0]]],[[[120.69469,23.575479,0.0],[120.694242,23.575352,0.0],[120.694433,23.57512,0.0],[120.69439,23.574954,0.0],[120.695086,23.574872,0.0],[120.695261,23.574548,0.0],[120.695396,23.574539,0.0],[120.695449,23.574205,0.0],[120.695534,23.57461,0.0],[120.695222,23.575,0.0],[120.695195,23.575174,0.0],[120.695408,23.575129,0.0],[120.695355,23.57527,0.0],[120.69518,23.575273,0.0],[120.695022,23.575449,0.0],[120.694703,23.575419,0.0],[120.69469,23.575479,0.0]]],[[[120.693695,23.576507,0.0],[120.69281,23.576432,0.0],[120.69134,23.576112,0.0],[120.690069,23.57543,0.0],[120.689412,23.575212,0.0],[120.688858,23.575123,0.0],[120.687004,23.57507,0.0],[120.686082,23.57479,0.0],[120.685519,23.574498,0.0],[120.684491,23.573733,0.0],[120.684229,23.573619,0.0],[120.682556,23.572144,0.0],[120.68158,23.571722,0.0],[120.681752,23.571687,0.0],[120.682178,23.571783,0.0],[120.682715,23.572113,0.0],[120.683714,23.572216,0.0],[120.68525,23.573333,0.0],[120.685964,23.574021,0.0],[120.687769,23.574444,0.0],[120.689046,23.574898,0.0],[120.690539,23.574645,0.0],[120.691487,23.574672,0.0],[120.692361,23.575042,0.0],[120.69371,23.575937,0.0],[120.694155,23.575912,0.0],[120.694448,23.575528,0.0],[120.694672,23.575509,0.0],[120.69492,23.575626,0.0],[120.695328,23.575318,0.0],[120.695568,23.575232,0.0],[120.698215,23.575607,0.0],[120.698592,23.575491,0.0],[120.698636,23.575232,0.0],[120.698346,23.575012,0.0],[120.698695,23.574574,0.0],[120.701442,23.57432,0.0],[120.703024,23.574766,0.0],[120.706184,23.574475,0.0],[120.707214,23.574273,0.0],[120.707602,23.5743,0.0],[120.707885,23.573991,0.0],[120.708252,23.573872,0.0],[120.708535,23.573645,0.0],[120.708632,23.573387,0.0],[120.708629,23.572877,0.0],[120.709487,23.571282,0.0],[120.710877,23.570412,0.0],[120.71151,23.570407,0.0],[120.71174,23.570643,0.0],[120.712263,23.570807,0.0],[120.712771,23.570659,0.0],[120.713372,23.57074,0.0],[120.714044,23.570711,0.0],[120.714316,23.57043,0.0],[120.71483,23.570266,0.0],[120.715168,23.570473,0.0],[120.715738,23.570523,0.0],[120.715915,23.570212,0.0],[120.716192,23.570211,0.0],[120.716413,23.569999,0.0],[120.71628,23.570801,0.0],[120.716098,23.571066,0.0],[120.715771,23.571063,0.0],[120.714734,23.570814,0.0],[120.713626,23.571256,0.0],[120.712664,23.571345,0.0],[120.711512,23.570904,0.0],[120.711003,23.570834,0.0],[120.710422,23.570961,0.0],[120.71005,23.57119,0.0],[120.709712,23.571624,0.0],[120.709498,23.572077,0.0],[120.709386,23.573089,0.0],[120.709518,23.574269,0.0],[120.709469,23.574673,0.0],[120.709296,23.57531,0.0],[120.709001,23.575665,0.0],[120.708355,23.575711,0.0],[120.708115,23.575554,0.0],[120.707646,23.5754,0.0],[120.707631,23.575539,0.0],[120.70703,23.575204,0.0],[120.706495,23.57505,0.0],[120.7056,23.574956,0.0],[120.704658,23.574977,0.0],[120.703623,23.575159,0.0],[120.701581,23.57589,0.0],[120.700739,23.576079,0.0],[120.699836,23.57615,0.0],[120.698912,23.576341,0.0],[120.697513,23.57641,0.0],[120.696636,23.576261,0.0],[120.695831,23.576217,0.0],[120.693695,23.576507,0.0]]],[[[120.646966,23.576746,0.0],[120.646573,23.57675,0.0],[120.646344,23.576615,0.0],[120.645786,23.576009,0.0],[120.64638,23.576619,0.0],[120.646551,23.576711,0.0],[120.647055,23.576708,0.0],[120.647361,23.576596,0.0],[120.648226,23.57592,0.0],[120.648655,23.575312,0.0],[120.649249,23.574819,0.0],[120.649391,23.574172,0.0],[120.649303,23.574807,0.0],[120.649209,23.574957,0.0],[120.648698,23.57536,0.0],[120.64829,23.575923,0.0],[120.647828,23.576337,0.0],[120.647337,23.576654,0.0],[120.646966,23.576746,0.0]]],[[[120.748279,23.577475,0.0],[120.748134,23.577498,0.0],[120.748063,23.577217,0.0],[120.748236,23.577229,0.0],[120.748279,23.577475,0.0]]],[[[120.67163,23.577681,0.0],[120.67077,23.578478,0.0],[120.670428,23.578676,0.0],[120.669957,23.578786,0.0],[120.669703,23.578662,0.0],[120.66858,23.577785,0.0],[120.667957,23.577647,0.0],[120.666503,23.577831,0.0],[120.665683,23.577778,0.0],[120.66527,23.577686,0.0],[120.66375,23.57704,0.0],[120.662646,23.576827,0.0],[120.660683,23.576296,0.0],[120.66018,23.57585,0.0],[120.659757,23.575122,0.0],[120.659401,23.574697,0.0],[120.658786,23.574182,0.0],[120.658371,23.573707,0.0],[120.658053,23.57288,0.0],[120.657094,23.572564,0.0],[120.658056,23.572818,0.0],[120.658232,23.572705,0.0],[120.658347,23.572816,0.0],[120.658646,23.572433,0.0],[120.658372,23.572288,0.0],[120.658722,23.571636,0.0],[120.658911,23.571079,0.0],[120.659217,23.571126,0.0],[120.660337,23.572023,0.0],[120.660728,23.572233,0.0],[120.661316,23.573333,0.0],[120.661731,23.574514,0.0],[120.662976,23.575705,0.0],[120.66358,23.576652,0.0],[120.664212,23.576825,0.0],[120.664725,23.576271,0.0],[120.665549,23.575908,0.0],[120.666373,23.575728,0.0],[120.666708,23.575579,0.0],[120.667521,23.574985,0.0],[120.668671,23.574732,0.0],[120.669271,23.574526,0.0],[120.670207,23.573962,0.0],[120.670246,23.573696,0.0],[120.670938,23.573694,0.0],[120.671048,23.573529,0.0],[120.67035,23.573274,0.0],[120.670512,23.573082,0.0],[120.671097,23.572755,0.0],[120.6722,23.572246,0.0],[120.67335,23.571823,0.0],[120.674716,23.571475,0.0],[120.673542,23.573194,0.0],[120.673292,23.573748,0.0],[120.673214,23.574568,0.0],[120.672756,23.576009,0.0],[120.672237,23.576896,0.0],[120.67163,23.577681,0.0]]],[[[120.748614,23.579334,0.0],[120.748397,23.579398,0.0],[120.748355,23.579242,0.0],[120.748583,23.578842,0.0],[120.74871,23.578875,0.0],[120.748758,23.579222,0.0],[120.748618,23.579192,0.0],[120.748614,23.579334,0.0]]],[[[120.764066,23.579884,0.0],[120.763898,23.580095,0.0],[120.763813,23.580031,0.0],[120.763978,23.579824,0.0],[120.764066,23.579884,0.0]]],[[[120.763748,23.580278,0.0],[120.763568,23.580404,0.0],[120.763465,23.580291,0.0],[120.763652,23.580161,0.0],[120.763748,23.580278,0.0]]],[[[120.749594,23.579145,0.0],[120.749793,23.580176,0.0],[120.750134,23.580565,0.0],[120.749386,23.580595,0.0],[120.749208,23.579918,0.0],[120.74891,23.579388,0.0],[120.749062,23.578979,0.0],[120.749594,23.579145,0.0]]],[[[120.749418,23.582203,0.0],[120.749001,23.582457,0.0],[120.748865,23.582074,0.0],[120.749397,23.582099,0.0],[120.749418,23.582203,0.0]]],[[[120.753845,23.586278,0.0],[120.753803,23.586599,0.0],[120.753964,23.587001,0.0],[120.753781,23.587228,0.0],[120.753666,23.587282,0.0],[120.75247,23.587037,0.0],[120.752542,23.586367,0.0],[120.752387,23.586254,0.0],[120.752332,23.586367,0.0],[120.751926,23.586147,0.0],[120.751887,23.585943,0.0],[120.752078,23.585189,0.0],[120.751395,23.585399,0.0],[120.750365,23.585301,0.0],[120.75011,23.58551,0.0],[120.74945,23.585166,0.0],[120.74981,23.584401,0.0],[120.749858,23.583829,0.0],[120.75008,23.583682,0.0],[120.749055,23.583315,0.0],[120.74902,23.5829,0.0],[120.749266,23.58278,0.0],[120.74944,23.582812,0.0],[120.749914,23.58316,0.0],[120.750361,23.583184,0.0],[120.751092,23.58304,0.0],[120.75103,23.582791,0.0],[120.751178,23.582631,0.0],[120.751183,23.58225,0.0],[120.752183,23.582812,0.0],[120.752828,23.584339,0.0],[120.752836,23.584813,0.0],[120.753714,23.585982,0.0],[120.753845,23.586278,0.0]]],[[[120.748204,23.590161,0.0],[120.747942,23.590357,0.0],[120.74781,23.590359,0.0],[120.747776,23.590266,0.0],[120.748238,23.590029,0.0],[120.748204,23.590161,0.0]]],[[[120.647455,23.593218,0.0],[120.645748,23.593522,0.0],[120.645353,23.59352,0.0],[120.644788,23.593344,0.0],[120.643816,23.592802,0.0],[120.643065,23.592567,0.0],[120.642037,23.592565,0.0],[120.640925,23.592432,0.0],[120.640289,23.592555,0.0],[120.639806,23.592541,0.0],[120.638611,23.592153,0.0],[120.636779,23.591932,0.0],[120.635768,23.591331,0.0],[120.634767,23.590973,0.0],[120.633422,23.590695,0.0],[120.633001,23.590531,0.0],[120.631953,23.590474,0.0],[120.631645,23.590364,0.0],[120.631089,23.590006,0.0],[120.630829,23.589954,0.0],[120.630621,23.589945,0.0],[120.629562,23.590361,0.0],[120.628472,23.590167,0.0],[120.627211,23.59021,0.0],[120.625217,23.59066,0.0],[120.624033,23.590301,0.0],[120.623529,23.589651,0.0],[120.623556,23.588766,0.0],[120.623426,23.588312,0.0],[120.623394,23.587799,0.0],[120.623098,23.587458,0.0],[120.622134,23.587099,0.0],[120.621535,23.586377,0.0],[120.621313,23.585929,0.0],[120.621022,23.585588,0.0],[120.619187,23.5838,0.0],[120.619131,23.583301,0.0],[120.619222,23.582721,0.0],[120.619184,23.58224,0.0],[120.618547,23.580389,0.0],[120.61764,23.579861,0.0],[120.617342,23.57961,0.0],[120.617114,23.579196,0.0],[120.617056,23.57879,0.0],[120.617099,23.578146,0.0],[120.616915,23.576902,0.0],[120.617092,23.575144,0.0],[120.617394,23.574316,0.0],[120.61719,23.573959,0.0],[120.616764,23.573655,0.0],[120.615362,23.573004,0.0],[120.615023,23.572594,0.0],[120.614464,23.572178,0.0],[120.614006,23.571953,0.0],[120.61376,23.571483,0.0],[120.613075,23.570788,0.0],[120.611901,23.569372,0.0],[120.611204,23.568632,0.0],[120.610614,23.568181,0.0],[120.610029,23.56792,0.0],[120.60896,23.567651,0.0],[120.607424,23.566868,0.0],[120.605837,23.566438,0.0],[120.605532,23.566227,0.0],[120.605525,23.56578,0.0],[120.605756,23.565392,0.0],[120.606522,23.564721,0.0],[120.606753,23.564307,0.0],[120.606782,23.563871,0.0],[120.606915,23.563456,0.0],[120.608567,23.562449,0.0],[120.608822,23.562079,0.0],[120.608814,23.561594,0.0],[120.608642,23.561146,0.0],[120.608364,23.560771,0.0],[120.608404,23.559846,0.0],[120.608293,23.559383,0.0],[120.608088,23.559025,0.0],[120.608029,23.556472,0.0],[120.607614,23.555656,0.0],[120.607911,23.554207,0.0],[120.607583,23.553911,0.0],[120.607212,23.553705,0.0],[120.607543,23.553071,0.0],[120.607983,23.552868,0.0],[120.608065,23.552756,0.0],[120.609128,23.552526,0.0],[120.609505,23.552243,0.0],[120.610304,23.551945,0.0],[120.611191,23.551435,0.0],[120.61159,23.551065,0.0],[120.61177,23.551323,0.0],[120.61157,23.551746,0.0],[120.611387,23.551835,0.0],[120.610884,23.551898,0.0],[120.610594,23.552243,0.0],[120.610252,23.552321,0.0],[120.610108,23.55228,0.0],[120.609991,23.552482,0.0],[120.609835,23.552559,0.0],[120.609743,23.552746,0.0],[120.609767,23.552955,0.0],[120.609648,23.553019,0.0],[120.609662,23.553081,0.0],[120.609943,23.553115,0.0],[120.611247,23.552643,0.0],[120.611894,23.552594,0.0],[120.612377,23.552443,0.0],[120.612428,23.552366,0.0],[120.612622,23.552539,0.0],[120.613391,23.552492,0.0],[120.613729,23.552614,0.0],[120.613799,23.553128,0.0],[120.613914,23.553043,0.0],[120.614579,23.553064,0.0],[120.615121,23.552764,0.0],[120.615483,23.552777,0.0],[120.615992,23.552639,0.0],[120.615591,23.552332,0.0],[120.615333,23.552327,0.0],[120.615262,23.552091,0.0],[120.614992,23.55208,0.0],[120.614916,23.552014,0.0],[120.614921,23.551474,0.0],[120.614407,23.551354,0.0],[120.614757,23.55116,0.0],[120.614769,23.551055,0.0],[120.614649,23.550902,0.0],[120.614716,23.550769,0.0],[120.615651,23.550872,0.0],[120.615897,23.550243,0.0],[120.616029,23.550164,0.0],[120.616459,23.550201,0.0],[120.61647,23.550359,0.0],[120.616578,23.550343,0.0],[120.616824,23.550247,0.0],[120.617331,23.549843,0.0],[120.617814,23.550113,0.0],[120.618174,23.550438,0.0],[120.618359,23.550499,0.0],[120.618764,23.550473,0.0],[120.619162,23.550735,0.0],[120.619004,23.551066,0.0],[120.618919,23.551047,0.0],[120.618812,23.551199,0.0],[120.617697,23.550618,0.0],[120.617552,23.550682,0.0],[120.617619,23.55107,0.0],[120.617428,23.551349,0.0],[120.61747,23.55147,0.0],[120.617737,23.551577,0.0],[120.617613,23.552151,0.0],[120.617249,23.552134,0.0],[120.616901,23.5524,0.0],[120.616379,23.552447,0.0],[120.616285,23.552488,0.0],[120.616211,23.552844,0.0],[120.615783,23.552863,0.0],[120.615568,23.553083,0.0],[120.615122,23.553018,0.0],[120.614929,23.553258,0.0],[120.614351,23.553571,0.0],[120.614967,23.553887,0.0],[120.615078,23.553876,0.0],[120.615136,23.554049,0.0],[120.615412,23.554251,0.0],[120.615677,23.554238,0.0],[120.615802,23.554379,0.0],[120.6157,23.554543,0.0],[120.616176,23.554585,0.0],[120.616649,23.554359,0.0],[120.616871,23.554333,0.0],[120.61797,23.553375,0.0],[120.618227,23.553255,0.0],[120.618259,23.553468,0.0],[120.618336,23.553458,0.0],[120.618638,23.553191,0.0],[120.619676,23.552863,0.0],[120.619795,23.552673,0.0],[120.619678,23.552581,0.0],[120.619564,23.552298,0.0],[120.619823,23.552103,0.0],[120.619789,23.552023,0.0],[120.620027,23.551815,0.0],[120.620473,23.551647,0.0],[120.620573,23.551755,0.0],[120.621004,23.551931,0.0],[120.621309,23.551734,0.0],[120.621471,23.552178,0.0],[120.621388,23.552433,0.0],[120.62153,23.55263,0.0],[120.621981,23.552863,0.0],[120.622164,23.553319,0.0],[120.622619,23.553691,0.0],[120.622714,23.55393,0.0],[120.622703,23.554134,0.0],[120.622635,23.554313,0.0],[120.622419,23.553937,0.0],[120.621806,23.553621,0.0],[120.621665,23.553759,0.0],[120.62135,23.553774,0.0],[120.621069,23.553676,0.0],[120.620891,23.55321,0.0],[120.620522,23.552989,0.0],[120.620296,23.552929,0.0],[120.619839,23.553041,0.0],[120.619568,23.553308,0.0],[120.619564,23.553479,0.0],[120.619703,23.553658,0.0],[120.619472,23.553858,0.0],[120.619559,23.553978,0.0],[120.619677,23.554671,0.0],[120.619609,23.555073,0.0],[120.619727,23.555048,0.0],[120.620118,23.554677,0.0],[120.621229,23.554069,0.0],[120.621357,23.554151,0.0],[120.62169,23.554075,0.0],[120.621815,23.554131,0.0],[120.622228,23.55399,0.0],[120.622425,23.554457,0.0],[120.622107,23.554565,0.0],[120.622395,23.554903,0.0],[120.622613,23.555409,0.0],[120.622707,23.555459,0.0],[120.622622,23.555903,0.0],[120.622822,23.555986,0.0],[120.623035,23.555969,0.0],[120.623056,23.556116,0.0],[120.623368,23.556375,0.0],[120.62322,23.556813,0.0],[120.623528,23.557323,0.0],[120.623651,23.557261,0.0],[120.623729,23.55707,0.0],[120.623882,23.556978,0.0],[120.624034,23.556746,0.0],[120.624524,23.556699,0.0],[120.624891,23.556573,0.0],[120.625296,23.55656,0.0],[120.625525,23.556167,0.0],[120.625633,23.555772,0.0],[120.625776,23.55567,0.0],[120.626006,23.555183,0.0],[120.626413,23.554906,0.0],[120.626469,23.554599,0.0],[120.626886,23.554457,0.0],[120.626267,23.554212,0.0],[120.626588,23.554142,0.0],[120.626929,23.55422,0.0],[120.627266,23.554165,0.0],[120.627665,23.554235,0.0],[120.628536,23.554121,0.0],[120.629184,23.554454,0.0],[120.629236,23.55434,0.0],[120.629137,23.554095,0.0],[120.628791,23.553802,0.0],[120.628671,23.553497,0.0],[120.628326,23.553157,0.0],[120.627921,23.55308,0.0],[120.627585,23.552844,0.0],[120.627475,23.552561,0.0],[120.62698,23.552203,0.0],[120.626652,23.551717,0.0],[120.626199,23.551245,0.0],[120.626156,23.551,0.0],[120.625012,23.549379,0.0],[120.624917,23.549006,0.0],[120.624097,23.548148,0.0],[120.623667,23.547278,0.0],[120.623538,23.547313,0.0],[120.623572,23.547555,0.0],[120.623174,23.547815,0.0],[120.622965,23.547219,0.0],[120.622452,23.54643,0.0],[120.62255,23.545856,0.0],[120.622156,23.545902,0.0],[120.622126,23.545835,0.0],[120.621957,23.54515,0.0],[120.621488,23.544152,0.0],[120.62157,23.543699,0.0],[120.620799,23.543367,0.0],[120.620724,23.543623,0.0],[120.620563,23.543832,0.0],[120.620629,23.543946,0.0],[120.620647,23.54465,0.0],[120.620487,23.544858,0.0],[120.619449,23.544062,0.0],[120.619545,23.543938,0.0],[120.619507,23.543417,0.0],[120.619744,23.543261,0.0],[120.620421,23.542238,0.0],[120.620802,23.541835,0.0],[120.620906,23.541573,0.0],[120.621125,23.541777,0.0],[120.62111,23.542375,0.0],[120.620976,23.542551,0.0],[120.621137,23.542803,0.0],[120.621474,23.543033,0.0],[120.62164,23.54329,0.0],[120.621907,23.543261,0.0],[120.621842,23.543149,0.0],[120.621909,23.543132,0.0],[120.621914,23.542741,0.0],[120.622479,23.54253,0.0],[120.62233,23.542275,0.0],[120.622907,23.542205,0.0],[120.622994,23.542219,0.0],[120.623028,23.542537,0.0],[120.622956,23.542626,0.0],[120.622602,23.542748,0.0],[120.622301,23.54321,0.0],[120.622286,23.543377,0.0],[120.622677,23.54327,0.0],[120.62283,23.543305,0.0],[120.622947,23.543034,0.0],[120.623541,23.542815,0.0],[120.623882,23.543245,0.0],[120.624677,23.542976,0.0],[120.625478,23.542919,0.0],[120.625647,23.542804,0.0],[120.625642,23.542597,0.0],[120.62614,23.542556,0.0],[120.626609,23.542603,0.0],[120.627946,23.542545,0.0],[120.628505,23.542747,0.0],[120.628948,23.543053,0.0],[120.629498,23.542455,0.0],[120.629988,23.542526,0.0],[120.630458,23.542262,0.0],[120.630867,23.542552,0.0],[120.631114,23.542471,0.0],[120.631492,23.542658,0.0],[120.631536,23.542773,0.0],[120.631496,23.542993,0.0],[120.631434,23.542992,0.0],[120.631727,23.543491,0.0],[120.632219,23.543343,0.0],[120.632082,23.54328,0.0],[120.632032,23.543031,0.0],[120.632118,23.542829,0.0],[120.632113,23.542495,0.0],[120.631958,23.542393,0.0],[120.631593,23.542451,0.0],[120.631305,23.542086,0.0],[120.630661,23.541773,0.0],[120.630281,23.541929,0.0],[120.630008,23.541944,0.0],[120.629739,23.541803,0.0],[120.629574,23.542018,0.0],[120.629126,23.542114,0.0],[120.628925,23.542054,0.0],[120.628557,23.541773,0.0],[120.628044,23.541838,0.0],[120.627772,23.541728,0.0],[120.627671,23.541824,0.0],[120.627508,23.541733,0.0],[120.62731,23.54195,0.0],[120.626804,23.541684,0.0],[120.626517,23.541906,0.0],[120.626114,23.541875,0.0],[120.626023,23.541974,0.0],[120.625792,23.541996,0.0],[120.62565,23.541837,0.0],[120.625753,23.541659,0.0],[120.625714,23.541341,0.0],[120.625243,23.54111,0.0],[120.624758,23.541141,0.0],[120.62459,23.541277,0.0],[120.624369,23.541287,0.0],[120.623954,23.54164,0.0],[120.62354,23.541716,0.0],[120.623572,23.541776,0.0],[120.623291,23.542052,0.0],[120.622814,23.542161,0.0],[120.622594,23.54206,0.0],[120.62271,23.541854,0.0],[120.622607,23.541637,0.0],[120.62268,23.541592,0.0],[120.622841,23.541699,0.0],[120.622848,23.541877,0.0],[120.622762,23.54192,0.0],[120.622952,23.541993,0.0],[120.623101,23.541809,0.0],[120.623081,23.541612,0.0],[120.623265,23.541611,0.0],[120.623192,23.541583,0.0],[120.623208,23.541249,0.0],[120.623313,23.541275,0.0],[120.623376,23.541158,0.0],[120.623059,23.540791,0.0],[120.623311,23.540569,0.0],[120.623413,23.540666,0.0],[120.623405,23.540502,0.0],[120.623096,23.54013,0.0],[120.622576,23.540144,0.0],[120.622237,23.539629,0.0],[120.622696,23.539486,0.0],[120.622856,23.539534,0.0],[120.622963,23.53966,0.0],[120.62351,23.53972,0.0],[120.624248,23.539452,0.0],[120.624569,23.539408,0.0],[120.624826,23.539131,0.0],[120.624959,23.539085,0.0],[120.625313,23.539112,0.0],[120.625642,23.539376,0.0],[120.625949,23.539417,0.0],[120.626188,23.539422,0.0],[120.626457,23.539286,0.0],[120.62706,23.539201,0.0],[120.627657,23.538703,0.0],[120.627905,23.537292,0.0],[120.628628,23.536466,0.0],[120.628988,23.535888,0.0],[120.62923,23.535934,0.0],[120.629728,23.536202,0.0],[120.632153,23.536453,0.0],[120.633056,23.536326,0.0],[120.633648,23.536141,0.0],[120.633745,23.536036,0.0],[120.633987,23.536647,0.0],[120.634328,23.536893,0.0],[120.634099,23.537322,0.0],[120.634083,23.538207,0.0],[120.634759,23.538785,0.0],[120.63485,23.538957,0.0],[120.634691,23.53925,0.0],[120.634836,23.53951,0.0],[120.634758,23.539726,0.0],[120.635079,23.540333,0.0],[120.635754,23.54008,0.0],[120.635257,23.539847,0.0],[120.635089,23.53933,0.0],[120.635062,23.538799,0.0],[120.635814,23.538698,0.0],[120.636197,23.538406,0.0],[120.636769,23.538803,0.0],[120.63765,23.539064,0.0],[120.637636,23.539019,0.0],[120.637834,23.539649,0.0],[120.637639,23.540294,0.0],[120.638174,23.540935,0.0],[120.638223,23.541201,0.0],[120.63834,23.541363,0.0],[120.639423,23.542192,0.0],[120.639532,23.542224,0.0],[120.639774,23.541945,0.0],[120.639997,23.542013,0.0],[120.640124,23.541862,0.0],[120.639913,23.541634,0.0],[120.639496,23.541309,0.0],[120.639044,23.541172,0.0],[120.638938,23.541014,0.0],[120.638921,23.540878,0.0],[120.639024,23.540807,0.0],[120.639468,23.540705,0.0],[120.639656,23.540808,0.0],[120.639649,23.540174,0.0],[120.638851,23.539653,0.0],[120.638234,23.538734,0.0],[120.638217,23.538506,0.0],[120.638339,23.538298,0.0],[120.638134,23.537498,0.0],[120.638097,23.536466,0.0],[120.637446,23.537276,0.0],[120.637162,23.537021,0.0],[120.636947,23.536568,0.0],[120.636906,23.5368,0.0],[120.636842,23.536611,0.0],[120.636724,23.536603,0.0],[120.636706,23.537146,0.0],[120.636532,23.537356,0.0],[120.636297,23.53749,0.0],[120.63549,23.537266,0.0],[120.634968,23.537223,0.0],[120.635072,23.536635,0.0],[120.634932,23.53664,0.0],[120.634962,23.536592,0.0],[120.634678,23.536664,0.0],[120.634382,23.536883,0.0],[120.634268,23.53676,0.0],[120.634341,23.536797,0.0],[120.634237,23.536333,0.0],[120.634335,23.535363,0.0],[120.635091,23.53549,0.0],[120.635721,23.535226,0.0],[120.636179,23.534696,0.0],[120.63634,23.534174,0.0],[120.636316,23.533738,0.0],[120.637257,23.53398,0.0],[120.637297,23.534131,0.0],[120.638435,23.533868,0.0],[120.639001,23.53382,0.0],[120.63964,23.534376,0.0],[120.640632,23.53455,0.0],[120.641658,23.533967,0.0],[120.642877,23.534317,0.0],[120.64367,23.534181,0.0],[120.643789,23.53408,0.0],[120.643972,23.533623,0.0],[120.643741,23.532897,0.0],[120.64408,23.532361,0.0],[120.643903,23.532358,0.0],[120.643872,23.531925,0.0],[120.643951,23.531831,0.0],[120.644001,23.531897,0.0],[120.643987,23.531704,0.0],[120.644119,23.531717,0.0],[120.644178,23.531424,0.0],[120.644161,23.531289,0.0],[120.643901,23.531318,0.0],[120.643894,23.531394,0.0],[120.643778,23.531315,0.0],[120.64376,23.530995,0.0],[120.643832,23.531244,0.0],[120.643982,23.531268,0.0],[120.643992,23.530849,0.0],[120.64423,23.530674,0.0],[120.644709,23.530076,0.0],[120.64475,23.529856,0.0],[120.64454,23.529263,0.0],[120.644556,23.528837,0.0],[120.64493,23.529059,0.0],[120.644966,23.529467,0.0],[120.64522,23.529849,0.0],[120.64523,23.53086,0.0],[120.645859,23.531007,0.0],[120.646009,23.53097,0.0],[120.646685,23.530375,0.0],[120.647042,23.530195,0.0],[120.647244,23.530492,0.0],[120.647569,23.530647,0.0],[120.64808,23.530664,0.0],[120.648057,23.531367,0.0],[120.648544,23.53152,0.0],[120.648444,23.531827,0.0],[120.648569,23.532003,0.0],[120.649523,23.532734,0.0],[120.649496,23.532909,0.0],[120.648879,23.533147,0.0],[120.648702,23.533954,0.0],[120.648689,23.53444,0.0],[120.6483,23.534545,0.0],[120.648234,23.534802,0.0],[120.648054,23.535061,0.0],[120.648595,23.535181,0.0],[120.648675,23.535345,0.0],[120.649406,23.536033,0.0],[120.649403,23.536358,0.0],[120.648953,23.536808,0.0],[120.647856,23.537184,0.0],[120.647442,23.536962,0.0],[120.647303,23.536753,0.0],[120.647341,23.536528,0.0],[120.647096,23.535805,0.0],[120.647167,23.53533,0.0],[120.646907,23.535322,0.0],[120.646796,23.535247,0.0],[120.646685,23.535283,0.0],[120.646458,23.535464,0.0],[120.646352,23.535453,0.0],[120.645954,23.535684,0.0],[120.645937,23.535867,0.0],[120.645657,23.535818,0.0],[120.645424,23.535751,0.0],[120.645047,23.535175,0.0],[120.64524,23.534977,0.0],[120.645262,23.534674,0.0],[120.644809,23.534449,0.0],[120.644684,23.534864,0.0],[120.644498,23.534666,0.0],[120.644427,23.534726,0.0],[120.644324,23.53462,0.0],[120.645925,23.537013,0.0],[120.645316,23.537081,0.0],[120.644928,23.537467,0.0],[120.644547,23.537629,0.0],[120.644346,23.537796,0.0],[120.644349,23.537951,0.0],[120.644116,23.538312,0.0],[120.643931,23.538145,0.0],[120.64334,23.538034,0.0],[120.643043,23.537654,0.0],[120.642891,23.537577,0.0],[120.642564,23.537876,0.0],[120.642653,23.538837,0.0],[120.642358,23.539234,0.0],[120.642662,23.539677,0.0],[120.642589,23.539926,0.0],[120.642353,23.540175,0.0],[120.642078,23.540377,0.0],[120.641952,23.539634,0.0],[120.642033,23.538908,0.0],[120.641277,23.538683,0.0],[120.641098,23.538872,0.0],[120.640762,23.538766,0.0],[120.64031,23.537973,0.0],[120.640269,23.538037,0.0],[120.640244,23.537971,0.0],[120.640101,23.538187,0.0],[120.639594,23.538402,0.0],[120.639777,23.538809,0.0],[120.639665,23.53946,0.0],[120.640141,23.539639,0.0],[120.641137,23.539284,0.0],[120.641162,23.539471,0.0],[120.641294,23.539601,0.0],[120.641622,23.540255,0.0],[120.641684,23.540655,0.0],[120.641364,23.541461,0.0],[120.641809,23.54156,0.0],[120.641755,23.541704,0.0],[120.641407,23.541786,0.0],[120.64099,23.541687,0.0],[120.641675,23.542193,0.0],[120.641712,23.542472,0.0],[120.642068,23.54255,0.0],[120.642166,23.542293,0.0],[120.642479,23.542122,0.0],[120.642781,23.54181,0.0],[120.643073,23.541426,0.0],[120.643084,23.54121,0.0],[120.643016,23.541142,0.0],[120.642794,23.541196,0.0],[120.642555,23.541404,0.0],[120.642426,23.541327,0.0],[120.642473,23.541163,0.0],[120.642842,23.540536,0.0],[120.643183,23.540409,0.0],[120.643137,23.539914,0.0],[120.642997,23.539644,0.0],[120.643493,23.53914,0.0],[120.643657,23.538853,0.0],[120.643925,23.538897,0.0],[120.644347,23.538767,0.0],[120.644732,23.539453,0.0],[120.645223,23.539558,0.0],[120.645169,23.539975,0.0],[120.644928,23.540363,0.0],[120.644252,23.541122,0.0],[120.64389,23.541209,0.0],[120.643589,23.541194,0.0],[120.643248,23.541605,0.0],[120.643377,23.541761,0.0],[120.643213,23.541933,0.0],[120.643389,23.542073,0.0],[120.643371,23.542303,0.0],[120.643433,23.542258,0.0],[120.643439,23.542348,0.0],[120.64374,23.542136,0.0],[120.643847,23.542685,0.0],[120.64361,23.543084,0.0],[120.643812,23.543591,0.0],[120.643688,23.544399,0.0],[120.643803,23.545034,0.0],[120.643867,23.545111,0.0],[120.644001,23.545078,0.0],[120.644164,23.545173,0.0],[120.644469,23.545641,0.0],[120.644547,23.545972,0.0],[120.644936,23.546028,0.0],[120.645438,23.546268,0.0],[120.645477,23.546186,0.0],[120.645359,23.546027,0.0],[120.645266,23.545406,0.0],[120.644755,23.54493,0.0],[120.644754,23.544537,0.0],[120.644564,23.543668,0.0],[120.644682,23.543221,0.0],[120.644569,23.542668,0.0],[120.644603,23.542312,0.0],[120.644888,23.541168,0.0],[120.645226,23.540522,0.0],[120.645857,23.538446,0.0],[120.646088,23.538048,0.0],[120.64652,23.537562,0.0],[120.647056,23.537879,0.0],[120.647449,23.537808,0.0],[120.647948,23.537413,0.0],[120.648214,23.537509,0.0],[120.648471,23.537915,0.0],[120.64896,23.5379,0.0],[120.649165,23.537818,0.0],[120.649443,23.537921,0.0],[120.64971,23.538647,0.0],[120.649378,23.538747,0.0],[120.649482,23.539219,0.0],[120.650357,23.539276,0.0],[120.650626,23.54,0.0],[120.650859,23.540292,0.0],[120.651306,23.540286,0.0],[120.651624,23.539849,0.0],[120.65235,23.539403,0.0],[120.652673,23.539736,0.0],[120.652825,23.54007,0.0],[120.65237,23.540114,0.0],[120.652395,23.540494,0.0],[120.652793,23.54071,0.0],[120.653105,23.541002,0.0],[120.653606,23.54157,0.0],[120.653599,23.54171,0.0],[120.653692,23.541803,0.0],[120.65369,23.541919,0.0],[120.653319,23.541866,0.0],[120.652875,23.542215,0.0],[120.652016,23.542285,0.0],[120.651623,23.54244,0.0],[120.650362,23.543735,0.0],[120.650158,23.544095,0.0],[120.649792,23.544431,0.0],[120.649477,23.544596,0.0],[120.649049,23.544591,0.0],[120.648278,23.544288,0.0],[120.647831,23.544443,0.0],[120.647633,23.544604,0.0],[120.647182,23.545233,0.0],[120.646841,23.545496,0.0],[120.646298,23.546504,0.0],[120.645873,23.546984,0.0],[120.645691,23.547014,0.0],[120.645043,23.546544,0.0],[120.644842,23.546506,0.0],[120.643836,23.546624,0.0],[120.643506,23.546794,0.0],[120.643337,23.54695,0.0],[120.643227,23.547193,0.0],[120.643446,23.547543,0.0],[120.643413,23.547908,0.0],[120.643247,23.548233,0.0],[120.643399,23.548554,0.0],[120.643223,23.549537,0.0],[120.643064,23.549644,0.0],[120.642519,23.549719,0.0],[120.642356,23.549864,0.0],[120.641788,23.549992,0.0],[120.641647,23.549946,0.0],[120.640901,23.550267,0.0],[120.640108,23.550251,0.0],[120.639806,23.550611,0.0],[120.639763,23.550867,0.0],[120.639799,23.550925,0.0],[120.640206,23.550636,0.0],[120.640562,23.55067,0.0],[120.640591,23.550781,0.0],[120.640335,23.550801,0.0],[120.640021,23.55105,0.0],[120.640001,23.551165,0.0],[120.640196,23.551311,0.0],[120.63985,23.551737,0.0],[120.640044,23.551961,0.0],[120.640407,23.552192,0.0],[120.641025,23.55148,0.0],[120.64133,23.55153,0.0],[120.641564,23.55143,0.0],[120.641672,23.551712,0.0],[120.640925,23.552027,0.0],[120.640713,23.552201,0.0],[120.640818,23.552446,0.0],[120.64079,23.552725,0.0],[120.640972,23.552804,0.0],[120.641,23.553088,0.0],[120.640722,23.55405,0.0],[120.640481,23.554531,0.0],[120.640453,23.554881,0.0],[120.640584,23.55529,0.0],[120.640478,23.555889,0.0],[120.640416,23.556051,0.0],[120.640069,23.556167,0.0],[120.639772,23.55653,0.0],[120.639654,23.556501,0.0],[120.639506,23.557085,0.0],[120.6399,23.55695,0.0],[120.640311,23.557022,0.0],[120.640415,23.557249,0.0],[120.640365,23.55766,0.0],[120.64056,23.558114,0.0],[120.640603,23.558553,0.0],[120.640139,23.559643,0.0],[120.639119,23.560438,0.0],[120.63911,23.560705,0.0],[120.639254,23.56123,0.0],[120.639663,23.561781,0.0],[120.63961,23.561795,0.0],[120.640321,23.562473,0.0],[120.640667,23.562938,0.0],[120.640688,23.563173,0.0],[120.640579,23.563628,0.0],[120.640757,23.564146,0.0],[120.640864,23.564133,0.0],[120.641645,23.564536,0.0],[120.642115,23.564569,0.0],[120.643224,23.565028,0.0],[120.64447,23.564514,0.0],[120.644812,23.564512,0.0],[120.644701,23.564785,0.0],[120.644483,23.564834,0.0],[120.644457,23.564994,0.0],[120.644306,23.565131,0.0],[120.64417,23.565106,0.0],[120.644079,23.565384,0.0],[120.644314,23.565452,0.0],[120.644241,23.565695,0.0],[120.643746,23.565978,0.0],[120.643588,23.566243,0.0],[120.643455,23.566158,0.0],[120.643025,23.566401,0.0],[120.64285,23.566652,0.0],[120.643343,23.567132,0.0],[120.644074,23.567476,0.0],[120.644948,23.568087,0.0],[120.645424,23.569083,0.0],[120.645653,23.569922,0.0],[120.646302,23.57049,0.0],[120.647115,23.570907,0.0],[120.646909,23.571187,0.0],[120.647799,23.571188,0.0],[120.6484,23.571334,0.0],[120.648446,23.571674,0.0],[120.648285,23.572037,0.0],[120.647938,23.572095,0.0],[120.64761,23.572274,0.0],[120.647317,23.572826,0.0],[120.647414,23.57354,0.0],[120.647245,23.574682,0.0],[120.64702,23.574701,0.0],[120.646463,23.575252,0.0],[120.645653,23.575621,0.0],[120.645534,23.575731,0.0],[120.645693,23.575916,0.0],[120.645277,23.575638,0.0],[120.644143,23.57529,0.0],[120.643658,23.575442,0.0],[120.643458,23.575716,0.0],[120.643549,23.57701,0.0],[120.643374,23.577483,0.0],[120.643448,23.577827,0.0],[120.643388,23.577994,0.0],[120.643544,23.578085,0.0],[120.64348,23.578214,0.0],[120.644538,23.579342,0.0],[120.644974,23.579537,0.0],[120.645791,23.579386,0.0],[120.646145,23.579541,0.0],[120.646506,23.580021,0.0],[120.646869,23.580114,0.0],[120.647257,23.580389,0.0],[120.647833,23.581001,0.0],[120.648299,23.581539,0.0],[120.649034,23.582744,0.0],[120.649194,23.583455,0.0],[120.649122,23.583978,0.0],[120.649309,23.585477,0.0],[120.649261,23.585701,0.0],[120.648993,23.585904,0.0],[120.648702,23.585909,0.0],[120.648303,23.585721,0.0],[120.647938,23.585664,0.0],[120.647446,23.585718,0.0],[120.647325,23.585809,0.0],[120.64723,23.586856,0.0],[120.647077,23.587483,0.0],[120.647155,23.58787,0.0],[120.647839,23.589232,0.0],[120.648637,23.590262,0.0],[120.64869,23.59148,0.0],[120.648862,23.591988,0.0],[120.649128,23.592411,0.0],[120.649067,23.592547,0.0],[120.647455,23.593218,0.0]]],[[[120.61176,23.550831,0.0],[120.612243,23.550348,0.0],[120.61274,23.550273,0.0],[120.612899,23.550987,0.0],[120.612318,23.550743,0.0],[120.61176,23.550831,0.0]]]]}}
]
}
