{
"type": "FeatureCollection",
"name": "石虎潛在棲地",
"xy_coordinate_resolution": 1e-06,
"features": [
{"type":"Feature","properties":{"FID":0},"geometry":{"type":"GeometryCollection","geometries":[{"type":"MultiPolygon","coordinates":[[[[120.578242,23.773448,0.0],[120.577885,23.773723,0.0],[120.57712,23.773966,0.0],[120.576318,23.773864,0.0],[120.575819,23.77359,0.0],[120.574735,23.772557,0.0],[120.574466,23.771967,0.0],[120.574468,23.771326,0.0],[120.574741,23.770738,0.0],[120.575243,23.770294,0.0],[120.576198,23.769978,0.0],[120.578512,23.770261,0.0],[120.578907,23.770853,0.0],[120.578986,23.771595,0.0],[120.578506,23.773095,0.0],[120.578242,23.773448,0.0]],[[120.577047,23.771998,0.0],[120.577048,23.771737,0.0],[120.576481,23.771736,0.0],[120.576481,23.771996,0.0],[120.577047,23.771998,0.0]]],[[[120.531509,23.796552,0.0],[120.530948,23.796691,0.0],[120.530483,23.796675,0.0],[120.529835,23.796443,0.0],[120.527062,23.794716,0.0],[120.526629,23.794087,0.0],[120.52655,23.793345,0.0],[120.526675,23.792932,0.0],[120.526913,23.792564,0.0],[120.527249,23.792267,0.0],[120.527658,23.792063,0.0],[120.531324,23.791579,0.0],[120.532001,23.79173,0.0],[120.532559,23.792111,0.0],[120.532912,23.792663,0.0],[120.53299,23.793405,0.0],[120.532462,23.795521,0.0],[120.532216,23.796005,0.0],[120.531903,23.796322,0.0],[120.531509,23.796552,0.0]]],[[[120.540366,23.807893,0.0],[120.539563,23.80799,0.0],[120.53911,23.80789,0.0],[120.538702,23.807683,0.0],[120.537672,23.806751,0.0],[120.537285,23.806096,0.0],[120.53724,23.805457,0.0],[120.537534,23.804763,0.0],[120.538036,23.804319,0.0],[120.538459,23.80414,0.0],[120.539582,23.803853,0.0],[120.540113,23.803796,0.0],[120.540789,23.803946,0.0],[120.541348,23.804327,0.0],[120.541701,23.804879,0.0],[120.541779,23.805621,0.0],[120.541391,23.806924,0.0],[120.541035,23.807474,0.0],[120.540366,23.807893,0.0]]],[[[120.527724,23.810021,0.0],[120.527351,23.809611,0.0],[120.527136,23.809104,0.0],[120.526537,23.808875,0.0],[120.526107,23.808515,0.0],[120.525871,23.808146,0.0],[120.52575,23.807733,0.0],[120.525799,23.807094,0.0],[120.52619,23.806442,0.0],[120.527324,23.805456,0.0],[120.527747,23.805277,0.0],[120.528323,23.805207,0.0],[120.528892,23.805315,0.0],[120.529478,23.805662,0.0],[120.529765,23.805999,0.0],[120.529979,23.806506,0.0],[120.530579,23.806735,0.0],[120.531008,23.807095,0.0],[120.531244,23.807464,0.0],[120.531366,23.807878,0.0],[120.531317,23.808516,0.0],[120.531001,23.809087,0.0],[120.529888,23.810094,0.0],[120.529141,23.810383,0.0],[120.528334,23.81033,0.0],[120.527724,23.810021,0.0]]],[[[120.523119,23.805518,0.0],[120.523753,23.805982,0.0],[120.524091,23.806659,0.0],[120.524121,23.807086,0.0],[120.524026,23.807506,0.0],[120.523745,23.807974,0.0],[120.522682,23.808988,0.0],[120.52205,23.809255,0.0],[120.517961,23.810138,0.0],[120.517961,23.809904,0.0],[120.517678,23.809903,0.0],[120.517677,23.810199,0.0],[120.515159,23.810728,0.0],[120.51458,23.81069,0.0],[120.514045,23.81048,0.0],[120.51189,23.808568,0.0],[120.511613,23.80824,0.0],[120.511433,23.807845,0.0],[120.511372,23.80742,0.0],[120.511436,23.806995,0.0],[120.511682,23.806511,0.0],[120.512285,23.806013,0.0],[120.51295,23.805826,0.0],[120.522285,23.805368,0.0],[120.522674,23.805389,0.0],[120.523119,23.805518,0.0]]],[[[120.576551,24.011682,0.0],[120.576267,24.011681,0.0],[120.576266,24.011942,0.0],[120.575699,24.01194,0.0],[120.575699,24.011692,0.0],[120.576086,24.01142,0.0],[120.576268,24.01142,0.0],[120.576269,24.011291,0.0],[120.576553,24.01116,0.0],[120.576551,24.011682,0.0]]],[[[120.574611,24.012459,0.0],[120.574846,24.012294,0.0],[120.574845,24.01246,0.0],[120.574611,24.012459,0.0]]],[[[120.574316,24.012719,0.0],[120.574561,24.012495,0.0],[120.57456,24.01272,0.0],[120.574316,24.012719,0.0]]],[[[120.573915,24.013737,0.0],[120.573991,24.013277,0.0],[120.573988,24.014022,0.0],[120.573915,24.013737,0.0]]],[[[120.559762,24.022849,0.0],[120.559618,24.022849,0.0],[120.559786,24.022589,0.0],[120.560047,24.022589,0.0],[120.560046,24.02285,0.0],[120.560614,24.022852,0.0],[120.560613,24.023113,0.0],[120.561181,24.023114,0.0],[120.56118,24.023375,0.0],[120.561748,24.023377,0.0],[120.561747,24.023637,0.0],[120.562315,24.023639,0.0],[120.562314,24.0239,0.0],[120.562882,24.023901,0.0],[120.562881,24.024162,0.0],[120.563449,24.024164,0.0],[120.563448,24.024425,0.0],[120.564016,24.024426,0.0],[120.564015,24.024687,0.0],[120.564583,24.024689,0.0],[120.564582,24.02495,0.0],[120.564866,24.02495,0.0],[120.564865,24.025211,0.0],[120.565433,24.025213,0.0],[120.565432,24.025474,0.0],[120.566,24.025475,0.0],[120.565999,24.025736,0.0],[120.566567,24.025738,0.0],[120.566566,24.025998,0.0],[120.567134,24.026,0.0],[120.567133,24.026261,0.0],[120.567701,24.026262,0.0],[120.5677,24.026523,0.0],[120.568268,24.026525,0.0],[120.568267,24.026786,0.0],[120.568835,24.026787,0.0],[120.568834,24.027048,0.0],[120.569118,24.027049,0.0],[120.569117,24.02731,0.0],[120.569401,24.02731,0.0],[120.5694,24.027571,0.0],[120.569684,24.027572,0.0],[120.569683,24.028094,0.0],[120.569966,24.028094,0.0],[120.569966,24.028355,0.0],[120.570534,24.028357,0.0],[120.570533,24.028618,0.0],[120.570817,24.028618,0.0],[120.570816,24.028879,0.0],[120.5711,24.02888,0.0],[120.571098,24.029402,0.0],[120.571382,24.029402,0.0],[120.571381,24.029663,0.0],[120.571665,24.029664,0.0],[120.571664,24.029925,0.0],[120.571948,24.029926,0.0],[120.571946,24.030447,0.0],[120.57223,24.030448,0.0],[120.572229,24.030709,0.0],[120.572513,24.03071,0.0],[120.572512,24.031231,0.0],[120.572796,24.031232,0.0],[120.572794,24.031754,0.0],[120.573362,24.031755,0.0],[120.57336,24.032277,0.0],[120.573644,24.032278,0.0],[120.573643,24.032538,0.0],[120.573927,24.032539,0.0],[120.573925,24.033061,0.0],[120.574209,24.033062,0.0],[120.574209,24.033322,0.0],[120.574493,24.033323,0.0],[120.574491,24.033845,0.0],[120.574775,24.033846,0.0],[120.574774,24.034106,0.0],[120.575058,24.034107,0.0],[120.575056,24.034629,0.0],[120.57534,24.03463,0.0],[120.575339,24.03489,0.0],[120.574771,24.034889,0.0],[120.574772,24.034628,0.0],[120.574488,24.034627,0.0],[120.574486,24.03541,0.0],[120.574202,24.035409,0.0],[120.574203,24.035148,0.0],[120.573919,24.035147,0.0],[120.573918,24.035408,0.0],[120.573634,24.035407,0.0],[120.573633,24.035668,0.0],[120.574485,24.03567,0.0],[120.574483,24.036192,0.0],[120.574199,24.036191,0.0],[120.574197,24.036713,0.0],[120.574481,24.036714,0.0],[120.574482,24.036453,0.0],[120.576186,24.036458,0.0],[120.576183,24.03724,0.0],[120.576467,24.037241,0.0],[120.576464,24.038284,0.0],[120.576748,24.038285,0.0],[120.576745,24.039067,0.0],[120.577029,24.039068,0.0],[120.577027,24.03985,0.0],[120.577311,24.039851,0.0],[120.577309,24.040373,0.0],[120.577593,24.040374,0.0],[120.577591,24.041156,0.0],[120.577875,24.041157,0.0],[120.577872,24.041939,0.0],[120.578156,24.04194,0.0],[120.578154,24.042462,0.0],[120.578438,24.042462,0.0],[120.578436,24.043245,0.0],[120.57872,24.043245,0.0],[120.578718,24.043767,0.0],[120.579002,24.043768,0.0],[120.579,24.044289,0.0],[120.579284,24.04429,0.0],[120.579283,24.044812,0.0],[120.579566,24.044813,0.0],[120.579564,24.045595,0.0],[120.579848,24.045596,0.0],[120.579847,24.045857,0.0],[120.580131,24.045857,0.0],[120.580129,24.046379,0.0],[120.580413,24.04638,0.0],[120.580412,24.046901,0.0],[120.580696,24.046902,0.0],[120.580694,24.047424,0.0],[120.580978,24.047425,0.0],[120.580975,24.048207,0.0],[120.581259,24.048208,0.0],[120.581258,24.048729,0.0],[120.581542,24.04873,0.0],[120.58154,24.049252,0.0],[120.581824,24.049253,0.0],[120.581822,24.050035,0.0],[120.582106,24.050036,0.0],[120.582104,24.050557,0.0],[120.582388,24.050558,0.0],[120.582386,24.05108,0.0],[120.58267,24.05108,0.0],[120.582668,24.051594,0.0],[120.582381,24.051739,0.0],[120.581913,24.051656,0.0],[120.581389,24.052039,0.0],[120.580902,24.052268,0.0],[120.579972,24.053245,0.0],[120.579144,24.053825,0.0],[120.578625,24.054088,0.0],[120.5782,24.054208,0.0],[120.577629,24.054227,0.0],[120.574774,24.054149,0.0],[120.574177,24.05424,0.0],[120.573801,24.054451,0.0],[120.573399,24.054775,0.0],[120.572872,24.055365,0.0],[120.571295,24.057824,0.0],[120.571242,24.058273,0.0],[120.571378,24.058765,0.0],[120.57234,24.060508,0.0],[120.572596,24.061335,0.0],[120.572669,24.062821,0.0],[120.572991,24.064682,0.0],[120.573593,24.069934,0.0],[120.57043,24.068157,0.0],[120.570075,24.067879,0.0],[120.569835,24.067565,0.0],[120.569836,24.067215,0.0],[120.569666,24.067214,0.0],[120.569553,24.066967,0.0],[120.569557,24.065649,0.0],[120.569273,24.065648,0.0],[120.569272,24.065909,0.0],[120.568704,24.065908,0.0],[120.568704,24.065977,0.0],[120.567852,24.065877,0.0],[120.567854,24.065384,0.0],[120.56757,24.065383,0.0],[120.567568,24.065844,0.0],[120.565505,24.066905,0.0],[120.564954,24.067078,0.0],[120.564372,24.067077,0.0],[120.563872,24.066923,0.0],[120.563873,24.066676,0.0],[120.564157,24.066677,0.0],[120.564156,24.066938,0.0],[120.564724,24.06694,0.0],[120.564726,24.066418,0.0],[120.56359,24.066415,0.0],[120.563589,24.066757,0.0],[120.563291,24.066485,0.0],[120.563235,24.066414,0.0],[120.563306,24.066414,0.0],[120.563307,24.066153,0.0],[120.563061,24.066152,0.0],[120.562895,24.065891,0.0],[120.563024,24.065892,0.0],[120.563025,24.06537,0.0],[120.562741,24.065369,0.0],[120.562729,24.06563,0.0],[120.561127,24.06311,0.0],[120.56095,24.06272,0.0],[120.560925,24.061975,0.0],[120.561401,24.060671,0.0],[120.561621,24.060671,0.0],[120.561623,24.06015,0.0],[120.561907,24.060151,0.0],[120.561909,24.059629,0.0],[120.562193,24.05963,0.0],[120.562192,24.059891,0.0],[120.562476,24.059891,0.0],[120.562478,24.05937,0.0],[120.56193,24.059368,0.0],[120.562308,24.058961,0.0],[120.56292,24.058655,0.0],[120.565038,24.058234,0.0],[120.565035,24.059116,0.0],[120.565319,24.059117,0.0],[120.565318,24.059378,0.0],[120.566454,24.059381,0.0],[120.566456,24.05886,0.0],[120.566172,24.058859,0.0],[120.566173,24.058598,0.0],[120.566457,24.058599,0.0],[120.566458,24.058338,0.0],[120.566173,24.058337,0.0],[120.566174,24.058076,0.0],[120.565849,24.058075,0.0],[120.566101,24.058026,0.0],[120.566762,24.057273,0.0],[120.565989,24.057353,0.0],[120.565412,24.05728,0.0],[120.564893,24.057037,0.0],[120.56449,24.056652,0.0],[120.564281,24.056269,0.0],[120.564186,24.055741,0.0],[120.564411,24.054024,0.0],[120.562461,24.051055,0.0],[120.557468,24.051591,0.0],[120.556686,24.051392,0.0],[120.556086,24.05089,0.0],[120.555802,24.050222,0.0],[120.556261,24.050224,0.0],[120.556262,24.049963,0.0],[120.557114,24.049965,0.0],[120.557114,24.049705,0.0],[120.55825,24.049708,0.0],[120.558251,24.049447,0.0],[120.555979,24.049441,0.0],[120.55598,24.04918,0.0],[120.555663,24.049179,0.0],[120.555488,24.047614,0.0],[120.555859,24.046311,0.0],[120.55599,24.046311,0.0],[120.555989,24.046572,0.0],[120.556273,24.046573,0.0],[120.556274,24.046312,0.0],[120.556558,24.046313,0.0],[120.556559,24.046052,0.0],[120.556843,24.046053,0.0],[120.556842,24.046313,0.0],[120.557126,24.046314,0.0],[120.557127,24.046053,0.0],[120.557411,24.046054,0.0],[120.557412,24.045793,0.0],[120.557128,24.045793,0.0],[120.55713,24.045271,0.0],[120.556846,24.04527,0.0],[120.556844,24.045792,0.0],[120.556276,24.04579,0.0],[120.556275,24.046051,0.0],[120.555991,24.04605,0.0],[120.556279,24.044977,0.0],[120.556563,24.045009,0.0],[120.556565,24.044226,0.0],[120.555713,24.044224,0.0],[120.555712,24.044745,0.0],[120.555428,24.044744,0.0],[120.555427,24.045011,0.0],[120.554966,24.045004,0.0],[120.555143,24.045004,0.0],[120.555144,24.044744,0.0],[120.55486,24.044743,0.0],[120.554859,24.044986,0.0],[120.554482,24.044871,0.0],[120.554235,24.044741,0.0],[120.554292,24.044741,0.0],[120.554294,24.043959,0.0],[120.55401,24.043958,0.0],[120.554009,24.044219,0.0],[120.553441,24.044226,0.0],[120.552308,24.043489,0.0],[120.552309,24.043171,0.0],[120.552877,24.043172,0.0],[120.552879,24.042651,0.0],[120.551175,24.042646,0.0],[120.551175,24.042753,0.0],[120.549611,24.041729,0.0],[120.549299,24.04141,0.0],[120.54911,24.041075,0.0],[120.549477,24.041076,0.0],[120.549478,24.040554,0.0],[120.548989,24.040553,0.0],[120.548473,24.036639,0.0],[120.54864,24.03664,0.0],[120.548642,24.036118,0.0],[120.548421,24.036117,0.0],[120.548456,24.035815,0.0],[120.548524,24.035596,0.0],[120.549212,24.035598,0.0],[120.549214,24.034816,0.0],[120.549498,24.034817,0.0],[120.549497,24.035077,0.0],[120.549781,24.035078,0.0],[120.549781,24.035339,0.0],[120.550632,24.035341,0.0],[120.550632,24.035602,0.0],[120.551483,24.035605,0.0],[120.551484,24.035344,0.0],[120.5512,24.035343,0.0],[120.551201,24.035082,0.0],[120.550917,24.035081,0.0],[120.550918,24.034821,0.0],[120.550634,24.03482,0.0],[120.550633,24.035081,0.0],[120.550349,24.03508,0.0],[120.550352,24.034297,0.0],[120.550068,24.034297,0.0],[120.550069,24.034036,0.0],[120.549501,24.034034,0.0],[120.5495,24.034295,0.0],[120.549301,24.034294,0.0],[120.549947,24.033253,0.0],[120.550072,24.033253,0.0],[120.550071,24.033514,0.0],[120.550355,24.033515,0.0],[120.550356,24.033254,0.0],[120.55064,24.033255,0.0],[120.550641,24.032994,0.0],[120.550357,24.032993,0.0],[120.550358,24.032733,0.0],[120.550641,24.032733,0.0],[120.550644,24.032129,0.0],[120.550754,24.031951,0.0],[120.55178,24.031954,0.0],[120.551781,24.031694,0.0],[120.552065,24.031694,0.0],[120.552066,24.031434,0.0],[120.551782,24.031433,0.0],[120.551785,24.030403,0.0],[120.551928,24.030284,0.0],[120.551563,24.029721,0.0],[120.551473,24.029085,0.0],[120.55179,24.029086,0.0],[120.551787,24.029868,0.0],[120.552071,24.029869,0.0],[120.55207,24.03013,0.0],[120.552922,24.030132,0.0],[120.552925,24.02935,0.0],[120.553209,24.02935,0.0],[120.55321,24.02909,0.0],[120.552926,24.029089,0.0],[120.552929,24.028306,0.0],[120.553212,24.028307,0.0],[120.553213,24.028046,0.0],[120.553781,24.028048,0.0],[120.553782,24.027787,0.0],[120.554066,24.027788,0.0],[120.554068,24.027331,0.0],[120.554594,24.027339,0.0],[120.555144,24.027516,0.0],[120.554919,24.02753,0.0],[120.554918,24.027791,0.0],[120.555202,24.027791,0.0],[120.555201,24.028052,0.0],[120.555485,24.028053,0.0],[120.555483,24.028575,0.0],[120.555767,24.028575,0.0],[120.555768,24.028315,0.0],[120.555917,24.028315,0.0],[120.556048,24.028929,0.0],[120.555984,24.029353,0.0],[120.555601,24.030546,0.0],[120.555362,24.030913,0.0],[120.554997,24.031228,0.0],[120.555752,24.0321,0.0],[120.556776,24.031581,0.0],[120.557182,24.029884,0.0],[120.557466,24.029884,0.0],[120.557468,24.029363,0.0],[120.557752,24.029364,0.0],[120.557751,24.029624,0.0],[120.558035,24.029625,0.0],[120.558037,24.029104,0.0],[120.557469,24.029102,0.0],[120.557437,24.028841,0.0],[120.557611,24.028475,0.0],[120.557901,24.02814,0.0],[120.558858,24.027432,0.0],[120.56022,24.0259,0.0],[120.56087,24.025494,0.0],[120.559899,24.024607,0.0],[120.559546,24.024056,0.0],[120.559477,24.023262,0.0],[120.559513,24.023109,0.0],[120.559761,24.02311,0.0],[120.559762,24.022849,0.0]],[[120.551767,24.035606,0.0],[120.551483,24.035605,0.0],[120.551482,24.036126,0.0],[120.55205,24.036128,0.0],[120.552049,24.036389,0.0],[120.552333,24.03639,0.0],[120.552334,24.035868,0.0],[120.551766,24.035866,0.0],[120.551767,24.035606,0.0]],[[120.549496,24.035599,0.0],[120.549212,24.035598,0.0],[120.549211,24.035859,0.0],[120.549495,24.03586,0.0],[120.549496,24.035599,0.0]],[[120.557131,24.04501,0.0],[120.55713,24.045271,0.0],[120.557414,24.045272,0.0],[120.557415,24.045011,0.0],[120.557131,24.04501,0.0]],[[120.578716,24.044289,0.0],[120.578718,24.043767,0.0],[120.578434,24.043766,0.0],[120.578432,24.044288,0.0],[120.578716,24.044289,0.0]],[[120.561175,24.024679,0.0],[120.561176,24.024418,0.0],[120.560608,24.024417,0.0],[120.560608,24.024677,0.0],[120.561175,24.024679,0.0]]],[[[120.582953,24.051573,0.0],[120.582954,24.051081,0.0],[120.58267,24.05108,0.0],[120.582673,24.050298,0.0],[120.582389,24.050297,0.0],[120.58239,24.049776,0.0],[120.582106,24.049775,0.0],[120.582108,24.049253,0.0],[120.581824,24.049253,0.0],[120.581827,24.04847,0.0],[120.581543,24.048469,0.0],[120.581544,24.047948,0.0],[120.58126,24.047947,0.0],[120.581263,24.047165,0.0],[120.580979,24.047164,0.0],[120.580981,24.046642,0.0],[120.580697,24.046641,0.0],[120.580698,24.04612,0.0],[120.580414,24.046119,0.0],[120.580415,24.045858,0.0],[120.580131,24.045857,0.0],[120.580133,24.045336,0.0],[120.579849,24.045335,0.0],[120.57985,24.044813,0.0],[120.579566,24.044813,0.0],[120.579569,24.04403,0.0],[120.579285,24.044029,0.0],[120.579287,24.043508,0.0],[120.579003,24.043507,0.0],[120.579004,24.042985,0.0],[120.57872,24.042985,0.0],[120.578722,24.042463,0.0],[120.578438,24.042462,0.0],[120.57844,24.041941,0.0],[120.578156,24.04194,0.0],[120.578158,24.041157,0.0],[120.577875,24.041157,0.0],[120.577877,24.040374,0.0],[120.577593,24.040374,0.0],[120.577596,24.039591,0.0],[120.577312,24.03959,0.0],[120.577314,24.038808,0.0],[120.57703,24.038807,0.0],[120.577033,24.038025,0.0],[120.576749,24.038024,0.0],[120.576751,24.037242,0.0],[120.576467,24.037241,0.0],[120.57647,24.036458,0.0],[120.576186,24.036458,0.0],[120.576189,24.035675,0.0],[120.575905,24.035674,0.0],[120.575907,24.034892,0.0],[120.575623,24.034891,0.0],[120.575625,24.03437,0.0],[120.575341,24.034369,0.0],[120.575343,24.033847,0.0],[120.575059,24.033846,0.0],[120.57506,24.033586,0.0],[120.574776,24.033585,0.0],[120.574777,24.033063,0.0],[120.574493,24.033062,0.0],[120.574494,24.032802,0.0],[120.57421,24.032801,0.0],[120.574211,24.03254,0.0],[120.573927,24.032539,0.0],[120.573929,24.032018,0.0],[120.573645,24.032017,0.0],[120.573646,24.031756,0.0],[120.57393,24.031757,0.0],[120.573931,24.031496,0.0],[120.573647,24.031495,0.0],[120.573648,24.031234,0.0],[120.57308,24.031233,0.0],[120.57308,24.030972,0.0],[120.572796,24.030971,0.0],[120.572797,24.03071,0.0],[120.572513,24.03071,0.0],[120.572515,24.030188,0.0],[120.572231,24.030187,0.0],[120.572232,24.029926,0.0],[120.571948,24.029926,0.0],[120.571949,24.029665,0.0],[120.571665,24.029664,0.0],[120.571667,24.029142,0.0],[120.571383,24.029142,0.0],[120.571384,24.028881,0.0],[120.5711,24.02888,0.0],[120.571101,24.028358,0.0],[120.570817,24.028358,0.0],[120.570818,24.028097,0.0],[120.570534,24.028096,0.0],[120.570535,24.027835,0.0],[120.570251,24.027834,0.0],[120.570252,24.027574,0.0],[120.569968,24.027573,0.0],[120.569969,24.027312,0.0],[120.569685,24.027311,0.0],[120.569686,24.02705,0.0],[120.569402,24.02705,0.0],[120.569403,24.026789,0.0],[120.568835,24.026787,0.0],[120.568836,24.026526,0.0],[120.568268,24.026525,0.0],[120.568269,24.026264,0.0],[120.567985,24.026263,0.0],[120.567986,24.026002,0.0],[120.567418,24.026001,0.0],[120.567419,24.02574,0.0],[120.566851,24.025738,0.0],[120.566852,24.025478,0.0],[120.566284,24.025476,0.0],[120.566285,24.025215,0.0],[120.565717,24.025214,0.0],[120.565718,24.024953,0.0],[120.56515,24.024951,0.0],[120.565151,24.02469,0.0],[120.564583,24.024689,0.0],[120.564584,24.024428,0.0],[120.564016,24.024426,0.0],[120.564017,24.024165,0.0],[120.563449,24.024164,0.0],[120.56345,24.023903,0.0],[120.562882,24.023901,0.0],[120.562883,24.023641,0.0],[120.562315,24.023639,0.0],[120.562316,24.023378,0.0],[120.561748,24.023377,0.0],[120.561749,24.023116,0.0],[120.561181,24.023114,0.0],[120.561182,24.022853,0.0],[120.560614,24.022852,0.0],[120.560615,24.022591,0.0],[120.560331,24.02259,0.0],[120.560332,24.022329,0.0],[120.560043,24.022328,0.0],[120.560577,24.022031,0.0],[120.561812,24.021709,0.0],[120.562227,24.021651,0.0],[120.562691,24.021696,0.0],[120.563322,24.021967,0.0],[120.563733,24.022364,0.0],[120.564504,24.022227,0.0],[120.565182,24.022377,0.0],[120.565817,24.022841,0.0],[120.566214,24.023559,0.0],[120.567327,24.023854,0.0],[120.567251,24.023482,0.0],[120.567284,24.023054,0.0],[120.567438,24.02265,0.0],[120.567703,24.022297,0.0],[120.569608,24.020779,0.0],[120.569991,24.020613,0.0],[120.569991,24.020792,0.0],[120.570275,24.020793,0.0],[120.570276,24.020549,0.0],[120.570609,24.020531,0.0],[120.571068,24.020603,0.0],[120.571587,24.020846,0.0],[120.571921,24.021145,0.0],[120.572251,24.021581,0.0],[120.571408,24.021578,0.0],[120.571407,24.021839,0.0],[120.572446,24.021842,0.0],[120.573151,24.022785,0.0],[120.574242,24.023182,0.0],[120.574241,24.023412,0.0],[120.574809,24.023413,0.0],[120.57481,24.023229,0.0],[120.576013,24.022381,0.0],[120.575134,24.021025,0.0],[120.574982,24.02062,0.0],[120.57431,24.01637,0.0],[120.574548,24.016371,0.0],[120.574549,24.01611,0.0],[120.574269,24.016109,0.0],[120.574064,24.014805,0.0],[120.57427,24.014805,0.0],[120.574273,24.013762,0.0],[120.574557,24.013763,0.0],[120.574559,24.013241,0.0],[120.575126,24.013243,0.0],[120.575128,24.012721,0.0],[120.575412,24.012722,0.0],[120.575413,24.012461,0.0],[120.575697,24.012462,0.0],[120.575698,24.012201,0.0],[120.576266,24.012203,0.0],[120.576264,24.012724,0.0],[120.5774,24.012727,0.0],[120.577399,24.012988,0.0],[120.577966,24.01299,0.0],[120.577969,24.012207,0.0],[120.577685,24.012207,0.0],[120.577686,24.011946,0.0],[120.577402,24.011945,0.0],[120.577404,24.011423,0.0],[120.57712,24.011423,0.0],[120.577122,24.010689,0.0],[120.57756,24.010381,0.0],[120.577691,24.010381,0.0],[120.577691,24.010288,0.0],[120.579399,24.009082,0.0],[120.57964,24.007518,0.0],[120.579972,24.007518,0.0],[120.579971,24.007779,0.0],[120.580255,24.00778,0.0],[120.580254,24.008041,0.0],[120.580538,24.008042,0.0],[120.580537,24.008302,0.0],[120.580253,24.008302,0.0],[120.580252,24.008562,0.0],[120.579684,24.008561,0.0],[120.579684,24.008822,0.0],[120.579967,24.008822,0.0],[120.579966,24.009344,0.0],[120.58025,24.009345,0.0],[120.580249,24.009606,0.0],[120.580533,24.009606,0.0],[120.58053,24.010389,0.0],[120.580814,24.01039,0.0],[120.580818,24.009346,0.0],[120.581101,24.009347,0.0],[120.581104,24.008565,0.0],[120.581388,24.008566,0.0],[120.581389,24.008305,0.0],[120.581105,24.008304,0.0],[120.581106,24.007782,0.0],[120.58139,24.007783,0.0],[120.581391,24.007522,0.0],[120.580823,24.007521,0.0],[120.580823,24.007782,0.0],[120.580539,24.007781,0.0],[120.58054,24.00752,0.0],[120.580256,24.007519,0.0],[120.580256,24.007258,0.0],[120.58054,24.007259,0.0],[120.580543,24.006477,0.0],[120.579691,24.006474,0.0],[120.579692,24.006214,0.0],[120.579584,24.006213,0.0],[120.579547,24.005952,0.0],[120.579977,24.005954,0.0],[120.579976,24.006214,0.0],[120.580828,24.006217,0.0],[120.580827,24.006478,0.0],[120.581111,24.006478,0.0],[120.581112,24.005957,0.0],[120.580828,24.005956,0.0],[120.580829,24.005695,0.0],[120.580262,24.005694,0.0],[120.580263,24.005172,0.0],[120.580831,24.005174,0.0],[120.58083,24.005434,0.0],[120.581398,24.005436,0.0],[120.581399,24.005175,0.0],[120.581967,24.005177,0.0],[120.581969,24.004394,0.0],[120.582253,24.004395,0.0],[120.582255,24.003873,0.0],[120.582539,24.003874,0.0],[120.582544,24.002309,0.0],[120.581976,24.002308,0.0],[120.581977,24.002047,0.0],[120.581409,24.002045,0.0],[120.58141,24.001785,0.0],[120.581126,24.001784,0.0],[120.581127,24.001523,0.0],[120.580843,24.001522,0.0],[120.580844,24.001261,0.0],[120.58056,24.001261,0.0],[120.580559,24.001521,0.0],[120.580449,24.001521,0.0],[120.580497,24.001301,0.0],[120.580806,24.00074,0.0],[120.581347,24.000318,0.0],[120.583923,23.999623,0.0],[120.584052,23.998837,0.0],[120.583172,23.99748,0.0],[120.58298,23.996834,0.0],[120.583413,23.996835,0.0],[120.583412,23.997096,0.0],[120.58398,23.997097,0.0],[120.583981,23.996836,0.0],[120.583697,23.996835,0.0],[120.583698,23.996575,0.0],[120.583414,23.996574,0.0],[120.583416,23.996052,0.0],[120.583699,23.996053,0.0],[120.583701,23.995531,0.0],[120.583133,23.99553,0.0],[120.583132,23.995791,0.0],[120.582849,23.99579,0.0],[120.582848,23.995995,0.0],[120.582692,23.995007,0.0],[120.583135,23.995008,0.0],[120.583134,23.995269,0.0],[120.583418,23.99527,0.0],[120.583419,23.995009,0.0],[120.583703,23.99501,0.0],[120.583704,23.994749,0.0],[120.583136,23.994747,0.0],[120.583138,23.994226,0.0],[120.582854,23.994225,0.0],[120.582857,23.993182,0.0],[120.582573,23.993181,0.0],[120.582575,23.99266,0.0],[120.582859,23.99266,0.0],[120.58286,23.992399,0.0],[120.582576,23.992399,0.0],[120.582576,23.992138,0.0],[120.582293,23.992137,0.0],[120.582292,23.992463,0.0],[120.58217,23.991658,0.0],[120.58223,23.991126,0.0],[120.582477,23.990642,0.0],[120.583152,23.989809,0.0],[120.583149,23.990575,0.0],[120.583717,23.990576,0.0],[120.583718,23.990315,0.0],[120.584002,23.990316,0.0],[120.584003,23.990055,0.0],[120.583719,23.990055,0.0],[120.58372,23.989794,0.0],[120.583165,23.989792,0.0],[120.583588,23.989272,0.0],[120.584005,23.989273,0.0],[120.584007,23.988756,0.0],[120.584577,23.988054,0.0],[120.584576,23.988231,0.0],[120.585428,23.988234,0.0],[120.585429,23.987712,0.0],[120.584855,23.98771,0.0],[120.585264,23.98719,0.0],[120.585431,23.98719,0.0],[120.585432,23.986929,0.0],[120.585381,23.986929,0.0],[120.585498,23.986669,0.0],[120.586,23.98667,0.0],[120.586002,23.986149,0.0],[120.585732,23.986148,0.0],[120.586004,23.98556,0.0],[120.586004,23.985627,0.0],[120.586288,23.985628,0.0],[120.586289,23.985367,0.0],[120.586127,23.985367,0.0],[120.586962,23.984065,0.0],[120.587996,23.984067,0.0],[120.587999,23.983024,0.0],[120.588283,23.983025,0.0],[120.588282,23.983286,0.0],[120.588566,23.983287,0.0],[120.588565,23.983547,0.0],[120.588849,23.983548,0.0],[120.588848,23.983809,0.0],[120.589132,23.98381,0.0],[120.589131,23.984071,0.0],[120.589415,23.984071,0.0],[120.589414,23.984332,0.0],[120.588847,23.984331,0.0],[120.588847,23.98407,0.0],[120.58828,23.984068,0.0],[120.588279,23.984329,0.0],[120.588563,23.98433,0.0],[120.588562,23.984591,0.0],[120.58771,23.984588,0.0],[120.587709,23.98511,0.0],[120.587992,23.985111,0.0],[120.58799,23.985893,0.0],[120.587706,23.985892,0.0],[120.587705,23.986153,0.0],[120.587989,23.986154,0.0],[120.587988,23.986415,0.0],[120.588556,23.986416,0.0],[120.588554,23.986938,0.0],[120.588838,23.986939,0.0],[120.588839,23.986678,0.0],[120.589123,23.986679,0.0],[120.589125,23.986157,0.0],[120.588557,23.986155,0.0],[120.588558,23.985895,0.0],[120.588842,23.985895,0.0],[120.588845,23.984852,0.0],[120.589129,23.984853,0.0],[120.589128,23.985114,0.0],[120.589696,23.985115,0.0],[120.589697,23.984594,0.0],[120.590265,23.984595,0.0],[120.590266,23.984334,0.0],[120.589982,23.984334,0.0],[120.589985,23.98329,0.0],[120.590269,23.983291,0.0],[120.590271,23.98277,0.0],[120.589703,23.982768,0.0],[120.589704,23.982507,0.0],[120.58942,23.982506,0.0],[120.589421,23.982246,0.0],[120.589705,23.982246,0.0],[120.589706,23.981986,0.0],[120.589989,23.981986,0.0],[120.589991,23.981465,0.0],[120.590275,23.981466,0.0],[120.590276,23.981205,0.0],[120.589992,23.981204,0.0],[120.589993,23.980943,0.0],[120.590277,23.980944,0.0],[120.590277,23.980683,0.0],[120.590561,23.980684,0.0],[120.590562,23.980423,0.0],[120.589994,23.980422,0.0],[120.589995,23.980161,0.0],[120.590279,23.980161,0.0],[120.59028,23.979798,0.0],[120.591131,23.979903,0.0],[120.591131,23.980164,0.0],[120.591561,23.980165,0.0],[120.591697,23.980426,0.0],[120.59177,23.980426,0.0],[120.592201,23.980949,0.0],[120.59198,23.980948,0.0],[120.59198,23.980688,0.0],[120.591697,23.980687,0.0],[120.591696,23.980948,0.0],[120.591412,23.980947,0.0],[120.59141,23.981469,0.0],[120.590843,23.981467,0.0],[120.590841,23.981989,0.0],[120.591409,23.98199,0.0],[120.591408,23.982251,0.0],[120.591976,23.982252,0.0],[120.591976,23.981992,0.0],[120.59226,23.981992,0.0],[120.592259,23.982253,0.0],[120.592543,23.982254,0.0],[120.592542,23.982515,0.0],[120.59311,23.982516,0.0],[120.593109,23.982777,0.0],[120.593867,23.982779,0.0],[120.594244,23.983157,0.0],[120.594243,23.983302,0.0],[120.594392,23.983302,0.0],[120.596898,23.985507,0.0],[120.598511,23.986712,0.0],[120.600633,23.988089,0.0],[120.602863,23.989315,0.0],[120.605187,23.990383,0.0],[120.608081,23.991447,0.0],[120.611531,23.992368,0.0],[120.611531,23.992475,0.0],[120.611815,23.992475,0.0],[120.611814,23.992736,0.0],[120.61197,23.992737,0.0],[120.611414,23.99487,0.0],[120.611223,23.995326,0.0],[120.610198,23.996825,0.0],[120.609158,23.999278,0.0],[120.608075,24.000975,0.0],[120.607072,24.002865,0.0],[120.606613,24.003489,0.0],[120.604949,24.005185,0.0],[120.604639,24.005572,0.0],[120.604516,24.006017,0.0],[120.602458,24.007384,0.0],[120.600474,24.008922,0.0],[120.598982,24.010248,0.0],[120.597243,24.012019,0.0],[120.595355,24.014295,0.0],[120.593958,24.016305,0.0],[120.592506,24.018836,0.0],[120.591365,24.021338,0.0],[120.590051,24.021539,0.0],[120.589987,24.021928,0.0],[120.590906,24.022557,0.0],[120.590247,24.02467,0.0],[120.589808,24.026535,0.0],[120.589491,24.02842,0.0],[120.589273,24.030755,0.0],[120.589268,24.030495,0.0],[120.588984,24.030494,0.0],[120.588982,24.031015,0.0],[120.589261,24.031016,0.0],[120.589291,24.034134,0.0],[120.589694,24.037451,0.0],[120.590214,24.039787,0.0],[120.591024,24.042353,0.0],[120.589639,24.043395,0.0],[120.58783,24.044449,0.0],[120.587507,24.044814,0.0],[120.587276,24.045255,0.0],[120.58729,24.045838,0.0],[120.587578,24.04734,0.0],[120.587458,24.047705,0.0],[120.587092,24.04816,0.0],[120.58664,24.048547,0.0],[120.585733,24.049129,0.0],[120.585441,24.049422,0.0],[120.584674,24.050824,0.0],[120.584146,24.051583,0.0],[120.582953,24.051573,0.0]],[[120.590844,23.980945,0.0],[120.591412,23.980947,0.0],[120.591413,23.980686,0.0],[120.590845,23.980685,0.0],[120.590844,23.980945,0.0]],[[120.590563,23.980162,0.0],[120.590562,23.980423,0.0],[120.590846,23.980424,0.0],[120.590847,23.980163,0.0],[120.590563,23.980162,0.0]],[[120.590273,23.981987,0.0],[120.589989,23.981986,0.0],[120.589989,23.982247,0.0],[120.590272,23.982248,0.0],[120.590273,23.981987,0.0]],[[120.590272,23.982509,0.0],[120.590271,23.98277,0.0],[120.590838,23.982771,0.0],[120.590839,23.98251,0.0],[120.590272,23.982509,0.0]],[[120.590553,23.983292,0.0],[120.590269,23.983291,0.0],[120.590267,23.983813,0.0],[120.590835,23.983814,0.0],[120.590836,23.983553,0.0],[120.590552,23.983553,0.0],[120.590553,23.983292,0.0]],[[120.588554,23.987199,0.0],[120.588554,23.986938,0.0],[120.588271,23.986937,0.0],[120.588269,23.987459,0.0],[120.588553,23.987459,0.0],[120.588552,23.98772,0.0],[120.588268,23.98772,0.0],[120.588266,23.988241,0.0],[120.588834,23.988243,0.0],[120.588836,23.987721,0.0],[120.58912,23.987722,0.0],[120.58912,23.987461,0.0],[120.589404,23.987462,0.0],[120.589401,23.988505,0.0],[120.589117,23.988504,0.0],[120.589115,23.989287,0.0],[120.589399,23.989287,0.0],[120.5894,23.988766,0.0],[120.589684,23.988767,0.0],[120.589683,23.989027,0.0],[120.590251,23.989029,0.0],[120.59025,23.98929,0.0],[120.590818,23.989291,0.0],[120.59082,23.98877,0.0],[120.591103,23.98877,0.0],[120.591104,23.98851,0.0],[120.591672,23.988511,0.0],[120.591673,23.98825,0.0],[120.591957,23.988251,0.0],[120.591957,23.98799,0.0],[120.59139,23.987989,0.0],[120.591391,23.987467,0.0],[120.591108,23.987466,0.0],[120.591106,23.987988,0.0],[120.590822,23.987987,0.0],[120.590823,23.987726,0.0],[120.590539,23.987726,0.0],[120.590541,23.987204,0.0],[120.590824,23.987205,0.0],[120.590825,23.986944,0.0],[120.590258,23.986942,0.0],[120.590257,23.987203,0.0],[120.589973,23.987202,0.0],[120.589972,23.987463,0.0],[120.589688,23.987463,0.0],[120.589692,23.986419,0.0],[120.589408,23.986419,0.0],[120.589405,23.987201,0.0],[120.588554,23.987199,0.0]],[[120.587987,23.986936,0.0],[120.588271,23.986937,0.0],[120.588271,23.986676,0.0],[120.587988,23.986676,0.0],[120.587987,23.986936,0.0]],[[120.587704,23.986675,0.0],[120.587705,23.986153,0.0],[120.587421,23.986152,0.0],[120.58742,23.986674,0.0],[120.587704,23.986675,0.0]],[[120.588564,23.983808,0.0],[120.588565,23.983547,0.0],[120.588281,23.983547,0.0],[120.58828,23.983807,0.0],[120.588564,23.983808,0.0]],[[120.584569,23.990318,0.0],[120.584002,23.990316,0.0],[120.584001,23.990577,0.0],[120.584569,23.990578,0.0],[120.584569,23.990318,0.0]],[[120.582858,23.992921,0.0],[120.582857,23.993182,0.0],[120.583141,23.993183,0.0],[120.58314,23.993443,0.0],[120.583424,23.993444,0.0],[120.583426,23.992923,0.0],[120.583709,23.992923,0.0],[120.58371,23.992663,0.0],[120.583143,23.992661,0.0],[120.583142,23.992922,0.0],[120.582858,23.992921,0.0]],[[120.583714,23.991619,0.0],[120.58371,23.992663,0.0],[120.583994,23.992663,0.0],[120.583993,23.993185,0.0],[120.583709,23.993184,0.0],[120.583708,23.993445,0.0],[120.583992,23.993446,0.0],[120.583991,23.993707,0.0],[120.585126,23.99371,0.0],[120.585126,23.99397,0.0],[120.585409,23.993971,0.0],[120.585409,23.994232,0.0],[120.585692,23.994233,0.0],[120.585692,23.994494,0.0],[120.585975,23.994494,0.0],[120.585976,23.994234,0.0],[120.586544,23.994235,0.0],[120.586547,23.993453,0.0],[120.585979,23.993451,0.0],[120.58598,23.99319,0.0],[120.585696,23.99319,0.0],[120.585697,23.992929,0.0],[120.585413,23.992928,0.0],[120.585414,23.992667,0.0],[120.58513,23.992666,0.0],[120.585131,23.992406,0.0],[120.584563,23.992404,0.0],[120.584564,23.992143,0.0],[120.584847,23.992144,0.0],[120.584848,23.991883,0.0],[120.585132,23.991884,0.0],[120.585133,23.991623,0.0],[120.584565,23.991622,0.0],[120.584566,23.991361,0.0],[120.583998,23.991359,0.0],[120.583998,23.99162,0.0],[120.583714,23.991619,0.0]],[[120.584567,23.9911,0.0],[120.584566,23.991361,0.0],[120.58485,23.991362,0.0],[120.584851,23.991101,0.0],[120.584567,23.9911,0.0]],[[120.584283,23.991099,0.0],[120.584567,23.9911,0.0],[120.584568,23.990839,0.0],[120.584284,23.990838,0.0],[120.584283,23.991099,0.0]],[[120.584548,23.997099,0.0],[120.58398,23.997097,0.0],[120.583979,23.997358,0.0],[120.584263,23.997359,0.0],[120.584261,23.99788,0.0],[120.584829,23.997882,0.0],[120.584831,23.99736,0.0],[120.584547,23.997359,0.0],[120.584548,23.997099,0.0]],[[120.579683,24.009082,0.0],[120.579399,24.009082,0.0],[120.579397,24.009603,0.0],[120.579681,24.009604,0.0],[120.579683,24.009082,0.0]],[[120.577397,24.01351,0.0],[120.577399,24.012988,0.0],[120.575979,24.012984,0.0],[120.575977,24.013506,0.0],[120.576261,24.013507,0.0],[120.57626,24.014028,0.0],[120.577111,24.014031,0.0],[120.577112,24.01377,0.0],[120.577396,24.013771,0.0],[120.577395,24.014032,0.0],[120.577679,24.014032,0.0],[120.577681,24.013511,0.0],[120.577397,24.01351,0.0]],[[120.591122,23.982772,0.0],[120.591122,23.983033,0.0],[120.591405,23.983033,0.0],[120.591406,23.982773,0.0],[120.591122,23.982772,0.0]]],[[[120.588851,23.983027,0.0],[120.588852,23.982766,0.0],[120.589703,23.982768,0.0],[120.589702,23.983029,0.0],[120.589135,23.983027,0.0],[120.589134,23.983288,0.0],[120.588566,23.983287,0.0],[120.588567,23.983026,0.0],[120.588851,23.983027,0.0]]],[[[120.575903,24.036196,0.0],[120.575619,24.036195,0.0],[120.575621,24.035674,0.0],[120.575905,24.035674,0.0],[120.575903,24.036196,0.0]]],[[[120.575054,24.03515,0.0],[120.575622,24.035152,0.0],[120.575621,24.035674,0.0],[120.575337,24.035673,0.0],[120.575338,24.035412,0.0],[120.575054,24.035411,0.0],[120.575054,24.03515,0.0]]],[[[120.589418,23.983289,0.0],[120.589701,23.98329,0.0],[120.589701,23.98355,0.0],[120.589417,23.98355,0.0],[120.589418,23.983289,0.0]]],[[[120.548655,24.035336,0.0],[120.54893,24.034892,0.0],[120.548929,24.035336,0.0],[120.548655,24.035336,0.0]]],[[[120.551458,24.042937,0.0],[120.551412,24.042907,0.0],[120.551458,24.042907,0.0],[120.551458,24.042937,0.0]]],[[[120.556279,24.044747,0.0],[120.556279,24.04487,0.0],[120.555711,24.044967,0.0],[120.555712,24.044745,0.0],[120.556279,24.044747,0.0]]],[[[120.551435,24.049427,0.0],[120.551435,24.049404,0.0],[120.551486,24.049427,0.0],[120.551435,24.049427,0.0]]],[[[120.555978,24.049962,0.0],[120.555978,24.049701,0.0],[120.556262,24.049702,0.0],[120.556262,24.049963,0.0],[120.555978,24.049962,0.0]]],[[[120.545182,24.050974,0.0],[120.54518,24.051495,0.0],[120.544825,24.051494,0.0],[120.545251,24.050713,0.0],[120.545467,24.050714,0.0],[120.545468,24.050327,0.0],[120.545673,24.050074,0.0],[120.545753,24.049998,0.0],[120.545752,24.050454,0.0],[120.546036,24.050455,0.0],[120.546038,24.049933,0.0],[120.546322,24.049934,0.0],[120.546323,24.049662,0.0],[120.546682,24.04957,0.0],[120.550868,24.049256,0.0],[120.550866,24.049686,0.0],[120.55115,24.049687,0.0],[120.551149,24.050209,0.0],[120.550865,24.050208,0.0],[120.55086,24.051512,0.0],[120.551144,24.051513,0.0],[120.551143,24.051774,0.0],[120.551711,24.051775,0.0],[120.551713,24.051254,0.0],[120.551997,24.051255,0.0],[120.551999,24.050733,0.0],[120.552283,24.050734,0.0],[120.552296,24.050232,0.0],[120.552428,24.050967,0.0],[120.552112,24.053238,0.0],[120.551987,24.05365,0.0],[120.551746,24.05402,0.0],[120.549828,24.056217,0.0],[120.549158,24.056637,0.0],[120.54847,24.056742,0.0],[120.547792,24.056591,0.0],[120.546017,24.055789,0.0],[120.546017,24.055671,0.0],[120.546301,24.055671,0.0],[120.546302,24.055411,0.0],[120.54545,24.055408,0.0],[120.545451,24.055147,0.0],[120.544589,24.055132,0.0],[120.544159,24.054772,0.0],[120.543922,24.054402,0.0],[120.543789,24.053882,0.0],[120.543849,24.05335,0.0],[120.544611,24.051887,0.0],[120.54461,24.052015,0.0],[120.544894,24.052016,0.0],[120.544892,24.052538,0.0],[120.54546,24.052539,0.0],[120.545461,24.052279,0.0],[120.545745,24.052279,0.0],[120.545747,24.051758,0.0],[120.546031,24.051759,0.0],[120.546034,24.050976,0.0],[120.546318,24.050977,0.0],[120.546319,24.050716,0.0],[120.545751,24.050715,0.0],[120.54575,24.050975,0.0],[120.545182,24.050974,0.0]],[[120.546606,24.049935,0.0],[120.546322,24.049934,0.0],[120.546321,24.050195,0.0],[120.546605,24.050195,0.0],[120.546606,24.049935,0.0]],[[120.548005,24.055937,0.0],[120.548004,24.056198,0.0],[120.548288,24.056199,0.0],[120.548289,24.055938,0.0],[120.548005,24.055937,0.0]]],[[[120.565888,24.058858,0.0],[120.565604,24.058857,0.0],[120.565605,24.058596,0.0],[120.565889,24.058597,0.0],[120.565888,24.058858,0.0]]],[[[120.545965,24.064294,0.0],[120.545988,24.064046,0.0],[120.545986,24.064543,0.0],[120.545965,24.064294,0.0]]],[[[120.549673,24.066114,0.0],[120.548821,24.066111,0.0],[120.54882,24.066372,0.0],[120.548536,24.066371,0.0],[120.548535,24.066632,0.0],[120.548251,24.066631,0.0],[120.548249,24.067286,0.0],[120.547965,24.067225,0.0],[120.547967,24.06663,0.0],[120.547115,24.066671,0.0],[120.54655,24.065726,0.0],[120.546551,24.065583,0.0],[120.546835,24.065584,0.0],[120.546836,24.065323,0.0],[120.54712,24.065324,0.0],[120.547121,24.065063,0.0],[120.546837,24.065062,0.0],[120.546837,24.064801,0.0],[120.546553,24.0648,0.0],[120.546555,24.064279,0.0],[120.546271,24.064278,0.0],[120.546272,24.064017,0.0],[120.545993,24.064016,0.0],[120.546274,24.063388,0.0],[120.546274,24.063496,0.0],[120.546558,24.063496,0.0],[120.546559,24.063236,0.0],[120.546405,24.063235,0.0],[120.54659,24.063069,0.0],[120.546984,24.06284,0.0],[120.548184,24.062371,0.0],[120.548814,24.062245,0.0],[120.549609,24.062395,0.0],[120.550244,24.062859,0.0],[120.550523,24.063329,0.0],[120.550618,24.063856,0.0],[120.550355,24.065333,0.0],[120.550244,24.065333,0.0],[120.550242,24.065855,0.0],[120.549674,24.065853,0.0],[120.549673,24.066114,0.0]],[[120.549676,24.065331,0.0],[120.549677,24.06507,0.0],[120.549393,24.06507,0.0],[120.549392,24.06533,0.0],[120.549676,24.065331,0.0]]],[[[120.546268,24.065227,0.0],[120.546052,24.064799,0.0],[120.546269,24.0648,0.0],[120.546268,24.065227,0.0]]],[[[120.546469,24.065583,0.0],[120.546321,24.065321,0.0],[120.546552,24.065322,0.0],[120.546551,24.065583,0.0],[120.546469,24.065583,0.0]]],[[[120.547681,24.067114,0.0],[120.547334,24.066889,0.0],[120.547682,24.06689,0.0],[120.547681,24.067114,0.0]]],[[[120.63656,23.778734,0.0],[120.637297,23.77752,0.0],[120.637948,23.776781,0.0],[120.638991,23.775361,0.0],[120.639726,23.774853,0.0],[120.640154,23.774725,0.0],[120.640237,23.774616,0.0],[120.640237,23.774766,0.0],[120.64052,23.774767,0.0],[120.640521,23.774506,0.0],[120.640322,23.774506,0.0],[120.640508,23.774245,0.0],[120.647323,23.774261,0.0],[120.647323,23.774522,0.0],[120.647606,23.774522,0.0],[120.647607,23.774262,0.0],[120.647963,23.774262,0.0],[120.648174,23.774263,0.0],[120.648173,23.774524,0.0],[120.648456,23.774524,0.0],[120.648457,23.774264,0.0],[120.648619,23.774264,0.0],[120.648696,23.774888,0.0],[120.64856,23.775408,0.0],[120.648165,23.775935,0.0],[120.645269,23.777791,0.0],[120.644039,23.780722,0.0],[120.643475,23.781256,0.0],[120.643052,23.781436,0.0],[120.642529,23.781548,0.0],[120.642058,23.783008,0.0],[120.641794,23.78336,0.0],[120.641337,23.783691,0.0],[120.640787,23.783865,0.0],[120.640322,23.783878,0.0],[120.639869,23.783778,0.0],[120.63937,23.783504,0.0],[120.63843,23.78264,0.0],[120.638168,23.782286,0.0],[120.637986,23.781668,0.0],[120.638091,23.781007,0.0],[120.637006,23.780314,0.0],[120.63822,23.783789,0.0],[120.642167,23.785574,0.0],[120.642728,23.786111,0.0],[120.642955,23.786716,0.0],[120.642934,23.787251,0.0],[120.642724,23.787749,0.0],[120.641723,23.789203,0.0],[120.640762,23.790069,0.0],[120.640763,23.789634,0.0],[120.641046,23.789635,0.0],[120.641047,23.789374,0.0],[120.640764,23.789373,0.0],[120.640765,23.788852,0.0],[120.640482,23.788851,0.0],[120.640478,23.790319,0.0],[120.640194,23.790569,0.0],[120.640195,23.790154,0.0],[120.639911,23.790154,0.0],[120.639914,23.78911,0.0],[120.639631,23.78911,0.0],[120.639631,23.788849,0.0],[120.639065,23.788848,0.0],[120.639064,23.789108,0.0],[120.638497,23.789107,0.0],[120.638496,23.789368,0.0],[120.638213,23.789367,0.0],[120.638212,23.789628,0.0],[120.637645,23.789627,0.0],[120.637645,23.789888,0.0],[120.637361,23.789887,0.0],[120.63736,23.790148,0.0],[120.637077,23.790147,0.0],[120.637076,23.790408,0.0],[120.63736,23.790408,0.0],[120.637359,23.790669,0.0],[120.637926,23.790671,0.0],[120.637924,23.791192,0.0],[120.638208,23.791193,0.0],[120.638207,23.791454,0.0],[120.638491,23.791454,0.0],[120.63849,23.791715,0.0],[120.638773,23.791716,0.0],[120.638774,23.791455,0.0],[120.639341,23.791456,0.0],[120.639342,23.791196,0.0],[120.639481,23.791196,0.0],[120.639421,23.791248,0.0],[120.639446,23.7925,0.0],[120.638771,23.792498,0.0],[120.63877,23.79302,0.0],[120.639456,23.793022,0.0],[120.639315,23.793648,0.0],[120.63892,23.794175,0.0],[120.638505,23.794447,0.0],[120.633645,23.796735,0.0],[120.6332,23.79686,0.0],[120.632806,23.796878,0.0],[120.632807,23.796657,0.0],[120.632524,23.796657,0.0],[120.632505,23.796837,0.0],[120.63197,23.796627,0.0],[120.63154,23.796268,0.0],[120.631304,23.795899,0.0],[120.631171,23.795378,0.0],[120.631308,23.794644,0.0],[120.632313,23.79285,0.0],[120.630879,23.791469,0.0],[120.626578,23.791378,0.0],[120.624144,23.792098,0.0],[120.619709,23.793738,0.0],[120.613582,23.795315,0.0],[120.610319,23.796805,0.0],[120.606718,23.799283,0.0],[120.604064,23.800098,0.0],[120.600544,23.803358,0.0],[120.600535,23.80511,0.0],[120.600324,23.805608,0.0],[120.599856,23.806082,0.0],[120.590097,23.810484,0.0],[120.584709,23.813471,0.0],[120.585509,23.813896,0.0],[120.586609,23.813342,0.0],[120.588112,23.812935,0.0],[120.588663,23.812872,0.0],[120.589122,23.812944,0.0],[120.58964,23.813187,0.0],[120.590042,23.813572,0.0],[120.590822,23.815364,0.0],[120.591305,23.815317,0.0],[120.591764,23.815389,0.0],[120.592186,23.815571,0.0],[120.592541,23.815849,0.0],[120.592893,23.8164,0.0],[120.592988,23.816928,0.0],[120.592715,23.818465,0.0],[120.592489,23.818464,0.0],[120.592488,23.818725,0.0],[120.592205,23.818725,0.0],[120.592204,23.818985,0.0],[120.592614,23.818986,0.0],[120.592566,23.819198,0.0],[120.592382,23.819592,0.0],[120.592006,23.82,0.0],[120.591613,23.820229,0.0],[120.591167,23.820355,0.0],[120.590472,23.820332,0.0],[120.589938,23.820121,0.0],[120.589508,23.819762,0.0],[120.589138,23.819168,0.0],[120.583134,23.818558,0.0],[120.583134,23.818439,0.0],[120.58285,23.818439,0.0],[120.58285,23.818529,0.0],[120.582595,23.8185,0.0],[120.582151,23.818372,0.0],[120.581759,23.81814,0.0],[120.581447,23.817822,0.0],[120.581239,23.817439,0.0],[120.581147,23.817018,0.0],[120.58118,23.816591,0.0],[120.582106,23.814166,0.0],[120.582345,23.813798,0.0],[120.582713,23.813481,0.0],[120.578723,23.810977,0.0],[120.577388,23.81144,0.0],[120.575193,23.812421,0.0],[120.574752,23.812463,0.0],[120.569155,23.812342,0.0],[120.561421,23.814711,0.0],[120.560845,23.814781,0.0],[120.560276,23.814673,0.0],[120.555305,23.812482,0.0],[120.554843,23.812185,0.0],[120.5545,23.811754,0.0],[120.553183,23.809237,0.0],[120.550761,23.807082,0.0],[120.550474,23.806745,0.0],[120.550236,23.806033,0.0],[120.550374,23.805299,0.0],[120.550688,23.804849,0.0],[120.551145,23.804519,0.0],[120.55181,23.804331,0.0],[120.55239,23.804368,0.0],[120.555574,23.805251,0.0],[120.560616,23.807655,0.0],[120.569827,23.807532,0.0],[120.572709,23.804791,0.0],[120.573297,23.804448,0.0],[120.573867,23.804343,0.0],[120.578159,23.804328,0.0],[120.5806,23.803568,0.0],[120.583808,23.802854,0.0],[120.585209,23.801522,0.0],[120.585689,23.801221,0.0],[120.590737,23.799716,0.0],[120.596119,23.796489,0.0],[120.59959,23.793249,0.0],[120.599991,23.793076,0.0],[120.603254,23.792111,0.0],[120.60335,23.791633,0.0],[120.603562,23.791251,0.0],[120.603875,23.790934,0.0],[120.604268,23.790705,0.0],[120.611618,23.789044,0.0],[120.61686,23.787409,0.0],[120.620465,23.786569,0.0],[120.612288,23.787366,0.0],[120.608295,23.789233,0.0],[120.603122,23.790391,0.0],[120.598687,23.79347,0.0],[120.598055,23.793738,0.0],[120.590908,23.793834,0.0],[120.585563,23.793721,0.0],[120.585609,23.796176,0.0],[120.585511,23.796703,0.0],[120.58523,23.797171,0.0],[120.584894,23.797468,0.0],[120.584485,23.797673,0.0],[120.583915,23.797778,0.0],[120.576919,23.79789,0.0],[120.576149,23.797739,0.0],[120.575675,23.797439,0.0],[120.573727,23.795706,0.0],[120.573439,23.795369,0.0],[120.573202,23.794657,0.0],[120.573211,23.793071,0.0],[120.572079,23.793593,0.0],[120.571509,23.793698,0.0],[120.569676,23.793661,0.0],[120.557649,23.79385,0.0],[120.556972,23.7937,0.0],[120.555271,23.792889,0.0],[120.550233,23.793652,0.0],[120.548039,23.793607,0.0],[120.542242,23.793687,0.0],[120.541682,23.793545,0.0],[120.541208,23.793244,0.0],[120.539253,23.791499,0.0],[120.53899,23.791145,0.0],[120.538839,23.79074,0.0],[120.538841,23.790099,0.0],[120.539115,23.789511,0.0],[120.540919,23.787674,0.0],[120.541272,23.787401,0.0],[120.541695,23.787222,0.0],[120.542155,23.787152,0.0],[120.545965,23.787196,0.0],[120.546673,23.786586,0.0],[120.547312,23.786359,0.0],[120.548496,23.785263,0.0],[120.549242,23.784974,0.0],[120.549938,23.784998,0.0],[120.550472,23.785208,0.0],[120.550901,23.785568,0.0],[120.551213,23.786139,0.0],[120.552248,23.785654,0.0],[120.552808,23.785515,0.0],[120.559337,23.785548,0.0],[120.559781,23.785676,0.0],[120.562828,23.78713,0.0],[120.567088,23.786514,0.0],[120.568401,23.785292,0.0],[120.572213,23.782647,0.0],[120.57296,23.782359,0.0],[120.573655,23.782382,0.0],[120.574285,23.782653,0.0],[120.574688,23.783039,0.0],[120.575198,23.783973,0.0],[120.578704,23.783945,0.0],[120.579148,23.784073,0.0],[120.580446,23.784691,0.0],[120.584836,23.781971,0.0],[120.585372,23.781763,0.0],[120.591347,23.780676,0.0],[120.59181,23.78072,0.0],[120.595255,23.781542,0.0],[120.596562,23.781135,0.0],[120.596525,23.78101,0.0],[120.596094,23.781231,0.0],[120.595524,23.781336,0.0],[120.594949,23.781263,0.0],[120.594527,23.781082,0.0],[120.593256,23.779921,0.0],[120.593013,23.779435,0.0],[120.592952,23.77901,0.0],[120.593016,23.778586,0.0],[120.593262,23.778102,0.0],[120.593667,23.777718,0.0],[120.594176,23.777482,0.0],[120.593956,23.777085,0.0],[120.593864,23.776664,0.0],[120.593897,23.776237,0.0],[120.594051,23.775833,0.0],[120.594575,23.775265,0.0],[120.595321,23.774976,0.0],[120.596876,23.774771,0.0],[120.596876,23.77492,0.0],[120.596309,23.774918,0.0],[120.596308,23.77544,0.0],[120.596874,23.775442,0.0],[120.596875,23.775181,0.0],[120.597725,23.775183,0.0],[120.597726,23.774922,0.0],[120.597159,23.774921,0.0],[120.59716,23.774734,0.0],[120.597845,23.774722,0.0],[120.59859,23.775015,0.0],[120.598924,23.775314,0.0],[120.599142,23.775647,0.0],[120.600063,23.775942,0.0],[120.60032,23.775652,0.0],[120.600713,23.775391,0.0],[120.602409,23.775972,0.0],[120.605596,23.776574,0.0],[120.606766,23.776661,0.0],[120.608194,23.777557,0.0],[120.607921,23.777557,0.0],[120.607919,23.778078,0.0],[120.608203,23.778079,0.0],[120.608203,23.777818,0.0],[120.608487,23.777819,0.0],[120.608487,23.777741,0.0],[120.60877,23.777919,0.0],[120.608769,23.77808,0.0],[120.609029,23.778081,0.0],[120.610789,23.779186,0.0],[120.611317,23.779197,0.0],[120.611316,23.779391,0.0],[120.6116,23.779392,0.0],[120.6116,23.779203,0.0],[120.612563,23.779224,0.0],[120.614364,23.778428,0.0],[120.615173,23.77843,0.0],[120.615708,23.77864,0.0],[120.616138,23.779,0.0],[120.617024,23.780606,0.0],[120.618115,23.780392,0.0],[120.618114,23.780712,0.0],[120.618398,23.780713,0.0],[120.618399,23.780336,0.0],[120.619597,23.780101,0.0],[120.621253,23.779584,0.0],[120.625352,23.778942,0.0],[120.629562,23.778754,0.0],[120.632031,23.778995,0.0],[120.63312,23.780044,0.0],[120.633422,23.779473,0.0],[120.633422,23.779706,0.0],[120.633705,23.779706,0.0],[120.633707,23.779074,0.0],[120.635237,23.779041,0.0],[120.635942,23.779108,0.0],[120.636506,23.779497,0.0],[120.63656,23.778734,0.0]],[[120.583135,23.818179,0.0],[120.583134,23.818439,0.0],[120.583417,23.81844,0.0],[120.583418,23.818179,0.0],[120.583135,23.818179,0.0]],[[120.598573,23.775968,0.0],[120.598572,23.776228,0.0],[120.599139,23.77623,0.0],[120.599141,23.775708,0.0],[120.597724,23.775705,0.0],[120.597725,23.775444,0.0],[120.597158,23.775442,0.0],[120.597156,23.775964,0.0],[120.598573,23.775968,0.0]],[[120.591919,23.819506,0.0],[120.591918,23.819767,0.0],[120.592202,23.819768,0.0],[120.592202,23.819507,0.0],[120.591919,23.819506,0.0]]],[[[120.604577,23.831015,0.0],[120.604642,23.830812,0.0],[120.604642,23.831015,0.0],[120.604577,23.831015,0.0]]],[[[120.600612,23.850566,0.0],[120.60055,23.850566,0.0],[120.600489,23.850305,0.0],[120.600613,23.850305,0.0],[120.600612,23.850566,0.0]]],[[[120.605145,23.852142,0.0],[120.605146,23.851621,0.0],[120.605713,23.851622,0.0],[120.605712,23.852144,0.0],[120.605145,23.852142,0.0]]],[[[120.602591,23.85248,0.0],[120.602482,23.852396,0.0],[120.602592,23.852397,0.0],[120.602591,23.85248,0.0]]],[[[120.605425,23.853186,0.0],[120.605709,23.853187,0.0],[120.60571,23.852665,0.0],[120.605994,23.852666,0.0],[120.605995,23.852405,0.0],[120.606654,23.852407,0.0],[120.605935,23.853183,0.0],[120.605424,23.853496,0.0],[120.605425,23.853186,0.0]]],[[[120.605712,23.852144,0.0],[120.605995,23.852145,0.0],[120.605995,23.852405,0.0],[120.605711,23.852405,0.0],[120.605712,23.852144,0.0]]],[[[120.605427,23.852665,0.0],[120.605427,23.852404,0.0],[120.605711,23.852405,0.0],[120.60571,23.852665,0.0],[120.605427,23.852665,0.0]]],[[[120.603724,23.853182,0.0],[120.604291,23.853183,0.0],[120.60429,23.853444,0.0],[120.604006,23.853489,0.0],[120.603723,23.853341,0.0],[120.603724,23.853182,0.0]]],[[[120.604857,23.853446,0.0],[120.604857,23.853626,0.0],[120.60429,23.853581,0.0],[120.60429,23.853444,0.0],[120.604857,23.853446,0.0]]],[[[120.603144,23.857353,0.0],[120.603427,23.857354,0.0],[120.603427,23.857615,0.0],[120.60371,23.857616,0.0],[120.603709,23.858137,0.0],[120.603425,23.858137,0.0],[120.603426,23.857876,0.0],[120.603142,23.857875,0.0],[120.603144,23.857353,0.0]]],[[[120.602858,23.858112,0.0],[120.602826,23.857804,0.0],[120.602859,23.857614,0.0],[120.602858,23.858112,0.0]]],[[[120.60314,23.858727,0.0],[120.602863,23.858135,0.0],[120.603141,23.858136,0.0],[120.60314,23.858727,0.0]]],[[[120.603664,23.872758,0.0],[120.601962,23.871956,0.0],[120.601966,23.871695,0.0],[120.602533,23.871697,0.0],[120.602534,23.871175,0.0],[120.602818,23.871176,0.0],[120.60282,23.870654,0.0],[120.602252,23.870653,0.0],[120.602251,23.871174,0.0],[120.601684,23.871173,0.0],[120.601683,23.871434,0.0],[120.601487,23.871433,0.0],[120.601349,23.871109,0.0],[120.601288,23.870684,0.0],[120.601478,23.86996,0.0],[120.601824,23.86953,0.0],[120.602825,23.868738,0.0],[120.602825,23.868828,0.0],[120.603109,23.868829,0.0],[120.60311,23.868568,0.0],[120.603041,23.868568,0.0],[120.603678,23.868066,0.0],[120.603678,23.868309,0.0],[120.603394,23.868308,0.0],[120.603392,23.869091,0.0],[120.603675,23.869091,0.0],[120.603677,23.86857,0.0],[120.60396,23.868571,0.0],[120.603962,23.868049,0.0],[120.604246,23.86805,0.0],[120.604246,23.867789,0.0],[120.60453,23.86779,0.0],[120.604529,23.86805,0.0],[120.604813,23.868051,0.0],[120.604814,23.86779,0.0],[120.605097,23.867791,0.0],[120.605098,23.86753,0.0],[120.605382,23.867531,0.0],[120.60538,23.868053,0.0],[120.606514,23.868055,0.0],[120.606515,23.867894,0.0],[120.606603,23.867992,0.0],[120.607026,23.8674,0.0],[120.609214,23.865733,0.0],[120.609272,23.865226,0.0],[120.60889,23.864801,0.0],[120.60727,23.863546,0.0],[120.605965,23.862035,0.0],[120.605969,23.860751,0.0],[120.605686,23.860751,0.0],[120.605686,23.86049,0.0],[120.605403,23.860489,0.0],[120.605401,23.861011,0.0],[120.605089,23.86101,0.0],[120.604552,23.860383,0.0],[120.604553,23.860226,0.0],[120.604837,23.860227,0.0],[120.604836,23.860488,0.0],[120.605119,23.860488,0.0],[120.605121,23.859967,0.0],[120.604837,23.859966,0.0],[120.604839,23.859444,0.0],[120.604555,23.859444,0.0],[120.604555,23.859704,0.0],[120.604271,23.859704,0.0],[120.604272,23.859443,0.0],[120.603988,23.859442,0.0],[120.60397,23.859703,0.0],[120.603422,23.859062,0.0],[120.603424,23.858397,0.0],[120.603708,23.858398,0.0],[120.603706,23.85892,0.0],[120.604273,23.858921,0.0],[120.604275,23.8584,0.0],[120.604558,23.8584,0.0],[120.604559,23.85814,0.0],[120.604276,23.858139,0.0],[120.604277,23.857617,0.0],[120.60371,23.857616,0.0],[120.603711,23.857355,0.0],[120.603994,23.857356,0.0],[120.603995,23.857095,0.0],[120.604279,23.857096,0.0],[120.60428,23.856574,0.0],[120.60343,23.856572,0.0],[120.603429,23.856833,0.0],[120.603131,23.856832,0.0],[120.603716,23.8556,0.0],[120.603716,23.85579,0.0],[120.603999,23.855791,0.0],[120.604,23.85553,0.0],[120.60375,23.855529,0.0],[120.603873,23.855269,0.0],[120.604001,23.855269,0.0],[120.603997,23.855008,0.0],[120.604224,23.854604,0.0],[120.60463,23.854221,0.0],[120.605139,23.853984,0.0],[120.605138,23.85449,0.0],[120.605705,23.854491,0.0],[120.605706,23.853969,0.0],[120.605201,23.853968,0.0],[120.605726,23.853911,0.0],[120.606557,23.853988,0.0],[120.606555,23.854493,0.0],[120.606839,23.854494,0.0],[120.606838,23.854755,0.0],[120.607972,23.854758,0.0],[120.607974,23.854236,0.0],[120.608825,23.854238,0.0],[120.608824,23.854499,0.0],[120.609108,23.8545,0.0],[120.609104,23.855543,0.0],[120.609955,23.855545,0.0],[120.609956,23.855284,0.0],[120.610239,23.855285,0.0],[120.610241,23.854763,0.0],[120.610808,23.854765,0.0],[120.610809,23.854504,0.0],[120.611943,23.854507,0.0],[120.611944,23.854246,0.0],[120.610243,23.854242,0.0],[120.610243,23.854056,0.0],[120.611473,23.853728,0.0],[120.611096,23.853462,0.0],[120.611379,23.853462,0.0],[120.61138,23.853201,0.0],[120.611664,23.853202,0.0],[120.611664,23.852941,0.0],[120.61053,23.852939,0.0],[120.610529,23.853189,0.0],[120.610246,23.853027,0.0],[120.610247,23.852677,0.0],[120.610531,23.852678,0.0],[120.610532,23.852417,0.0],[120.610248,23.852416,0.0],[120.61025,23.851895,0.0],[120.609399,23.851892,0.0],[120.609401,23.85111,0.0],[120.608834,23.851109,0.0],[120.608835,23.850848,0.0],[120.609118,23.850848,0.0],[120.609121,23.850066,0.0],[120.607987,23.850063,0.0],[120.607986,23.850324,0.0],[120.607702,23.850323,0.0],[120.607705,23.849541,0.0],[120.607421,23.84954,0.0],[120.607419,23.850322,0.0],[120.607135,23.850322,0.0],[120.607134,23.850583,0.0],[120.606567,23.850581,0.0],[120.606566,23.850842,0.0],[120.605999,23.85084,0.0],[120.605998,23.851362,0.0],[120.605714,23.851361,0.0],[120.605715,23.851101,0.0],[120.604581,23.851098,0.0],[120.60458,23.851358,0.0],[120.604013,23.851357,0.0],[120.604012,23.851618,0.0],[120.604863,23.85162,0.0],[120.604859,23.852663,0.0],[120.605427,23.852665,0.0],[120.605426,23.852926,0.0],[120.605142,23.852925,0.0],[120.605141,23.853186,0.0],[120.604858,23.853185,0.0],[120.604859,23.852924,0.0],[120.604575,23.852923,0.0],[120.604574,23.853184,0.0],[120.604291,23.853183,0.0],[120.604292,23.852923,0.0],[120.604008,23.852922,0.0],[120.604009,23.852661,0.0],[120.604576,23.852663,0.0],[120.604578,23.85188,0.0],[120.604295,23.851879,0.0],[120.604294,23.85214,0.0],[120.60401,23.852139,0.0],[120.60401,23.8524,0.0],[120.603726,23.8524,0.0],[120.603724,23.852921,0.0],[120.603441,23.85292,0.0],[120.603442,23.85266,0.0],[120.603158,23.852659,0.0],[120.60316,23.852137,0.0],[120.602309,23.852135,0.0],[120.602309,23.852263,0.0],[120.600848,23.851095,0.0],[120.601178,23.851089,0.0],[120.601179,23.850828,0.0],[120.600895,23.850827,0.0],[120.600897,23.850306,0.0],[120.600613,23.850305,0.0],[120.600614,23.850044,0.0],[120.600477,23.850044,0.0],[120.600492,23.849884,0.0],[120.601424,23.847572,0.0],[120.601472,23.847476,0.0],[120.601469,23.848482,0.0],[120.601753,23.848482,0.0],[120.601754,23.848221,0.0],[120.602037,23.848222,0.0],[120.602038,23.847961,0.0],[120.601755,23.847961,0.0],[120.601756,23.847439,0.0],[120.601495,23.847438,0.0],[120.60356,23.845011,0.0],[120.603465,23.844973,0.0],[120.603465,23.844835,0.0],[120.603119,23.844834,0.0],[120.600785,23.843889,0.0],[120.600411,23.843634,0.0],[120.600123,23.843297,0.0],[120.599897,23.842691,0.0],[120.59954,23.839159,0.0],[120.599783,23.838448,0.0],[120.601792,23.835593,0.0],[120.601792,23.835702,0.0],[120.602076,23.835703,0.0],[120.602076,23.835442,0.0],[120.602643,23.835444,0.0],[120.602644,23.835183,0.0],[120.602928,23.835184,0.0],[120.602929,23.834662,0.0],[120.602646,23.834661,0.0],[120.602645,23.834922,0.0],[120.602361,23.834922,0.0],[120.602361,23.835182,0.0],[120.602082,23.835182,0.0],[120.602632,23.834401,0.0],[120.60293,23.834401,0.0],[120.602931,23.834141,0.0],[120.602815,23.83414,0.0],[120.604206,23.832166,0.0],[120.604493,23.831276,0.0],[120.604641,23.831276,0.0],[120.60464,23.831537,0.0],[120.604923,23.831538,0.0],[120.604924,23.831277,0.0],[120.605208,23.831277,0.0],[120.605207,23.831538,0.0],[120.606058,23.83154,0.0],[120.606058,23.83128,0.0],[120.605775,23.831279,0.0],[120.605776,23.831018,0.0],[120.605492,23.831017,0.0],[120.605493,23.830757,0.0],[120.605209,23.830756,0.0],[120.60521,23.830495,0.0],[120.604927,23.830494,0.0],[120.604927,23.830233,0.0],[120.605778,23.830236,0.0],[120.60578,23.829714,0.0],[120.605496,23.829713,0.0],[120.605497,23.829452,0.0],[120.605213,23.829452,0.0],[120.605214,23.829191,0.0],[120.605781,23.829192,0.0],[120.605782,23.828932,0.0],[120.606632,23.828934,0.0],[120.606633,23.828673,0.0],[120.60635,23.828672,0.0],[120.606351,23.828411,0.0],[120.605578,23.828409,0.0],[120.605888,23.828149,0.0],[120.606068,23.82815,0.0],[120.606135,23.828014,0.0],[120.606068,23.828021,0.0],[120.606069,23.827889,0.0],[120.605502,23.827888,0.0],[120.605502,23.827627,0.0],[120.605219,23.827626,0.0],[120.605218,23.827933,0.0],[120.604935,23.827807,0.0],[120.604935,23.827625,0.0],[120.604611,23.82758,0.0],[120.604218,23.827051,0.0],[120.604081,23.826423,0.0],[120.604216,23.825809,0.0],[120.605683,23.822572,0.0],[120.605997,23.822122,0.0],[120.606353,23.821846,0.0],[120.606776,23.821667,0.0],[120.607236,23.821597,0.0],[120.607699,23.821641,0.0],[120.608133,23.821796,0.0],[120.609204,23.822363,0.0],[120.609204,23.82242,0.0],[120.609311,23.82242,0.0],[120.6103,23.822944,0.0],[120.609769,23.822943,0.0],[120.60977,23.822682,0.0],[120.609203,23.822681,0.0],[120.609202,23.822942,0.0],[120.609486,23.822942,0.0],[120.609482,23.824246,0.0],[120.610049,23.824248,0.0],[120.610048,23.824509,0.0],[120.610331,23.824509,0.0],[120.61033,23.825031,0.0],[120.610613,23.825032,0.0],[120.610614,23.824771,0.0],[120.610898,23.824772,0.0],[120.610898,23.824511,0.0],[120.611182,23.824511,0.0],[120.611183,23.824251,0.0],[120.612033,23.824253,0.0],[120.612034,23.823992,0.0],[120.612318,23.823993,0.0],[120.612314,23.825036,0.0],[120.612598,23.825037,0.0],[120.6126,23.824515,0.0],[120.612883,23.824516,0.0],[120.612884,23.824255,0.0],[120.613451,23.824256,0.0],[120.613449,23.824778,0.0],[120.614016,23.824779,0.0],[120.614019,23.823997,0.0],[120.613735,23.823996,0.0],[120.613736,23.823735,0.0],[120.614019,23.823736,0.0],[120.61402,23.823475,0.0],[120.614304,23.823476,0.0],[120.614304,23.823215,0.0],[120.613737,23.823214,0.0],[120.613738,23.822953,0.0],[120.614305,23.822954,0.0],[120.614306,23.822694,0.0],[120.614589,23.822694,0.0],[120.61459,23.822434,0.0],[120.614874,23.822434,0.0],[120.614875,23.822173,0.0],[120.615158,23.822174,0.0],[120.615159,23.821913,0.0],[120.614592,23.821912,0.0],[120.614593,23.821651,0.0],[120.614026,23.82165,0.0],[120.614025,23.82191,0.0],[120.613458,23.821909,0.0],[120.613457,23.82217,0.0],[120.613741,23.822171,0.0],[120.61374,23.822431,0.0],[120.613456,23.822431,0.0],[120.613455,23.822691,0.0],[120.613172,23.822691,0.0],[120.61317,23.823212,0.0],[120.612887,23.823212,0.0],[120.61289,23.822168,0.0],[120.612606,23.822168,0.0],[120.612607,23.821907,0.0],[120.612324,23.821906,0.0],[120.612323,23.822167,0.0],[120.612039,23.822166,0.0],[120.612039,23.822427,0.0],[120.612606,23.822429,0.0],[120.612604,23.82295,0.0],[120.612321,23.822949,0.0],[120.612321,23.822689,0.0],[120.611471,23.822687,0.0],[120.611469,23.823208,0.0],[120.611186,23.823207,0.0],[120.611187,23.822947,0.0],[120.610955,23.822946,0.0],[120.611084,23.822895,0.0],[120.611156,23.822257,0.0],[120.611013,23.82086,0.0],[120.611193,23.82086,0.0],[120.611194,23.820338,0.0],[120.611478,23.820339,0.0],[120.611479,23.819818,0.0],[120.611414,23.819817,0.0],[120.611532,23.819687,0.0],[120.611107,23.819295,0.0],[120.611198,23.819295,0.0],[120.611198,23.819034,0.0],[120.610915,23.819034,0.0],[120.610915,23.819109,0.0],[120.610739,23.818884,0.0],[120.610674,23.818772,0.0],[120.610916,23.818773,0.0],[120.610916,23.818512,0.0],[120.610633,23.818511,0.0],[120.610634,23.81799,0.0],[120.6105,23.817989,0.0],[120.610638,23.817437,0.0],[120.611033,23.81691,0.0],[120.611731,23.816532,0.0],[120.612922,23.816228,0.0],[120.613502,23.816194,0.0],[120.613758,23.816237,0.0],[120.613757,23.816433,0.0],[120.614041,23.816433,0.0],[120.614041,23.816329,0.0],[120.614166,23.816385,0.0],[120.614696,23.8168,0.0],[120.615008,23.817372,0.0],[120.615061,23.817939,0.0],[120.616872,23.817647,0.0],[120.616872,23.817745,0.0],[120.616589,23.817744,0.0],[120.616588,23.818005,0.0],[120.616304,23.818004,0.0],[120.616304,23.818265,0.0],[120.615737,23.818263,0.0],[120.615736,23.818524,0.0],[120.615452,23.818523,0.0],[120.615452,23.818784,0.0],[120.615168,23.818784,0.0],[120.61517,23.818262,0.0],[120.615453,23.818263,0.0],[120.615454,23.818002,0.0],[120.614887,23.818,0.0],[120.614888,23.817479,0.0],[120.614605,23.817478,0.0],[120.614604,23.817739,0.0],[120.614321,23.817738,0.0],[120.614319,23.81826,0.0],[120.614603,23.818261,0.0],[120.6146,23.819043,0.0],[120.615167,23.819044,0.0],[120.615166,23.819305,0.0],[120.614316,23.819303,0.0],[120.614317,23.819042,0.0],[120.613466,23.81904,0.0],[120.613464,23.819823,0.0],[120.613747,23.819823,0.0],[120.613747,23.820084,0.0],[120.61403,23.820085,0.0],[120.614031,23.819824,0.0],[120.614314,23.819825,0.0],[120.614314,23.820085,0.0],[120.614881,23.820087,0.0],[120.614881,23.819826,0.0],[120.615165,23.819827,0.0],[120.615163,23.820348,0.0],[120.616581,23.820352,0.0],[120.616582,23.820091,0.0],[120.615731,23.820089,0.0],[120.615732,23.819828,0.0],[120.616299,23.81983,0.0],[120.6163,23.819569,0.0],[120.616583,23.81957,0.0],[120.616584,23.819309,0.0],[120.616867,23.819309,0.0],[120.616868,23.819049,0.0],[120.616301,23.819047,0.0],[120.616302,23.818786,0.0],[120.617152,23.818789,0.0],[120.617152,23.819049,0.0],[120.617435,23.81905,0.0],[120.617434,23.819572,0.0],[120.617717,23.819572,0.0],[120.617719,23.81879,0.0],[120.617436,23.818789,0.0],[120.617437,23.818528,0.0],[120.61772,23.818529,0.0],[120.617722,23.818007,0.0],[120.618005,23.818008,0.0],[120.618007,23.817487,0.0],[120.617723,23.817486,0.0],[120.617724,23.817234,0.0],[120.617892,23.816965,0.0],[120.618008,23.816965,0.0],[120.618009,23.816778,0.0],[120.618543,23.815923,0.0],[120.618862,23.815924,0.0],[120.618863,23.815663,0.0],[120.619146,23.815664,0.0],[120.619147,23.815403,0.0],[120.618868,23.815402,0.0],[120.619193,23.814881,0.0],[120.619999,23.814883,0.0],[120.620001,23.814101,0.0],[120.619681,23.8141,0.0],[120.620169,23.813319,0.0],[120.620287,23.813319,0.0],[120.620316,23.813119,0.0],[120.620372,23.813059,0.0],[120.620571,23.813059,0.0],[120.62057,23.81332,0.0],[120.621137,23.813321,0.0],[120.621138,23.81306,0.0],[120.621422,23.813061,0.0],[120.621422,23.8128,0.0],[120.621989,23.812802,0.0],[120.621991,23.81228,0.0],[120.622274,23.812281,0.0],[120.622275,23.81202,0.0],[120.621425,23.812018,0.0],[120.621425,23.81185,0.0],[120.621523,23.811757,0.0],[120.621709,23.811758,0.0],[120.621709,23.811616,0.0],[120.622102,23.811421,0.0],[120.624831,23.810572,0.0],[120.62483,23.810722,0.0],[120.625114,23.810723,0.0],[120.625113,23.810984,0.0],[120.625396,23.810984,0.0],[120.625396,23.811245,0.0],[120.625963,23.811246,0.0],[120.625963,23.810986,0.0],[120.62568,23.810985,0.0],[120.625681,23.810724,0.0],[120.625397,23.810723,0.0],[120.625398,23.810463,0.0],[120.625965,23.810464,0.0],[120.625966,23.809942,0.0],[120.62625,23.809943,0.0],[120.62625,23.809682,0.0],[120.626534,23.809683,0.0],[120.626536,23.808901,0.0],[120.626253,23.8089,0.0],[120.626252,23.809161,0.0],[120.625969,23.80916,0.0],[120.625968,23.809421,0.0],[120.625693,23.80942,0.0],[120.62641,23.808235,0.0],[120.626911,23.807791,0.0],[120.627677,23.807548,0.0],[120.628143,23.807563,0.0],[120.628611,23.807684,0.0],[120.628822,23.807409,0.0],[120.628502,23.807084,0.0],[120.628259,23.806599,0.0],[120.628202,23.806067,0.0],[120.628338,23.805547,0.0],[120.62853,23.805515,0.0],[120.628531,23.805254,0.0],[120.628814,23.805255,0.0],[120.628815,23.804994,0.0],[120.628762,23.804994,0.0],[120.62963,23.804213,0.0],[120.630518,23.804215,0.0],[120.630519,23.803955,0.0],[120.630235,23.803924,0.0],[120.630784,23.803861,0.0],[120.631369,23.803975,0.0],[120.631369,23.804218,0.0],[120.631652,23.804218,0.0],[120.631651,23.804479,0.0],[120.631935,23.80448,0.0],[120.631934,23.80474,0.0],[120.632217,23.804741,0.0],[120.632218,23.80448,0.0],[120.632502,23.804481,0.0],[120.632502,23.804323,0.0],[120.633269,23.804473,0.0],[120.633903,23.804937,0.0],[120.633917,23.805267,0.0],[120.63412,23.805267,0.0],[120.634256,23.805691,0.0],[120.634495,23.805529,0.0],[120.63505,23.80553,0.0],[120.635049,23.805791,0.0],[120.63675,23.805795,0.0],[120.636751,23.805534,0.0],[120.636467,23.805534,0.0],[120.636468,23.805273,0.0],[120.637035,23.805274,0.0],[120.637036,23.804753,0.0],[120.63732,23.804753,0.0],[120.637322,23.803971,0.0],[120.637039,23.80397,0.0],[120.637039,23.803806,0.0],[120.638602,23.802788,0.0],[120.639026,23.802666,0.0],[120.639702,23.802677,0.0],[120.641578,23.800336,0.0],[120.642165,23.799993,0.0],[120.642852,23.799888,0.0],[120.643002,23.7999,0.0],[120.643002,23.800072,0.0],[120.642152,23.80007,0.0],[120.642151,23.800331,0.0],[120.641867,23.80033,0.0],[120.641867,23.800591,0.0],[120.64215,23.800591,0.0],[120.642149,23.801113,0.0],[120.642716,23.801114,0.0],[120.642715,23.801375,0.0],[120.642998,23.801376,0.0],[120.642999,23.801115,0.0],[120.643566,23.801116,0.0],[120.643567,23.800856,0.0],[120.64385,23.800856,0.0],[120.643852,23.80022,0.0],[120.644237,23.800596,0.0],[120.644134,23.800596,0.0],[120.644133,23.801118,0.0],[120.644416,23.801118,0.0],[120.644417,23.80091,0.0],[120.64463,23.80138,0.0],[120.644416,23.801379,0.0],[120.644414,23.801901,0.0],[120.644131,23.8019,0.0],[120.64413,23.802161,0.0],[120.643847,23.80216,0.0],[120.643846,23.802421,0.0],[120.644129,23.802422,0.0],[120.644128,23.802943,0.0],[120.643845,23.802943,0.0],[120.643844,23.803204,0.0],[120.643277,23.803202,0.0],[120.643276,23.803463,0.0],[120.64356,23.803464,0.0],[120.643559,23.803725,0.0],[120.643842,23.803725,0.0],[120.643843,23.803464,0.0],[120.644127,23.803465,0.0],[120.644127,23.803204,0.0],[120.644411,23.803205,0.0],[120.64441,23.803466,0.0],[120.644693,23.803466,0.0],[120.644693,23.803727,0.0],[120.644409,23.803726,0.0],[120.644409,23.803987,0.0],[120.644125,23.803987,0.0],[120.644124,23.804247,0.0],[120.644691,23.804249,0.0],[120.644691,23.80451,0.0],[120.645541,23.804512,0.0],[120.645542,23.804251,0.0],[120.645825,23.804251,0.0],[120.645826,23.803991,0.0],[120.646109,23.803991,0.0],[120.646111,23.80347,0.0],[120.646394,23.80347,0.0],[120.646396,23.802949,0.0],[120.645545,23.802947,0.0],[120.645546,23.802686,0.0],[120.645263,23.802685,0.0],[120.645261,23.803207,0.0],[120.644978,23.803206,0.0],[120.644978,23.802945,0.0],[120.644695,23.802945,0.0],[120.644696,23.802684,0.0],[120.644979,23.802685,0.0],[120.644981,23.80215,0.0],[120.645111,23.802437,0.0],[120.645442,23.801382,0.0],[120.64555,23.801382,0.0],[120.645549,23.801643,0.0],[120.646399,23.801645,0.0],[120.646401,23.800862,0.0],[120.645834,23.800861,0.0],[120.645834,23.801122,0.0],[120.64555,23.801121,0.0],[120.64555,23.801037,0.0],[120.646025,23.799557,0.0],[120.646405,23.799558,0.0],[120.646404,23.799819,0.0],[120.646971,23.79982,0.0],[120.646974,23.798777,0.0],[120.646756,23.798776,0.0],[120.648109,23.798368,0.0],[120.648108,23.798519,0.0],[120.648392,23.798519,0.0],[120.648391,23.79878,0.0],[120.647824,23.798779,0.0],[120.647822,23.799561,0.0],[120.648106,23.799562,0.0],[120.648106,23.799301,0.0],[120.64839,23.799302,0.0],[120.648388,23.799823,0.0],[120.648672,23.799824,0.0],[120.648674,23.799042,0.0],[120.649241,23.799043,0.0],[120.64924,23.799304,0.0],[120.650941,23.799308,0.0],[120.650942,23.799047,0.0],[120.650658,23.799046,0.0],[120.650659,23.798785,0.0],[120.650092,23.798784,0.0],[120.650093,23.798523,0.0],[120.650376,23.798524,0.0],[120.650377,23.798263,0.0],[120.650093,23.798262,0.0],[120.650095,23.79748,0.0],[120.649245,23.797478,0.0],[120.649244,23.797697,0.0],[120.64924,23.797204,0.0],[120.64868,23.796949,0.0],[120.64868,23.796694,0.0],[120.648397,23.796694,0.0],[120.648396,23.796809,0.0],[120.647892,23.79636,0.0],[120.647683,23.795977,0.0],[120.647591,23.795557,0.0],[120.647624,23.795129,0.0],[120.647777,23.794725,0.0],[120.64821,23.794223,0.0],[120.648711,23.793952,0.0],[120.65108,23.793543,0.0],[120.651546,23.79353,0.0],[120.65231,23.793776,0.0],[120.652809,23.794222,0.0],[120.653098,23.794918,0.0],[120.65305,23.795557,0.0],[120.65642,23.797458,0.0],[120.657481,23.798596,0.0],[120.65917,23.798793,0.0],[120.659552,23.79849,0.0],[120.660088,23.798283,0.0],[120.660551,23.798241,0.0],[120.66112,23.798348,0.0],[120.661706,23.798694,0.0],[120.662559,23.799486,0.0],[120.662851,23.799898,0.0],[120.663372,23.800069,0.0],[120.663747,23.800324,0.0],[120.664034,23.800661,0.0],[120.664248,23.801166,0.0],[120.665908,23.801596,0.0],[120.666426,23.801838,0.0],[120.666948,23.802408,0.0],[120.66843,23.805749,0.0],[120.67201,23.808247,0.0],[120.671993,23.810218,0.0],[120.672084,23.811873,0.0],[120.671885,23.811873,0.0],[120.671884,23.812133,0.0],[120.672106,23.812134,0.0],[120.672421,23.814494,0.0],[120.67293,23.816833,0.0],[120.673629,23.819131,0.0],[120.674515,23.821374,0.0],[120.675354,23.82312,0.0],[120.676563,23.825232,0.0],[120.676225,23.825831,0.0],[120.67582,23.825589,0.0],[120.67582,23.825443,0.0],[120.675575,23.825443,0.0],[120.672706,23.82373,0.0],[120.672706,23.823611,0.0],[120.672506,23.823611,0.0],[120.671872,23.823167,0.0],[120.671609,23.822813,0.0],[120.67076,23.82115,0.0],[120.670413,23.820998,0.0],[120.670445,23.820737,0.0],[120.670162,23.820737,0.0],[120.670163,23.820215,0.0],[120.66988,23.820214,0.0],[120.669879,23.820475,0.0],[120.669312,23.820474,0.0],[120.669313,23.819952,0.0],[120.669597,23.819953,0.0],[120.669598,23.819431,0.0],[120.669882,23.819432,0.0],[120.669882,23.819171,0.0],[120.668748,23.819169,0.0],[120.668749,23.818908,0.0],[120.669032,23.818909,0.0],[120.669033,23.818648,0.0],[120.669317,23.818648,0.0],[120.669317,23.818388,0.0],[120.669034,23.818387,0.0],[120.669034,23.818126,0.0],[120.668184,23.818124,0.0],[120.668182,23.818835,0.0],[120.666099,23.815126,0.0],[120.661562,23.814121,0.0],[120.657198,23.814576,0.0],[120.658128,23.815691,0.0],[120.660277,23.817226,0.0],[120.660588,23.817544,0.0],[120.662958,23.821134,0.0],[120.663129,23.821645,0.0],[120.663116,23.82214,0.0],[120.665719,23.822019,0.0],[120.666368,23.822251,0.0],[120.666798,23.82261,0.0],[120.666947,23.822816,0.0],[120.666754,23.822816,0.0],[120.666754,23.823077,0.0],[120.667037,23.823077,0.0],[120.667037,23.822986,0.0],[120.667172,23.823607,0.0],[120.666802,23.825424,0.0],[120.665897,23.825422,0.0],[120.665896,23.825944,0.0],[120.665329,23.825943,0.0],[120.665328,23.826464,0.0],[120.665044,23.826464,0.0],[120.665043,23.82668,0.0],[120.664576,23.826608,0.0],[120.664098,23.826412,0.0],[120.663626,23.826627,0.0],[120.663628,23.825939,0.0],[120.663911,23.82594,0.0],[120.663913,23.825418,0.0],[120.662212,23.825414,0.0],[120.662211,23.825675,0.0],[120.661927,23.825674,0.0],[120.661927,23.825935,0.0],[120.66136,23.825934,0.0],[120.661358,23.826456,0.0],[120.661642,23.826456,0.0],[120.661643,23.826195,0.0],[120.662493,23.826197,0.0],[120.662492,23.826458,0.0],[120.662209,23.826457,0.0],[120.662208,23.826979,0.0],[120.663058,23.826981,0.0],[120.663059,23.82672,0.0],[120.663419,23.826721,0.0],[120.663253,23.826796,0.0],[120.663305,23.827458,0.0],[120.66303,23.828641,0.0],[120.661412,23.827704,0.0],[120.66062,23.82744,0.0],[120.659706,23.827242,0.0],[120.65843,23.826729,0.0],[120.656166,23.826051,0.0],[120.655712,23.825752,0.0],[120.654039,23.823692,0.0],[120.65364,23.823393,0.0],[120.652782,23.823059,0.0],[120.652236,23.822934,0.0],[120.651837,23.822657,0.0],[120.651512,23.822193,0.0],[120.654267,23.821475,0.0],[120.653351,23.820379,0.0],[120.651833,23.819801,0.0],[120.651274,23.81942,0.0],[120.650963,23.818969,0.0],[120.65055,23.817682,0.0],[120.649627,23.818591,0.0],[120.649251,23.818844,0.0],[120.647201,23.819468,0.0],[120.647202,23.819121,0.0],[120.646919,23.81912,0.0],[120.64692,23.818599,0.0],[120.647204,23.818599,0.0],[120.647205,23.818339,0.0],[120.646638,23.818337,0.0],[120.646636,23.818859,0.0],[120.646353,23.818858,0.0],[120.646352,23.819119,0.0],[120.646635,23.81912,0.0],[120.646635,23.819381,0.0],[120.646918,23.819381,0.0],[120.646918,23.81955,0.0],[120.64635,23.819714,0.0],[120.64635,23.819641,0.0],[120.646067,23.81964,0.0],[120.646067,23.819796,0.0],[120.645783,23.819887,0.0],[120.645783,23.819639,0.0],[120.6455,23.819639,0.0],[120.645499,23.819978,0.0],[120.644698,23.820234,0.0],[120.643798,23.820066,0.0],[120.643799,23.819635,0.0],[120.642948,23.819633,0.0],[120.642947,23.820154,0.0],[120.643231,23.820155,0.0],[120.64323,23.820216,0.0],[120.640751,23.821622,0.0],[120.6401,23.822176,0.0],[120.640038,23.822542,0.0],[120.640551,23.824353,0.0],[120.640807,23.826165,0.0],[120.640548,23.82704,0.0],[120.640105,23.827851,0.0],[120.639798,23.828652,0.0],[120.639637,23.829975,0.0],[120.639665,23.832474,0.0],[120.639456,23.832909,0.0],[120.638829,23.83323,0.0],[120.636674,23.833181,0.0],[120.636673,23.833441,0.0],[120.636937,23.833442,0.0],[120.636785,23.833532,0.0],[120.635938,23.833781,0.0],[120.63495,23.83381,0.0],[120.634687,23.833941,0.0],[120.634688,23.833697,0.0],[120.634971,23.833698,0.0],[120.634972,23.833437,0.0],[120.634688,23.833437,0.0],[120.634689,23.833176,0.0],[120.634122,23.833174,0.0],[120.634123,23.832914,0.0],[120.633272,23.832912,0.0],[120.633271,23.833172,0.0],[120.632988,23.833172,0.0],[120.632989,23.83265,0.0],[120.632422,23.832649,0.0],[120.632423,23.832388,0.0],[120.631856,23.832387,0.0],[120.631857,23.832126,0.0],[120.631573,23.832125,0.0],[120.631575,23.831343,0.0],[120.631292,23.831342,0.0],[120.631293,23.831081,0.0],[120.630442,23.831079,0.0],[120.630441,23.831601,0.0],[120.630724,23.831602,0.0],[120.630723,23.831862,0.0],[120.63129,23.831864,0.0],[120.63129,23.832124,0.0],[120.631006,23.832124,0.0],[120.631003,23.833167,0.0],[120.631287,23.833168,0.0],[120.631287,23.832907,0.0],[120.631571,23.832908,0.0],[120.63157,23.833168,0.0],[120.631854,23.833169,0.0],[120.631855,23.832908,0.0],[120.632705,23.83291,0.0],[120.632704,23.833432,0.0],[120.632987,23.833433,0.0],[120.632986,23.833693,0.0],[120.633837,23.833695,0.0],[120.633836,23.83416,0.0],[120.63313,23.834022,0.0],[120.633131,23.834737,0.0],[120.6327,23.834736,0.0],[120.632699,23.835258,0.0],[120.632948,23.835258,0.0],[120.632413,23.835991,0.0],[120.632414,23.835518,0.0],[120.631847,23.835516,0.0],[120.631846,23.835777,0.0],[120.63213,23.835778,0.0],[120.632129,23.836039,0.0],[120.631846,23.836038,0.0],[120.631844,23.83656,0.0],[120.631985,23.83656,0.0],[120.630824,23.838122,0.0],[120.630706,23.838122,0.0],[120.630705,23.838291,0.0],[120.630136,23.839097,0.0],[120.630137,23.838642,0.0],[120.62957,23.838641,0.0],[120.629569,23.838902,0.0],[120.629853,23.838902,0.0],[120.629852,23.839163,0.0],[120.629001,23.839161,0.0],[120.629001,23.839422,0.0],[120.629284,23.839422,0.0],[120.629282,23.840307,0.0],[120.628905,23.840802,0.0],[120.625116,23.843948,0.0],[120.62435,23.84419,0.0],[120.623884,23.844175,0.0],[120.623481,23.844063,0.0],[120.623974,23.845148,0.0],[120.62388,23.845147,0.0],[120.62388,23.845408,0.0],[120.623596,23.845407,0.0],[120.623595,23.845929,0.0],[120.623311,23.845928,0.0],[120.623312,23.845668,0.0],[120.623028,23.845667,0.0],[120.623027,23.846188,0.0],[120.62331,23.846189,0.0],[120.62331,23.84645,0.0],[120.623593,23.846451,0.0],[120.623592,23.846972,0.0],[120.624442,23.846974,0.0],[120.624442,23.847235,0.0],[120.624725,23.847236,0.0],[120.624724,23.847497,0.0],[120.625008,23.847497,0.0],[120.625008,23.847425,0.0],[120.625753,23.849064,0.0],[120.625571,23.849064,0.0],[120.625571,23.848803,0.0],[120.625288,23.848802,0.0],[120.625286,23.849324,0.0],[120.625003,23.849323,0.0],[120.625002,23.849584,0.0],[120.625285,23.849585,0.0],[120.625284,23.850106,0.0],[120.625568,23.850107,0.0],[120.625567,23.850368,0.0],[120.626134,23.850369,0.0],[120.626133,23.85063,0.0],[120.626626,23.850631,0.0],[120.626776,23.850894,0.0],[120.628117,23.851191,0.0],[120.628115,23.851678,0.0],[120.628682,23.851679,0.0],[120.628683,23.851418,0.0],[120.629101,23.851419,0.0],[120.628755,23.851894,0.0],[120.629191,23.852701,0.0],[120.629691,23.853048,0.0],[120.629563,23.853969,0.0],[120.629847,23.854812,0.0],[120.629524,23.854811,0.0],[120.629526,23.854289,0.0],[120.629242,23.854289,0.0],[120.629241,23.85455,0.0],[120.628958,23.854549,0.0],[120.628955,23.855331,0.0],[120.629239,23.855332,0.0],[120.629238,23.855854,0.0],[120.629521,23.855854,0.0],[120.629523,23.855333,0.0],[120.629806,23.855333,0.0],[120.629805,23.855594,0.0],[120.63011,23.855595,0.0],[120.630166,23.855759,0.0],[120.629438,23.856376,0.0],[120.629236,23.856375,0.0],[120.629235,23.856673,0.0],[120.628976,23.857418,0.0],[120.628666,23.857417,0.0],[120.628664,23.857939,0.0],[120.628381,23.857938,0.0],[120.62838,23.858199,0.0],[120.628097,23.858198,0.0],[120.628096,23.858459,0.0],[120.627812,23.858458,0.0],[120.627811,23.858719,0.0],[120.627528,23.858718,0.0],[120.627527,23.858979,0.0],[120.628367,23.858981,0.0],[120.626632,23.862149,0.0],[120.6244,23.864174,0.0],[120.623774,23.864288,0.0],[120.623023,23.864114,0.0],[120.622335,23.864054,0.0],[120.621572,23.864215,0.0],[120.62108,23.864801,0.0],[120.620828,23.865491,0.0],[120.621015,23.865837,0.0],[120.621134,23.867851,0.0],[120.621694,23.869177,0.0],[120.622384,23.868689,0.0],[120.623136,23.868289,0.0],[120.624076,23.867946,0.0],[120.625767,23.867776,0.0],[120.627202,23.868048,0.0],[120.627487,23.870006,0.0],[120.626927,23.870454,0.0],[120.626068,23.871921,0.0],[120.626128,23.872901,0.0],[120.626438,23.87411,0.0],[120.626173,23.875549,0.0],[120.62582,23.876036,0.0],[120.626426,23.878024,0.0],[120.626673,23.879234,0.0],[120.628419,23.882058,0.0],[120.629668,23.883097,0.0],[120.630042,23.883789,0.0],[120.630416,23.884078,0.0],[120.631478,23.885176,0.0],[120.632099,23.886904,0.0],[120.632598,23.887596,0.0],[120.632596,23.888459,0.0],[120.632719,23.888978,0.0],[120.633487,23.889962,0.0],[120.634389,23.890738,0.0],[120.635035,23.891435,0.0],[120.635288,23.891854,0.0],[120.636035,23.894386,0.0],[120.636269,23.895791,0.0],[120.636249,23.896346,0.0],[120.635989,23.897594,0.0],[120.635785,23.898178,0.0],[120.635192,23.901028,0.0],[120.635082,23.902055,0.0],[120.635215,23.902611,0.0],[120.635034,23.903112,0.0],[120.635617,23.903738,0.0],[120.635888,23.904802,0.0],[120.636199,23.905647,0.0],[120.636165,23.906839,0.0],[120.635956,23.9085,0.0],[120.636413,23.910027,0.0],[120.63666,23.911417,0.0],[120.636656,23.912803,0.0],[120.637235,23.915579,0.0],[120.637311,23.918504,0.0],[120.637139,23.920046,0.0],[120.637154,23.920809,0.0],[120.637416,23.922965,0.0],[120.637948,23.924447,0.0],[120.637922,23.925447,0.0],[120.637605,23.925808,0.0],[120.637539,23.927033,0.0],[120.638538,23.930117,0.0],[120.638468,23.931042,0.0],[120.638357,23.931317,0.0],[120.636346,23.932276,0.0],[120.634586,23.933251,0.0],[120.632214,23.932278,0.0],[120.62977,23.931472,0.0],[120.62777,23.930951,0.0],[120.625229,23.930458,0.0],[120.622137,23.9301,0.0],[120.619023,23.930001,0.0],[120.615912,23.930162,0.0],[120.613053,23.930543,0.0],[120.612265,23.929599,0.0],[120.612538,23.930635,0.0],[120.6098,23.931255,0.0],[120.607456,23.931967,0.0],[120.60746,23.930653,0.0],[120.607744,23.930653,0.0],[120.607744,23.930393,0.0],[120.608028,23.930393,0.0],[120.60803,23.929872,0.0],[120.608313,23.929872,0.0],[120.608315,23.929351,0.0],[120.608599,23.929351,0.0],[120.6086,23.92883,0.0],[120.608317,23.928829,0.0],[120.608318,23.928307,0.0],[120.608034,23.928307,0.0],[120.608035,23.928046,0.0],[120.607752,23.928045,0.0],[120.607751,23.928306,0.0],[120.607467,23.928305,0.0],[120.607466,23.928566,0.0],[120.607182,23.928565,0.0],[120.607183,23.928305,0.0],[120.6069,23.928304,0.0],[120.606899,23.928524,0.0],[120.606786,23.928433,0.0],[120.606292,23.927781,0.0],[120.606334,23.92752,0.0],[120.606618,23.927521,0.0],[120.606619,23.92726,0.0],[120.605952,23.927258,0.0],[120.60527,23.926213,0.0],[120.605487,23.926214,0.0],[120.605488,23.925953,0.0],[120.605204,23.925952,0.0],[120.605204,23.926111,0.0],[120.604921,23.925678,0.0],[120.604923,23.925169,0.0],[120.604639,23.925168,0.0],[120.60464,23.924908,0.0],[120.604446,23.924907,0.0],[120.604323,23.924385,0.0],[120.604925,23.924387,0.0],[120.604926,23.924126,0.0],[120.60521,23.924127,0.0],[120.605211,23.923866,0.0],[120.604927,23.923865,0.0],[120.604928,23.923343,0.0],[120.605212,23.923344,0.0],[120.605211,23.923605,0.0],[120.605495,23.923606,0.0],[120.605496,23.923345,0.0],[120.60578,23.923346,0.0],[120.605781,23.922824,0.0],[120.606349,23.922825,0.0],[120.60635,23.922304,0.0],[120.606067,23.922303,0.0],[120.606025,23.921781,0.0],[120.606963,23.92111,0.0],[120.607491,23.920486,0.0],[120.60749,23.920742,0.0],[120.608057,23.920743,0.0],[120.608058,23.920483,0.0],[120.607774,23.920482,0.0],[120.607775,23.920149,0.0],[120.607934,23.919961,0.0],[120.60806,23.919961,0.0],[120.60806,23.919812,0.0],[120.609069,23.918659,0.0],[120.609482,23.91866,0.0],[120.609483,23.918405,0.0],[120.610723,23.918064,0.0],[120.61094,23.91756,0.0],[120.611298,23.917168,0.0],[120.610913,23.916513,0.0],[120.610791,23.9161,0.0],[120.610913,23.914607,0.0],[120.61091,23.915534,0.0],[120.611194,23.915535,0.0],[120.611195,23.915274,0.0],[120.611478,23.915275,0.0],[120.611481,23.914493,0.0],[120.610926,23.914491,0.0],[120.610975,23.914059,0.0],[120.610632,23.913795,0.0],[120.610632,23.913708,0.0],[120.611199,23.913709,0.0],[120.611201,23.913188,0.0],[120.611485,23.913189,0.0],[120.611485,23.912928,0.0],[120.611202,23.912927,0.0],[120.611203,23.912405,0.0],[120.610636,23.912404,0.0],[120.610637,23.912143,0.0],[120.610353,23.912142,0.0],[120.610352,23.912403,0.0],[120.610068,23.912402,0.0],[120.610068,23.912663,0.0],[120.609154,23.912661,0.0],[120.608818,23.912399,0.0],[120.608934,23.9124,0.0],[120.608934,23.912139,0.0],[120.609218,23.91214,0.0],[120.60922,23.911618,0.0],[120.608936,23.911617,0.0],[120.608937,23.911096,0.0],[120.608654,23.911095,0.0],[120.608655,23.910834,0.0],[120.608293,23.910833,0.0],[120.608342,23.910678,0.0],[120.608657,23.910174,0.0],[120.608656,23.910312,0.0],[120.60894,23.910313,0.0],[120.608938,23.910835,0.0],[120.609506,23.910836,0.0],[120.609507,23.910315,0.0],[120.609791,23.910315,0.0],[120.609792,23.909794,0.0],[120.609225,23.909792,0.0],[120.609225,23.909719,0.0],[120.609493,23.909526,0.0],[120.609226,23.909567,0.0],[120.609227,23.909271,0.0],[120.608943,23.90927,0.0],[120.608942,23.909531,0.0],[120.608658,23.909529,0.0],[120.608661,23.908748,0.0],[120.608093,23.908746,0.0],[120.608092,23.909297,0.0],[120.607809,23.909078,0.0],[120.60781,23.908745,0.0],[120.607542,23.908745,0.0],[120.607414,23.908484,0.0],[120.607527,23.908484,0.0],[120.607528,23.907962,0.0],[120.607812,23.907963,0.0],[120.607816,23.906659,0.0],[120.6081,23.90666,0.0],[120.608101,23.906399,0.0],[120.607533,23.906397,0.0],[120.607532,23.906658,0.0],[120.607249,23.906657,0.0],[120.607248,23.906918,0.0],[120.606964,23.906918,0.0],[120.606963,23.907369,0.0],[120.6064,23.90598,0.0],[120.606401,23.905612,0.0],[120.606251,23.905612,0.0],[120.605041,23.90257,0.0],[120.605043,23.901929,0.0],[120.605386,23.901254,0.0],[120.606416,23.900427,0.0],[120.606416,23.900657,0.0],[120.606699,23.900657,0.0],[120.6067,23.900397,0.0],[120.606457,23.900396,0.0],[120.607419,23.899665,0.0],[120.606183,23.899168,0.0],[120.605705,23.898864,0.0],[120.605312,23.898335,0.0],[120.605179,23.8976,0.0],[120.605369,23.896742,0.0],[120.605577,23.896742,0.0],[120.605578,23.896221,0.0],[120.605497,23.896221,0.0],[120.606582,23.891798,0.0],[120.606525,23.891268,0.0],[120.607012,23.891269,0.0],[120.607012,23.891008,0.0],[120.607296,23.891009,0.0],[120.607298,23.890487,0.0],[120.607014,23.890487,0.0],[120.607013,23.890747,0.0],[120.606729,23.890747,0.0],[120.606731,23.890225,0.0],[120.607015,23.890226,0.0],[120.607015,23.889965,0.0],[120.607866,23.889967,0.0],[120.607867,23.889706,0.0],[120.608151,23.889707,0.0],[120.608152,23.889185,0.0],[120.608436,23.889186,0.0],[120.608438,23.888665,0.0],[120.608154,23.888664,0.0],[120.608155,23.888403,0.0],[120.607871,23.888402,0.0],[120.607869,23.889185,0.0],[120.607301,23.889183,0.0],[120.607304,23.888401,0.0],[120.60702,23.8884,0.0],[120.607018,23.889183,0.0],[120.606451,23.889181,0.0],[120.606454,23.888138,0.0],[120.606267,23.888135,0.0],[120.60654,23.887546,0.0],[120.607309,23.88669,0.0],[120.607308,23.887097,0.0],[120.607875,23.887098,0.0],[120.607876,23.886837,0.0],[120.607592,23.886837,0.0],[120.607594,23.886377,0.0],[120.607886,23.886055,0.0],[120.608162,23.886056,0.0],[120.608163,23.88575,0.0],[120.608397,23.885492,0.0],[120.608706,23.885226,0.0],[120.609115,23.885021,0.0],[120.609566,23.884923,0.0],[120.611007,23.884806,0.0],[120.611576,23.884914,0.0],[120.611984,23.885121,0.0],[120.612701,23.885845,0.0],[120.612699,23.886328,0.0],[120.612416,23.886327,0.0],[120.612415,23.886588,0.0],[120.611848,23.886587,0.0],[120.611847,23.886847,0.0],[120.61213,23.886848,0.0],[120.61213,23.887109,0.0],[120.612697,23.88711,0.0],[120.612696,23.887371,0.0],[120.613264,23.887373,0.0],[120.613264,23.887112,0.0],[120.612981,23.887111,0.0],[120.612981,23.88685,0.0],[120.613265,23.886851,0.0],[120.613266,23.88659,0.0],[120.613549,23.886591,0.0],[120.613548,23.887113,0.0],[120.613832,23.887113,0.0],[120.613833,23.886592,0.0],[120.614117,23.886592,0.0],[120.61412,23.885549,0.0],[120.613836,23.885548,0.0],[120.613839,23.884505,0.0],[120.613556,23.884504,0.0],[120.613552,23.885808,0.0],[120.613268,23.885808,0.0],[120.613267,23.886069,0.0],[120.61305,23.886068,0.0],[120.612797,23.88372,0.0],[120.612991,23.883721,0.0],[120.61299,23.883981,0.0],[120.613841,23.883984,0.0],[120.613842,23.883462,0.0],[120.612769,23.883459,0.0],[120.612622,23.88191,0.0],[120.612889,23.879543,0.0],[120.611105,23.876655,0.0],[120.610308,23.87496,0.0],[120.609899,23.874321,0.0],[120.6099,23.874063,0.0],[120.610183,23.874063,0.0],[120.610182,23.874585,0.0],[120.611033,23.874587,0.0],[120.611037,23.873022,0.0],[120.611321,23.873023,0.0],[120.611322,23.872762,0.0],[120.610471,23.87276,0.0],[120.610469,23.873282,0.0],[120.609902,23.87328,0.0],[120.609903,23.873019,0.0],[120.609052,23.873017,0.0],[120.609051,23.873278,0.0],[120.608484,23.873277,0.0],[120.608483,23.873538,0.0],[120.60905,23.873539,0.0],[120.60905,23.8738,0.0],[120.609617,23.873801,0.0],[120.609617,23.873881,0.0],[120.609232,23.876148,0.0],[120.607908,23.876144,0.0],[120.607907,23.876405,0.0],[120.607624,23.876404,0.0],[120.607622,23.876926,0.0],[120.607055,23.876924,0.0],[120.607053,23.877446,0.0],[120.607337,23.877447,0.0],[120.607336,23.877708,0.0],[120.60762,23.877708,0.0],[120.607621,23.877448,0.0],[120.607904,23.877448,0.0],[120.607902,23.878028,0.0],[120.6055,23.878922,0.0],[120.605063,23.879018,0.0],[120.605065,23.878484,0.0],[120.604781,23.878483,0.0],[120.604782,23.878223,0.0],[120.605066,23.878223,0.0],[120.605066,23.877963,0.0],[120.604783,23.877962,0.0],[120.604785,23.877179,0.0],[120.604218,23.877178,0.0],[120.60422,23.876396,0.0],[120.603937,23.876395,0.0],[120.603936,23.876656,0.0],[120.603652,23.876655,0.0],[120.603651,23.876916,0.0],[120.603368,23.876915,0.0],[120.603367,23.877176,0.0],[120.60315,23.877175,0.0],[120.603719,23.87509,0.0],[120.603941,23.875091,0.0],[120.60394,23.875352,0.0],[120.604223,23.875352,0.0],[120.604223,23.875613,0.0],[120.603655,23.875612,0.0],[120.603655,23.875872,0.0],[120.603938,23.875873,0.0],[120.603937,23.876134,0.0],[120.604505,23.876135,0.0],[120.604504,23.876396,0.0],[120.605355,23.876398,0.0],[120.605357,23.875616,0.0],[120.605073,23.875615,0.0],[120.605074,23.875354,0.0],[120.604507,23.875353,0.0],[120.604509,23.874831,0.0],[120.604792,23.874832,0.0],[120.604791,23.875093,0.0],[120.605075,23.875094,0.0],[120.605076,23.874833,0.0],[120.605359,23.874834,0.0],[120.60536,23.874573,0.0],[120.606211,23.874575,0.0],[120.606213,23.874053,0.0],[120.605929,23.874053,0.0],[120.60593,23.873792,0.0],[120.605646,23.873791,0.0],[120.605647,23.87353,0.0],[120.605363,23.87353,0.0],[120.605364,23.873269,0.0],[120.605081,23.873268,0.0],[120.60508,23.873529,0.0],[120.604796,23.873528,0.0],[120.604798,23.873006,0.0],[120.605649,23.873009,0.0],[120.60565,23.872487,0.0],[120.605083,23.872486,0.0],[120.605085,23.871964,0.0],[120.604517,23.871963,0.0],[120.604518,23.871702,0.0],[120.604234,23.871701,0.0],[120.604234,23.871962,0.0],[120.60395,23.871961,0.0],[120.603949,23.872222,0.0],[120.603666,23.872221,0.0],[120.603665,23.872482,0.0],[120.603948,23.872483,0.0],[120.603948,23.872743,0.0],[120.603664,23.872758,0.0]],[[120.60734,23.876404,0.0],[120.607624,23.876404,0.0],[120.607624,23.876143,0.0],[120.607341,23.876143,0.0],[120.60734,23.876404,0.0]],[[120.607339,23.876664,0.0],[120.60734,23.876404,0.0],[120.605922,23.8764,0.0],[120.605921,23.876661,0.0],[120.606205,23.876661,0.0],[120.606204,23.876922,0.0],[120.606771,23.876924,0.0],[120.606772,23.876663,0.0],[120.607339,23.876664,0.0]],[[120.60592,23.876922,0.0],[120.605921,23.876661,0.0],[120.605354,23.876659,0.0],[120.605352,23.877181,0.0],[120.605636,23.877182,0.0],[120.605637,23.876921,0.0],[120.60592,23.876922,0.0]],[[120.612695,23.887632,0.0],[120.612696,23.887371,0.0],[120.612129,23.88737,0.0],[120.612128,23.887631,0.0],[120.612695,23.887632,0.0]],[[120.60586,23.896743,0.0],[120.605577,23.896742,0.0],[120.605576,23.897003,0.0],[120.606143,23.897005,0.0],[120.606142,23.897265,0.0],[120.606426,23.897266,0.0],[120.606428,23.896745,0.0],[120.606995,23.896746,0.0],[120.606997,23.896224,0.0],[120.60728,23.896225,0.0],[120.607282,23.895703,0.0],[120.606714,23.895702,0.0],[120.606714,23.895963,0.0],[120.606146,23.895961,0.0],[120.606145,23.896483,0.0],[120.605861,23.896482,0.0],[120.60586,23.896743,0.0]],[[120.612336,23.913191,0.0],[120.611485,23.913189,0.0],[120.611484,23.913449,0.0],[120.611767,23.91345,0.0],[120.611764,23.914754,0.0],[120.612047,23.914755,0.0],[120.61205,23.913712,0.0],[120.612334,23.913712,0.0],[120.612336,23.913191,0.0]],[[120.608341,23.920744,0.0],[120.608057,23.920743,0.0],[120.608056,23.921004,0.0],[120.608624,23.921006,0.0],[120.608623,23.921266,0.0],[120.608907,23.921267,0.0],[120.608908,23.921006,0.0],[120.609191,23.921007,0.0],[120.609192,23.920746,0.0],[120.608625,23.920745,0.0],[120.608625,23.920484,0.0],[120.608342,23.920483,0.0],[120.608341,23.920744,0.0]],[[120.606621,23.926477,0.0],[120.606619,23.92726,0.0],[120.606903,23.927261,0.0],[120.606905,23.926478,0.0],[120.606621,23.926477,0.0]],[[120.608027,23.930654,0.0],[120.607744,23.930653,0.0],[120.607743,23.930914,0.0],[120.608027,23.930915,0.0],[120.608027,23.930654,0.0]],[[120.627526,23.85924,0.0],[120.627527,23.858979,0.0],[120.627244,23.858979,0.0],[120.627243,23.859239,0.0],[120.627526,23.85924,0.0]],[[120.627242,23.8595,0.0],[120.627243,23.859239,0.0],[120.626676,23.859238,0.0],[120.626677,23.858716,0.0],[120.626961,23.858717,0.0],[120.626962,23.858195,0.0],[120.626679,23.858195,0.0],[120.626678,23.858456,0.0],[120.626111,23.858454,0.0],[120.626108,23.859237,0.0],[120.625825,23.859236,0.0],[120.625826,23.858975,0.0],[120.625542,23.858974,0.0],[120.625541,23.859235,0.0],[120.625258,23.859235,0.0],[120.625255,23.860017,0.0],[120.62639,23.86002,0.0],[120.626389,23.860281,0.0],[120.625822,23.860279,0.0],[120.625821,23.86054,0.0],[120.626955,23.860543,0.0],[120.626958,23.859499,0.0],[120.627242,23.8595,0.0]],[[120.628952,23.856375,0.0],[120.628955,23.855331,0.0],[120.628672,23.855331,0.0],[120.628669,23.856374,0.0],[120.628952,23.856375,0.0]],[[120.626132,23.851151,0.0],[120.626133,23.85063,0.0],[120.62585,23.850629,0.0],[120.625847,23.851672,0.0],[120.62613,23.851673,0.0],[120.626129,23.852195,0.0],[120.626412,23.852195,0.0],[120.626411,23.852456,0.0],[120.626695,23.852457,0.0],[120.626696,23.852196,0.0],[120.627547,23.852198,0.0],[120.627547,23.851937,0.0],[120.62698,23.851936,0.0],[120.626981,23.851675,0.0],[120.626414,23.851674,0.0],[120.626415,23.851152,0.0],[120.626132,23.851151,0.0]],[[120.630138,23.838381,0.0],[120.630137,23.838642,0.0],[120.630421,23.838643,0.0],[120.630421,23.838382,0.0],[120.630138,23.838381,0.0]],[[120.671602,23.811872,0.0],[120.671885,23.811873,0.0],[120.671886,23.811612,0.0],[120.671602,23.811611,0.0],[120.671602,23.811872,0.0]],[[120.650378,23.797741,0.0],[120.650377,23.798263,0.0],[120.651227,23.798265,0.0],[120.651228,23.798004,0.0],[120.650944,23.798003,0.0],[120.650945,23.797743,0.0],[120.650378,23.797741,0.0]],[[120.649239,23.799825,0.0],[120.64924,23.799304,0.0],[120.648957,23.799303,0.0],[120.648955,23.799825,0.0],[120.649239,23.799825,0.0]],[[120.643558,23.803985,0.0],[120.643559,23.803725,0.0],[120.643275,23.803724,0.0],[120.643275,23.803985,0.0],[120.643558,23.803985,0.0]],[[120.617431,23.820354,0.0],[120.617434,23.819572,0.0],[120.61715,23.819571,0.0],[120.617149,23.820093,0.0],[120.616865,23.820092,0.0],[120.616864,23.820613,0.0],[120.617147,23.820614,0.0],[120.617148,23.820353,0.0],[120.617431,23.820354,0.0]],[[120.614318,23.818521,0.0],[120.614319,23.81826,0.0],[120.614036,23.818259,0.0],[120.614035,23.81852,0.0],[120.614318,23.818521,0.0]],[[120.611199,23.818774,0.0],[120.611198,23.819034,0.0],[120.611482,23.819035,0.0],[120.611481,23.819296,0.0],[120.612332,23.819298,0.0],[120.612333,23.818776,0.0],[120.612617,23.818777,0.0],[120.612617,23.818516,0.0],[120.61205,23.818515,0.0],[120.61205,23.818776,0.0],[120.611766,23.818775,0.0],[120.611769,23.817732,0.0],[120.612053,23.817733,0.0],[120.612054,23.817211,0.0],[120.612621,23.817212,0.0],[120.612622,23.816951,0.0],[120.612905,23.816952,0.0],[120.612906,23.816691,0.0],[120.61319,23.816692,0.0],[120.613191,23.816431,0.0],[120.61234,23.816429,0.0],[120.612339,23.81669,0.0],[120.612056,23.816689,0.0],[120.612055,23.81695,0.0],[120.611771,23.816949,0.0],[120.611771,23.81721,0.0],[120.611487,23.817209,0.0],[120.611486,23.817731,0.0],[120.611202,23.81773,0.0],[120.6112,23.818513,0.0],[120.611483,23.818514,0.0],[120.611483,23.818774,0.0],[120.611199,23.818774,0.0]],[[120.605503,23.827366,0.0],[120.605502,23.827627,0.0],[120.605786,23.827628,0.0],[120.605787,23.827367,0.0],[120.605503,23.827366,0.0]],[[120.606069,23.827628,0.0],[120.606069,23.827889,0.0],[120.606636,23.827891,0.0],[120.606636,23.82763,0.0],[120.606069,23.827628,0.0]],[[120.606637,23.827369,0.0],[120.606636,23.82763,0.0],[120.60692,23.82763,0.0],[120.606921,23.82737,0.0],[120.606637,23.827369,0.0]],[[120.60316,23.851876,0.0],[120.60316,23.852137,0.0],[120.603443,23.852138,0.0],[120.603444,23.851877,0.0],[120.60316,23.851876,0.0]],[[120.604283,23.855792,0.0],[120.603999,23.855791,0.0],[120.603998,23.856312,0.0],[120.605132,23.856315,0.0],[120.605133,23.856055,0.0],[120.604282,23.856052,0.0],[120.604283,23.855792,0.0]],[[120.602821,23.870132,0.0],[120.60282,23.870654,0.0],[120.603387,23.870656,0.0],[120.603388,23.870395,0.0],[120.603671,23.870395,0.0],[120.603672,23.870135,0.0],[120.602821,23.870132,0.0]],[[120.603955,23.870396,0.0],[120.603671,23.870395,0.0],[120.60367,23.870917,0.0],[120.603386,23.870916,0.0],[120.603385,23.871177,0.0],[120.603952,23.871179,0.0],[120.603955,23.870396,0.0]],[[120.604236,23.871179,0.0],[120.603952,23.871179,0.0],[120.603952,23.871439,0.0],[120.604235,23.87144,0.0],[120.604236,23.871179,0.0]],[[120.633351,23.804744,0.0],[120.633351,23.805005,0.0],[120.633634,23.805005,0.0],[120.633635,23.804745,0.0],[120.633351,23.804744,0.0]],[[120.63335,23.805265,0.0],[120.633351,23.805005,0.0],[120.633067,23.805004,0.0],[120.633066,23.805265,0.0],[120.63335,23.805265,0.0]]],[[[120.604795,23.873789,0.0],[120.605079,23.87379,0.0],[120.60508,23.873529,0.0],[120.605363,23.87353,0.0],[120.605363,23.87379,0.0],[120.605646,23.873791,0.0],[120.605645,23.874052,0.0],[120.605362,23.874051,0.0],[120.605361,23.874312,0.0],[120.605077,23.874311,0.0],[120.605078,23.87405,0.0],[120.604795,23.87405,0.0],[120.604795,23.873789,0.0]]],[[[120.603942,23.874569,0.0],[120.604008,23.874048,0.0],[120.604795,23.87405,0.0],[120.604794,23.874311,0.0],[120.604227,23.874309,0.0],[120.604226,23.87457,0.0],[120.603942,23.874569,0.0]]],[[[120.604509,23.874831,0.0],[120.604225,23.874831,0.0],[120.604226,23.87457,0.0],[120.604509,23.874571,0.0],[120.604509,23.874831,0.0]]],[[[120.607338,23.877186,0.0],[120.607621,23.877187,0.0],[120.607621,23.877448,0.0],[120.607337,23.877447,0.0],[120.607338,23.877186,0.0]]],[[[120.609902,23.87328,0.0],[120.6099,23.873802,0.0],[120.609617,23.873801,0.0],[120.609618,23.87328,0.0],[120.609902,23.87328,0.0]]],[[[120.605214,23.922703,0.0],[120.605553,23.922302,0.0],[120.606067,23.922303,0.0],[120.606066,23.922564,0.0],[120.605782,23.922563,0.0],[120.605781,23.922824,0.0],[120.605214,23.922823,0.0],[120.605214,23.922703,0.0]]],[[[120.625853,23.849279,0.0],[120.626029,23.849586,0.0],[120.625285,23.849585,0.0],[120.625286,23.849324,0.0],[120.625853,23.849325,0.0],[120.625853,23.849279,0.0]]],[[[120.624092,23.845409,0.0],[120.624922,23.847236,0.0],[120.624725,23.847236,0.0],[120.624726,23.846975,0.0],[120.624442,23.846974,0.0],[120.624444,23.846453,0.0],[120.62416,23.846452,0.0],[120.624161,23.846191,0.0],[120.623877,23.846191,0.0],[120.623878,23.84593,0.0],[120.624162,23.84593,0.0],[120.624162,23.84567,0.0],[120.623879,23.845669,0.0],[120.62388,23.845408,0.0],[120.624092,23.845409,0.0]]],[[[120.625684,23.809681,0.0],[120.625967,23.809682,0.0],[120.625966,23.809942,0.0],[120.625399,23.809941,0.0],[120.625398,23.810463,0.0],[120.625073,23.810462,0.0],[120.625684,23.809435,0.0],[120.625684,23.809681,0.0]]],[[[120.617156,23.817745,0.0],[120.617439,23.817746,0.0],[120.617437,23.818528,0.0],[120.616303,23.818526,0.0],[120.616304,23.818265,0.0],[120.616871,23.818266,0.0],[120.616871,23.818005,0.0],[120.617155,23.818006,0.0],[120.617156,23.817745,0.0]]],[[[120.614306,23.822694,0.0],[120.613739,23.822692,0.0],[120.61374,23.822431,0.0],[120.614307,23.822433,0.0],[120.614306,23.822694,0.0]]],[[[120.607701,23.850584,0.0],[120.607418,23.850583,0.0],[120.607419,23.850322,0.0],[120.607702,23.850323,0.0],[120.607701,23.850584,0.0]]],[[[120.601966,23.871695,0.0],[120.601682,23.871694,0.0],[120.601683,23.871434,0.0],[120.601966,23.871434,0.0],[120.601966,23.871695,0.0]]],[[[120.604506,23.875614,0.0],[120.604505,23.875875,0.0],[120.604222,23.875874,0.0],[120.604223,23.875613,0.0],[120.604506,23.875614,0.0]]],[[[120.605072,23.876137,0.0],[120.604788,23.876136,0.0],[120.60479,23.875615,0.0],[120.605073,23.875615,0.0],[120.605072,23.876137,0.0]]],[[[120.603647,23.878481,0.0],[120.603502,23.878413,0.0],[120.603266,23.878044,0.0],[120.603129,23.877436,0.0],[120.603366,23.877437,0.0],[120.603365,23.877697,0.0],[120.603933,23.877699,0.0],[120.603933,23.877438,0.0],[120.604217,23.877439,0.0],[120.604215,23.878221,0.0],[120.603647,23.87822,0.0],[120.603647,23.878481,0.0]]],[[[120.590802,23.979163,0.0],[120.591158,23.979642,0.0],[120.590848,23.979641,0.0],[120.590848,23.979713,0.0],[120.590802,23.979163,0.0]]],[[[120.588425,23.980157,0.0],[120.588576,23.98004,0.0],[120.588576,23.980157,0.0],[120.588425,23.980157,0.0]]],[[[120.588179,23.980417,0.0],[120.588292,23.980284,0.0],[120.588291,23.980417,0.0],[120.588179,23.980417,0.0]]],[[[120.588575,23.980418,0.0],[120.588859,23.980418,0.0],[120.58886,23.980158,0.0],[120.589144,23.980158,0.0],[120.589144,23.979898,0.0],[120.588861,23.979883,0.0],[120.589429,23.979734,0.0],[120.589428,23.979898,0.0],[120.589712,23.979899,0.0],[120.58971,23.980682,0.0],[120.589994,23.980682,0.0],[120.589993,23.980943,0.0],[120.589141,23.980941,0.0],[120.589142,23.98068,0.0],[120.588858,23.980679,0.0],[120.588857,23.98094,0.0],[120.588573,23.980939,0.0],[120.588573,23.9812,0.0],[120.588289,23.981199,0.0],[120.58829,23.980939,0.0],[120.58792,23.980938,0.0],[120.58802,23.980677,0.0],[120.588574,23.980679,0.0],[120.588575,23.980418,0.0]]],[[[120.592263,23.98121,0.0],[120.592263,23.981024,0.0],[120.592424,23.98121,0.0],[120.592263,23.98121,0.0]]],[[[120.588571,23.981722,0.0],[120.588287,23.981721,0.0],[120.588288,23.98146,0.0],[120.588572,23.981461,0.0],[120.588571,23.981722,0.0]]],[[[120.589138,23.981984,0.0],[120.589139,23.981723,0.0],[120.589706,23.981725,0.0],[120.589706,23.981986,0.0],[120.589138,23.981984,0.0]]],[[[120.588004,23.981459,0.0],[120.588002,23.982242,0.0],[120.587718,23.982241,0.0],[120.587717,23.982502,0.0],[120.588001,23.982503,0.0],[120.588,23.982763,0.0],[120.587361,23.982762,0.0],[120.58776,23.981459,0.0],[120.588004,23.981459,0.0]]],[[[120.593111,23.982255,0.0],[120.593365,23.982256,0.0],[120.593394,23.982517,0.0],[120.59311,23.982516,0.0],[120.593111,23.982255,0.0]]],[[[120.588568,23.982765,0.0],[120.588284,23.982764,0.0],[120.588285,23.982243,0.0],[120.588569,23.982243,0.0],[120.588568,23.982765,0.0]]],[[[120.587042,23.983804,0.0],[120.587146,23.983463,0.0],[120.587145,23.983804,0.0],[120.587042,23.983804,0.0]]],[[[120.584561,23.992926,0.0],[120.584277,23.992925,0.0],[120.584278,23.992664,0.0],[120.584562,23.992665,0.0],[120.584561,23.992926,0.0]]],[[[120.582571,23.993964,0.0],[120.582528,23.993963,0.0],[120.582446,23.993442,0.0],[120.582572,23.993442,0.0],[120.582571,23.993964,0.0]]],[[[120.58313,23.996573,0.0],[120.582939,23.996573,0.0],[120.582898,23.996312,0.0],[120.583131,23.996312,0.0],[120.58313,23.996573,0.0]]],[[[120.614055,23.811739,0.0],[120.614056,23.811478,0.0],[120.613772,23.811477,0.0],[120.613774,23.810956,0.0],[120.61349,23.810955,0.0],[120.613488,23.811737,0.0],[120.613771,23.811738,0.0],[120.613771,23.811999,0.0],[120.614054,23.812,0.0],[120.614053,23.81226,0.0],[120.61462,23.812262,0.0],[120.614619,23.812783,0.0],[120.614335,23.812783,0.0],[120.614334,23.813304,0.0],[120.61405,23.813304,0.0],[120.614049,23.813564,0.0],[120.613766,23.813564,0.0],[120.613765,23.813825,0.0],[120.614049,23.813825,0.0],[120.614048,23.813979,0.0],[120.613446,23.814278,0.0],[120.613197,23.81433,0.0],[120.613198,23.813823,0.0],[120.612631,23.813822,0.0],[120.61263,23.814324,0.0],[120.611989,23.814094,0.0],[120.611559,23.813735,0.0],[120.611498,23.813558,0.0],[120.611423,23.813558,0.0],[120.61032,23.812073,0.0],[120.610094,23.811468,0.0],[120.610115,23.810933,0.0],[120.610797,23.808168,0.0],[120.60908,23.807058,0.0],[120.608769,23.806607,0.0],[120.608635,23.806087,0.0],[120.608668,23.805659,0.0],[120.608878,23.805161,0.0],[120.609255,23.804753,0.0],[120.609679,23.804511,0.0],[120.609691,23.803926,0.0],[120.609902,23.803428,0.0],[120.610191,23.803092,0.0],[120.610628,23.802811,0.0],[120.610086,23.801998,0.0],[120.609934,23.801592,0.0],[120.609916,23.801058,0.0],[120.61009,23.800548,0.0],[120.610436,23.800118,0.0],[120.612343,23.798618,0.0],[120.612752,23.798413,0.0],[120.613205,23.798315,0.0],[120.613785,23.798352,0.0],[120.614319,23.798562,0.0],[120.614749,23.798922,0.0],[120.615027,23.799391,0.0],[120.615977,23.804997,0.0],[120.615917,23.805528,0.0],[120.615734,23.805922,0.0],[120.615358,23.80633,0.0],[120.614934,23.806571,0.0],[120.615322,23.806786,0.0],[120.615203,23.806786,0.0],[120.615201,23.807569,0.0],[120.615485,23.807569,0.0],[120.615485,23.807309,0.0],[120.615769,23.807277,0.0],[120.615886,23.80752,0.0],[120.61598,23.808092,0.0],[120.615483,23.808091,0.0],[120.615482,23.808352,0.0],[120.615766,23.808352,0.0],[120.615765,23.808613,0.0],[120.615198,23.808612,0.0],[120.615199,23.808351,0.0],[120.614915,23.80835,0.0],[120.614914,23.808872,0.0],[120.61463,23.808871,0.0],[120.61463,23.809132,0.0],[120.614346,23.809131,0.0],[120.614344,23.809653,0.0],[120.614628,23.809654,0.0],[120.614627,23.809915,0.0],[120.614344,23.809914,0.0],[120.614343,23.810175,0.0],[120.613776,23.810173,0.0],[120.613775,23.810434,0.0],[120.614059,23.810435,0.0],[120.614056,23.811217,0.0],[120.61434,23.811218,0.0],[120.614341,23.810957,0.0],[120.614908,23.810958,0.0],[120.614906,23.81148,0.0],[120.614623,23.811479,0.0],[120.614622,23.81174,0.0],[120.615012,23.811741,0.0],[120.614904,23.812132,0.0],[120.614905,23.812002,0.0],[120.614338,23.812,0.0],[120.614338,23.81174,0.0],[120.614055,23.811739,0.0]],[[120.615768,23.80757,0.0],[120.615485,23.807569,0.0],[120.615484,23.80783,0.0],[120.615767,23.807831,0.0],[120.615768,23.80757,0.0]],[[120.6152,23.807829,0.0],[120.615201,23.807569,0.0],[120.614918,23.807568,0.0],[120.614917,23.807829,0.0],[120.6152,23.807829,0.0]],[[120.612922,23.811475,0.0],[120.612921,23.811736,0.0],[120.612637,23.811735,0.0],[120.612637,23.811996,0.0],[120.61292,23.811997,0.0],[120.612919,23.812258,0.0],[120.613203,23.812258,0.0],[120.613205,23.811476,0.0],[120.612922,23.811475,0.0]]],[[[120.621424,23.812279,0.0],[120.62114,23.812278,0.0],[120.621282,23.812018,0.0],[120.621425,23.812018,0.0],[120.621424,23.812279,0.0]]],[[[120.614723,23.812784,0.0],[120.614651,23.813044,0.0],[120.614618,23.813044,0.0],[120.614619,23.812783,0.0],[120.614723,23.812784,0.0]]],[[[120.611101,23.820338,0.0],[120.611195,23.820128,0.0],[120.611194,23.820338,0.0],[120.611101,23.820338,0.0]]],[[[120.610335,23.823205,0.0],[120.610336,23.822964,0.0],[120.610619,23.823079,0.0],[120.610619,23.823206,0.0],[120.610335,23.823205,0.0]]],[[[120.611753,23.823209,0.0],[120.611752,23.82347,0.0],[120.611469,23.823469,0.0],[120.611469,23.823208,0.0],[120.611753,23.823209,0.0]]],[[[120.61005,23.823726,0.0],[120.609767,23.823725,0.0],[120.609768,23.823465,0.0],[120.610051,23.823465,0.0],[120.61005,23.823726,0.0]]],[[[120.612318,23.823732,0.0],[120.612885,23.823733,0.0],[120.612885,23.823994,0.0],[120.612318,23.823993,0.0],[120.612318,23.823732,0.0]]],[[[120.610615,23.82451,0.0],[120.610616,23.824249,0.0],[120.610899,23.82425,0.0],[120.610898,23.824511,0.0],[120.610615,23.82451,0.0]]],[[[120.609681,23.852415,0.0],[120.609495,23.852414,0.0],[120.609403,23.852267,0.0],[120.609259,23.851892,0.0],[120.609399,23.851892,0.0],[120.609398,23.852153,0.0],[120.609682,23.852154,0.0],[120.609681,23.852415,0.0]]],[[[120.610753,23.873282,0.0],[120.610751,23.873804,0.0],[120.610468,23.873803,0.0],[120.610469,23.873282,0.0],[120.610753,23.873282,0.0]]],[[[120.612982,23.88659,0.0],[120.612983,23.886329,0.0],[120.613267,23.886329,0.0],[120.613266,23.88659,0.0],[120.612982,23.88659,0.0]]],[[[120.606729,23.891007,0.0],[120.606497,23.891007,0.0],[120.606469,23.890746,0.0],[120.606729,23.890747,0.0],[120.606729,23.891007,0.0]]],[[[120.608941,23.910052,0.0],[120.609224,23.910053,0.0],[120.609224,23.910314,0.0],[120.60894,23.910313,0.0],[120.608941,23.910052,0.0]]],[[[120.608935,23.911878,0.0],[120.608402,23.911877,0.0],[120.608301,23.911616,0.0],[120.608936,23.911617,0.0],[120.608935,23.911878,0.0]]],[[[120.61035,23.913186,0.0],[120.610633,23.913186,0.0],[120.610634,23.912926,0.0],[120.610918,23.912926,0.0],[120.610916,23.913448,0.0],[120.610349,23.913446,0.0],[120.61035,23.913186,0.0]]],[[[120.610349,23.913578,0.0],[120.610177,23.913446,0.0],[120.610349,23.913446,0.0],[120.610349,23.913578,0.0]]],[[[120.605773,23.922042,0.0],[120.605784,23.922029,0.0],[120.605784,23.922042,0.0],[120.605773,23.922042,0.0]]],[[[120.607182,23.928698,0.0],[120.606954,23.928565,0.0],[120.607182,23.928565,0.0],[120.607182,23.928698,0.0]]],[[[120.607667,23.928857,0.0],[120.607533,23.928827,0.0],[120.607749,23.928828,0.0],[120.607748,23.929088,0.0],[120.608032,23.929089,0.0],[120.608031,23.92935,0.0],[120.60718,23.929348,0.0],[120.607179,23.929609,0.0],[120.607463,23.929609,0.0],[120.607462,23.92987,0.0],[120.607746,23.929871,0.0],[120.607744,23.930393,0.0],[120.607461,23.930392,0.0],[120.607461,23.930131,0.0],[120.607178,23.93013,0.0],[120.607177,23.930391,0.0],[120.606893,23.93039,0.0],[120.60689,23.931434,0.0],[120.606606,23.931433,0.0],[120.606606,23.931694,0.0],[120.606365,23.931693,0.0],[120.606161,23.930758,0.0],[120.606255,23.930124,0.0],[120.606694,23.929497,0.0],[120.607667,23.928857,0.0]]],[[[120.606363,23.932215,0.0],[120.606604,23.932215,0.0],[120.606605,23.931954,0.0],[120.607172,23.931956,0.0],[120.607172,23.932065,0.0],[120.606368,23.932356,0.0],[120.606363,23.932215,0.0]]],[[[120.659639,23.505301,0.0],[120.65849,23.504463,0.0],[120.65863,23.504331,0.0],[120.659017,23.504169,0.0],[120.659359,23.504107,0.0],[120.659359,23.504338,0.0],[120.659642,23.504339,0.0],[120.659639,23.505301,0.0]]],[[[120.660204,23.50553,0.0],[120.659785,23.505382,0.0],[120.660205,23.505383,0.0],[120.660204,23.50553,0.0]]],[[[120.633095,23.640589,0.0],[120.629906,23.637296,0.0],[120.630003,23.636371,0.0],[120.630358,23.632981,0.0],[120.630152,23.632584,0.0],[120.630146,23.632536,0.0],[120.630129,23.632459,0.0],[120.630069,23.632226,0.0],[120.630025,23.632082,0.0],[120.629974,23.631959,0.0],[120.62988,23.631823,0.0],[120.629798,23.631706,0.0],[120.629477,23.63129,0.0],[120.629155,23.630671,0.0],[120.630143,23.628443,0.0],[120.632496,23.627232,0.0],[120.63312,23.624684,0.0],[120.633592,23.623304,0.0],[120.634232,23.622384,0.0],[120.634628,23.621645,0.0],[120.635314,23.620967,0.0],[120.635755,23.62095,0.0],[120.635963,23.620602,0.0],[120.635426,23.619858,0.0],[120.635432,23.619416,0.0],[120.635856,23.618555,0.0],[120.635948,23.61806,0.0],[120.635837,23.617611,0.0],[120.635608,23.617283,0.0],[120.635468,23.615743,0.0],[120.635135,23.615543,0.0],[120.634185,23.615381,0.0],[120.633638,23.615197,0.0],[120.633088,23.614875,0.0],[120.632561,23.614982,0.0],[120.631469,23.613374,0.0],[120.631333,23.61292,0.0],[120.631344,23.612397,0.0],[120.631232,23.611983,0.0],[120.631225,23.611486,0.0],[120.631076,23.611035,0.0],[120.630537,23.610442,0.0],[120.630339,23.610085,0.0],[120.630232,23.609152,0.0],[120.630003,23.608716,0.0],[120.629969,23.607858,0.0],[120.629839,23.607415,0.0],[120.62895,23.606291,0.0],[120.628597,23.605491,0.0],[120.628601,23.605062,0.0],[120.629166,23.603797,0.0],[120.629382,23.60298,0.0],[120.629764,23.602193,0.0],[120.629754,23.601346,0.0],[120.629569,23.600917,0.0],[120.629119,23.600268,0.0],[120.627302,23.598548,0.0],[120.627104,23.598161,0.0],[120.627083,23.597243,0.0],[120.626849,23.596698,0.0],[120.62619,23.595276,0.0],[120.625416,23.594304,0.0],[120.625195,23.593827,0.0],[120.625271,23.592382,0.0],[120.625035,23.591465,0.0],[120.624868,23.591063,0.0],[120.624033,23.590301,0.0],[120.623529,23.589651,0.0],[120.623556,23.588766,0.0],[120.623426,23.588312,0.0],[120.623394,23.587799,0.0],[120.623098,23.587458,0.0],[120.622134,23.587099,0.0],[120.621535,23.586377,0.0],[120.621313,23.585929,0.0],[120.621022,23.585588,0.0],[120.619187,23.5838,0.0],[120.619131,23.583301,0.0],[120.619222,23.582721,0.0],[120.619184,23.58224,0.0],[120.618547,23.580389,0.0],[120.61764,23.579861,0.0],[120.617342,23.57961,0.0],[120.617114,23.579196,0.0],[120.617056,23.57879,0.0],[120.617099,23.578146,0.0],[120.616915,23.576902,0.0],[120.617092,23.575144,0.0],[120.617394,23.574316,0.0],[120.61719,23.573959,0.0],[120.616764,23.573655,0.0],[120.615362,23.573004,0.0],[120.615023,23.572594,0.0],[120.614464,23.572178,0.0],[120.614006,23.571953,0.0],[120.61376,23.571483,0.0],[120.613075,23.570788,0.0],[120.611901,23.569372,0.0],[120.611204,23.568632,0.0],[120.610614,23.568181,0.0],[120.610029,23.56792,0.0],[120.60896,23.567651,0.0],[120.607424,23.566868,0.0],[120.605837,23.566438,0.0],[120.605532,23.566227,0.0],[120.605525,23.56578,0.0],[120.605756,23.565392,0.0],[120.606522,23.564721,0.0],[120.606753,23.564307,0.0],[120.606782,23.563871,0.0],[120.606915,23.563456,0.0],[120.608567,23.562449,0.0],[120.608822,23.562079,0.0],[120.608814,23.561594,0.0],[120.608642,23.561146,0.0],[120.608364,23.560771,0.0],[120.608404,23.559846,0.0],[120.608293,23.559383,0.0],[120.608088,23.559025,0.0],[120.608029,23.556472,0.0],[120.607614,23.555656,0.0],[120.607911,23.554207,0.0],[120.607583,23.553911,0.0],[120.607212,23.553705,0.0],[120.607543,23.553071,0.0],[120.608054,23.552759,0.0],[120.609128,23.552526,0.0],[120.609505,23.552243,0.0],[120.610304,23.551945,0.0],[120.611191,23.551435,0.0],[120.611524,23.551155,0.0],[120.611866,23.550684,0.0],[120.6122,23.550376,0.0],[120.613137,23.549769,0.0],[120.613897,23.549082,0.0],[120.614754,23.548538,0.0],[120.615403,23.547867,0.0],[120.616604,23.547188,0.0],[120.616472,23.546364,0.0],[120.61652,23.545879,0.0],[120.616689,23.545468,0.0],[120.61783,23.544107,0.0],[120.618254,23.543844,0.0],[120.618917,23.543117,0.0],[120.619367,23.542231,0.0],[120.620023,23.541458,0.0],[120.620233,23.540635,0.0],[120.62047,23.540209,0.0],[120.62188,23.539453,0.0],[120.623223,23.539229,0.0],[120.623763,23.539054,0.0],[120.624571,23.538424,0.0],[120.625583,23.538185,0.0],[120.625989,23.537996,0.0],[120.626718,23.537354,0.0],[120.627555,23.537004,0.0],[120.628011,23.536664,0.0],[120.628303,23.536245,0.0],[120.628442,23.535812,0.0],[120.628715,23.535447,0.0],[120.6293,23.535103,0.0],[120.629773,23.53496,0.0],[120.631073,23.534249,0.0],[120.631946,23.533884,0.0],[120.632803,23.533244,0.0],[120.633596,23.532194,0.0],[120.633868,23.531357,0.0],[120.634171,23.53095,0.0],[120.63448,23.530194,0.0],[120.635013,23.529559,0.0],[120.635423,23.528821,0.0],[120.636269,23.527941,0.0],[120.636369,23.527887,0.0],[120.63817,23.528194,0.0],[120.641145,23.528007,0.0],[120.641597,23.528107,0.0],[120.642095,23.528381,0.0],[120.64271,23.529011,0.0],[120.643281,23.529463,0.0],[120.644246,23.530576,0.0],[120.645087,23.530501,0.0],[120.645655,23.530609,0.0],[120.650183,23.532381,0.0],[120.65066,23.532684,0.0],[120.651074,23.533264,0.0],[120.653284,23.538726,0.0],[120.653283,23.539155,0.0],[120.653159,23.539568,0.0],[120.651946,23.541819,0.0],[120.651514,23.542321,0.0],[120.651015,23.542592,0.0],[120.650213,23.54269,0.0],[120.64945,23.542443,0.0],[120.649096,23.542166,0.0],[120.647764,23.540686,0.0],[120.647153,23.54325,0.0],[120.645994,23.546957,0.0],[120.645339,23.551716,0.0],[120.645702,23.554561,0.0],[120.645434,23.556605,0.0],[120.646189,23.556362,0.0],[120.646136,23.555719,0.0],[120.646288,23.555167,0.0],[120.645961,23.554836,0.0],[120.645718,23.554351,0.0],[120.645373,23.551882,0.0],[120.645396,23.551364,0.0],[120.645606,23.550865,0.0],[120.647532,23.548435,0.0],[120.65121,23.542883,0.0],[120.651489,23.542563,0.0],[120.652185,23.542184,0.0],[120.65504,23.541438,0.0],[120.655547,23.540863,0.0],[120.655902,23.540587,0.0],[120.657796,23.539831,0.0],[120.657946,23.538741,0.0],[120.657674,23.536661,0.0],[120.65781,23.535926,0.0],[120.658048,23.535558,0.0],[120.659761,23.533615,0.0],[120.66024,23.533314,0.0],[120.660754,23.533179,0.0],[120.660564,23.532708,0.0],[120.660473,23.532058,0.0],[120.659286,23.532659,0.0],[120.659286,23.532507,0.0],[120.658438,23.532505,0.0],[120.658437,23.532723,0.0],[120.658317,23.532701,0.0],[120.657884,23.532546,0.0],[120.657429,23.532213,0.0],[120.657167,23.531859,0.0],[120.656997,23.531348,0.0],[120.657071,23.530631,0.0],[120.659387,23.524321,0.0],[120.663037,23.520116,0.0],[120.665057,23.518604,0.0],[120.666524,23.517009,0.0],[120.671108,23.514532,0.0],[120.673132,23.513747,0.0],[120.679057,23.510445,0.0],[120.681882,23.507202,0.0],[120.682259,23.505996,0.0],[120.681954,23.505805,0.0],[120.681643,23.505486,0.0],[120.680352,23.503458,0.0],[120.681376,23.503145,0.0],[120.688998,23.508953,0.0],[120.689411,23.509173,0.0],[120.689788,23.509505,0.0],[120.690501,23.51039,0.0],[120.691576,23.511369,0.0],[120.691981,23.51191,0.0],[120.692879,23.511464,0.0],[120.700339,23.517123,0.0],[120.700339,23.517203,0.0],[120.700445,23.517203,0.0],[120.705704,23.521191,0.0],[120.705704,23.521386,0.0],[120.705138,23.521385,0.0],[120.705137,23.521646,0.0],[120.705703,23.521647,0.0],[120.705703,23.521908,0.0],[120.705985,23.521908,0.0],[120.705987,23.521406,0.0],[120.706996,23.522171,0.0],[120.706551,23.52217,0.0],[120.706549,23.522953,0.0],[120.706832,23.522953,0.0],[120.706831,23.523214,0.0],[120.707114,23.523215,0.0],[120.707116,23.522262,0.0],[120.711823,23.525832,0.0],[120.711634,23.525831,0.0],[120.711633,23.526353,0.0],[120.711916,23.526354,0.0],[120.711917,23.525903,0.0],[120.734082,23.542706,0.0],[120.734312,23.543109,0.0],[120.736874,23.545358,0.0],[120.738645,23.548787,0.0],[120.741953,23.548671,0.0],[120.747881,23.553163,0.0],[120.748484,23.555084,0.0],[120.748402,23.555825,0.0],[120.747965,23.556452,0.0],[120.745986,23.558067,0.0],[120.745468,23.558308,0.0],[120.744949,23.558378,0.0],[120.744835,23.558761,0.0],[120.742621,23.563705,0.0],[120.742393,23.563705,0.0],[120.742392,23.563966,0.0],[120.742504,23.563966,0.0],[120.741294,23.566666,0.0],[120.741057,23.567035,0.0],[120.740634,23.567388,0.0],[120.735996,23.570138,0.0],[120.735454,23.57035,0.0],[120.73135,23.570867,0.0],[120.72787,23.5713,0.0],[120.725813,23.57224,0.0],[120.725351,23.572283,0.0],[120.721731,23.572144,0.0],[120.721174,23.572037,0.0],[120.720589,23.571691,0.0],[120.717937,23.569046,0.0],[120.717158,23.568268,0.0],[120.716896,23.567914,0.0],[120.716725,23.567403,0.0],[120.716801,23.565138,0.0],[120.715701,23.563212,0.0],[120.714829,23.563227,0.0],[120.714127,23.563017,0.0],[120.714037,23.563777,0.0],[120.713601,23.564404,0.0],[120.710835,23.56608,0.0],[120.709166,23.567663,0.0],[120.710931,23.568548,0.0],[120.711333,23.568933,0.0],[120.711542,23.569316,0.0],[120.711633,23.569951,0.0],[120.711436,23.570887,0.0],[120.711228,23.571792,0.0],[120.71197,23.572035,0.0],[120.712531,23.572572,0.0],[120.712738,23.573071,0.0],[120.712756,23.573606,0.0],[120.712371,23.574909,0.0],[120.712016,23.575459,0.0],[120.71156,23.575789,0.0],[120.711125,23.575943,0.0],[120.710547,23.575977,0.0],[120.710026,23.57585,0.0],[120.70904,23.576694,0.0],[120.708796,23.57744,0.0],[120.708402,23.577968,0.0],[120.708027,23.578221,0.0],[120.707593,23.578374,0.0],[120.707131,23.578416,0.0],[120.706698,23.578351,0.0],[120.705796,23.579824,0.0],[120.705461,23.580121,0.0],[120.705053,23.580327,0.0],[120.704251,23.580424,0.0],[120.703588,23.580233,0.0],[120.703215,23.579979,0.0],[120.701342,23.578313,0.0],[120.700653,23.579508,0.0],[120.700186,23.579982,0.0],[120.699667,23.580222,0.0],[120.697708,23.580624,0.0],[120.697804,23.580831,0.0],[120.700181,23.582195,0.0],[120.700701,23.582765,0.0],[120.700853,23.58317,0.0],[120.701645,23.587314,0.0],[120.702604,23.591324,0.0],[120.702628,23.591813,0.0],[120.703694,23.592633,0.0],[120.704005,23.592951,0.0],[120.704275,23.593541,0.0],[120.70428,23.594151,0.0],[120.705983,23.594846,0.0],[120.706582,23.595347,0.0],[120.70679,23.595729,0.0],[120.706886,23.596257,0.0],[120.706788,23.596784,0.0],[120.706578,23.597166,0.0],[120.706173,23.59755,0.0],[120.704085,23.598736,0.0],[120.703218,23.601052,0.0],[120.702824,23.601579,0.0],[120.702345,23.601881,0.0],[120.699995,23.602809,0.0],[120.699426,23.602914,0.0],[120.698741,23.602806,0.0],[120.698243,23.602533,0.0],[120.697801,23.602022,0.0],[120.696661,23.602273,0.0],[120.695967,23.602251,0.0],[120.695433,23.602041,0.0],[120.694727,23.601527,0.0],[120.694527,23.601986,0.0],[120.694238,23.602321,0.0],[120.693863,23.602575,0.0],[120.693314,23.602749,0.0],[120.692734,23.602748,0.0],[120.69222,23.602587,0.0],[120.69222,23.602477,0.0],[120.692504,23.602477,0.0],[120.692504,23.602216,0.0],[120.692221,23.602216,0.0],[120.692222,23.601955,0.0],[120.691373,23.601953,0.0],[120.691372,23.602214,0.0],[120.691089,23.602213,0.0],[120.691088,23.602474,0.0],[120.691654,23.602475,0.0],[120.691654,23.602736,0.0],[120.691927,23.602737,0.0],[120.691776,23.603346,0.0],[120.691631,23.603716,0.0],[120.691367,23.604069,0.0],[120.690699,23.60449,0.0],[120.690014,23.604595,0.0],[120.68929,23.604422,0.0],[120.688962,23.604908,0.0],[120.688401,23.605286,0.0],[120.687685,23.605499,0.0],[120.687685,23.605337,0.0],[120.687402,23.605336,0.0],[120.687402,23.605576,0.0],[120.6851,23.606189,0.0],[120.684406,23.606166,0.0],[120.683776,23.605895,0.0],[120.683311,23.605419,0.0],[120.683089,23.604836,0.0],[120.682745,23.605431,0.0],[120.682213,23.605843,0.0],[120.681549,23.606031,0.0],[120.680777,23.60594,0.0],[120.680899,23.606105,0.0],[120.68089,23.606366,0.0],[120.681034,23.606366,0.0],[120.681082,23.606504,0.0],[120.681127,23.607143,0.0],[120.680898,23.607747,0.0],[120.680436,23.608242,0.0],[120.682553,23.608449,0.0],[120.682997,23.608577,0.0],[120.683556,23.608957,0.0],[120.684762,23.610299,0.0],[120.685482,23.610362,0.0],[120.686091,23.610671,0.0],[120.686408,23.610997,0.0],[120.687414,23.612469,0.0],[120.687505,23.613103,0.0],[120.68732,23.613721,0.0],[120.686975,23.61415,0.0],[120.685416,23.615344,0.0],[120.684439,23.61605,0.0],[120.679387,23.617444,0.0],[120.677563,23.618401,0.0],[120.67614,23.621406,0.0],[120.675833,23.621844,0.0],[120.669901,23.626251,0.0],[120.671377,23.628643,0.0],[120.671548,23.629154,0.0],[120.670655,23.63747,0.0],[120.671595,23.639013,0.0],[120.671732,23.639641,0.0],[120.671568,23.64117,0.0],[120.671669,23.642184,0.0],[120.671606,23.642609,0.0],[120.669847,23.645525,0.0],[120.671996,23.646607,0.0],[120.674319,23.64539,0.0],[120.676753,23.644431,0.0],[120.677328,23.644361,0.0],[120.678995,23.644517,0.0],[120.681303,23.643005,0.0],[120.683229,23.64223,0.0],[120.684963,23.641327,0.0],[120.687507,23.640703,0.0],[120.686908,23.638189,0.0],[120.678669,23.638931,0.0],[120.678211,23.638858,0.0],[120.677693,23.638616,0.0],[120.67736,23.638318,0.0],[120.677082,23.637848,0.0],[120.67699,23.637428,0.0],[120.67705,23.636896,0.0],[120.678305,23.634073,0.0],[120.678618,23.633756,0.0],[120.67901,23.633527,0.0],[120.681048,23.632821,0.0],[120.680624,23.632201,0.0],[120.680533,23.631566,0.0],[120.681434,23.628435,0.0],[120.681871,23.627808,0.0],[120.683206,23.626784,0.0],[120.683091,23.625487,0.0],[120.683184,23.625067,0.0],[120.68343,23.624642,0.0],[120.682778,23.624574,0.0],[120.682261,23.624332,0.0],[120.680327,23.622618,0.0],[120.680065,23.622264,0.0],[120.679913,23.621859,0.0],[120.679883,23.621431,0.0],[120.679977,23.621012,0.0],[120.680332,23.620462,0.0],[120.680893,23.620083,0.0],[120.681337,23.619957,0.0],[120.683333,23.619693,0.0],[120.684101,23.61975,0.0],[120.684723,23.620069,0.0],[120.68518,23.619903,0.0],[120.685643,23.619861,0.0],[120.688951,23.620175,0.0],[120.691581,23.619693,0.0],[120.69215,23.619801,0.0],[120.692734,23.620147,0.0],[120.693078,23.620578,0.0],[120.693344,23.621324,0.0],[120.694014,23.620658,0.0],[120.694422,23.620452,0.0],[120.694875,23.620354,0.0],[120.695339,23.620369,0.0],[120.695783,23.620497,0.0],[120.696175,23.620728,0.0],[120.696495,23.621046,0.0],[120.696793,23.620626,0.0],[120.697149,23.62035,0.0],[120.698611,23.619718,0.0],[120.699205,23.618535,0.0],[120.70007,23.617073,0.0],[120.699907,23.614408,0.0],[120.700034,23.61247,0.0],[120.700128,23.61205,0.0],[120.700483,23.6115,0.0],[120.701848,23.61037,0.0],[120.701178,23.610241,0.0],[120.700593,23.609895,0.0],[120.700201,23.609366,0.0],[120.700064,23.608738,0.0],[120.70016,23.608217,0.0],[120.701249,23.605325,0.0],[120.701563,23.604875,0.0],[120.702019,23.604544,0.0],[120.702567,23.60437,0.0],[120.703148,23.604371,0.0],[120.70531,23.605085,0.0],[120.705673,23.605372,0.0],[120.705517,23.605371,0.0],[120.705516,23.605632,0.0],[120.705799,23.605633,0.0],[120.705799,23.60552,0.0],[120.705975,23.605813,0.0],[120.7062,23.606901,0.0],[120.707372,23.60616,0.0],[120.707795,23.60598,0.0],[120.708486,23.605917,0.0],[120.709149,23.606108,0.0],[120.709748,23.606609,0.0],[120.711929,23.609664,0.0],[120.712478,23.608713,0.0],[120.713079,23.608214,0.0],[120.71386,23.608019,0.0],[120.714322,23.608063,0.0],[120.714756,23.608218,0.0],[120.71513,23.608472,0.0],[120.715473,23.608903,0.0],[120.715908,23.610295,0.0],[120.716285,23.610415,0.0],[120.716676,23.610646,0.0],[120.71705,23.611055,0.0],[120.71727,23.611621,0.0],[120.717745,23.611723,0.0],[120.718153,23.611929,0.0],[120.718486,23.612228,0.0],[120.718722,23.612597,0.0],[120.718844,23.61301,0.0],[120.718843,23.613439,0.0],[120.71831,23.615034,0.0],[120.718021,23.615369,0.0],[120.717646,23.615623,0.0],[120.717098,23.615797,0.0],[120.716633,23.615811,0.0],[120.716181,23.615711,0.0],[120.715774,23.615504,0.0],[120.714743,23.614573,0.0],[120.714452,23.614162,0.0],[120.713931,23.613991,0.0],[120.71351,23.61369,0.0],[120.712652,23.61397,0.0],[120.711845,23.613919,0.0],[120.711236,23.61361,0.0],[120.710842,23.613169,0.0],[120.707546,23.612464,0.0],[120.707047,23.612191,0.0],[120.706661,23.611772,0.0],[120.706162,23.612301,0.0],[120.705575,23.612558,0.0],[120.706568,23.614243,0.0],[120.707405,23.614947,0.0],[120.707715,23.615395,0.0],[120.708621,23.617401,0.0],[120.708678,23.617933,0.0],[120.708528,23.618481,0.0],[120.709154,23.618407,0.0],[120.713412,23.618649,0.0],[120.713825,23.618719,0.0],[120.714246,23.6189,0.0],[120.714601,23.619177,0.0],[120.714863,23.619531,0.0],[120.716787,23.623411,0.0],[120.71736,23.622874,0.0],[120.717991,23.622606,0.0],[120.718454,23.622563,0.0],[120.720251,23.622665,0.0],[120.720351,23.62256,0.0],[120.719568,23.621911,0.0],[120.719281,23.621574,0.0],[120.719073,23.621075,0.0],[120.719043,23.620647,0.0],[120.719685,23.617192,0.0],[120.72004,23.616641,0.0],[120.7206,23.616262,0.0],[120.721045,23.616136,0.0],[120.721509,23.616123,0.0],[120.721962,23.616223,0.0],[120.722369,23.61643,0.0],[120.725338,23.619497,0.0],[120.725519,23.619892,0.0],[120.72558,23.620317,0.0],[120.725372,23.623466,0.0],[120.726504,23.624537,0.0],[120.728781,23.625505,0.0],[120.729259,23.625808,0.0],[120.729693,23.626437,0.0],[120.729772,23.627179,0.0],[120.729649,23.627592,0.0],[120.729336,23.628042,0.0],[120.72898,23.628318,0.0],[120.728445,23.628526,0.0],[120.727982,23.628568,0.0],[120.724256,23.628357,0.0],[120.724349,23.628482,0.0],[120.72645,23.629833,0.0],[120.726873,23.630324,0.0],[120.727826,23.62945,0.0],[120.728457,23.629181,0.0],[120.72892,23.629139,0.0],[120.729378,23.629211,0.0],[120.730073,23.629592,0.0],[120.730507,23.630221,0.0],[120.732305,23.635755,0.0],[120.735698,23.636476,0.0],[120.736394,23.636857,0.0],[120.737496,23.638287,0.0],[120.737703,23.638786,0.0],[120.737733,23.639214,0.0],[120.73764,23.639634,0.0],[120.737203,23.640261,0.0],[120.736617,23.640605,0.0],[120.73003,23.642891,0.0],[120.729455,23.642961,0.0],[120.728241,23.642871,0.0],[120.729608,23.64519,0.0],[120.729699,23.645824,0.0],[120.729564,23.646344,0.0],[120.729169,23.646871,0.0],[120.726624,23.648887,0.0],[120.724261,23.651403,0.0],[120.723805,23.651733,0.0],[120.723025,23.651929,0.0],[120.720359,23.651737,0.0],[120.71988,23.652715,0.0],[120.719616,23.653068,0.0],[120.71916,23.653399,0.0],[120.718611,23.653573,0.0],[120.714823,23.653335,0.0],[120.713091,23.653458,0.0],[120.712406,23.65335,0.0],[120.710391,23.652209,0.0],[120.709892,23.651763,0.0],[120.709683,23.651381,0.0],[120.709588,23.650853,0.0],[120.709685,23.650326,0.0],[120.709896,23.649944,0.0],[120.710497,23.649445,0.0],[120.714079,23.647975,0.0],[120.714765,23.647617,0.0],[120.715332,23.647643,0.0],[120.715332,23.647382,0.0],[120.715217,23.647382,0.0],[120.717408,23.64624,0.0],[120.717882,23.645319,0.0],[120.718518,23.644858,0.0],[120.719195,23.644711,0.0],[120.71977,23.644783,0.0],[120.720379,23.645092,0.0],[120.720778,23.645545,0.0],[120.72101,23.645506,0.0],[120.721097,23.644177,0.0],[120.721189,23.643779,0.0],[120.721469,23.64331,0.0],[120.721948,23.642894,0.0],[120.720779,23.641959,0.0],[120.720491,23.641622,0.0],[120.720265,23.641017,0.0],[120.720347,23.640275,0.0],[120.720784,23.639648,0.0],[120.724139,23.636992,0.0],[120.724432,23.636562,0.0],[120.723519,23.635719,0.0],[120.723256,23.635367,0.0],[120.722625,23.634959,0.0],[120.719581,23.631758,0.0],[120.719054,23.632005,0.0],[120.718479,23.632075,0.0],[120.71791,23.631968,0.0],[120.717325,23.631622,0.0],[120.716472,23.630831,0.0],[120.71621,23.630477,0.0],[120.716039,23.629966,0.0],[120.716086,23.629328,0.0],[120.714776,23.627976,0.0],[120.710233,23.628217,0.0],[120.708503,23.629971,0.0],[120.708003,23.630243,0.0],[120.707317,23.630348,0.0],[120.706749,23.63024,0.0],[120.70625,23.629967,0.0],[120.703757,23.627409,0.0],[120.703605,23.627417,0.0],[120.703147,23.628309,0.0],[120.702772,23.628717,0.0],[120.702162,23.629023,0.0],[120.70147,23.629086,0.0],[120.700807,23.628895,0.0],[120.700352,23.628563,0.0],[120.70009,23.628209,0.0],[120.699495,23.627013,0.0],[120.698924,23.628787,0.0],[120.698487,23.629414,0.0],[120.69779,23.629793,0.0],[120.695751,23.630211,0.0],[120.697651,23.633282,0.0],[120.697819,23.633656,0.0],[120.698358,23.638424,0.0],[120.698326,23.638851,0.0],[120.698172,23.639256,0.0],[120.697649,23.639824,0.0],[120.693441,23.642586,0.0],[120.693007,23.64274,0.0],[120.692544,23.642781,0.0],[120.691162,23.64251,0.0],[120.693226,23.645618,0.0],[120.693412,23.646344,0.0],[120.693349,23.646768,0.0],[120.693103,23.647253,0.0],[120.689749,23.651527,0.0],[120.690083,23.652123,0.0],[120.69144,23.65781,0.0],[120.691458,23.658345,0.0],[120.691284,23.658855,0.0],[120.69102,23.659208,0.0],[120.690564,23.659538,0.0],[120.68779,23.660647,0.0],[120.687153,23.660778,0.0],[120.686044,23.660686,0.0],[120.684764,23.661358,0.0],[120.68433,23.661511,0.0],[120.683751,23.661545,0.0],[120.683298,23.661445,0.0],[120.681468,23.660496,0.0],[120.680551,23.660188,0.0],[120.679367,23.661495,0.0],[120.679533,23.663047,0.0],[120.679442,23.664033,0.0],[120.679498,23.664076,0.0],[120.681185,23.663924,0.0],[120.682155,23.663998,0.0],[120.683929,23.663868,0.0],[120.684368,23.663964,0.0],[120.687483,23.665049,0.0],[120.689762,23.663853,0.0],[120.690311,23.663679,0.0],[120.690777,23.663665,0.0],[120.693793,23.663955,0.0],[120.694143,23.663584,0.0],[120.694518,23.66333,0.0],[120.694952,23.663177,0.0],[120.695415,23.663135,0.0],[120.696994,23.663315,0.0],[120.697416,23.663496,0.0],[120.69777,23.663773,0.0],[120.698076,23.664213,0.0],[120.699424,23.667091,0.0],[120.700164,23.667666,0.0],[120.700508,23.668097,0.0],[120.701394,23.670197,0.0],[120.701486,23.670617,0.0],[120.701427,23.671149,0.0],[120.701181,23.671634,0.0],[120.700869,23.671951,0.0],[120.701699,23.671747,0.0],[120.702279,23.671748,0.0],[120.702928,23.671979,0.0],[120.703426,23.672425,0.0],[120.703635,23.672808,0.0],[120.703731,23.673336,0.0],[120.703668,23.67376,0.0],[120.703296,23.67493,0.0],[120.703501,23.675367,0.0],[120.704575,23.674251,0.0],[120.705272,23.673873,0.0],[120.705731,23.673802,0.0],[120.706193,23.673846,0.0],[120.706627,23.674001,0.0],[120.707001,23.674256,0.0],[120.707289,23.674593,0.0],[120.707469,23.674987,0.0],[120.708476,23.6786,0.0],[120.708526,23.67911,0.0],[120.708341,23.679727,0.0],[120.707909,23.680229,0.0],[120.703122,23.683872,0.0],[120.702713,23.684078,0.0],[120.702261,23.684176,0.0],[120.701459,23.684075,0.0],[120.700874,23.683729,0.0],[120.697046,23.679483,0.0],[120.695419,23.680042,0.0],[120.696225,23.681349,0.0],[120.696377,23.681754,0.0],[120.696407,23.682181,0.0],[120.696243,23.683635,0.0],[120.697447,23.684566,0.0],[120.697735,23.684903,0.0],[120.697942,23.685402,0.0],[120.698192,23.686707,0.0],[120.698842,23.686926,0.0],[120.701601,23.688314,0.0],[120.7039,23.688424,0.0],[120.703112,23.687694,0.0],[120.702801,23.687243,0.0],[120.702664,23.686615,0.0],[120.702804,23.685988,0.0],[120.703199,23.685461,0.0],[120.703678,23.685159,0.0],[120.705085,23.684778,0.0],[120.705548,23.684736,0.0],[120.706116,23.684843,0.0],[120.706615,23.685117,0.0],[120.706989,23.685526,0.0],[120.70717,23.685921,0.0],[120.707195,23.686665,0.0],[120.706829,23.687863,0.0],[120.706589,23.688282,0.0],[120.710813,23.688065,0.0],[120.711382,23.688172,0.0],[120.711881,23.688446,0.0],[120.713425,23.689722,0.0],[120.713817,23.690251,0.0],[120.715895,23.696463,0.0],[120.716787,23.698767,0.0],[120.716637,23.698766,0.0],[120.716636,23.699288,0.0],[120.717202,23.699289,0.0],[120.717203,23.698966,0.0],[120.7177,23.698631,0.0],[120.716834,23.697202,0.0],[120.717207,23.697202,0.0],[120.717207,23.696942,0.0],[120.716726,23.696941,0.0],[120.716674,23.696713,0.0],[120.716662,23.696419,0.0],[120.716925,23.696419,0.0],[120.716926,23.696159,0.0],[120.7167,23.696158,0.0],[120.716757,23.695971,0.0],[120.717194,23.695344,0.0],[120.717891,23.694966,0.0],[120.720296,23.694523,0.0],[120.720987,23.694588,0.0],[120.721683,23.694969,0.0],[120.72197,23.695306,0.0],[120.722737,23.696724,0.0],[120.722918,23.69744,0.0],[120.722821,23.697967,0.0],[120.722541,23.698435,0.0],[120.722109,23.698793,0.0],[120.72164,23.698988,0.0],[120.723701,23.700361,0.0],[120.724075,23.70077,0.0],[120.724256,23.701165,0.0],[120.725085,23.70408,0.0],[120.726246,23.705772,0.0],[120.726454,23.706271,0.0],[120.726425,23.707016,0.0],[120.726242,23.70741,0.0],[120.725953,23.707746,0.0],[120.725256,23.708125,0.0],[120.724797,23.708195,0.0],[120.724374,23.70816,0.0],[120.726158,23.708922,0.0],[120.726532,23.709177,0.0],[120.726924,23.709705,0.0],[120.727282,23.710751,0.0],[120.728664,23.710299,0.0],[120.729123,23.710229,0.0],[120.732836,23.710432,0.0],[120.73351,23.708713,0.0],[120.731406,23.705927,0.0],[120.731203,23.70556,0.0],[120.72905,23.699987,0.0],[120.729005,23.699349,0.0],[120.729297,23.698654,0.0],[120.729667,23.698293,0.0],[120.73397,23.695235,0.0],[120.735384,23.694604,0.0],[120.73605,23.692635,0.0],[120.736405,23.692085,0.0],[120.738241,23.690568,0.0],[120.741075,23.687676,0.0],[120.749771,23.680716,0.0],[120.75265,23.679015,0.0],[120.757605,23.675842,0.0],[120.761602,23.674148,0.0],[120.763752,23.671939,0.0],[120.76475,23.671106,0.0],[120.765587,23.670251,0.0],[120.765696,23.670158,0.0],[120.765972,23.670158,0.0],[120.765972,23.669931,0.0],[120.766442,23.669546,0.0],[120.767926,23.659476,0.0],[120.768136,23.658977,0.0],[120.768511,23.65857,0.0],[120.769011,23.658298,0.0],[120.773313,23.656883,0.0],[120.775782,23.656183,0.0],[120.780124,23.653093,0.0],[120.780643,23.652853,0.0],[120.781101,23.652782,0.0],[120.787439,23.653889,0.0],[120.788044,23.654112,0.0],[120.788543,23.654558,0.0],[120.788786,23.655044,0.0],[120.788931,23.656741,0.0],[120.788878,23.657237,0.0],[120.789264,23.657105,0.0],[120.789727,23.657063,0.0],[120.790507,23.657261,0.0],[120.790881,23.657516,0.0],[120.791735,23.658307,0.0],[120.791997,23.65866,0.0],[120.792137,23.65902,0.0],[120.795949,23.657748,0.0],[120.796528,23.657713,0.0],[120.797087,23.657855,0.0],[120.80062,23.659675,0.0],[120.80105,23.660034,0.0],[120.801328,23.660503,0.0],[120.802888,23.665294,0.0],[120.80391,23.667979,0.0],[120.803713,23.67065,0.0],[120.804244,23.676916,0.0],[120.804147,23.677443,0.0],[120.803867,23.677911,0.0],[120.802492,23.679038,0.0],[120.801065,23.681967,0.0],[120.800235,23.683335,0.0],[120.799414,23.688179,0.0],[120.7991,23.68875,0.0],[120.798472,23.689207,0.0],[120.801852,23.691468,0.0],[120.802115,23.691821,0.0],[120.802267,23.692226,0.0],[120.802297,23.692654,0.0],[120.802204,23.693074,0.0],[120.801924,23.693542,0.0],[120.801493,23.6939,0.0],[120.799409,23.694773,0.0],[120.798209,23.696051,0.0],[120.798148,23.696506,0.0],[120.797902,23.69699,0.0],[120.795195,23.70017,0.0],[120.79767,23.70148,0.0],[120.798101,23.701983,0.0],[120.798287,23.702708,0.0],[120.79819,23.703235,0.0],[120.79791,23.703704,0.0],[120.796368,23.704963,0.0],[120.797678,23.709395,0.0],[120.797735,23.709927,0.0],[120.797497,23.712611,0.0],[120.797363,23.71311,0.0],[120.796969,23.713637,0.0],[120.795708,23.714638,0.0],[120.797408,23.716061,0.0],[120.797679,23.71665,0.0],[120.797678,23.717291,0.0],[120.797468,23.717789,0.0],[120.797093,23.718197,0.0],[120.795135,23.719342,0.0],[120.797147,23.720653,0.0],[120.797435,23.72099,0.0],[120.797643,23.721489,0.0],[120.797673,23.721917,0.0],[120.797299,23.725265,0.0],[120.799257,23.728428,0.0],[120.799444,23.729153,0.0],[120.799304,23.729782,0.0],[120.797772,23.733075,0.0],[120.798781,23.732841,0.0],[120.799473,23.732906,0.0],[120.800169,23.733286,0.0],[120.800603,23.733915,0.0],[120.800683,23.734657,0.0],[120.800298,23.73596,0.0],[120.800018,23.736429,0.0],[120.799545,23.73681,0.0],[120.800516,23.740867,0.0],[120.802483,23.742174,0.0],[120.803821,23.742065,0.0],[120.804497,23.742214,0.0],[120.804976,23.742517,0.0],[120.805573,23.743166,0.0],[120.810699,23.744013,0.0],[120.811332,23.744242,0.0],[120.811894,23.744778,0.0],[120.814311,23.748674,0.0],[120.814706,23.747055,0.0],[120.814951,23.74657,0.0],[120.815263,23.746253,0.0],[120.817116,23.74484,0.0],[120.816425,23.738512,0.0],[120.816519,23.737877,0.0],[120.816955,23.73725,0.0],[120.819903,23.734995,0.0],[120.819394,23.734377,0.0],[120.81522,23.73164,0.0],[120.814754,23.731164,0.0],[120.814527,23.730559,0.0],[120.814233,23.727795,0.0],[120.814422,23.72707,0.0],[120.814916,23.726523,0.0],[120.814458,23.726266,0.0],[120.814084,23.725857,0.0],[120.81291,23.723389,0.0],[120.811956,23.72199,0.0],[120.810489,23.721538,0.0],[120.810097,23.721307,0.0],[120.809785,23.720989,0.0],[120.807455,23.716669,0.0],[120.80736,23.716142,0.0],[120.807393,23.714724,0.0],[120.805072,23.708453,0.0],[120.804983,23.70804,0.0],[120.805014,23.707613,0.0],[120.805167,23.707208,0.0],[120.805431,23.706855,0.0],[120.809629,23.702843,0.0],[120.810004,23.70259,0.0],[120.81098,23.702153,0.0],[120.807778,23.699291,0.0],[120.80602,23.696029,0.0],[120.804218,23.69441,0.0],[120.80394,23.693941,0.0],[120.803848,23.693521,0.0],[120.80394,23.689342,0.0],[120.803878,23.684276,0.0],[120.804854,23.681621,0.0],[120.806008,23.676395,0.0],[120.806321,23.675945,0.0],[120.807925,23.67441,0.0],[120.808598,23.674,0.0],[120.807,23.672536,0.0],[120.80673,23.671946,0.0],[120.806731,23.671306,0.0],[120.807003,23.670717,0.0],[120.807604,23.670218,0.0],[120.80803,23.670066,0.0],[120.810064,23.669612,0.0],[120.80955,23.669208,0.0],[120.809233,23.668617,0.0],[120.808862,23.668741,0.0],[120.808399,23.668784,0.0],[120.807941,23.668712,0.0],[120.807519,23.668531,0.0],[120.806391,23.66754,0.0],[120.80608,23.667089,0.0],[120.805957,23.666676,0.0],[120.805958,23.666247,0.0],[120.806081,23.665834,0.0],[120.806319,23.665466,0.0],[120.806955,23.665005,0.0],[120.808213,23.664659,0.0],[120.806124,23.662784,0.0],[120.805736,23.66213,0.0],[120.805675,23.661705,0.0],[120.805759,23.655822,0.0],[120.802242,23.651439,0.0],[120.796485,23.653246,0.0],[120.796026,23.653316,0.0],[120.795563,23.653273,0.0],[120.794933,23.653002,0.0],[120.794468,23.652527,0.0],[120.79426,23.652028,0.0],[120.794234,23.651309,0.0],[120.790654,23.649691,0.0],[120.790155,23.649245,0.0],[120.789865,23.648549,0.0],[120.789948,23.647808,0.0],[120.790158,23.647426,0.0],[120.79047,23.647109,0.0],[120.79309,23.645673,0.0],[120.793638,23.645498,0.0],[120.797638,23.645411,0.0],[120.798078,23.645455,0.0],[120.801359,23.646965,0.0],[120.803063,23.646474,0.0],[120.803076,23.643716,0.0],[120.803169,23.643296,0.0],[120.803456,23.64275,0.0],[120.802883,23.642453,0.0],[120.802509,23.642044,0.0],[120.801556,23.639649,0.0],[120.801465,23.639014,0.0],[120.801615,23.638466,0.0],[120.801213,23.637986,0.0],[120.801031,23.637369,0.0],[120.801062,23.636941,0.0],[120.801376,23.635767,0.0],[120.800572,23.63551,0.0],[120.800217,23.635233,0.0],[120.799954,23.63488,0.0],[120.799802,23.634475,0.0],[120.799772,23.634047,0.0],[120.799865,23.633628,0.0],[120.800076,23.633245,0.0],[120.800576,23.632801,0.0],[120.802403,23.631927,0.0],[120.803088,23.631822,0.0],[120.803868,23.63202,0.0],[120.804398,23.632434,0.0],[120.804785,23.633127,0.0],[120.805691,23.63337,0.0],[120.80625,23.63375,0.0],[120.806603,23.634302,0.0],[120.806684,23.635039,0.0],[120.809893,23.637093,0.0],[120.810205,23.637544,0.0],[120.810327,23.637958,0.0],[120.810327,23.638386,0.0],[120.810182,23.63884,0.0],[120.811392,23.638577,0.0],[120.812184,23.638727,0.0],[120.812818,23.639189,0.0],[120.813136,23.639782,0.0],[120.813899,23.639797,0.0],[120.814447,23.639973,0.0],[120.815855,23.64115,0.0],[120.816117,23.641504,0.0],[120.816269,23.641909,0.0],[120.816289,23.642858,0.0],[120.818006,23.64363,0.0],[120.818381,23.643885,0.0],[120.818815,23.644513,0.0],[120.818907,23.645148,0.0],[120.818814,23.645568,0.0],[120.818603,23.64595,0.0],[120.8148,23.65075,0.0],[120.817142,23.653001,0.0],[120.818486,23.653641,0.0],[120.821955,23.652052,0.0],[120.822764,23.652053,0.0],[120.823198,23.652207,0.0],[120.823572,23.652462,0.0],[120.823965,23.65299,0.0],[120.824102,23.653585,0.0],[120.824216,23.659381,0.0],[120.824081,23.659901,0.0],[120.823443,23.661047,0.0],[120.823969,23.662467,0.0],[120.826271,23.66143,0.0],[120.826851,23.661395,0.0],[120.827356,23.661516,0.0],[120.831536,23.66055,0.0],[120.832116,23.660587,0.0],[120.83265,23.660796,0.0],[120.833005,23.661073,0.0],[120.833267,23.661427,0.0],[120.835721,23.666216,0.0],[120.835778,23.666748,0.0],[120.835685,23.667168,0.0],[120.835475,23.66755,0.0],[120.835053,23.668065,0.0],[120.835486,23.668,0.0],[120.835949,23.668044,0.0],[120.836383,23.668198,0.0],[120.836757,23.668453,0.0],[120.837101,23.668884,0.0],[120.838072,23.670732,0.0],[120.838458,23.669587,0.0],[120.839199,23.665339,0.0],[120.840383,23.661829,0.0],[120.840016,23.660287,0.0],[120.840063,23.659648,0.0],[120.840453,23.658995,0.0],[120.841378,23.658356,0.0],[120.841938,23.656065,0.0],[120.841588,23.65444,0.0],[120.841954,23.652764,0.0],[120.840634,23.652987,0.0],[120.840055,23.65295,0.0],[120.835146,23.651773,0.0],[120.834647,23.6515,0.0],[120.834217,23.650997,0.0],[120.834065,23.650593,0.0],[120.834034,23.650165,0.0],[120.834789,23.645096,0.0],[120.834912,23.644686,0.0],[120.837491,23.641219,0.0],[120.837947,23.640888,0.0],[120.83873,23.640602,0.0],[120.838354,23.640069,0.0],[120.837849,23.640302,0.0],[120.837362,23.640372,0.0],[120.837058,23.640734,0.0],[120.836579,23.641036,0.0],[120.836135,23.641162,0.0],[120.83567,23.641176,0.0],[120.835218,23.641076,0.0],[120.83481,23.64087,0.0],[120.833839,23.639999,0.0],[120.833467,23.639489,0.0],[120.833333,23.638969,0.0],[120.833427,23.638334,0.0],[120.833737,23.637833,0.0],[120.833694,23.637517,0.0],[120.832673,23.637238,0.0],[120.832265,23.637032,0.0],[120.831862,23.636647,0.0],[120.831592,23.636057,0.0],[120.831561,23.63563,0.0],[120.831655,23.63521,0.0],[120.832363,23.633853,0.0],[120.831984,23.633953,0.0],[120.831519,23.633967,0.0],[120.830755,23.633722,0.0],[120.830194,23.633185,0.0],[120.829955,23.632473,0.0],[120.830048,23.631839,0.0],[120.830895,23.62999,0.0],[120.831458,23.629455,0.0],[120.832165,23.629217,0.0],[120.835338,23.628852,0.0],[120.835907,23.628959,0.0],[120.836406,23.629232,0.0],[120.836717,23.62955,0.0],[120.836927,23.629933,0.0],[120.837019,23.630353,0.0],[120.836987,23.63078,0.0],[120.836834,23.631185,0.0],[120.836296,23.632072,0.0],[120.835751,23.632541,0.0],[120.837679,23.633423,0.0],[120.838034,23.6337,0.0],[120.838285,23.634033,0.0],[120.838498,23.633644,0.0],[120.83992,23.631757,0.0],[120.840823,23.631098,0.0],[120.841179,23.63004,0.0],[120.841442,23.629687,0.0],[120.841767,23.62943,0.0],[120.840645,23.629127,0.0],[120.836729,23.628355,0.0],[120.83612,23.628046,0.0],[120.83569,23.627543,0.0],[120.835519,23.627033,0.0],[120.835539,23.626498,0.0],[120.835748,23.625999,0.0],[120.836176,23.625553,0.0],[120.835481,23.625046,0.0],[120.835193,23.624709,0.0],[120.834986,23.62421,0.0],[120.834955,23.623782,0.0],[120.835048,23.623363,0.0],[120.835258,23.62298,0.0],[120.835662,23.622596,0.0],[120.83607,23.622391,0.0],[120.838737,23.621944,0.0],[120.847993,23.628944,0.0],[120.847958,23.629286,0.0],[120.847805,23.629691,0.0],[120.847542,23.630044,0.0],[120.847186,23.63032,0.0],[120.846422,23.630564,0.0],[120.845957,23.630549,0.0],[120.84553,23.630445,0.0],[120.846099,23.630762,0.0],[120.851528,23.631617,0.0],[120.856506,23.635381,0.0],[120.856165,23.635899,0.0],[120.855035,23.636887,0.0],[120.854387,23.637117,0.0],[120.853682,23.637092,0.0],[120.853226,23.638183,0.0],[120.85246,23.639282,0.0],[120.852901,23.641105,0.0],[120.852927,23.641581,0.0],[120.853277,23.641382,0.0],[120.854454,23.63963,0.0],[120.854766,23.639313,0.0],[120.857695,23.63781,0.0],[120.857838,23.637389,0.0],[120.857403,23.636059,0.0],[120.883509,23.655792,0.0],[120.882893,23.656316,0.0],[120.880897,23.660204,0.0],[120.880633,23.660557,0.0],[120.880277,23.660834,0.0],[120.879855,23.661014,0.0],[120.879397,23.661085,0.0],[120.87495,23.660923,0.0],[120.873749,23.661507,0.0],[120.872975,23.663831,0.0],[120.874493,23.665128,0.0],[120.87478,23.665465,0.0],[120.875008,23.66607,0.0],[120.874961,23.666709,0.0],[120.874892,23.666894,0.0],[120.874716,23.666894,0.0],[120.874716,23.667155,0.0],[120.874432,23.667154,0.0],[120.874432,23.667415,0.0],[120.874149,23.667415,0.0],[120.874149,23.667676,0.0],[120.874213,23.667676,0.0],[120.872684,23.668979,0.0],[120.872448,23.668978,0.0],[120.872448,23.669179,0.0],[120.872378,23.669239,0.0],[120.872165,23.669239,0.0],[120.872165,23.669495,0.0],[120.870776,23.671472,0.0],[120.871475,23.672123,0.0],[120.871765,23.672819,0.0],[120.872142,23.678629,0.0],[120.871873,23.678628,0.0],[120.871872,23.678889,0.0],[120.87215,23.678889,0.0],[120.872013,23.679461,0.0],[120.8717,23.679911,0.0],[120.871244,23.680242,0.0],[120.870696,23.680417,0.0],[120.870115,23.680417,0.0],[120.869467,23.680186,0.0],[120.866885,23.678548,0.0],[120.865684,23.680884,0.0],[120.865285,23.68136,0.0],[120.86738,23.681285,0.0],[120.867955,23.681357,0.0],[120.868377,23.681538,0.0],[120.869603,23.682315,0.0],[120.869603,23.682539,0.0],[120.869886,23.682539,0.0],[120.869886,23.6828,0.0],[120.870169,23.6828,0.0],[120.87017,23.682675,0.0],[120.870853,23.683109,0.0],[120.878452,23.682839,0.0],[120.881673,23.682958,0.0],[120.883491,23.68123,0.0],[120.884256,23.680986,0.0],[120.884948,23.681051,0.0],[120.887825,23.68243,0.0],[120.888387,23.682967,0.0],[120.888626,23.683679,0.0],[120.888596,23.686991,0.0],[120.891186,23.687088,0.0],[120.89195,23.687333,0.0],[120.892305,23.68761,0.0],[120.892569,23.687964,0.0],[120.893224,23.689805,0.0],[120.894801,23.688817,0.0],[120.895235,23.688664,0.0],[120.895698,23.688621,0.0],[120.897474,23.68869,0.0],[120.898034,23.688832,0.0],[120.898669,23.689294,0.0],[120.899009,23.68997,0.0],[120.899618,23.69332,0.0],[120.897291,23.694586,0.0],[120.894758,23.696246,0.0],[120.892398,23.69811,0.0],[120.890231,23.700164,0.0],[120.888275,23.702389,0.0],[120.886545,23.704769,0.0],[120.885057,23.707282,0.0],[120.883844,23.709856,0.0],[120.8827,23.71083,0.0],[120.881046,23.712472,0.0],[120.880196,23.713202,0.0],[120.878409,23.715706,0.0],[120.878053,23.715982,0.0],[120.877218,23.716359,0.0],[120.877933,23.716612,0.0],[120.878432,23.717058,0.0],[120.878722,23.717754,0.0],[120.87866,23.718437,0.0],[120.88067,23.717869,0.0],[120.881765,23.717876,0.0],[120.881597,23.720161,0.0],[120.881615,23.722547,0.0],[120.881828,23.724925,0.0],[120.882235,23.727281,0.0],[120.882834,23.729603,0.0],[120.883622,23.731876,0.0],[120.884593,23.734088,0.0],[120.885915,23.736511,0.0],[120.885219,23.737202,0.0],[120.884076,23.74267,0.0],[120.88215,23.747013,0.0],[120.882423,23.753499,0.0],[120.879309,23.753551,0.0],[120.876221,23.753861,0.0],[120.873679,23.754314,0.0],[120.871182,23.754943,0.0],[120.867594,23.755391,0.0],[120.864573,23.756051,0.0],[120.861148,23.757134,0.0],[120.857866,23.758543,0.0],[120.854764,23.760263,0.0],[120.853085,23.761377,0.0],[120.851661,23.762441,0.0],[120.850268,23.761827,0.0],[120.849864,23.761442,0.0],[120.849594,23.760852,0.0],[120.849563,23.760425,0.0],[120.849779,23.75798,0.0],[120.848837,23.754794,0.0],[120.84771,23.750204,0.0],[120.845743,23.747307,0.0],[120.844215,23.746089,0.0],[120.843871,23.745658,0.0],[120.843704,23.745175,0.0],[120.842861,23.740041,0.0],[120.840997,23.739254,0.0],[120.840642,23.738977,0.0],[120.840379,23.738623,0.0],[120.840232,23.738241,0.0],[120.838978,23.732918,0.0],[120.838959,23.732383,0.0],[120.840152,23.72535,0.0],[120.840001,23.723474,0.0],[120.840282,23.720266,0.0],[120.839961,23.71647,0.0],[120.84019,23.714998,0.0],[120.839496,23.715312,0.0],[120.838801,23.715333,0.0],[120.838153,23.715102,0.0],[120.837635,23.714629,0.0],[120.834891,23.719334,0.0],[120.834556,23.719632,0.0],[120.834147,23.719837,0.0],[120.832796,23.720147,0.0],[120.83277,23.720622,0.0],[120.831124,23.727825,0.0],[120.831145,23.729528,0.0],[120.830199,23.732845,0.0],[120.831109,23.735258,0.0],[120.832298,23.739906,0.0],[120.832022,23.746721,0.0],[120.832714,23.747928,0.0],[120.834146,23.749152,0.0],[120.837408,23.750588,0.0],[120.838427,23.751526,0.0],[120.840135,23.750475,0.0],[120.84058,23.750348,0.0],[120.841045,23.750334,0.0],[120.841605,23.750476,0.0],[120.841997,23.750707,0.0],[120.843419,23.752113,0.0],[120.843759,23.75279,0.0],[120.843732,23.753534,0.0],[120.841981,23.75665,0.0],[120.841417,23.757185,0.0],[120.839764,23.757916,0.0],[120.844404,23.757576,0.0],[120.84508,23.757725,0.0],[120.84564,23.758106,0.0],[120.845952,23.758557,0.0],[120.846084,23.759056,0.0],[120.846272,23.76127,0.0],[120.846129,23.76301,0.0],[120.847628,23.765494,0.0],[120.847816,23.765997,0.0],[120.845941,23.768224,0.0],[120.844268,23.770631,0.0],[120.842838,23.773167,0.0],[120.84184,23.775365,0.0],[120.840884,23.778083,0.0],[120.840199,23.78087,0.0],[120.83979,23.783703,0.0],[120.839663,23.786082,0.0],[120.839768,23.788938,0.0],[120.840152,23.791773,0.0],[120.840685,23.794104,0.0],[120.841573,23.796842,0.0],[120.842726,23.799495,0.0],[120.843883,23.801625,0.0],[120.845497,23.804067,0.0],[120.847343,23.806364,0.0],[120.844891,23.806232,0.0],[120.842926,23.806243,0.0],[120.840965,23.806357,0.0],[120.839014,23.806574,0.0],[120.838014,23.806307,0.0],[120.838015,23.806138,0.0],[120.838298,23.806138,0.0],[120.838298,23.805877,0.0],[120.838015,23.805877,0.0],[120.838015,23.805355,0.0],[120.837732,23.805355,0.0],[120.837733,23.804833,0.0],[120.838016,23.804834,0.0],[120.838016,23.804573,0.0],[120.837733,23.804573,0.0],[120.837734,23.804051,0.0],[120.83745,23.804051,0.0],[120.83745,23.80379,0.0],[120.836884,23.803789,0.0],[120.836883,23.80405,0.0],[120.836316,23.804049,0.0],[120.836316,23.804571,0.0],[120.835465,23.80457,0.0],[120.835464,23.805758,0.0],[120.834019,23.805529,0.0],[120.833481,23.804568,0.0],[120.832464,23.803159,0.0],[120.833927,23.801202,0.0],[120.835226,23.799149,0.0],[120.836353,23.797012,0.0],[120.837472,23.794354,0.0],[120.838201,23.792076,0.0],[120.838743,23.789753,0.0],[120.839141,23.786926,0.0],[120.83926,23.784553,0.0],[120.839185,23.782179,0.0],[120.838916,23.779816,0.0],[120.838455,23.777479,0.0],[120.837652,23.774726,0.0],[120.83678,23.772491,0.0],[120.835727,23.770322,0.0],[120.8345,23.768232,0.0],[120.833107,23.766232,0.0],[120.83089,23.763607,0.0],[120.82876,23.761537,0.0],[120.826032,23.759358,0.0],[120.824366,23.758235,0.0],[120.82263,23.757207,0.0],[120.821039,23.755326,0.0],[120.819299,23.75356,0.0],[120.817027,23.751609,0.0],[120.814993,23.750132,0.0],[120.813283,23.749055,0.0],[120.811506,23.748075,0.0],[120.808253,23.746603,0.0],[120.806324,23.745907,0.0],[120.804353,23.745319,0.0],[120.802347,23.744842,0.0],[120.800313,23.744476,0.0],[120.797227,23.744141,0.0],[120.794121,23.744065,0.0],[120.790505,23.744302,0.0],[120.788458,23.744595,0.0],[120.786522,23.744982,0.0],[120.786522,23.744783,0.0],[120.786239,23.744782,0.0],[120.786239,23.745043,0.0],[120.785955,23.745043,0.0],[120.785956,23.744782,0.0],[120.785389,23.744781,0.0],[120.785388,23.745258,0.0],[120.783449,23.745822,0.0],[120.783121,23.745821,0.0],[120.783121,23.74593,0.0],[120.780285,23.747004,0.0],[120.780286,23.746861,0.0],[120.780002,23.74686,0.0],[120.780013,23.747121,0.0],[120.778254,23.747948,0.0],[120.774732,23.747232,0.0],[120.772689,23.746977,0.0],[120.770633,23.746836,0.0],[120.768572,23.746808,0.0],[120.766512,23.746895,0.0],[120.764462,23.747094,0.0],[120.762429,23.747407,0.0],[120.760648,23.746428,0.0],[120.759037,23.745653,0.0],[120.759037,23.745525,0.0],[120.758754,23.745524,0.0],[120.758754,23.745264,0.0],[120.758471,23.745263,0.0],[120.758471,23.745404,0.0],[120.758138,23.745263,0.0],[120.758188,23.745002,0.0],[120.757905,23.745001,0.0],[120.757904,23.745165,0.0],[120.755639,23.744325,0.0],[120.755639,23.744215,0.0],[120.755356,23.744231,0.0],[120.755073,23.744141,0.0],[120.755073,23.743954,0.0],[120.75564,23.743955,0.0],[120.755641,23.743172,0.0],[120.755358,23.743172,0.0],[120.755359,23.742911,0.0],[120.755075,23.74291,0.0],[120.755074,23.743432,0.0],[120.754791,23.743432,0.0],[120.75479,23.743953,0.0],[120.754507,23.743966,0.0],[120.751474,23.743202,0.0],[120.748412,23.742701,0.0],[120.745313,23.742456,0.0],[120.741684,23.742498,0.0],[120.739106,23.742744,0.0],[120.737062,23.74307,0.0],[120.735043,23.743508,0.0],[120.732566,23.744213,0.0],[120.72968,23.745282,0.0],[120.726734,23.746682,0.0],[120.726734,23.746514,0.0],[120.727018,23.746515,0.0],[120.727018,23.746254,0.0],[120.726451,23.746253,0.0],[120.72645,23.746775,0.0],[120.726167,23.746774,0.0],[120.726166,23.746991,0.0],[120.724283,23.748117,0.0],[120.722618,23.749257,0.0],[120.720648,23.750808,0.0],[120.719166,23.752144,0.0],[120.717775,23.75356,0.0],[120.716479,23.755051,0.0],[120.715284,23.756612,0.0],[120.714364,23.757968,0.0],[120.713392,23.757966,0.0],[120.713391,23.758227,0.0],[120.714198,23.758229,0.0],[120.713211,23.759917,0.0],[120.71234,23.76165,0.0],[120.711585,23.763429,0.0],[120.711026,23.765004,0.0],[120.710826,23.765003,0.0],[120.710826,23.765264,0.0],[120.710542,23.765264,0.0],[120.710542,23.765525,0.0],[120.710258,23.765524,0.0],[120.710257,23.766046,0.0],[120.71054,23.766046,0.0],[120.71054,23.766307,0.0],[120.710636,23.766307,0.0],[120.710198,23.768132,0.0],[120.709969,23.768132,0.0],[120.709968,23.768393,0.0],[120.710145,23.768393,0.0],[120.709766,23.770862,0.0],[120.709594,23.773721,0.0],[120.708933,23.774389,0.0],[120.708822,23.774389,0.0],[120.708822,23.774128,0.0],[120.708255,23.774127,0.0],[120.708256,23.773606,0.0],[120.707973,23.773605,0.0],[120.707974,23.773344,0.0],[120.70769,23.773344,0.0],[120.707693,23.7723,0.0],[120.707409,23.7723,0.0],[120.70741,23.772039,0.0],[120.707315,23.772039,0.0],[120.709741,23.770252,0.0],[120.709035,23.769967,0.0],[120.708569,23.769492,0.0],[120.708346,23.768911,0.0],[120.70855,23.768911,0.0],[120.708551,23.768651,0.0],[120.708834,23.768651,0.0],[120.708836,23.767869,0.0],[120.708269,23.767868,0.0],[120.70827,23.767607,0.0],[120.708553,23.767607,0.0],[120.708554,23.767347,0.0],[120.708837,23.767347,0.0],[120.708838,23.767086,0.0],[120.709121,23.767087,0.0],[120.709122,23.766826,0.0],[120.709405,23.766827,0.0],[120.709407,23.766044,0.0],[120.70969,23.766045,0.0],[120.709691,23.765784,0.0],[120.709407,23.765783,0.0],[120.709408,23.765522,0.0],[120.709125,23.765522,0.0],[120.709124,23.765783,0.0],[120.708274,23.765781,0.0],[120.708273,23.766042,0.0],[120.70799,23.766041,0.0],[120.707989,23.766563,0.0],[120.707705,23.766563,0.0],[120.707707,23.766041,0.0],[120.70714,23.76604,0.0],[120.70714,23.765779,0.0],[120.706574,23.765778,0.0],[120.706574,23.765517,0.0],[120.706119,23.765504,0.0],[120.705911,23.765004,0.0],[120.705449,23.762646,0.0],[120.705731,23.762647,0.0],[120.705731,23.762386,0.0],[120.705448,23.762385,0.0],[120.705447,23.762638,0.0],[120.704938,23.760037,0.0],[120.705453,23.760038,0.0],[120.705454,23.759777,0.0],[120.705737,23.759778,0.0],[120.705738,23.759256,0.0],[120.705171,23.759255,0.0],[120.70517,23.759776,0.0],[120.704887,23.759776,0.0],[120.704889,23.758733,0.0],[120.704322,23.758732,0.0],[120.704324,23.75821,0.0],[120.70404,23.758209,0.0],[120.70404,23.75847,0.0],[120.703756,23.75847,0.0],[120.703756,23.75873,0.0],[120.703189,23.758729,0.0],[120.703189,23.75879,0.0],[120.702906,23.758732,0.0],[120.702906,23.758468,0.0],[120.702623,23.758467,0.0],[120.702624,23.757946,0.0],[120.701774,23.757944,0.0],[120.701776,23.757162,0.0],[120.701492,23.757161,0.0],[120.701492,23.757422,0.0],[120.701208,23.757421,0.0],[120.701207,23.757943,0.0],[120.700924,23.757943,0.0],[120.700923,23.758203,0.0],[120.700356,23.758215,0.0],[120.699892,23.758121,0.0],[120.699262,23.75785,0.0],[120.698928,23.757552,0.0],[120.698681,23.757156,0.0],[120.698942,23.757156,0.0],[120.698941,23.757417,0.0],[120.699225,23.757418,0.0],[120.699226,23.756896,0.0],[120.698594,23.756895,0.0],[120.698558,23.756662,0.0],[120.698612,23.755852,0.0],[120.698945,23.755852,0.0],[120.698946,23.755591,0.0],[120.699229,23.755592,0.0],[120.69923,23.755331,0.0],[120.698946,23.755331,0.0],[120.698948,23.754548,0.0],[120.698665,23.754548,0.0],[120.698665,23.754287,0.0],[120.698099,23.754286,0.0],[120.698098,23.754476,0.0],[120.696683,23.753826,0.0],[120.696684,23.7535,0.0],[120.696967,23.753501,0.0],[120.696968,23.752979,0.0],[120.696685,23.752979,0.0],[120.696684,23.75324,0.0],[120.696118,23.753238,0.0],[120.696117,23.753386,0.0],[120.695834,23.753407,0.0],[120.695834,23.753238,0.0],[120.695551,23.753237,0.0],[120.695551,23.752977,0.0],[120.695268,23.752976,0.0],[120.695267,23.753237,0.0],[120.694417,23.753235,0.0],[120.694417,23.753496,0.0],[120.694133,23.753495,0.0],[120.694132,23.754017,0.0],[120.694289,23.754017,0.0],[120.693255,23.755055,0.0],[120.692847,23.75526,0.0],[120.692394,23.755358,0.0],[120.691929,23.755343,0.0],[120.69138,23.755166,0.0],[120.689882,23.754022,0.0],[120.690165,23.754009,0.0],[120.690166,23.753748,0.0],[120.689599,23.753747,0.0],[120.6896,23.753486,0.0],[120.689883,23.753487,0.0],[120.689884,23.753226,0.0],[120.690167,23.753227,0.0],[120.690168,23.752705,0.0],[120.689885,23.752704,0.0],[120.689886,23.752444,0.0],[120.689319,23.752442,0.0],[120.689318,23.752964,0.0],[120.688751,23.752963,0.0],[120.688751,23.753121,0.0],[120.688479,23.752836,0.0],[120.68827,23.752453,0.0],[120.688178,23.752033,0.0],[120.68821,23.751605,0.0],[120.688364,23.751201,0.0],[120.688628,23.750848,0.0],[120.689189,23.75047,0.0],[120.690441,23.750108,0.0],[120.690007,23.74997,0.0],[120.689616,23.749739,0.0],[120.688766,23.748858,0.0],[120.688607,23.748762,0.0],[120.685497,23.750332,0.0],[120.684927,23.750438,0.0],[120.684352,23.750365,0.0],[120.683743,23.750056,0.0],[120.683375,23.749692,0.0],[120.683375,23.749561,0.0],[120.683253,23.749561,0.0],[120.683009,23.7493,0.0],[120.683376,23.749301,0.0],[120.683377,23.748779,0.0],[120.682811,23.748778,0.0],[120.682811,23.748517,0.0],[120.683095,23.748518,0.0],[120.683096,23.747996,0.0],[120.682812,23.747995,0.0],[120.682812,23.748256,0.0],[120.682245,23.748255,0.0],[120.682246,23.747994,0.0],[120.681962,23.747994,0.0],[120.681961,23.748481,0.0],[120.681298,23.748373,0.0],[120.679414,23.747419,0.0],[120.679414,23.747206,0.0],[120.679131,23.747205,0.0],[120.679131,23.747273,0.0],[120.677985,23.746681,0.0],[120.678282,23.746682,0.0],[120.678283,23.74616,0.0],[120.678,23.74616,0.0],[120.677999,23.746421,0.0],[120.677716,23.74642,0.0],[120.677717,23.746159,0.0],[120.677433,23.746159,0.0],[120.677435,23.745637,0.0],[120.677151,23.745636,0.0],[120.677152,23.745375,0.0],[120.676869,23.745375,0.0],[120.676867,23.745897,0.0],[120.676593,23.745896,0.0],[120.67596,23.745226,0.0],[120.675735,23.745689,0.0],[120.675735,23.745373,0.0],[120.675452,23.745372,0.0],[120.675451,23.745633,0.0],[120.675168,23.745632,0.0],[120.675167,23.745893,0.0],[120.675451,23.745894,0.0],[120.67545,23.746154,0.0],[120.674883,23.746153,0.0],[120.674883,23.746414,0.0],[120.675166,23.746415,0.0],[120.675165,23.746936,0.0],[120.675448,23.746937,0.0],[120.675447,23.747458,0.0],[120.675163,23.747458,0.0],[120.675162,23.747979,0.0],[120.676012,23.747981,0.0],[120.676011,23.748503,0.0],[120.676143,23.748503,0.0],[120.67589,23.750328,0.0],[120.67544,23.750327,0.0],[120.675439,23.750588,0.0],[120.674872,23.750587,0.0],[120.674872,23.750848,0.0],[120.674588,23.750847,0.0],[120.674586,23.75163,0.0],[120.674303,23.751629,0.0],[120.674302,23.75189,0.0],[120.674019,23.751889,0.0],[120.674016,23.752991,0.0],[120.671455,23.754387,0.0],[120.671925,23.754726,0.0],[120.672237,23.755178,0.0],[120.67237,23.755698,0.0],[120.672333,23.75632,0.0],[120.672024,23.756319,0.0],[120.672024,23.75658,0.0],[120.671457,23.756579,0.0],[120.671458,23.756057,0.0],[120.670892,23.756056,0.0],[120.670893,23.755534,0.0],[120.670326,23.755533,0.0],[120.670325,23.756055,0.0],[120.670042,23.756054,0.0],[120.670042,23.755793,0.0],[120.669476,23.755792,0.0],[120.669475,23.756053,0.0],[120.668625,23.756051,0.0],[120.668623,23.756573,0.0],[120.66834,23.756572,0.0],[120.668339,23.756833,0.0],[120.668056,23.756832,0.0],[120.668055,23.757093,0.0],[120.667205,23.757091,0.0],[120.667205,23.757352,0.0],[120.666921,23.757351,0.0],[120.666924,23.756308,0.0],[120.666641,23.756307,0.0],[120.666641,23.756047,0.0],[120.666925,23.756047,0.0],[120.666925,23.755786,0.0],[120.666642,23.755786,0.0],[120.666643,23.755525,0.0],[120.666359,23.755524,0.0],[120.666361,23.754742,0.0],[120.666078,23.754741,0.0],[120.666081,23.753698,0.0],[120.666647,23.753699,0.0],[120.666648,23.753439,0.0],[120.666931,23.753439,0.0],[120.666935,23.752135,0.0],[120.667785,23.752137,0.0],[120.667786,23.751615,0.0],[120.667503,23.751615,0.0],[120.667502,23.751875,0.0],[120.667219,23.751875,0.0],[120.667219,23.751614,0.0],[120.666653,23.751613,0.0],[120.666653,23.751352,0.0],[120.66637,23.751351,0.0],[120.666369,23.751612,0.0],[120.665519,23.75161,0.0],[120.665518,23.751871,0.0],[120.665235,23.751871,0.0],[120.665234,23.752392,0.0],[120.6658,23.752393,0.0],[120.6658,23.752654,0.0],[120.665516,23.752654,0.0],[120.665516,23.752914,0.0],[120.665799,23.752915,0.0],[120.665798,23.753176,0.0],[120.664382,23.753173,0.0],[120.664377,23.754999,0.0],[120.664094,23.754998,0.0],[120.664092,23.75552,0.0],[120.664942,23.755521,0.0],[120.664942,23.755782,0.0],[120.665225,23.755783,0.0],[120.665224,23.756044,0.0],[120.666075,23.756045,0.0],[120.666074,23.756306,0.0],[120.666357,23.756307,0.0],[120.666357,23.756568,0.0],[120.66664,23.756568,0.0],[120.666639,23.756829,0.0],[120.666073,23.756828,0.0],[120.666071,23.75735,0.0],[120.665788,23.757349,0.0],[120.665789,23.756827,0.0],[120.665506,23.756827,0.0],[120.665504,23.757348,0.0],[120.665221,23.757348,0.0],[120.665222,23.757087,0.0],[120.664938,23.757086,0.0],[120.664938,23.757347,0.0],[120.664371,23.757346,0.0],[120.66437,23.757607,0.0],[120.664087,23.757606,0.0],[120.664086,23.757867,0.0],[120.662669,23.757864,0.0],[120.662669,23.758125,0.0],[120.662102,23.758123,0.0],[120.662103,23.757863,0.0],[120.661819,23.757862,0.0],[120.661819,23.758123,0.0],[120.661252,23.758121,0.0],[120.661251,23.758382,0.0],[120.660401,23.75838,0.0],[120.660401,23.758641,0.0],[120.661534,23.758644,0.0],[120.661535,23.758383,0.0],[120.662951,23.758386,0.0],[120.662951,23.758647,0.0],[120.663234,23.758647,0.0],[120.663234,23.758908,0.0],[120.663517,23.758909,0.0],[120.663516,23.75917,0.0],[120.664083,23.759171,0.0],[120.664085,23.758389,0.0],[120.664368,23.758389,0.0],[120.664368,23.75865,0.0],[120.664651,23.758651,0.0],[120.664648,23.759867,0.0],[120.664364,23.759964,0.0],[120.664081,23.759953,0.0],[120.664082,23.759693,0.0],[120.663798,23.759692,0.0],[120.663797,23.760158,0.0],[120.663513,23.760282,0.0],[120.663514,23.760213,0.0],[120.66323,23.760212,0.0],[120.663229,23.760473,0.0],[120.663369,23.760473,0.0],[120.662906,23.761033,0.0],[120.660597,23.762519,0.0],[120.659534,23.765116,0.0],[120.659534,23.764899,0.0],[120.659251,23.764898,0.0],[120.659251,23.764638,0.0],[120.659535,23.764638,0.0],[120.659536,23.764377,0.0],[120.659252,23.764377,0.0],[120.659253,23.763855,0.0],[120.65897,23.763854,0.0],[120.658972,23.763072,0.0],[120.658689,23.763071,0.0],[120.658688,23.763332,0.0],[120.658121,23.763331,0.0],[120.658119,23.764113,0.0],[120.657836,23.764113,0.0],[120.657835,23.764634,0.0],[120.656984,23.764633,0.0],[120.656984,23.764893,0.0],[120.6567,23.764893,0.0],[120.656699,23.765414,0.0],[120.656982,23.765415,0.0],[120.656978,23.767071,0.0],[120.656231,23.767246,0.0],[120.655553,23.768659,0.0],[120.655595,23.768884,0.0],[120.656407,23.768655,0.0],[120.656407,23.768804,0.0],[120.656123,23.768804,0.0],[120.656123,23.769064,0.0],[120.656689,23.769066,0.0],[120.656691,23.768609,0.0],[120.656974,23.768564,0.0],[120.656973,23.769066,0.0],[120.65754,23.769068,0.0],[120.657541,23.768546,0.0],[120.657258,23.768519,0.0],[120.657825,23.768428,0.0],[120.657824,23.768547,0.0],[120.658108,23.768547,0.0],[120.658107,23.768808,0.0],[120.658957,23.76881,0.0],[120.658958,23.768402,0.0],[120.659441,23.768599,0.0],[120.659871,23.768959,0.0],[120.660149,23.769428,0.0],[120.660241,23.769848,0.0],[120.660146,23.770483,0.0],[120.659383,23.771982,0.0],[120.658948,23.772341,0.0],[120.658949,23.77194,0.0],[120.658666,23.771939,0.0],[120.658664,23.772461,0.0],[120.658381,23.77246,0.0],[120.658381,23.772553,0.0],[120.658302,23.772568,0.0],[120.657836,23.772582,0.0],[120.657915,23.773326,0.0],[120.657521,23.774284,0.0],[120.651291,23.77427,0.0],[120.651292,23.774009,0.0],[120.651008,23.774009,0.0],[120.651008,23.774269,0.0],[120.65047,23.774268,0.0],[120.65106,23.773667,0.0],[120.650943,23.772672,0.0],[120.651185,23.771154,0.0],[120.650918,23.769467,0.0],[120.650285,23.769611,0.0],[120.649936,23.770403,0.0],[120.648258,23.772765,0.0],[120.648556,23.774003,0.0],[120.640648,23.773985,0.0],[120.640952,23.773264,0.0],[120.641255,23.771901,0.0],[120.641257,23.771064,0.0],[120.641011,23.770054,0.0],[120.64064,23.769764,0.0],[120.639695,23.769257,0.0],[120.639421,23.7688,0.0],[120.639066,23.768533,0.0],[120.638021,23.767451,0.0],[120.637776,23.767101,0.0],[120.637496,23.766258,0.0],[120.63759,23.765208,0.0],[120.638333,23.764106,0.0],[120.638543,23.763384,0.0],[120.63912,23.7625,0.0],[120.63928,23.761557,0.0],[120.639,23.760242,0.0],[120.638994,23.759791,0.0],[120.639031,23.759409,0.0],[120.639491,23.758063,0.0],[120.639411,23.757654,0.0],[120.638987,23.757542,0.0],[120.638497,23.757293,0.0],[120.637917,23.755806,0.0],[120.638274,23.754116,0.0],[120.638602,23.753347,0.0],[120.638377,23.752414,0.0],[120.637835,23.751392,0.0],[120.637787,23.75006,0.0],[120.637864,23.749087,0.0],[120.638069,23.748715,0.0],[120.638708,23.746777,0.0],[120.639362,23.745691,0.0],[120.639749,23.745337,0.0],[120.640629,23.745078,0.0],[120.641433,23.745073,0.0],[120.641748,23.744832,0.0],[120.642056,23.744469,0.0],[120.642326,23.743619,0.0],[120.643084,23.743047,0.0],[120.643319,23.742745,0.0],[120.643529,23.74198,0.0],[120.644153,23.741442,0.0],[120.644439,23.739648,0.0],[120.644384,23.739237,0.0],[120.644746,23.738421,0.0],[120.644392,23.737253,0.0],[120.643939,23.736577,0.0],[120.64386,23.736173,0.0],[120.643968,23.73562,0.0],[120.643977,23.735365,0.0],[120.643774,23.734967,0.0],[120.643199,23.734214,0.0],[120.643065,23.733866,0.0],[120.643003,23.733037,0.0],[120.642851,23.732725,0.0],[120.642827,23.732296,0.0],[120.642585,23.731702,0.0],[120.642331,23.731272,0.0],[120.641958,23.730854,0.0],[120.641642,23.730639,0.0],[120.641229,23.73053,0.0],[120.64083,23.730564,0.0],[120.640313,23.730512,0.0],[120.640098,23.730168,0.0],[120.639951,23.729933,0.0],[120.639205,23.728037,0.0],[120.63915,23.727671,0.0],[120.639652,23.725941,0.0],[120.640146,23.725303,0.0],[120.640467,23.725056,0.0],[120.640895,23.72491,0.0],[120.641289,23.724606,0.0],[120.641228,23.72424,0.0],[120.640947,23.72389,0.0],[120.64097,23.723725,0.0],[120.640997,23.723533,0.0],[120.64139,23.72274,0.0],[120.64109,23.72156,0.0],[120.641097,23.721347,0.0],[120.641106,23.721401,0.0],[120.641072,23.720766,0.0],[120.640945,23.720285,0.0],[120.640994,23.720351,0.0],[120.64068,23.719519,0.0],[120.640778,23.719124,0.0],[120.640733,23.718566,0.0],[120.640339,23.717281,0.0],[120.640317,23.716608,0.0],[120.640426,23.71705,0.0],[120.640244,23.71584,0.0],[120.639729,23.71464,0.0],[120.639769,23.714589,0.0],[120.640032,23.714242,0.0],[120.640695,23.713887,0.0],[120.640703,23.713961,0.0],[120.640777,23.713844,0.0],[120.640692,23.713342,0.0],[120.640612,23.712956,0.0],[120.639695,23.711936,0.0],[120.639402,23.711183,0.0],[120.639549,23.710748,0.0],[120.640166,23.71021,0.0],[120.640357,23.70982,0.0],[120.640241,23.709443,0.0],[120.639871,23.70888,0.0],[120.640291,23.708242,0.0],[120.641046,23.70621,0.0],[120.64128,23.705924,0.0],[120.641781,23.705722,0.0],[120.642315,23.705755,0.0],[120.642734,23.705516,0.0],[120.643886,23.7046,0.0],[120.645046,23.703808,0.0],[120.645373,23.7035,0.0],[120.645478,23.703105,0.0],[120.645459,23.702872,0.0],[120.645369,23.702378,0.0],[120.645173,23.702032,0.0],[120.64457,23.701505,0.0],[120.64436,23.701169,0.0],[120.644033,23.700445,0.0],[120.643716,23.700162,0.0],[120.643665,23.699988,0.0],[120.643574,23.699674,0.0],[120.644339,23.698339,0.0],[120.644469,23.697983,0.0],[120.645172,23.696993,0.0],[120.64535,23.696612,0.0],[120.646,23.694526,0.0],[120.646227,23.693346,0.0],[120.646418,23.692987,0.0],[120.646517,23.692597,0.0],[120.646578,23.692191,0.0],[120.64648,23.691779,0.0],[120.646174,23.691373,0.0],[120.646014,23.690993,0.0],[120.646039,23.690614,0.0],[120.645796,23.690347,0.0],[120.645883,23.689591,0.0],[120.645802,23.689104,0.0],[120.645736,23.688775,0.0],[120.645699,23.687935,0.0],[120.645809,23.6875,0.0],[120.646167,23.687219,0.0],[120.646978,23.686904,0.0],[120.647217,23.686508,0.0],[120.647248,23.686083,0.0],[120.646584,23.685608,0.0],[120.646365,23.685318,0.0],[120.646343,23.684964,0.0],[120.646341,23.684923,0.0],[120.646592,23.68447,0.0],[120.648005,23.683426,0.0],[120.648172,23.683097,0.0],[120.648191,23.682717,0.0],[120.648135,23.68144,0.0],[120.64783,23.680351,0.0],[120.647057,23.679098,0.0],[120.646994,23.67857,0.0],[120.646824,23.678152,0.0],[120.646973,23.678267,0.0],[120.646541,23.677804,0.0],[120.646368,23.677309,0.0],[120.646508,23.676851,0.0],[120.646556,23.676316,0.0],[120.646275,23.675597,0.0],[120.646282,23.675391,0.0],[120.646287,23.675209,0.0],[120.647112,23.674161,0.0],[120.647144,23.672696,0.0],[120.645809,23.672038,0.0],[120.645805,23.672035,0.0],[120.645809,23.672037,0.0],[120.645801,23.672032,0.0],[120.645757,23.671994,0.0],[120.645537,23.671843,0.0],[120.645402,23.671776,0.0],[120.64506,23.671448,0.0],[120.644901,23.6711,0.0],[120.644892,23.67088,0.0],[120.644753,23.670185,0.0],[120.64444,23.669394,0.0],[120.644423,23.668238,0.0],[120.644331,23.667778,0.0],[120.644098,23.667364,0.0],[120.644389,23.667608,0.0],[120.644306,23.667522,0.0],[120.644183,23.667411,0.0],[120.643416,23.666751,0.0],[120.643405,23.666731,0.0],[120.643331,23.666635,0.0],[120.643097,23.666514,0.0],[120.642603,23.666254,0.0],[120.641286,23.665825,0.0],[120.641009,23.665492,0.0],[120.640769,23.665038,0.0],[120.640656,23.664499,0.0],[120.640374,23.662773,0.0],[120.640254,23.662363,0.0],[120.6402,23.662303,0.0],[120.640336,23.662693,0.0],[120.63933,23.660702,0.0],[120.639243,23.660306,0.0],[120.639304,23.660396,0.0],[120.63922,23.660183,0.0],[120.639019,23.659882,0.0],[120.638863,23.659758,0.0],[120.638641,23.659606,0.0],[120.63823,23.659165,0.0],[120.638079,23.658913,0.0],[120.638043,23.658735,0.0],[120.638052,23.658795,0.0],[120.638066,23.658865,0.0],[120.638078,23.65891,0.0],[120.638048,23.658859,0.0],[120.637805,23.658098,0.0],[120.637674,23.657673,0.0],[120.637435,23.657253,0.0],[120.636628,23.656143,0.0],[120.636757,23.655176,0.0],[120.636975,23.65561,0.0],[120.636917,23.655431,0.0],[120.63689,23.655359,0.0],[120.636698,23.655039,0.0],[120.63654,23.654756,0.0],[120.636456,23.654612,0.0],[120.635687,23.653077,0.0],[120.63515,23.652392,0.0],[120.634909,23.651854,0.0],[120.634968,23.651576,0.0],[120.63513,23.651021,0.0],[120.635159,23.650499,0.0],[120.635165,23.650084,0.0],[120.635897,23.649,0.0],[120.636674,23.648487,0.0],[120.635908,23.647826,0.0],[120.635798,23.647282,0.0],[120.63498,23.646284,0.0],[120.634883,23.645907,0.0],[120.634885,23.645799,0.0],[120.634936,23.64589,0.0],[120.634894,23.645433,0.0],[120.635167,23.643982,0.0],[120.635081,23.643515,0.0],[120.634794,23.642798,0.0],[120.633735,23.641402,0.0],[120.633321,23.640877,0.0],[120.633095,23.640589,0.0]],[[120.633395,23.64092,0.0],[120.633321,23.640877,0.0],[120.633557,23.641092,0.0],[120.633492,23.641018,0.0],[120.633395,23.64092,0.0]],[[120.633964,23.641514,0.0],[120.633735,23.641402,0.0],[120.634143,23.641622,0.0],[120.634074,23.641572,0.0],[120.633964,23.641514,0.0]],[[120.635214,23.650557,0.0],[120.635159,23.650499,0.0],[120.635314,23.650746,0.0],[120.6353,23.650669,0.0],[120.635214,23.650557,0.0]],[[120.63653,23.654648,0.0],[120.636456,23.654612,0.0],[120.63661,23.654701,0.0],[120.63653,23.654648,0.0]],[[120.63825,23.659032,0.0],[120.638079,23.658913,0.0],[120.63833,23.659179,0.0],[120.638314,23.659134,0.0],[120.638288,23.659077,0.0],[120.63825,23.659032,0.0]],[[120.640852,23.664702,0.0],[120.640656,23.664499,0.0],[120.641354,23.66533,0.0],[120.641324,23.665264,0.0],[120.641273,23.665195,0.0],[120.64121,23.665117,0.0],[120.641019,23.66489,0.0],[120.640852,23.664702,0.0]],[[120.643012,23.666378,0.0],[120.643097,23.666514,0.0],[120.642987,23.666306,0.0],[120.643012,23.666378,0.0]],[[120.644479,23.667807,0.0],[120.644389,23.667608,0.0],[120.644506,23.667955,0.0],[120.644479,23.667807,0.0]],[[120.646425,23.685015,0.0],[120.646343,23.684964,0.0],[120.64672,23.68529,0.0],[120.64665,23.685211,0.0],[120.646555,23.68512,0.0],[120.646425,23.685015,0.0]],[[120.64376,23.700046,0.0],[120.643665,23.699988,0.0],[120.643815,23.700108,0.0],[120.64376,23.700046,0.0]],[[120.643896,23.700218,0.0],[120.643815,23.700108,0.0],[120.644088,23.700521,0.0],[120.643977,23.700338,0.0],[120.643896,23.700218,0.0]],[[120.644498,23.701202,0.0],[120.64436,23.701169,0.0],[120.644693,23.701269,0.0],[120.644627,23.701244,0.0],[120.644498,23.701202,0.0]],[[120.644766,23.701317,0.0],[120.644693,23.701269,0.0],[120.644854,23.701393,0.0],[120.644766,23.701317,0.0]],[[120.645614,23.703055,0.0],[120.645459,23.702872,0.0],[120.645668,23.703207,0.0],[120.645656,23.703156,0.0],[120.645644,23.703121,0.0],[120.645614,23.703055,0.0]],[[120.639824,23.714662,0.0],[120.639769,23.714589,0.0],[120.640043,23.715064,0.0],[120.639824,23.714662,0.0]],[[120.64043,23.715256,0.0],[120.640043,23.715064,0.0],[120.640481,23.715305,0.0],[120.64043,23.715256,0.0]],[[120.640456,23.717103,0.0],[120.640426,23.71705,0.0],[120.640484,23.71719,0.0],[120.640456,23.717103,0.0]],[[120.640563,23.717296,0.0],[120.640484,23.71719,0.0],[120.640732,23.717579,0.0],[120.640699,23.717522,0.0],[120.640637,23.717418,0.0],[120.640563,23.717296,0.0]],[[120.641233,23.72175,0.0],[120.641106,23.721401,0.0],[120.641157,23.721571,0.0],[120.641233,23.72175,0.0]],[[120.64159,23.722161,0.0],[120.641233,23.72175,0.0],[120.641678,23.722283,0.0],[120.64159,23.722161,0.0]],[[120.64107,23.723809,0.0],[120.64097,23.723725,0.0],[120.641362,23.724372,0.0],[120.641353,23.724322,0.0],[120.641308,23.724237,0.0],[120.641129,23.723986,0.0],[120.641116,23.723898,0.0],[120.641105,23.723858,0.0],[120.64107,23.723809,0.0]],[[120.640078,23.730114,0.0],[120.640098,23.730168,0.0],[120.640019,23.72983,0.0],[120.640078,23.730114,0.0]],[[120.640844,23.730553,0.0],[120.64083,23.730564,0.0],[120.64101,23.730486,0.0],[120.640844,23.730553,0.0]],[[120.64115,23.730457,0.0],[120.64101,23.730486,0.0],[120.641321,23.730457,0.0],[120.64115,23.730457,0.0]],[[120.641452,23.730398,0.0],[120.641321,23.730457,0.0],[120.641554,23.730381,0.0],[120.641452,23.730398,0.0]],[[120.641665,23.730422,0.0],[120.641554,23.730381,0.0],[120.641748,23.730466,0.0],[120.641665,23.730422,0.0]],[[120.641858,23.7305,0.0],[120.641748,23.730466,0.0],[120.641965,23.73055,0.0],[120.641858,23.7305,0.0]],[[120.642024,23.730597,0.0],[120.641965,23.73055,0.0],[120.642063,23.730645,0.0],[120.642024,23.730597,0.0]],[[120.64209,23.730706,0.0],[120.642063,23.730645,0.0],[120.642112,23.730808,0.0],[120.64209,23.730706,0.0]],[[120.642186,23.730997,0.0],[120.642331,23.731272,0.0],[120.642277,23.731165,0.0],[120.642186,23.730997,0.0]],[[120.64273,23.731858,0.0],[120.642585,23.731702,0.0],[120.642987,23.732235,0.0],[120.642929,23.732133,0.0],[120.64286,23.732023,0.0],[120.64273,23.731858,0.0]],[[120.643039,23.732366,0.0],[120.642987,23.732235,0.0],[120.643081,23.732479,0.0],[120.643039,23.732366,0.0]],[[120.643306,23.732957,0.0],[120.643081,23.732479,0.0],[120.643441,23.733273,0.0],[120.643306,23.732957,0.0]],[[120.644041,23.735814,0.0],[120.643968,23.73562,0.0],[120.644106,23.736001,0.0],[120.644041,23.735814,0.0]],[[120.644152,23.736096,0.0],[120.644106,23.736001,0.0],[120.644185,23.736193,0.0],[120.644152,23.736096,0.0]],[[120.644535,23.736644,0.0],[120.644185,23.736193,0.0],[120.644403,23.736541,0.0],[120.644535,23.736644,0.0]],[[120.663232,23.759691,0.0],[120.663798,23.759692,0.0],[120.663799,23.759431,0.0],[120.663232,23.75943,0.0],[120.663232,23.759691,0.0]],[[120.664939,23.756825,0.0],[120.665506,23.756827,0.0],[120.665506,23.756566,0.0],[120.66494,23.756565,0.0],[120.664939,23.756825,0.0]],[[120.664373,23.756563,0.0],[120.66494,23.756565,0.0],[120.66494,23.756304,0.0],[120.66466,23.756303,0.0],[120.664611,23.756221,0.0],[120.664374,23.756303,0.0],[120.664373,23.756563,0.0]],[[120.66409,23.756302,0.0],[120.664092,23.75552,0.0],[120.663526,23.755518,0.0],[120.663526,23.755257,0.0],[120.66296,23.755256,0.0],[120.662958,23.755778,0.0],[120.663525,23.755779,0.0],[120.663524,23.75604,0.0],[120.662958,23.756039,0.0],[120.662957,23.7563,0.0],[120.662674,23.756299,0.0],[120.66267,23.757603,0.0],[120.66352,23.757605,0.0],[120.663521,23.757344,0.0],[120.663804,23.757345,0.0],[120.663807,23.756301,0.0],[120.66409,23.756302,0.0]],[[120.663248,23.75317,0.0],[120.664382,23.753173,0.0],[120.664382,23.752912,0.0],[120.663816,23.752911,0.0],[120.663816,23.75265,0.0],[120.66325,23.752649,0.0],[120.663248,23.75317,0.0]],[[120.667787,23.751354,0.0],[120.667786,23.751615,0.0],[120.668069,23.751613,0.0],[120.668769,23.751919,0.0],[120.668919,23.751561,0.0],[120.668919,23.751618,0.0],[120.669203,23.751618,0.0],[120.669203,23.751357,0.0],[120.669005,23.751357,0.0],[120.669133,23.751052,0.0],[120.668069,23.751545,0.0],[120.66807,23.751355,0.0],[120.667787,23.751354,0.0]],[[120.669486,23.751619,0.0],[120.669203,23.751618,0.0],[120.669202,23.751879,0.0],[120.669485,23.75188,0.0],[120.669486,23.751619,0.0]],[[120.669487,23.751358,0.0],[120.669486,23.751619,0.0],[120.669769,23.751619,0.0],[120.669768,23.752141,0.0],[120.670051,23.752142,0.0],[120.670053,23.75162,0.0],[120.670336,23.751621,0.0],[120.670337,23.75136,0.0],[120.669487,23.751358,0.0]],[[120.669201,23.752401,0.0],[120.669202,23.751879,0.0],[120.668919,23.751878,0.0],[120.668917,23.7524,0.0],[120.669201,23.752401,0.0]],[[120.696401,23.752978,0.0],[120.696685,23.752979,0.0],[120.696685,23.752718,0.0],[120.696402,23.752717,0.0],[120.696401,23.752978,0.0]],[[120.754508,23.743431,0.0],[120.754791,23.743432,0.0],[120.754791,23.743171,0.0],[120.754508,23.74317,0.0],[120.754508,23.743431,0.0]],[[120.754507,23.743692,0.0],[120.754508,23.743431,0.0],[120.754224,23.743431,0.0],[120.754224,23.743691,0.0],[120.754507,23.743692,0.0]],[[120.757621,23.745001,0.0],[120.757905,23.745001,0.0],[120.757906,23.74448,0.0],[120.757622,23.744479,0.0],[120.757621,23.745001,0.0]],[[120.685443,23.615243,0.0],[120.685416,23.615344,0.0],[120.685594,23.614903,0.0],[120.685443,23.615243,0.0]],[[120.717943,23.569044,0.0],[120.717937,23.569046,0.0],[120.718497,23.569115,0.0],[120.71827,23.569047,0.0],[120.717943,23.569044,0.0]],[[120.730927,23.570843,0.0],[120.73135,23.570867,0.0],[120.731164,23.570846,0.0],[120.730927,23.570843,0.0]],[[120.730436,23.570784,0.0],[120.730927,23.570843,0.0],[120.730653,23.570805,0.0],[120.730436,23.570784,0.0]],[[120.73003,23.570701,0.0],[120.730436,23.570784,0.0],[120.730219,23.57072,0.0],[120.73003,23.570701,0.0]],[[120.729718,23.570599,0.0],[120.73003,23.570701,0.0],[120.729935,23.570667,0.0],[120.729718,23.570599,0.0]],[[120.729381,23.570527,0.0],[120.729718,23.570599,0.0],[120.729578,23.570568,0.0],[120.729381,23.570527,0.0]],[[120.729039,23.57043,0.0],[120.729381,23.570527,0.0],[120.729244,23.570473,0.0],[120.729039,23.57043,0.0]],[[120.728179,23.570306,0.0],[120.729039,23.57043,0.0],[120.728543,23.570355,0.0],[120.728179,23.570306,0.0]],[[120.630065,23.636439,0.0],[120.630003,23.636371,0.0],[120.630137,23.63654,0.0],[120.630065,23.636439,0.0]],[[120.625812,23.590552,0.0],[120.62552,23.5906,0.0],[120.625293,23.590641,0.0],[120.625217,23.59066,0.0],[120.625812,23.590552,0.0]],[[120.626084,23.590484,0.0],[120.625812,23.590552,0.0],[120.627052,23.590251,0.0],[120.626722,23.590329,0.0],[120.626533,23.590376,0.0],[120.626481,23.590386,0.0],[120.626084,23.590484,0.0]],[[120.627103,23.590234,0.0],[120.627052,23.590251,0.0],[120.627211,23.59021,0.0],[120.627103,23.590234,0.0]],[[120.627693,23.590191,0.0],[120.627628,23.590191,0.0],[120.62731,23.590209,0.0],[120.627693,23.590191,0.0]],[[120.627823,23.590179,0.0],[120.627693,23.590191,0.0],[120.628281,23.590161,0.0],[120.628221,23.590163,0.0],[120.627889,23.590178,0.0],[120.627823,23.590179,0.0]],[[120.629562,23.590361,0.0],[120.629426,23.590356,0.0],[120.629359,23.590355,0.0],[120.629304,23.590359,0.0],[120.629562,23.590361,0.0]],[[120.630829,23.589954,0.0],[120.63069,23.589947,0.0],[120.630621,23.589945,0.0],[120.630829,23.589954,0.0]],[[120.631137,23.590031,0.0],[120.631089,23.590006,0.0],[120.631645,23.590364,0.0],[120.631563,23.5903,0.0],[120.631528,23.590279,0.0],[120.631397,23.590172,0.0],[120.631367,23.590157,0.0],[120.631319,23.590132,0.0],[120.631266,23.590106,0.0],[120.631208,23.590071,0.0],[120.631137,23.590031,0.0]],[[120.631675,23.590373,0.0],[120.631645,23.590364,0.0],[120.631953,23.590474,0.0],[120.631737,23.590395,0.0],[120.631675,23.590373,0.0]],[[120.633422,23.590695,0.0],[120.633354,23.590662,0.0],[120.633273,23.590618,0.0],[120.633202,23.590581,0.0],[120.633105,23.590554,0.0],[120.633001,23.590531,0.0],[120.633422,23.590695,0.0]],[[120.63374,23.590743,0.0],[120.633422,23.590695,0.0],[120.634767,23.590973,0.0],[120.634527,23.590901,0.0],[120.63374,23.590743,0.0]],[[120.634903,23.591018,0.0],[120.634767,23.590973,0.0],[120.634986,23.591058,0.0],[120.634903,23.591018,0.0]],[[120.635582,23.591269,0.0],[120.635388,23.591195,0.0],[120.635182,23.591123,0.0],[120.635582,23.591269,0.0]],[[120.638611,23.592153,0.0],[120.638453,23.592125,0.0],[120.637895,23.592038,0.0],[120.636779,23.591932,0.0],[120.638611,23.592153,0.0]],[[120.638966,23.592294,0.0],[120.638815,23.592232,0.0],[120.638731,23.59221,0.0],[120.638966,23.592294,0.0]],[[120.639569,23.59246,0.0],[120.639378,23.592405,0.0],[120.639097,23.592334,0.0],[120.639569,23.59246,0.0]],[[120.639733,23.592512,0.0],[120.639569,23.59246,0.0],[120.639806,23.592541,0.0],[120.639733,23.592512,0.0]],[[120.640289,23.592555,0.0],[120.640146,23.59255,0.0],[120.63993,23.592546,0.0],[120.640289,23.592555,0.0]],[[120.640757,23.592453,0.0],[120.640289,23.592555,0.0],[120.640925,23.592432,0.0],[120.640757,23.592453,0.0]],[[120.641065,23.592436,0.0],[120.640925,23.592432,0.0],[120.642037,23.592565,0.0],[120.641712,23.592513,0.0],[120.641065,23.592436,0.0]],[[120.643271,23.592666,0.0],[120.643126,23.592582,0.0],[120.643065,23.592567,0.0],[120.643271,23.592666,0.0]],[[120.643325,23.59267,0.0],[120.643271,23.592666,0.0],[120.643816,23.592802,0.0],[120.643595,23.592735,0.0],[120.643499,23.592711,0.0],[120.643397,23.592692,0.0],[120.643325,23.59267,0.0]],[[120.643985,23.592891,0.0],[120.643816,23.592802,0.0],[120.644788,23.593344,0.0],[120.644508,23.59318,0.0],[120.643985,23.592891,0.0]],[[120.647191,23.593248,0.0],[120.647045,23.59327,0.0],[120.646878,23.593311,0.0],[120.646373,23.593368,0.0],[120.645748,23.593522,0.0],[120.647455,23.593218,0.0],[120.647385,23.593225,0.0],[120.647191,23.593248,0.0]],[[120.647747,23.593078,0.0],[120.647455,23.593218,0.0],[120.649067,23.592547,0.0],[120.648933,23.592598,0.0],[120.648809,23.59265,0.0],[120.648587,23.59273,0.0],[120.648435,23.592798,0.0],[120.64827,23.592855,0.0],[120.648146,23.592899,0.0],[120.648013,23.592958,0.0],[120.647845,23.593035,0.0],[120.647747,23.593078,0.0]],[[120.631148,23.63802,0.0],[120.631041,23.637898,0.0],[120.630953,23.63781,0.0],[120.630568,23.637506,0.0],[120.631148,23.63802,0.0]],[[120.631414,23.6384,0.0],[120.631148,23.63802,0.0],[120.631641,23.638794,0.0],[120.631573,23.638674,0.0],[120.631524,23.638591,0.0],[120.63148,23.638512,0.0],[120.631414,23.6384,0.0]],[[120.631679,23.638878,0.0],[120.631641,23.638794,0.0],[120.631735,23.639072,0.0],[120.631703,23.63896,0.0],[120.631679,23.638878,0.0]],[[120.634558,23.642034,0.0],[120.634455,23.642007,0.0],[120.63439,23.641999,0.0],[120.634289,23.642008,0.0],[120.634558,23.642034,0.0]],[[120.634632,23.642071,0.0],[120.634558,23.642034,0.0],[120.634712,23.642143,0.0],[120.634632,23.642071,0.0]],[[120.634978,23.642484,0.0],[120.634712,23.642143,0.0],[120.635081,23.642624,0.0],[120.634978,23.642484,0.0]],[[120.635127,23.64271,0.0],[120.635081,23.642624,0.0],[120.635284,23.643134,0.0],[120.635241,23.642975,0.0],[120.635203,23.642864,0.0],[120.635127,23.64271,0.0]],[[120.635359,23.652066,0.0],[120.63531,23.652041,0.0],[120.635142,23.652007,0.0],[120.635359,23.652066,0.0]],[[120.635383,23.652125,0.0],[120.635359,23.652066,0.0],[120.635441,23.652345,0.0],[120.635383,23.652125,0.0]],[[120.635589,23.652762,0.0],[120.63557,23.652672,0.0],[120.635547,23.652607,0.0],[120.635589,23.652762,0.0]],[[120.635885,23.652933,0.0],[120.635589,23.652762,0.0],[120.636016,23.653059,0.0],[120.63599,23.653034,0.0],[120.635924,23.652974,0.0],[120.635885,23.652933,0.0]],[[120.636037,23.653143,0.0],[120.636016,23.653059,0.0],[120.636053,23.653296,0.0],[120.636037,23.653143,0.0]],[[120.636317,23.654058,0.0],[120.636053,23.653296,0.0],[120.636322,23.654111,0.0],[120.636317,23.654058,0.0]],[[120.638169,23.658465,0.0],[120.638159,23.658415,0.0],[120.638121,23.658327,0.0],[120.638065,23.658241,0.0],[120.638029,23.658202,0.0],[120.638005,23.658159,0.0],[120.638169,23.658465,0.0]],[[120.640131,23.661143,0.0],[120.640056,23.660988,0.0],[120.640005,23.660937,0.0],[120.640131,23.661143,0.0]],[[120.642812,23.666238,0.0],[120.642884,23.666246,0.0],[120.64293,23.666241,0.0],[120.642812,23.666238,0.0]],[[120.642758,23.666204,0.0],[120.642812,23.666238,0.0],[120.642694,23.666121,0.0],[120.642758,23.666204,0.0]],[[120.642447,23.666093,0.0],[120.64252,23.666108,0.0],[120.642617,23.666102,0.0],[120.642447,23.666093,0.0]],[[120.641729,23.665721,0.0],[120.641935,23.666026,0.0],[120.641978,23.66605,0.0],[120.641729,23.665721,0.0]],[[120.641318,23.665588,0.0],[120.641332,23.665665,0.0],[120.641378,23.665701,0.0],[120.641318,23.665588,0.0]],[[120.646523,23.675871,0.0],[120.646507,23.675758,0.0],[120.646479,23.675666,0.0],[120.646523,23.675871,0.0]],[[120.647599,23.679593,0.0],[120.647582,23.679528,0.0],[120.647552,23.679454,0.0],[120.647495,23.679371,0.0],[120.647443,23.679304,0.0],[120.647639,23.679699,0.0],[120.647638,23.679675,0.0],[120.647599,23.679593,0.0]],[[120.645079,23.701668,0.0],[120.645017,23.701586,0.0],[120.644966,23.701522,0.0],[120.645079,23.701668,0.0]],[[120.645366,23.702155,0.0],[120.645337,23.702029,0.0],[120.645284,23.701925,0.0],[120.645366,23.702155,0.0]],[[120.644803,23.736473,0.0],[120.64467,23.736593,0.0],[120.64462,23.736652,0.0],[120.644803,23.736473,0.0]],[[120.644948,23.736381,0.0],[120.644803,23.736473,0.0],[120.645134,23.736279,0.0],[120.644948,23.736381,0.0]],[[120.645638,23.736132,0.0],[120.645538,23.736152,0.0],[120.645341,23.736191,0.0],[120.6452,23.736229,0.0],[120.645638,23.736132,0.0]],[[120.64579,23.735906,0.0],[120.645724,23.736026,0.0],[120.645711,23.736092,0.0],[120.64579,23.735906,0.0]],[[120.645826,23.735876,0.0],[120.64579,23.735906,0.0],[120.646172,23.735734,0.0],[120.645914,23.735826,0.0],[120.645826,23.735876,0.0]],[[120.646235,23.735643,0.0],[120.646172,23.735734,0.0],[120.646297,23.735573,0.0],[120.646235,23.735643,0.0]],[[120.646339,23.735645,0.0],[120.646297,23.735573,0.0],[120.646387,23.735728,0.0],[120.646339,23.735645,0.0]],[[120.64663,23.735901,0.0],[120.646518,23.735814,0.0],[120.646438,23.735773,0.0],[120.64663,23.735901,0.0]],[[120.648603,23.735729,0.0],[120.648494,23.735829,0.0],[120.648445,23.735896,0.0],[120.648603,23.735729,0.0]],[[120.649206,23.735816,0.0],[120.649127,23.735794,0.0],[120.649018,23.735768,0.0],[120.648938,23.735754,0.0],[120.649206,23.735816,0.0]],[[120.649942,23.73571,0.0],[120.649847,23.735748,0.0],[120.649505,23.735891,0.0],[120.649471,23.735914,0.0],[120.649942,23.73571,0.0]],[[120.651969,23.735784,0.0],[120.651814,23.735821,0.0],[120.651608,23.735883,0.0],[120.651375,23.735955,0.0],[120.651285,23.735982,0.0],[120.651041,23.736073,0.0],[120.651969,23.735784,0.0]],[[120.652144,23.735705,0.0],[120.651969,23.735784,0.0],[120.652206,23.73568,0.0],[120.652144,23.735705,0.0]],[[120.653804,23.734801,0.0],[120.653694,23.734849,0.0],[120.654598,23.734463,0.0],[120.654495,23.734487,0.0],[120.654382,23.734521,0.0],[120.654305,23.734551,0.0],[120.65417,23.734612,0.0],[120.654034,23.73468,0.0],[120.653954,23.734723,0.0],[120.653858,23.73477,0.0],[120.653804,23.734801,0.0]],[[120.654983,23.734422,0.0],[120.654877,23.734432,0.0],[120.654762,23.734447,0.0],[120.654983,23.734422,0.0]],[[120.655078,23.73443,0.0],[120.654983,23.734422,0.0],[120.655426,23.734518,0.0],[120.655163,23.734447,0.0],[120.655078,23.73443,0.0]],[[120.655467,23.734542,0.0],[120.655426,23.734518,0.0],[120.655677,23.734737,0.0],[120.655597,23.734648,0.0],[120.655543,23.73459,0.0],[120.655467,23.734542,0.0]],[[120.655745,23.734848,0.0],[120.655677,23.734737,0.0],[120.655838,23.735121,0.0],[120.655812,23.734988,0.0],[120.655745,23.734848,0.0]],[[120.71005,23.57119,0.0],[120.710226,23.571095,0.0],[120.710422,23.570961,0.0],[120.71005,23.57119,0.0]],[[120.721606,23.626006,0.0],[120.721606,23.626267,0.0],[120.721889,23.626267,0.0],[120.721889,23.626007,0.0],[120.721606,23.626006,0.0]],[[120.72189,23.625746,0.0],[120.721889,23.626007,0.0],[120.722172,23.626007,0.0],[120.722173,23.625746,0.0],[120.72189,23.625746,0.0]],[[120.654081,23.575792,0.0],[120.654364,23.575793,0.0],[120.654365,23.575532,0.0],[120.654082,23.575531,0.0],[120.654081,23.575792,0.0]],[[120.653799,23.575531,0.0],[120.654082,23.575531,0.0],[120.654083,23.575271,0.0],[120.6538,23.57527,0.0],[120.653799,23.575531,0.0]],[[120.651612,23.760187,0.0],[120.651611,23.760447,0.0],[120.652745,23.76045,0.0],[120.652745,23.760189,0.0],[120.651612,23.760187,0.0]],[[120.652746,23.759928,0.0],[120.652745,23.760189,0.0],[120.653879,23.760192,0.0],[120.65388,23.759931,0.0],[120.652746,23.759928,0.0]],[[120.655648,23.596386,0.0],[120.657385,23.600254,0.0],[120.657403,23.600789,0.0],[120.65723,23.601299,0.0],[120.654761,23.605155,0.0],[120.653614,23.608716,0.0],[120.650527,23.612308,0.0],[120.650554,23.612835,0.0],[120.651272,23.613421,0.0],[120.651611,23.614098,0.0],[120.651641,23.614525,0.0],[120.651349,23.616666,0.0],[120.651626,23.616829,0.0],[120.651612,23.616802,0.0],[120.652142,23.617075,0.0],[120.655894,23.612828,0.0],[120.656286,23.612598,0.0],[120.656846,23.612458,0.0],[120.657311,23.612473,0.0],[120.657803,23.612615,0.0],[120.658026,23.612038,0.0],[120.65829,23.611685,0.0],[120.658747,23.611355,0.0],[120.659295,23.611181,0.0],[120.65999,23.611204,0.0],[120.660619,23.611475,0.0],[120.662531,23.613526,0.0],[120.6628,23.614116,0.0],[120.662771,23.614861,0.0],[120.662457,23.615431,0.0],[120.661896,23.615934,0.0],[120.662424,23.615974,0.0],[120.66287,23.616136,0.0],[120.670955,23.612947,0.0],[120.67186,23.612471,0.0],[120.670976,23.611037,0.0],[120.670806,23.610526,0.0],[120.670943,23.608894,0.0],[120.671235,23.6082,0.0],[120.671736,23.607756,0.0],[120.672385,23.607527,0.0],[120.672851,23.607514,0.0],[120.674536,23.607675,0.0],[120.673979,23.607197,0.0],[120.673709,23.606607,0.0],[120.673711,23.605967,0.0],[120.674053,23.605291,0.0],[120.674689,23.604831,0.0],[120.677123,23.604034,0.0],[120.677648,23.603943,0.0],[120.678111,23.603987,0.0],[120.678103,23.603508,0.0],[120.678227,23.603095,0.0],[120.678465,23.602727,0.0],[120.678896,23.602369,0.0],[120.679431,23.602162,0.0],[120.681922,23.601795,0.0],[120.682598,23.601944,0.0],[120.683215,23.60239,0.0],[120.683305,23.6016,0.0],[120.68362,23.601029,0.0],[120.685509,23.599448,0.0],[120.686456,23.5985,0.0],[120.687066,23.598194,0.0],[120.687524,23.598123,0.0],[120.688487,23.598171,0.0],[120.691079,23.598055,0.0],[120.691843,23.598301,0.0],[120.692348,23.598757,0.0],[120.693046,23.598588,0.0],[120.693511,23.598574,0.0],[120.693963,23.598674,0.0],[120.694444,23.598936,0.0],[120.697248,23.596814,0.0],[120.698028,23.596619,0.0],[120.698491,23.596662,0.0],[120.698849,23.596782,0.0],[120.699139,23.595781,0.0],[120.696136,23.592435,0.0],[120.690099,23.592976,0.0],[120.689319,23.592777,0.0],[120.688721,23.592276,0.0],[120.688512,23.591893,0.0],[120.68842,23.591473,0.0],[120.688653,23.589192,0.0],[120.688495,23.587412,0.0],[120.688083,23.587079,0.0],[120.686833,23.58569,0.0],[120.68426,23.584648,0.0],[120.683661,23.584147,0.0],[120.683372,23.583451,0.0],[120.683211,23.581949,0.0],[120.683255,23.581379,0.0],[120.681661,23.578697,0.0],[120.681636,23.577952,0.0],[120.681978,23.577276,0.0],[120.682409,23.576919,0.0],[120.683694,23.576241,0.0],[120.681369,23.574407,0.0],[120.679544,23.571437,0.0],[120.679463,23.57069,0.0],[120.679587,23.570277,0.0],[120.679825,23.569909,0.0],[120.683186,23.566198,0.0],[120.683642,23.565867,0.0],[120.68419,23.565693,0.0],[120.684884,23.565716,0.0],[120.691842,23.567327,0.0],[120.695769,23.569583,0.0],[120.696651,23.56891,0.0],[120.69617,23.568364,0.0],[120.69351,23.566272,0.0],[120.693274,23.565903,0.0],[120.692154,23.563369,0.0],[120.691772,23.564546,0.0],[120.691459,23.564996,0.0],[120.690791,23.565417,0.0],[120.690106,23.565522,0.0],[120.689538,23.565414,0.0],[120.689131,23.565207,0.0],[120.687406,23.563689,0.0],[120.687117,23.563351,0.0],[120.68691,23.562852,0.0],[120.686892,23.562317,0.0],[120.687065,23.561807,0.0],[120.687497,23.561305,0.0],[120.688106,23.560999,0.0],[120.690376,23.560407,0.0],[120.690826,23.560365,0.0],[120.690155,23.558847,0.0],[120.688129,23.557772,0.0],[120.68556,23.559191,0.0],[120.683553,23.562172,0.0],[120.682952,23.562671,0.0],[120.677626,23.564746,0.0],[120.670927,23.566104,0.0],[120.669104,23.567058,0.0],[120.667402,23.567737,0.0],[120.667489,23.568624,0.0],[120.667349,23.569251,0.0],[120.667111,23.56962,0.0],[120.666128,23.570706,0.0],[120.665624,23.571087,0.0],[120.664015,23.571734,0.0],[120.662683,23.57319,0.0],[120.662097,23.573533,0.0],[120.661295,23.57363,0.0],[120.660843,23.57353,0.0],[120.660436,23.573323,0.0],[120.659971,23.572847,0.0],[120.659537,23.571839,0.0],[120.658091,23.572433,0.0],[120.657901,23.572835,0.0],[120.657519,23.573635,0.0],[120.657255,23.573988,0.0],[120.656799,23.574318,0.0],[120.656133,23.574536,0.0],[120.655641,23.576912,0.0],[120.655247,23.577439,0.0],[120.654768,23.57774,0.0],[120.654323,23.577866,0.0],[120.653859,23.57788,0.0],[120.650303,23.577383,0.0],[120.649673,23.577112,0.0],[120.649171,23.576572,0.0],[120.64843,23.576899,0.0],[120.644467,23.577529,0.0],[120.643962,23.578103,0.0],[120.643606,23.578378,0.0],[120.643072,23.578586,0.0],[120.642589,23.578627,0.0],[120.64416,23.580697,0.0],[120.644514,23.579575,0.0],[120.644725,23.579193,0.0],[120.645225,23.578749,0.0],[120.64576,23.578542,0.0],[120.646339,23.578507,0.0],[120.648342,23.578766,0.0],[120.64895,23.579075,0.0],[120.649323,23.579485,0.0],[120.649499,23.579862,0.0],[120.650733,23.58401,0.0],[120.650597,23.584745,0.0],[120.649516,23.586457,0.0],[120.649737,23.588452,0.0],[120.650314,23.588969,0.0],[120.651866,23.591333,0.0],[120.652737,23.591988,0.0],[120.653024,23.592324,0.0],[120.65325,23.59293,0.0],[120.653223,23.593552,0.0],[120.655648,23.596386,0.0]],[[120.657727,23.572814,0.0],[120.657901,23.572835,0.0],[120.656329,23.572306,0.0],[120.657646,23.572791,0.0],[120.657727,23.572814,0.0]],[[120.679621,23.571437,0.0],[120.679544,23.571437,0.0],[120.679822,23.571464,0.0],[120.67977,23.571455,0.0],[120.679621,23.571437,0.0]],[[120.651666,23.616945,0.0],[120.651626,23.616829,0.0],[120.65176,23.617332,0.0],[120.651666,23.616945,0.0]],[[120.651998,23.618017,0.0],[120.65176,23.617332,0.0],[120.65205,23.618222,0.0],[120.652041,23.618181,0.0],[120.651998,23.618017,0.0]],[[120.654131,23.57233,0.0],[120.654212,23.572337,0.0],[120.654355,23.572345,0.0],[120.654438,23.572346,0.0],[120.653465,23.572223,0.0],[120.653801,23.572281,0.0],[120.653947,23.572316,0.0],[120.654011,23.572325,0.0],[120.654131,23.57233,0.0]],[[120.653101,23.572287,0.0],[120.653465,23.572223,0.0],[120.652311,23.572328,0.0],[120.652377,23.572328,0.0],[120.652478,23.572327,0.0],[120.652732,23.572325,0.0],[120.652882,23.572309,0.0],[120.653101,23.572287,0.0]],[[120.652111,23.572368,0.0],[120.652311,23.572328,0.0],[120.651582,23.57244,0.0],[120.651694,23.57243,0.0],[120.651927,23.572401,0.0],[120.652111,23.572368,0.0]],[[120.651364,23.572441,0.0],[120.651582,23.57244,0.0],[120.65082,23.572425,0.0],[120.650976,23.572433,0.0],[120.651118,23.572438,0.0],[120.651364,23.572441,0.0]],[[120.65042,23.572535,0.0],[120.650545,23.572497,0.0],[120.650632,23.572468,0.0],[120.65042,23.572535,0.0]],[[120.649861,23.572794,0.0],[120.649927,23.572764,0.0],[120.649981,23.572719,0.0],[120.649861,23.572794,0.0]],[[120.649843,23.572832,0.0],[120.649861,23.572794,0.0],[120.649712,23.572983,0.0],[120.649843,23.572832,0.0]],[[120.649597,23.573195,0.0],[120.649629,23.57314,0.0],[120.649678,23.573041,0.0],[120.649597,23.573195,0.0]],[[120.649518,23.57329,0.0],[120.649597,23.573195,0.0],[120.649484,23.573307,0.0],[120.649518,23.57329,0.0]],[[120.680082,23.571459,0.0],[120.680022,23.571459,0.0],[120.679972,23.571462,0.0],[120.679927,23.571464,0.0],[120.680082,23.571459,0.0]],[[120.680154,23.571446,0.0],[120.680082,23.571459,0.0],[120.680301,23.571443,0.0],[120.680234,23.571441,0.0],[120.680154,23.571446,0.0]],[[120.680535,23.571476,0.0],[120.680443,23.571462,0.0],[120.680353,23.571457,0.0],[120.680535,23.571476,0.0]],[[120.680677,23.571475,0.0],[120.680535,23.571476,0.0],[120.680899,23.571498,0.0],[120.680677,23.571475,0.0]],[[120.681029,23.57154,0.0],[120.680899,23.571498,0.0],[120.681362,23.571666,0.0],[120.681106,23.571567,0.0],[120.681029,23.57154,0.0]],[[120.68147,23.571682,0.0],[120.681362,23.571666,0.0],[120.681985,23.57185,0.0],[120.681669,23.571742,0.0],[120.68147,23.571682,0.0]],[[120.682065,23.571884,0.0],[120.681985,23.57185,0.0],[120.682165,23.571933,0.0],[120.68211,23.571905,0.0],[120.682065,23.571884,0.0]],[[120.682247,23.571967,0.0],[120.682165,23.571933,0.0],[120.682292,23.571988,0.0],[120.682247,23.571967,0.0]],[[120.682758,23.572298,0.0],[120.682626,23.572192,0.0],[120.682556,23.572144,0.0],[120.682758,23.572298,0.0]],[[120.684491,23.573733,0.0],[120.684326,23.573655,0.0],[120.684316,23.573651,0.0],[120.684229,23.573619,0.0],[120.684491,23.573733,0.0]],[[120.684675,23.573864,0.0],[120.684491,23.573733,0.0],[120.684984,23.57411,0.0],[120.684902,23.57403,0.0],[120.684752,23.573929,0.0],[120.684675,23.573864,0.0]],[[120.685268,23.574305,0.0],[120.684984,23.57411,0.0],[120.685519,23.574498,0.0],[120.685412,23.57442,0.0],[120.685342,23.57436,0.0],[120.685268,23.574305,0.0]],[[120.690069,23.57543,0.0],[120.689613,23.575263,0.0],[120.689412,23.575212,0.0],[120.690069,23.57543,0.0]],[[120.69134,23.576112,0.0],[120.691183,23.576028,0.0],[120.691081,23.575998,0.0],[120.69134,23.576112,0.0]],[[120.691599,23.576165,0.0],[120.69134,23.576112,0.0],[120.691993,23.576285,0.0],[120.691741,23.576202,0.0],[120.691599,23.576165,0.0]],[[120.692229,23.576317,0.0],[120.691993,23.576285,0.0],[120.69281,23.576432,0.0],[120.692688,23.576409,0.0],[120.692516,23.57637,0.0],[120.692361,23.57634,0.0],[120.692229,23.576317,0.0]],[[120.693072,23.576443,0.0],[120.69281,23.576432,0.0],[120.69346,23.576493,0.0],[120.693251,23.576461,0.0],[120.693072,23.576443,0.0]],[[120.694019,23.576503,0.0],[120.693899,23.576493,0.0],[120.693695,23.576507,0.0],[120.694019,23.576503,0.0]],[[120.694482,23.576427,0.0],[120.694345,23.576447,0.0],[120.694181,23.576484,0.0],[120.694482,23.576427,0.0]],[[120.694667,23.576408,0.0],[120.694482,23.576427,0.0],[120.694811,23.576394,0.0],[120.694667,23.576408,0.0]],[[120.695831,23.576217,0.0],[120.695352,23.576293,0.0],[120.695223,23.576337,0.0],[120.695831,23.576217,0.0]],[[120.69607,23.57622,0.0],[120.695831,23.576217,0.0],[120.696636,23.576261,0.0],[120.69607,23.57622,0.0]],[[120.696801,23.576288,0.0],[120.696636,23.576261,0.0],[120.697127,23.576387,0.0],[120.697032,23.576339,0.0],[120.696801,23.576288,0.0]],[[120.697249,23.57638,0.0],[120.697127,23.576387,0.0],[120.697513,23.57641,0.0],[120.697389,23.576392,0.0],[120.697249,23.57638,0.0]],[[120.69788,23.576366,0.0],[120.697513,23.57641,0.0],[120.698912,23.576341,0.0],[120.69855,23.576343,0.0],[120.698383,23.576348,0.0],[120.698221,23.576359,0.0],[120.698044,23.576359,0.0],[120.69788,23.576366,0.0]],[[120.701581,23.57589,0.0],[120.701467,23.575904,0.0],[120.700931,23.576037,0.0],[120.701581,23.57589,0.0]],[[120.701733,23.575837,0.0],[120.701581,23.57589,0.0],[120.702063,23.575757,0.0],[120.701938,23.575787,0.0],[120.701733,23.575837,0.0]],[[120.702751,23.575497,0.0],[120.702063,23.575757,0.0],[120.702908,23.575453,0.0],[120.702751,23.575497,0.0]],[[120.703062,23.575368,0.0],[120.702908,23.575453,0.0],[120.703623,23.575159,0.0],[120.703449,23.575212,0.0],[120.703062,23.575368,0.0]],[[120.703925,23.575085,0.0],[120.703623,23.575159,0.0],[120.704316,23.57501,0.0],[120.703925,23.575085,0.0]],[[120.704658,23.574977,0.0],[120.704316,23.57501,0.0],[120.705109,23.574957,0.0],[120.704658,23.574977,0.0]],[[120.705388,23.574954,0.0],[120.705109,23.574957,0.0],[120.705894,23.574979,0.0],[120.7056,23.574956,0.0],[120.705388,23.574954,0.0]],[[120.706495,23.57505,0.0],[120.705894,23.574979,0.0],[120.706814,23.575131,0.0],[120.706495,23.57505,0.0]],[[120.70703,23.575204,0.0],[120.706814,23.575131,0.0],[120.708028,23.575758,0.0],[120.707292,23.575328,0.0],[120.70703,23.575204,0.0]],[[120.714104,23.623085,0.0],[120.714151,23.622809,0.0],[120.714175,23.62254,0.0],[120.714188,23.622292,0.0],[120.714191,23.62209,0.0],[120.714182,23.62168,0.0],[120.714104,23.623085,0.0]],[[120.714065,23.623234,0.0],[120.714104,23.623085,0.0],[120.713878,23.623756,0.0],[120.714065,23.623234,0.0]],[[120.713858,23.623937,0.0],[120.713878,23.623756,0.0],[120.713589,23.624972,0.0],[120.71377,23.624346,0.0],[120.713807,23.624178,0.0],[120.713858,23.623937,0.0]],[[120.71356,23.625192,0.0],[120.713589,23.624972,0.0],[120.713457,23.625614,0.0],[120.71351,23.625405,0.0],[120.71356,23.625192,0.0]],[[120.713438,23.625761,0.0],[120.713457,23.625614,0.0],[120.713399,23.626032,0.0],[120.713438,23.625761,0.0]],[[120.713385,23.626315,0.0],[120.713399,23.626032,0.0],[120.713342,23.626489,0.0],[120.713385,23.626315,0.0]],[[120.713148,23.627193,0.0],[120.713227,23.627061,0.0],[120.713349,23.626703,0.0],[120.713148,23.627193,0.0]],[[120.721057,23.61818,0.0],[120.721057,23.61792,0.0],[120.720774,23.617919,0.0],[120.720774,23.61818,0.0],[120.721057,23.61818,0.0]],[[120.647938,23.585664,0.0],[120.647821,23.585667,0.0],[120.647629,23.585678,0.0],[120.647446,23.585718,0.0],[120.647938,23.585664,0.0]],[[120.648024,23.585677,0.0],[120.647938,23.585664,0.0],[120.648303,23.585721,0.0],[120.648024,23.585677,0.0]],[[120.643658,23.575442,0.0],[120.64358,23.57552,0.0],[120.643487,23.575661,0.0],[120.643458,23.575716,0.0],[120.643658,23.575442,0.0]],[[120.643791,23.575375,0.0],[120.643658,23.575442,0.0],[120.644143,23.57529,0.0],[120.643892,23.575348,0.0],[120.643791,23.575375,0.0]],[[120.645039,23.575553,0.0],[120.644143,23.57529,0.0],[120.645484,23.575741,0.0],[120.645277,23.575638,0.0],[120.645039,23.575553,0.0]],[[120.64558,23.5758,0.0],[120.645484,23.575741,0.0],[120.64624,23.576536,0.0],[120.645756,23.575968,0.0],[120.64558,23.5758,0.0]],[[120.648494,23.57565,0.0],[120.648415,23.575779,0.0],[120.648698,23.57536,0.0],[120.648611,23.575454,0.0],[120.648562,23.575535,0.0],[120.648494,23.57565,0.0]],[[120.648752,23.575314,0.0],[120.648698,23.57536,0.0],[120.649062,23.57508,0.0],[120.648917,23.575188,0.0],[120.648752,23.575314,0.0]],[[120.708508,23.575742,0.0],[120.708223,23.575654,0.0],[120.708029,23.575612,0.0],[120.708508,23.575742,0.0]],[[120.709618,23.571838,0.0],[120.709584,23.571902,0.0],[120.709559,23.571955,0.0],[120.70954,23.572001,0.0],[120.709618,23.571838,0.0]],[[120.701376,23.576316,0.0],[120.701341,23.576312,0.0],[120.701359,23.576334,0.0],[120.701376,23.576316,0.0]],[[120.862281,23.643409,0.0],[120.862281,23.642887,0.0],[120.861715,23.642887,0.0],[120.861715,23.643409,0.0],[120.862281,23.643409,0.0]],[[120.655876,23.7534,0.0],[120.655945,23.753685,0.0],[120.655967,23.753764,0.0],[120.655876,23.7534,0.0]],[[120.655805,23.753147,0.0],[120.655876,23.7534,0.0],[120.655734,23.752864,0.0],[120.655805,23.753147,0.0]],[[120.65561,23.75235,0.0],[120.655681,23.752614,0.0],[120.655342,23.751224,0.0],[120.655488,23.751848,0.0],[120.655548,23.752072,0.0],[120.65561,23.75235,0.0]],[[120.655287,23.751023,0.0],[120.655342,23.751224,0.0],[120.654715,23.748689,0.0],[120.65477,23.748948,0.0],[120.655051,23.750083,0.0],[120.655287,23.751023,0.0]],[[120.654524,23.747403,0.0],[120.654531,23.74747,0.0],[120.654557,23.747655,0.0],[120.654604,23.747849,0.0],[120.654625,23.748005,0.0],[120.654658,23.748147,0.0],[120.654524,23.747403,0.0]],[[120.654568,23.74496,0.0],[120.654588,23.745064,0.0],[120.654612,23.745172,0.0],[120.654568,23.74496,0.0]],[[120.654523,23.744563,0.0],[120.65446,23.744268,0.0],[120.654433,23.744133,0.0],[120.654526,23.744608,0.0],[120.654523,23.744563,0.0]],[[120.654358,23.742105,0.0],[120.654365,23.742234,0.0],[120.654372,23.742325,0.0],[120.654358,23.742105,0.0]],[[120.654356,23.742069,0.0],[120.654358,23.742105,0.0],[120.654357,23.742081,0.0],[120.654356,23.742069,0.0]],[[120.653404,23.627701,0.0],[120.653434,23.627764,0.0],[120.653451,23.627798,0.0],[120.653404,23.627701,0.0]],[[120.653352,23.627639,0.0],[120.653404,23.627701,0.0],[120.653129,23.627248,0.0],[120.653221,23.627421,0.0],[120.653297,23.627548,0.0],[120.653352,23.627639,0.0]],[[120.653111,23.62719,0.0],[120.653129,23.627248,0.0],[120.653102,23.62712,0.0],[120.653111,23.62719,0.0]],[[120.652809,23.621574,0.0],[120.652847,23.621671,0.0],[120.652898,23.62175,0.0],[120.652809,23.621574,0.0]],[[120.652785,23.621465,0.0],[120.652809,23.621574,0.0],[120.652773,23.621395,0.0],[120.652785,23.621465,0.0]],[[120.652728,23.6213,0.0],[120.652773,23.621395,0.0],[120.65265,23.62105,0.0],[120.652677,23.62115,0.0],[120.652728,23.6213,0.0]],[[120.652579,23.620626,0.0],[120.652615,23.620806,0.0],[120.652669,23.620949,0.0],[120.652579,23.620626,0.0]],[[120.652543,23.62055,0.0],[120.652579,23.620626,0.0],[120.652489,23.620404,0.0],[120.652491,23.620435,0.0],[120.652543,23.62055,0.0]],[[120.65248,23.619988,0.0],[120.652463,23.619847,0.0],[120.652487,23.620086,0.0],[120.65248,23.619988,0.0]],[[120.652384,23.619641,0.0],[120.652463,23.619847,0.0],[120.652346,23.619464,0.0],[120.652384,23.619641,0.0]],[[120.651962,23.618599,0.0],[120.651974,23.618668,0.0],[120.652026,23.618869,0.0],[120.651962,23.618599,0.0]],[[120.646622,23.692041,0.0],[120.646596,23.691968,0.0],[120.646567,23.691885,0.0],[120.646625,23.692087,0.0],[120.646622,23.692041,0.0]],[[120.643864,23.734596,0.0],[120.643913,23.734927,0.0],[120.643937,23.735031,0.0],[120.643864,23.734596,0.0]],[[120.643421,23.734138,0.0],[120.643423,23.734172,0.0],[120.643486,23.734315,0.0],[120.643554,23.734399,0.0],[120.643421,23.734138,0.0]],[[120.640154,23.661979,0.0],[120.640173,23.662079,0.0],[120.640195,23.662159,0.0],[120.640154,23.661979,0.0]],[[120.640067,23.661779,0.0],[120.640154,23.661979,0.0],[120.640036,23.661656,0.0],[120.640067,23.661779,0.0]],[[120.639781,23.726735,0.0],[120.639861,23.726906,0.0],[120.639941,23.727115,0.0],[120.640027,23.727286,0.0],[120.640069,23.727365,0.0],[120.639696,23.726507,0.0],[120.639735,23.726624,0.0],[120.639781,23.726735,0.0]],[[120.639839,23.72902,0.0],[120.639863,23.729104,0.0],[120.63991,23.729219,0.0],[120.640045,23.729384,0.0],[120.639839,23.72902,0.0]],[[120.63952,23.623229,0.0],[120.639519,23.62349,0.0],[120.639802,23.62349,0.0],[120.639803,23.62323,0.0],[120.63952,23.623229,0.0]],[[120.636969,23.656022,0.0],[120.636986,23.656091,0.0],[120.637037,23.656183,0.0],[120.637094,23.656274,0.0],[120.636969,23.656022,0.0]],[[120.719576,23.569649,0.0],[120.719464,23.569578,0.0],[120.720825,23.570497,0.0],[120.7207,23.57039,0.0],[120.720524,23.570269,0.0],[120.720354,23.570162,0.0],[120.720147,23.570034,0.0],[120.719982,23.569916,0.0],[120.719761,23.569765,0.0],[120.719676,23.569713,0.0],[120.719576,23.569649,0.0]],[[120.721035,23.570604,0.0],[120.720825,23.570497,0.0],[120.721495,23.570877,0.0],[120.721345,23.570786,0.0],[120.721035,23.570604,0.0]],[[120.721895,23.571056,0.0],[120.721495,23.570877,0.0],[120.721687,23.570972,0.0],[120.721895,23.571056,0.0]],[[120.723487,23.571544,0.0],[120.721895,23.571056,0.0],[120.722292,23.571192,0.0],[120.723487,23.571544,0.0]],[[120.723664,23.57161,0.0],[120.723487,23.571544,0.0],[120.724293,23.571875,0.0],[120.723664,23.57161,0.0]],[[120.727366,23.570467,0.0],[120.727195,23.570553,0.0],[120.727009,23.57065,0.0],[120.727481,23.570416,0.0],[120.727366,23.570467,0.0]],[[120.726576,23.570986,0.0],[120.727009,23.57065,0.0],[120.726798,23.570807,0.0],[120.726685,23.570898,0.0],[120.726576,23.570986,0.0]],[[120.724851,23.571842,0.0],[120.725437,23.571623,0.0],[120.725233,23.571689,0.0],[120.724851,23.571842,0.0]]],[[[120.643352,23.666696,0.0],[120.643192,23.666582,0.0],[120.643331,23.666635,0.0],[120.643416,23.666751,0.0],[120.643352,23.666696,0.0]]],[[[120.645805,23.672035,0.0],[120.64573,23.671991,0.0],[120.645537,23.671843,0.0],[120.645801,23.672032,0.0],[120.645805,23.672035,0.0]]],[[[120.666081,23.753698,0.0],[120.665797,23.753698,0.0],[120.665798,23.753176,0.0],[120.666082,23.753176,0.0],[120.666082,23.752916,0.0],[120.666366,23.752916,0.0],[120.666365,23.753438,0.0],[120.666081,23.753437,0.0],[120.666081,23.753698,0.0]]],[[[120.629974,23.631959,0.0],[120.630152,23.632584,0.0],[120.629477,23.63129,0.0],[120.629974,23.631959,0.0]]],[[[120.638863,23.659758,0.0],[120.638881,23.659781,0.0],[120.638763,23.659695,0.0],[120.638863,23.659758,0.0]]],[[[120.646321,23.672312,0.0],[120.646467,23.672406,0.0],[120.646108,23.672213,0.0],[120.645983,23.67214,0.0],[120.646321,23.672312,0.0]]],[[[120.646649,23.672462,0.0],[120.646802,23.672549,0.0],[120.646495,23.672417,0.0],[120.646649,23.672462,0.0]]],[[[120.639958,23.709064,0.0],[120.640134,23.709359,0.0],[120.639949,23.709216,0.0],[120.639899,23.709,0.0],[120.639958,23.709064,0.0]]],[[[120.658115,23.765939,0.0],[120.658114,23.7662,0.0],[120.658397,23.766201,0.0],[120.658396,23.766698,0.0],[120.657545,23.766938,0.0],[120.657546,23.766459,0.0],[120.65783,23.76646,0.0],[120.657832,23.765678,0.0],[120.657265,23.765676,0.0],[120.657266,23.765416,0.0],[120.657832,23.765417,0.0],[120.657835,23.764634,0.0],[120.658401,23.764636,0.0],[120.658401,23.764896,0.0],[120.658684,23.764897,0.0],[120.658682,23.76568,0.0],[120.658399,23.765679,0.0],[120.658398,23.76594,0.0],[120.658115,23.765939,0.0]]],[[[120.658674,23.768549,0.0],[120.658391,23.768548,0.0],[120.658392,23.768348,0.0],[120.658675,23.768353,0.0],[120.658674,23.768549,0.0]]],[[[120.639625,23.791069,0.0],[120.639626,23.790935,0.0],[120.639777,23.790936,0.0],[120.639625,23.791069,0.0]]],[[[120.646689,23.799298,0.0],[120.646406,23.799297,0.0],[120.646406,23.799036,0.0],[120.64669,23.799037,0.0],[120.646689,23.799298,0.0]]],[[[120.635646,23.804749,0.0],[120.635903,23.804575,0.0],[120.635903,23.80475,0.0],[120.635646,23.804749,0.0]]],[[[120.635617,23.805532,0.0],[120.63505,23.80553,0.0],[120.635051,23.80527,0.0],[120.634878,23.805269,0.0],[120.635619,23.804767,0.0],[120.635617,23.805532,0.0]]],[[[120.634403,23.83415,0.0],[120.634309,23.834252,0.0],[120.634119,23.834215,0.0],[120.63412,23.833957,0.0],[120.634403,23.833958,0.0],[120.634403,23.83415,0.0]]],[[[120.633008,23.835142,0.0],[120.632982,23.835194,0.0],[120.632983,23.834997,0.0],[120.633066,23.834998,0.0],[120.633008,23.835142,0.0]]],[[[120.629851,23.839424,0.0],[120.629852,23.839163,0.0],[120.630089,23.839164,0.0],[120.629566,23.839903,0.0],[120.629568,23.839423,0.0],[120.629851,23.839424,0.0]]],[[[120.626136,23.849773,0.0],[120.626477,23.85037,0.0],[120.626134,23.850369,0.0],[120.626136,23.849773,0.0]]],[[[120.628663,23.858319,0.0],[120.628664,23.8582,0.0],[120.628705,23.8582,0.0],[120.628663,23.858319,0.0]]],[[[120.662608,23.503669,0.0],[120.663463,23.502516,0.0],[120.664476,23.501628,0.0],[120.66484,23.501428,0.0],[120.665288,23.501357,0.0],[120.665693,23.501396,0.0],[120.666108,23.501627,0.0],[120.666322,23.502495,0.0],[120.66616,23.503411,0.0],[120.666224,23.503833,0.0],[120.666504,23.504129,0.0],[120.666889,23.504775,0.0],[120.666317,23.504737,0.0],[120.665741,23.5045,0.0],[120.665248,23.504649,0.0],[120.664743,23.504657,0.0],[120.664228,23.505168,0.0],[120.663484,23.505458,0.0],[120.663019,23.505471,0.0],[120.662268,23.505369,0.0],[120.660547,23.505573,0.0],[120.660487,23.505569,0.0],[120.660487,23.505384,0.0],[120.660205,23.505383,0.0],[120.660207,23.504601,0.0],[120.660489,23.504601,0.0],[120.66049,23.504234,0.0],[120.660895,23.504246,0.0],[120.662213,23.504064,0.0],[120.662608,23.503669,0.0]]],[[[120.677097,23.503853,0.0],[120.676579,23.504368,0.0],[120.675357,23.505134,0.0],[120.674935,23.505314,0.0],[120.674476,23.505384,0.0],[120.674014,23.50534,0.0],[120.673581,23.505185,0.0],[120.673264,23.504977,0.0],[120.674615,23.504126,0.0],[120.675568,23.503738,0.0],[120.676102,23.503718,0.0],[120.677097,23.503853,0.0]]],[[[120.671312,23.576057,0.0],[120.667907,23.577362,0.0],[120.667099,23.57736,0.0],[120.666378,23.577023,0.0],[120.6659,23.576422,0.0],[120.665778,23.576008,0.0],[120.665779,23.57558,0.0],[120.666866,23.573028,0.0],[120.667179,23.572578,0.0],[120.667535,23.572302,0.0],[120.668069,23.572094,0.0],[120.671414,23.571703,0.0],[120.671983,23.571811,0.0],[120.672481,23.572084,0.0],[120.672855,23.572493,0.0],[120.673081,23.573099,0.0],[120.67308,23.573527,0.0],[120.672956,23.57394,0.0],[120.671872,23.575679,0.0],[120.671312,23.576057,0.0]]],[[[120.67182,23.594784,0.0],[120.672005,23.594167,0.0],[120.672528,23.593599,0.0],[120.675767,23.591824,0.0],[120.676212,23.591698,0.0],[120.676676,23.591685,0.0],[120.677236,23.591827,0.0],[120.677627,23.592058,0.0],[120.678719,23.593309,0.0],[120.680003,23.594259,0.0],[120.680355,23.59481,0.0],[120.680446,23.595445,0.0],[120.680205,23.596156,0.0],[120.679738,23.59663,0.0],[120.677361,23.597889,0.0],[120.676917,23.598015,0.0],[120.676452,23.598029,0.0],[120.675799,23.597843,0.0],[120.672522,23.596187,0.0],[120.672001,23.595617,0.0],[120.67185,23.595212,0.0],[120.67182,23.594784,0.0]],[[120.677237,23.595404,0.0],[120.677238,23.595143,0.0],[120.676955,23.595142,0.0],[120.676954,23.595403,0.0],[120.677237,23.595404,0.0]]],[[[120.712236,23.68425,0.0],[120.712206,23.683822,0.0],[120.7123,23.683403,0.0],[120.712736,23.682775,0.0],[120.713811,23.682047,0.0],[120.713672,23.681233,0.0],[120.713812,23.680605,0.0],[120.715416,23.678292,0.0],[120.715771,23.678016,0.0],[120.716194,23.677837,0.0],[120.720986,23.67668,0.0],[120.721449,23.676638,0.0],[120.722018,23.676746,0.0],[120.722517,23.677019,0.0],[120.722891,23.677428,0.0],[120.723071,23.677823,0.0],[120.724701,23.683999,0.0],[120.724619,23.68474,0.0],[120.724263,23.68529,0.0],[120.723807,23.685621,0.0],[120.723372,23.685774,0.0],[120.716263,23.687031,0.0],[120.715804,23.686959,0.0],[120.715382,23.686778,0.0],[120.712731,23.685086,0.0],[120.712388,23.684655,0.0],[120.712236,23.68425,0.0]]],[[[120.675722,23.750589,0.0],[120.675721,23.75111,0.0],[120.675438,23.75111,0.0],[120.675439,23.750588,0.0],[120.675722,23.750589,0.0]]],[[[120.674957,23.752478,0.0],[120.674868,23.752527,0.0],[120.674868,23.752413,0.0],[120.675059,23.752413,0.0],[120.674957,23.752478,0.0]]],[[[120.6947,23.75358,0.0],[120.6947,23.753496,0.0],[120.694778,23.753497,0.0],[120.6947,23.75358,0.0]]],[[[120.689599,23.753797,0.0],[120.689536,23.753747,0.0],[120.689599,23.753747,0.0],[120.689599,23.753797,0.0]]],[[[120.694416,23.753882,0.0],[120.694416,23.753757,0.0],[120.694533,23.753757,0.0],[120.694416,23.753882,0.0]]],[[[120.66551,23.755001,0.0],[120.665227,23.755,0.0],[120.665228,23.75474,0.0],[120.665511,23.75474,0.0],[120.66551,23.755001,0.0]]],[[[120.666076,23.755524,0.0],[120.665792,23.755523,0.0],[120.665793,23.755262,0.0],[120.666077,23.755263,0.0],[120.666076,23.755524,0.0]]],[[[120.67231,23.75658,0.0],[120.672307,23.756611,0.0],[120.672307,23.75658,0.0],[120.67231,23.75658,0.0]]],[[[120.666071,23.75735,0.0],[120.666355,23.75735,0.0],[120.666354,23.757611,0.0],[120.666071,23.75761,0.0],[120.666071,23.75735,0.0]]],[[[120.664654,23.757607,0.0],[120.664937,23.757608,0.0],[120.664936,23.75813,0.0],[120.664652,23.758129,0.0],[120.664654,23.757607,0.0]]],[[[120.66692,23.757873,0.0],[120.667203,23.757874,0.0],[120.667203,23.758134,0.0],[120.666919,23.758134,0.0],[120.66692,23.757873,0.0]]],[[[120.672146,23.758406,0.0],[120.672019,23.758406,0.0],[120.672021,23.757884,0.0],[120.672193,23.757884,0.0],[120.672146,23.758406,0.0]]],[[[120.664652,23.75839,0.0],[120.664368,23.758389,0.0],[120.664369,23.758128,0.0],[120.664652,23.758129,0.0],[120.664652,23.75839,0.0]]],[[[120.666919,23.758395,0.0],[120.666635,23.758394,0.0],[120.666636,23.758133,0.0],[120.666919,23.758134,0.0],[120.666919,23.758395,0.0]]],[[[120.702056,23.758466,0.0],[120.702339,23.758467,0.0],[120.702339,23.758617,0.0],[120.701773,23.758502,0.0],[120.701773,23.758205,0.0],[120.702057,23.758206,0.0],[120.702056,23.758466,0.0]]],[[[120.666635,23.758461,0.0],[120.66653,23.758394,0.0],[120.666635,23.758394,0.0],[120.666635,23.758461,0.0]]],[[[120.663518,23.758648,0.0],[120.663801,23.758649,0.0],[120.6638,23.75891,0.0],[120.663517,23.758909,0.0],[120.663518,23.758648,0.0]]],[[[120.665597,23.759477,0.0],[120.664932,23.75977,0.0],[120.664932,23.759434,0.0],[120.665216,23.759434,0.0],[120.665217,23.758913,0.0],[120.6655,23.758913,0.0],[120.6655,23.759174,0.0],[120.665783,23.759175,0.0],[120.665784,23.758653,0.0],[120.666233,23.758654,0.0],[120.666002,23.759094,0.0],[120.665597,23.759477,0.0]]],[[[120.680228,23.762074,0.0],[120.679094,23.762072,0.0],[120.679095,23.761991,0.0],[120.679535,23.761896,0.0],[120.680228,23.761962,0.0],[120.680228,23.762074,0.0]]],[[[120.67796,23.762591,0.0],[120.67796,23.762523,0.0],[120.678244,23.762386,0.0],[120.678243,23.762592,0.0],[120.67796,23.762591,0.0]]],[[[120.673706,23.763719,0.0],[120.673989,23.763944,0.0],[120.673988,23.764148,0.0],[120.673705,23.764147,0.0],[120.673706,23.763719,0.0]]],[[[120.707988,23.767085,0.0],[120.707987,23.767346,0.0],[120.70827,23.767346,0.0],[120.70827,23.767607,0.0],[120.708059,23.767606,0.0],[120.707979,23.767535,0.0],[120.707704,23.767242,0.0],[120.707704,23.767084,0.0],[120.707988,23.767085,0.0]]],[[[120.660794,23.772142,0.0],[120.661259,23.772129,0.0],[120.662883,23.772527,0.0],[120.662703,23.772001,0.0],[120.662724,23.771466,0.0],[120.663829,23.768497,0.0],[120.66412,23.76807,0.0],[120.666226,23.765852,0.0],[120.665955,23.765599,0.0],[120.665719,23.76523,0.0],[120.665304,23.764129,0.0],[120.665487,23.76413,0.0],[120.665488,23.763608,0.0],[120.666055,23.763609,0.0],[120.666056,23.763348,0.0],[120.665206,23.763346,0.0],[120.665206,23.763086,0.0],[120.664923,23.763109,0.0],[120.664395,23.761519,0.0],[120.664644,23.76152,0.0],[120.664644,23.761259,0.0],[120.664928,23.761259,0.0],[120.664928,23.760999,0.0],[120.664453,23.760997,0.0],[120.664846,23.760336,0.0],[120.665202,23.76006,0.0],[120.665625,23.759881,0.0],[120.666632,23.759731,0.0],[120.666631,23.759959,0.0],[120.666915,23.75996,0.0],[120.666915,23.759699,0.0],[120.667199,23.759699,0.0],[120.667201,23.758917,0.0],[120.66701,23.758916,0.0],[120.667056,23.75873,0.0],[120.666918,23.758642,0.0],[120.666919,23.758395,0.0],[120.668902,23.758399,0.0],[120.668904,23.757616,0.0],[120.669188,23.757617,0.0],[120.669188,23.757356,0.0],[120.669472,23.757357,0.0],[120.66947,23.757878,0.0],[120.669754,23.757879,0.0],[120.669755,23.757357,0.0],[120.670038,23.757358,0.0],[120.670039,23.757097,0.0],[120.671456,23.7571,0.0],[120.671456,23.756839,0.0],[120.672286,23.756841,0.0],[120.672263,23.757102,0.0],[120.672022,23.757101,0.0],[120.672021,23.757623,0.0],[120.671738,23.757622,0.0],[120.671738,23.757362,0.0],[120.670888,23.75736,0.0],[120.670888,23.757621,0.0],[120.670321,23.757619,0.0],[120.67032,23.758141,0.0],[120.670036,23.758141,0.0],[120.670033,23.759445,0.0],[120.6706,23.759446,0.0],[120.6706,23.759185,0.0],[120.670884,23.759186,0.0],[120.670884,23.758925,0.0],[120.671168,23.758925,0.0],[120.671168,23.758665,0.0],[120.671735,23.758666,0.0],[120.671732,23.75997,0.0],[120.672015,23.75997,0.0],[120.672016,23.75971,0.0],[120.672299,23.75971,0.0],[120.6723,23.759449,0.0],[120.672578,23.75945,0.0],[120.672868,23.75972,0.0],[120.673105,23.760089,0.0],[120.673242,23.760717,0.0],[120.67322,23.761016,0.0],[120.673146,23.761016,0.0],[120.673145,23.761538,0.0],[120.672578,23.761537,0.0],[120.672576,23.762319,0.0],[120.673103,23.76232,0.0],[120.67308,23.762581,0.0],[120.672576,23.76258,0.0],[120.672574,23.763362,0.0],[120.67229,23.763362,0.0],[120.67229,23.763622,0.0],[120.672573,23.763623,0.0],[120.672572,23.763884,0.0],[120.672289,23.763883,0.0],[120.672288,23.764405,0.0],[120.672571,23.764406,0.0],[120.672572,23.764145,0.0],[120.672855,23.764145,0.0],[120.672857,23.763363,0.0],[120.67314,23.763363,0.0],[120.673138,23.764146,0.0],[120.673705,23.764147,0.0],[120.673704,23.764669,0.0],[120.67342,23.764668,0.0],[120.673419,23.76519,0.0],[120.673703,23.76519,0.0],[120.673703,23.76493,0.0],[120.673987,23.76493,0.0],[120.673988,23.764409,0.0],[120.674271,23.764409,0.0],[120.674272,23.764148,0.0],[120.674555,23.764149,0.0],[120.674556,23.763858,0.0],[120.676456,23.763203,0.0],[120.677095,23.763137,0.0],[120.677392,23.76284,0.0],[120.678242,23.762853,0.0],[120.678243,23.762592,0.0],[120.678526,23.762592,0.0],[120.678527,23.762331,0.0],[120.678358,23.762331,0.0],[120.678897,23.762071,0.0],[120.679094,23.762072,0.0],[120.679094,23.762333,0.0],[120.679377,23.762333,0.0],[120.679377,23.762594,0.0],[120.67966,23.762595,0.0],[120.679659,23.762855,0.0],[120.680226,23.762857,0.0],[120.680225,23.763117,0.0],[120.680509,23.763118,0.0],[120.680508,23.763379,0.0],[120.680792,23.763379,0.0],[120.680791,23.76364,0.0],[120.681358,23.763641,0.0],[120.681358,23.763381,0.0],[120.681642,23.763381,0.0],[120.681642,23.76312,0.0],[120.681359,23.76312,0.0],[120.68136,23.762859,0.0],[120.681076,23.762858,0.0],[120.681077,23.762598,0.0],[120.68051,23.762596,0.0],[120.680511,23.762336,0.0],[120.680915,23.762336,0.0],[120.681032,23.762452,0.0],[120.68114,23.762337,0.0],[120.681644,23.762338,0.0],[120.681645,23.762077,0.0],[120.681385,23.762077,0.0],[120.681656,23.761816,0.0],[120.681929,23.761817,0.0],[120.681928,23.762078,0.0],[120.682778,23.762079,0.0],[120.682779,23.761819,0.0],[120.682496,23.761818,0.0],[120.682496,23.761453,0.0],[120.68297,23.761438,0.0],[120.68353,23.761581,0.0],[120.68561,23.763033,0.0],[120.685609,23.763389,0.0],[120.685892,23.76339,0.0],[120.685892,23.763651,0.0],[120.686464,23.763652,0.0],[120.687202,23.764186,0.0],[120.688963,23.764919,0.0],[120.689337,23.765174,0.0],[120.690007,23.765883,0.0],[120.691696,23.766586,0.0],[120.692151,23.766918,0.0],[120.692414,23.767272,0.0],[120.692566,23.767677,0.0],[120.692596,23.768105,0.0],[120.692502,23.768525,0.0],[120.692291,23.768907,0.0],[120.691978,23.769224,0.0],[120.691585,23.769453,0.0],[120.691213,23.769573,0.0],[120.692111,23.770093,0.0],[120.692111,23.770184,0.0],[120.692268,23.770184,0.0],[120.692613,23.770389,0.0],[120.692947,23.770688,0.0],[120.693225,23.771157,0.0],[120.693319,23.771721,0.0],[120.693858,23.771968,0.0],[120.694323,23.772444,0.0],[120.69531,23.774466,0.0],[120.696808,23.77436,0.0],[120.697485,23.774465,0.0],[120.697485,23.774628,0.0],[120.697201,23.774628,0.0],[120.697197,23.776453,0.0],[120.697481,23.776454,0.0],[120.697483,23.775411,0.0],[120.697766,23.775411,0.0],[120.697768,23.774629,0.0],[120.69816,23.77489,0.0],[120.698472,23.775342,0.0],[120.698594,23.775755,0.0],[120.698593,23.776184,0.0],[120.698469,23.776597,0.0],[120.698009,23.777237,0.0],[120.697762,23.777237,0.0],[120.697763,23.776715,0.0],[120.69748,23.776715,0.0],[120.697478,23.777758,0.0],[120.696911,23.777757,0.0],[120.696911,23.777496,0.0],[120.696061,23.777494,0.0],[120.696062,23.777234,0.0],[120.694645,23.777231,0.0],[120.694645,23.77697,0.0],[120.690394,23.776961,0.0],[120.690394,23.777222,0.0],[120.68841,23.777218,0.0],[120.688409,23.777479,0.0],[120.686142,23.777475,0.0],[120.686141,23.777735,0.0],[120.684157,23.777731,0.0],[120.684157,23.777992,0.0],[120.681889,23.777987,0.0],[120.681889,23.778248,0.0],[120.679905,23.778244,0.0],[120.679904,23.778505,0.0],[120.679054,23.778503,0.0],[120.679055,23.777982,0.0],[120.679339,23.777982,0.0],[120.679341,23.7772,0.0],[120.678491,23.777198,0.0],[120.678488,23.778241,0.0],[120.677921,23.77824,0.0],[120.67792,23.778501,0.0],[120.677354,23.7785,0.0],[120.677354,23.778239,0.0],[120.674804,23.778234,0.0],[120.674804,23.777973,0.0],[120.673671,23.77797,0.0],[120.673671,23.77771,0.0],[120.673104,23.777708,0.0],[120.67311,23.775361,0.0],[120.673394,23.775362,0.0],[120.673397,23.774057,0.0],[120.67368,23.774058,0.0],[120.673682,23.773536,0.0],[120.673965,23.773537,0.0],[120.673968,23.772494,0.0],[120.673118,23.772492,0.0],[120.673117,23.772753,0.0],[120.672833,23.772752,0.0],[120.672833,23.773013,0.0],[120.672266,23.773012,0.0],[120.672265,23.773273,0.0],[120.672549,23.773273,0.0],[120.672546,23.774317,0.0],[120.672263,23.774316,0.0],[120.672261,23.774838,0.0],[120.671978,23.774837,0.0],[120.671977,23.775359,0.0],[120.671693,23.775358,0.0],[120.671689,23.777184,0.0],[120.670839,23.777182,0.0],[120.670839,23.776921,0.0],[120.670272,23.77692,0.0],[120.670273,23.776659,0.0],[120.669706,23.776658,0.0],[120.669707,23.776397,0.0],[120.668857,23.776395,0.0],[120.668857,23.776134,0.0],[120.66829,23.776133,0.0],[120.668291,23.775872,0.0],[120.667724,23.775871,0.0],[120.667725,23.77561,0.0],[120.666875,23.775608,0.0],[120.666875,23.775348,0.0],[120.666025,23.775346,0.0],[120.666026,23.775085,0.0],[120.665176,23.775083,0.0],[120.665176,23.774822,0.0],[120.663759,23.774819,0.0],[120.66376,23.774558,0.0],[120.66206,23.774555,0.0],[120.66206,23.774294,0.0],[120.658476,23.774286,0.0],[120.659788,23.772646,0.0],[120.660349,23.772268,0.0],[120.660794,23.772142,0.0]],[[120.672287,23.764666,0.0],[120.672288,23.764405,0.0],[120.672004,23.764404,0.0],[120.672004,23.764665,0.0],[120.672287,23.764666,0.0]],[[120.671731,23.760231,0.0],[120.671732,23.75997,0.0],[120.671165,23.759969,0.0],[120.671164,23.76049,0.0],[120.671447,23.760491,0.0],[120.671448,23.76023,0.0],[120.671731,23.760231,0.0]],[[120.669469,23.7584,0.0],[120.66947,23.757878,0.0],[120.669187,23.757878,0.0],[120.669186,23.7584,0.0],[120.669469,23.7584,0.0]],[[120.665771,23.76413,0.0],[120.665487,23.76413,0.0],[120.665486,23.76439,0.0],[120.66577,23.764391,0.0],[120.665771,23.76413,0.0]],[[120.698333,23.775673,0.0],[120.698333,23.775412,0.0],[120.69805,23.775412,0.0],[120.698049,23.775673,0.0],[120.698333,23.775673,0.0]]],[[[120.664892,23.775083,0.0],[120.664892,23.775343,0.0],[120.666025,23.775346,0.0],[120.666025,23.775607,0.0],[120.666875,23.775608,0.0],[120.666874,23.775869,0.0],[120.667441,23.775871,0.0],[120.66744,23.776131,0.0],[120.66829,23.776133,0.0],[120.66829,23.776394,0.0],[120.668857,23.776395,0.0],[120.668856,23.776656,0.0],[120.669423,23.776657,0.0],[120.669422,23.776918,0.0],[120.669989,23.776919,0.0],[120.669988,23.77718,0.0],[120.670839,23.777182,0.0],[120.670838,23.777443,0.0],[120.671405,23.777444,0.0],[120.671404,23.777705,0.0],[120.672254,23.777707,0.0],[120.672253,23.778228,0.0],[120.672536,23.778229,0.0],[120.672537,23.777968,0.0],[120.673387,23.77797,0.0],[120.673387,23.778231,0.0],[120.67452,23.778233,0.0],[120.67452,23.778494,0.0],[120.676787,23.778499,0.0],[120.676786,23.778759,0.0],[120.679904,23.778766,0.0],[120.679904,23.778505,0.0],[120.682455,23.77851,0.0],[120.682456,23.778249,0.0],[120.68444,23.778254,0.0],[120.68444,23.777993,0.0],[120.686707,23.777997,0.0],[120.686708,23.777737,0.0],[120.688692,23.777741,0.0],[120.688693,23.77748,0.0],[120.691527,23.777485,0.0],[120.691527,23.777225,0.0],[120.694361,23.77723,0.0],[120.694361,23.777491,0.0],[120.696061,23.777494,0.0],[120.696061,23.777755,0.0],[120.696627,23.777756,0.0],[120.696627,23.778017,0.0],[120.69737,23.778019,0.0],[120.69696,23.778452,0.0],[120.696835,23.778539,0.0],[120.696626,23.778539,0.0],[120.696567,23.778682,0.0],[120.695491,23.778912,0.0],[120.695491,23.778797,0.0],[120.695208,23.778797,0.0],[120.695209,23.778536,0.0],[120.694642,23.778535,0.0],[120.694641,23.778796,0.0],[120.694925,23.778796,0.0],[120.694924,23.779006,0.0],[120.694357,23.779056,0.0],[120.694358,23.778795,0.0],[120.694074,23.778795,0.0],[120.694073,23.779148,0.0],[120.687596,23.780222,0.0],[120.690387,23.781474,0.0],[120.687869,23.782815,0.0],[120.685736,23.784173,0.0],[120.683721,23.785675,0.0],[120.68185,23.787299,0.0],[120.681108,23.786411,0.0],[120.678507,23.784973,0.0],[120.668165,23.784187,0.0],[120.661329,23.78271,0.0],[120.658246,23.781044,0.0],[120.650966,23.782017,0.0],[120.65042,23.782011,0.0],[120.649872,23.781834,0.0],[120.649416,23.781502,0.0],[120.649105,23.781051,0.0],[120.648972,23.78053,0.0],[120.649402,23.777652,0.0],[120.649161,23.776092,0.0],[120.649193,23.775664,0.0],[120.649467,23.775075,0.0],[120.650103,23.774528,0.0],[120.657392,23.774544,0.0],[120.656993,23.775326,0.0],[120.656616,23.775734,0.0],[120.656388,23.775884,0.0],[120.656105,23.775846,0.0],[120.656104,23.776051,0.0],[120.656009,23.776106,0.0],[120.655254,23.776105,0.0],[120.655253,23.776365,0.0],[120.65497,23.776365,0.0],[120.654969,23.776626,0.0],[120.654686,23.776625,0.0],[120.654685,23.776886,0.0],[120.654118,23.776885,0.0],[120.654118,23.777145,0.0],[120.653834,23.777145,0.0],[120.653833,23.777405,0.0],[120.65355,23.777405,0.0],[120.653549,23.777666,0.0],[120.653266,23.777665,0.0],[120.653265,23.777926,0.0],[120.652982,23.777925,0.0],[120.652981,23.778186,0.0],[120.655532,23.778192,0.0],[120.655531,23.778453,0.0],[120.658932,23.77846,0.0],[120.658935,23.777417,0.0],[120.658085,23.777415,0.0],[120.658085,23.777154,0.0],[120.657802,23.777154,0.0],[120.657802,23.777083,0.0],[120.658557,23.777005,0.0],[120.659288,23.776712,0.0],[120.658688,23.776362,0.0],[120.658296,23.775833,0.0],[120.658159,23.775205,0.0],[120.658315,23.774546,0.0],[120.661493,23.774553,0.0],[120.661492,23.774814,0.0],[120.663476,23.774819,0.0],[120.663475,23.775079,0.0],[120.664892,23.775083,0.0]],[[120.695494,23.777754,0.0],[120.695491,23.778797,0.0],[120.695775,23.778798,0.0],[120.695775,23.778537,0.0],[120.696059,23.778538,0.0],[120.69606,23.778016,0.0],[120.695777,23.778015,0.0],[120.695777,23.777755,0.0],[120.695494,23.777754,0.0]],[[120.694926,23.778014,0.0],[120.694927,23.777753,0.0],[120.694077,23.777751,0.0],[120.694076,23.778012,0.0],[120.694926,23.778014,0.0]]],[[[120.671971,23.777445,0.0],[120.671688,23.777444,0.0],[120.671689,23.777184,0.0],[120.671972,23.777184,0.0],[120.671971,23.777445,0.0]]],[[[120.704088,23.776808,0.0],[120.705313,23.773774,0.0],[120.705627,23.773324,0.0],[120.706084,23.772993,0.0],[120.706558,23.772833,0.0],[120.706557,23.773342,0.0],[120.70684,23.773342,0.0],[120.706839,23.773603,0.0],[120.707123,23.773604,0.0],[120.707122,23.774125,0.0],[120.707689,23.774126,0.0],[120.707688,23.774387,0.0],[120.708255,23.774388,0.0],[120.708254,23.774649,0.0],[120.708538,23.774649,0.0],[120.708537,23.774809,0.0],[120.707136,23.776421,0.0],[120.706033,23.777861,0.0],[120.704194,23.777922,0.0],[120.704029,23.77734,0.0],[120.704088,23.776808,0.0]],[[120.707687,23.774648,0.0],[120.707688,23.774387,0.0],[120.707405,23.774386,0.0],[120.707404,23.774647,0.0],[120.707687,23.774648,0.0]],[[120.707403,23.774908,0.0],[120.707404,23.774647,0.0],[120.706837,23.774646,0.0],[120.706837,23.774907,0.0],[120.707403,23.774908,0.0]],[[120.705415,23.776991,0.0],[120.705414,23.777252,0.0],[120.705698,23.777252,0.0],[120.705698,23.776991,0.0],[120.705415,23.776991,0.0]]],[[[120.671145,23.794798,0.0],[120.670365,23.794992,0.0],[120.668759,23.794825,0.0],[120.668566,23.795243,0.0],[120.669088,23.795187,0.0],[120.669658,23.795294,0.0],[120.670157,23.795568,0.0],[120.670468,23.795886,0.0],[120.670678,23.796269,0.0],[120.670771,23.796743,0.0],[120.670506,23.796742,0.0],[120.670504,23.797264,0.0],[120.670696,23.797264,0.0],[120.67037,23.798314,0.0],[120.67009,23.798782,0.0],[120.669557,23.799194,0.0],[120.668776,23.79939,0.0],[120.6682,23.799317,0.0],[120.667778,23.799136,0.0],[120.66665,23.798144,0.0],[120.666263,23.79749,0.0],[120.666202,23.797065,0.0],[120.666253,23.796687,0.0],[120.662244,23.79789,0.0],[120.661664,23.797925,0.0],[120.661,23.797734,0.0],[120.6604,23.797233,0.0],[120.66013,23.796642,0.0],[120.659201,23.790685,0.0],[120.658002,23.790618,0.0],[120.656174,23.790816,0.0],[120.655598,23.790744,0.0],[120.654902,23.790362,0.0],[120.653508,23.788773,0.0],[120.650939,23.788049,0.0],[120.650484,23.787717,0.0],[120.64959,23.786757,0.0],[120.649172,23.787008,0.0],[120.648611,23.787148,0.0],[120.648146,23.787132,0.0],[120.647597,23.786956,0.0],[120.647223,23.786701,0.0],[120.64637,23.785909,0.0],[120.646058,23.785458,0.0],[120.645925,23.784722,0.0],[120.646167,23.784011,0.0],[120.646543,23.783604,0.0],[120.646937,23.783374,0.0],[120.648575,23.782958,0.0],[120.649267,23.783024,0.0],[120.649859,23.78332,0.0],[120.657639,23.782972,0.0],[120.658098,23.783044,0.0],[120.658616,23.783286,0.0],[120.659019,23.783671,0.0],[120.659241,23.784092,0.0],[120.660267,23.784044,0.0],[120.66601,23.785054,0.0],[120.667065,23.784976,0.0],[120.667729,23.785167,0.0],[120.668328,23.785668,0.0],[120.67081,23.789443,0.0],[120.671528,23.789171,0.0],[120.672336,23.789222,0.0],[120.674655,23.789997,0.0],[120.676394,23.790951,0.0],[120.678024,23.791568,0.0],[120.676524,23.793764,0.0],[120.675074,23.796367,0.0],[120.671593,23.795047,0.0],[120.671145,23.794798,0.0]],[[120.664854,23.789949,0.0],[120.664855,23.789688,0.0],[120.664571,23.789688,0.0],[120.664571,23.789948,0.0],[120.664854,23.789949,0.0]]],[[[120.668746,23.819932,0.0],[120.668618,23.81969,0.0],[120.668747,23.81969,0.0],[120.668746,23.819932,0.0]]],[[[120.667233,23.830128,0.0],[120.668014,23.830326,0.0],[120.668388,23.830581,0.0],[120.668676,23.830918,0.0],[120.668806,23.831166,0.0],[120.668718,23.831166,0.0],[120.668717,23.831426,0.0],[120.66819,23.830941,0.0],[120.667302,23.830566,0.0],[120.667302,23.830381,0.0],[120.666872,23.83038,0.0],[120.666519,23.830243,0.0],[120.667233,23.830128,0.0]]],[[[120.668919,23.831427,0.0],[120.669151,23.831963,0.0],[120.668902,23.83164,0.0],[120.668718,23.831427,0.0],[120.668919,23.831427,0.0]]],[[[120.730551,23.619984,0.0],[120.730086,23.619998,0.0],[120.729634,23.619898,0.0],[120.727246,23.618746,0.0],[120.726748,23.6183,0.0],[120.726478,23.61771,0.0],[120.726506,23.616965,0.0],[120.726689,23.616571,0.0],[120.726978,23.616235,0.0],[120.728621,23.615083,0.0],[120.729055,23.61493,0.0],[120.729518,23.614888,0.0],[120.730297,23.615086,0.0],[120.730896,23.615587,0.0],[120.731974,23.618082,0.0],[120.731973,23.618722,0.0],[120.7317,23.619311,0.0],[120.7312,23.619755,0.0],[120.730551,23.619984,0.0]],[[120.730593,23.616685,0.0],[120.730746,23.617683,0.0],[120.730689,23.617289,0.0],[120.730658,23.617035,0.0],[120.730638,23.616872,0.0],[120.730593,23.616685,0.0]]],[[[120.830558,23.626101,0.0],[120.829866,23.626165,0.0],[120.823981,23.625484,0.0],[120.822362,23.626056,0.0],[120.822529,23.626643,0.0],[120.822419,23.627683,0.0],[120.823107,23.628279,0.0],[120.823316,23.628662,0.0],[120.823408,23.629082,0.0],[120.823254,23.630445,0.0],[120.823508,23.632577,0.0],[120.822949,23.636707,0.0],[120.822823,23.637136,0.0],[120.822585,23.637505,0.0],[120.822154,23.637863,0.0],[120.821732,23.638043,0.0],[120.816636,23.6389,0.0],[120.816057,23.638863,0.0],[120.815522,23.638654,0.0],[120.815023,23.638208,0.0],[120.81478,23.637723,0.0],[120.81434,23.634579,0.0],[120.813975,23.63465,0.0],[120.81351,23.634635,0.0],[120.812765,23.634343,0.0],[120.811659,23.633331,0.0],[120.811423,23.632962,0.0],[120.8113,23.632549,0.0],[120.811382,23.631808,0.0],[120.811818,23.63118,0.0],[120.812405,23.630836,0.0],[120.813789,23.63048,0.0],[120.813636,23.629118,0.0],[120.813958,23.626739,0.0],[120.813583,23.625838,0.0],[120.809205,23.627532,0.0],[120.808636,23.627638,0.0],[120.804761,23.627161,0.0],[120.804354,23.626955,0.0],[120.80402,23.626656,0.0],[120.80368,23.62598,0.0],[120.80366,23.625461,0.0],[120.804109,23.622173,0.0],[120.804232,23.62176,0.0],[120.804626,23.621232,0.0],[120.80612,23.620124,0.0],[120.807038,23.618124,0.0],[120.807352,23.617672,0.0],[120.808019,23.617251,0.0],[120.811279,23.61639,0.0],[120.813119,23.615396,0.0],[120.814086,23.613327,0.0],[120.814375,23.612991,0.0],[120.81475,23.612738,0.0],[120.818254,23.611788,0.0],[120.818948,23.61181,0.0],[120.819482,23.612019,0.0],[120.819837,23.612296,0.0],[120.820657,23.613238,0.0],[120.826371,23.61259,0.0],[120.829776,23.615166,0.0],[120.83049,23.618248,0.0],[120.830375,23.619518,0.0],[120.832851,23.62265,0.0],[120.833121,23.62324,0.0],[120.833093,23.623985,0.0],[120.832779,23.624556,0.0],[120.831076,23.625861,0.0],[120.830558,23.626101,0.0]]],[[[120.783508,23.632564,0.0],[120.783245,23.63221,0.0],[120.783059,23.631485,0.0],[120.783122,23.631061,0.0],[120.7833,23.630673,0.0],[120.783096,23.63018,0.0],[120.783066,23.629752,0.0],[120.783307,23.629041,0.0],[120.78387,23.628506,0.0],[120.784292,23.628326,0.0],[120.785413,23.628037,0.0],[120.785943,23.627979,0.0],[120.786402,23.628051,0.0],[120.786823,23.628232,0.0],[120.787178,23.628509,0.0],[120.787441,23.628863,0.0],[120.787623,23.629481,0.0],[120.787591,23.629908,0.0],[120.787425,23.630467,0.0],[120.78759,23.630893,0.0],[120.78762,23.631321,0.0],[120.787223,23.632731,0.0],[120.786944,23.633199,0.0],[120.786609,23.633497,0.0],[120.786201,23.633702,0.0],[120.785399,23.6338,0.0],[120.784839,23.633658,0.0],[120.784448,23.633427,0.0],[120.783508,23.632564,0.0]]],[[[120.874743,23.667155,0.0],[120.874716,23.667194,0.0],[120.874716,23.667155,0.0],[120.874743,23.667155,0.0]]],[[[120.874515,23.667415,0.0],[120.874432,23.667489,0.0],[120.874432,23.667415,0.0],[120.874515,23.667415,0.0]]],[[[120.900472,23.68202,0.0],[120.89967,23.68192,0.0],[120.899084,23.681575,0.0],[120.898691,23.681047,0.0],[120.89759,23.678612,0.0],[120.897529,23.678187,0.0],[120.897626,23.67766,0.0],[120.897812,23.67731,0.0],[120.9005,23.673588,0.0],[120.901197,23.673209,0.0],[120.902763,23.672838,0.0],[120.903226,23.672795,0.0],[120.903902,23.672944,0.0],[120.904462,23.673324,0.0],[120.904816,23.673875,0.0],[120.904912,23.674403,0.0],[120.904773,23.67503,0.0],[120.904424,23.675553,0.0],[120.903297,23.679737,0.0],[120.902942,23.680287,0.0],[120.901236,23.681776,0.0],[120.900472,23.68202,0.0]]],[[[120.801801,23.735718,0.0],[120.801462,23.735042,0.0],[120.80149,23.734297,0.0],[120.801735,23.733812,0.0],[120.802236,23.733368,0.0],[120.802658,23.733188,0.0],[120.803847,23.732883,0.0],[120.804311,23.732841,0.0],[120.804769,23.732913,0.0],[120.805287,23.733154,0.0],[120.805642,23.733478,0.0],[120.806342,23.733584,0.0],[120.80675,23.733791,0.0],[120.807084,23.734089,0.0],[120.807362,23.734556,0.0],[120.811277,23.734831,0.0],[120.811721,23.734958,0.0],[120.8122,23.735261,0.0],[120.812593,23.73579,0.0],[120.812726,23.736525,0.0],[120.812289,23.73835,0.0],[120.811852,23.738977,0.0],[120.809562,23.740454,0.0],[120.808797,23.740697,0.0],[120.80824,23.740666,0.0],[120.804975,23.739987,0.0],[120.804541,23.739833,0.0],[120.804167,23.739578,0.0],[120.803774,23.73905,0.0],[120.80364,23.73853,0.0],[120.803672,23.738102,0.0],[120.803936,23.737111,0.0],[120.803316,23.736937,0.0],[120.802909,23.73673,0.0],[120.801801,23.735718,0.0]]],[[[120.786258,23.745043,0.0],[120.786239,23.745048,0.0],[120.786239,23.745043,0.0],[120.786258,23.745043,0.0]]],[[[120.72656,23.746775,0.0],[120.72645,23.746834,0.0],[120.72645,23.746775,0.0],[120.72656,23.746775,0.0]]],[[[120.837167,23.80405,0.0],[120.837166,23.804311,0.0],[120.836883,23.804311,0.0],[120.836883,23.80405,0.0],[120.837167,23.80405,0.0]]],[[[120.836031,23.805863,0.0],[120.836031,23.805614,0.0],[120.836314,23.805614,0.0],[120.836314,23.805875,0.0],[120.836031,23.805863,0.0]]],[[[120.836597,23.805979,0.0],[120.836314,23.805921,0.0],[120.836597,23.805875,0.0],[120.836597,23.805979,0.0]]],[[[120.90802,23.823409,0.0],[120.908304,23.82341,0.0],[120.908304,23.82367,0.0],[120.90802,23.82367,0.0],[120.90802,23.823409,0.0]]],[[[120.949202,23.857799,0.0],[120.948059,23.859106,0.0],[120.947754,23.859966,0.0],[120.947475,23.860352,0.0],[120.946633,23.861036,0.0],[120.946056,23.86174,0.0],[120.945726,23.862627,0.0],[120.944871,23.863864,0.0],[120.94456,23.864668,0.0],[120.944243,23.864997,0.0],[120.943202,23.865378,0.0],[120.942916,23.865608,0.0],[120.941449,23.86307,0.0],[120.941457,23.863004,0.0],[120.942024,23.862809,0.0],[120.942342,23.861788,0.0],[120.942309,23.861245,0.0],[120.942114,23.861244,0.0],[120.942127,23.861092,0.0],[120.942182,23.860984,0.0],[120.942309,23.860984,0.0],[120.942309,23.860832,0.0],[120.942481,23.860621,0.0],[120.942527,23.860418,0.0],[120.942309,23.860061,0.0],[120.942309,23.85994,0.0],[120.942226,23.85994,0.0],[120.941691,23.859324,0.0],[120.94163,23.859013,0.0],[120.940608,23.858375,0.0],[120.940267,23.85824,0.0],[120.939777,23.858217,0.0],[120.939404,23.858374,0.0],[120.93919,23.858374,0.0],[120.93919,23.858528,0.0],[120.938839,23.858639,0.0],[120.937675,23.858287,0.0],[120.936525,23.857142,0.0],[120.936922,23.857069,0.0],[120.937129,23.856809,0.0],[120.937206,23.856809,0.0],[120.937206,23.856026,0.0],[120.937113,23.856026,0.0],[120.936881,23.855705,0.0],[120.936594,23.855524,0.0],[120.936229,23.855429,0.0],[120.935505,23.855504,0.0],[120.935505,23.855596,0.0],[120.934932,23.855728,0.0],[120.933513,23.854609,0.0],[120.931829,23.853431,0.0],[120.932003,23.853155,0.0],[120.932103,23.853155,0.0],[120.932209,23.852633,0.0],[120.932666,23.852634,0.0],[120.933304,23.852768,0.0],[120.933837,23.852499,0.0],[120.933978,23.852323,0.0],[120.934013,23.852113,0.0],[120.934089,23.852113,0.0],[120.934089,23.85197,0.0],[120.934293,23.851592,0.0],[120.934373,23.851591,0.0],[120.934373,23.851519,0.0],[120.934635,23.851338,0.0],[120.934745,23.851139,0.0],[120.934799,23.850371,0.0],[120.934574,23.85005,0.0],[120.93413,23.84974,0.0],[120.933709,23.849625,0.0],[120.932982,23.849617,0.0],[120.932956,23.849504,0.0],[120.932105,23.849504,0.0],[120.932106,23.849243,0.0],[120.931822,23.849243,0.0],[120.931822,23.849504,0.0],[120.931538,23.849503,0.0],[120.931538,23.849243,0.0],[120.930971,23.849242,0.0],[120.930972,23.848721,0.0],[120.931255,23.848721,0.0],[120.931255,23.848982,0.0],[120.931822,23.848982,0.0],[120.931822,23.848721,0.0],[120.932389,23.848721,0.0],[120.93239,23.8482,0.0],[120.931539,23.848199,0.0],[120.931539,23.84846,0.0],[120.931255,23.84846,0.0],[120.931256,23.847678,0.0],[120.931539,23.847678,0.0],[120.931539,23.847938,0.0],[120.932106,23.847939,0.0],[120.932106,23.847417,0.0],[120.932674,23.847417,0.0],[120.932673,23.847678,0.0],[120.93239,23.847678,0.0],[120.93239,23.847939,0.0],[120.932673,23.847939,0.0],[120.932673,23.8482,0.0],[120.932957,23.8482,0.0],[120.932956,23.848982,0.0],[120.93324,23.848982,0.0],[120.93324,23.848722,0.0],[120.933807,23.848722,0.0],[120.933807,23.848461,0.0],[120.933524,23.848461,0.0],[120.933524,23.8482,0.0],[120.93324,23.8482,0.0],[120.93324,23.847939,0.0],[120.932957,23.847939,0.0],[120.932957,23.847157,0.0],[120.932674,23.847157,0.0],[120.932674,23.846896,0.0],[120.932107,23.846895,0.0],[120.932107,23.846635,0.0],[120.93154,23.846634,0.0],[120.93154,23.846895,0.0],[120.931256,23.846895,0.0],[120.931256,23.847156,0.0],[120.930972,23.847156,0.0],[120.930972,23.847677,0.0],[120.930405,23.847677,0.0],[120.930405,23.847938,0.0],[120.930121,23.847938,0.0],[120.930122,23.847416,0.0],[120.929838,23.847416,0.0],[120.929838,23.847938,0.0],[120.929554,23.847938,0.0],[120.929554,23.847416,0.0],[120.929271,23.847416,0.0],[120.929271,23.847155,0.0],[120.928987,23.847155,0.0],[120.928988,23.84559,0.0],[120.928705,23.84559,0.0],[120.928734,23.84532,0.0],[120.928892,23.845068,0.0],[120.928989,23.845068,0.0],[120.929069,23.844706,0.0],[120.928767,23.84417,0.0],[120.928542,23.844121,0.0],[120.928281,23.843885,0.0],[120.92771,23.844285,0.0],[120.927477,23.844276,0.0],[120.92728,23.844462,0.0],[120.926604,23.844514,0.0],[120.926589,23.844937,0.0],[120.926323,23.845215,0.0],[120.926283,23.8455,0.0],[120.926244,23.845589,0.0],[120.926153,23.845589,0.0],[120.926153,23.845738,0.0],[120.92603,23.845849,0.0],[120.925869,23.845849,0.0],[120.925869,23.845968,0.0],[120.92572,23.84611,0.0],[120.925585,23.84611,0.0],[120.925585,23.846208,0.0],[120.925351,23.846283,0.0],[120.925301,23.847271,0.0],[120.925054,23.847545,0.0],[120.925177,23.848091,0.0],[120.924925,23.848317,0.0],[120.924852,23.84857,0.0],[120.925016,23.849254,0.0],[120.924868,23.849444,0.0],[120.924454,23.849526,0.0],[120.924393,23.849727,0.0],[120.921395,23.848792,0.0],[120.921401,23.848608,0.0],[120.921216,23.848375,0.0],[120.921331,23.848194,0.0],[120.92141,23.847744,0.0],[120.921327,23.847412,0.0],[120.921331,23.84689,0.0],[120.920764,23.84689,0.0],[120.920726,23.847389,0.0],[120.920018,23.848194,0.0],[120.918853,23.845927,0.0],[120.91732,23.843498,0.0],[120.917364,23.843237,0.0],[120.917135,23.843237,0.0],[120.915126,23.840701,0.0],[120.915393,23.840434,0.0],[120.915504,23.840167,0.0],[120.916112,23.839891,0.0],[120.917051,23.839958,0.0],[120.916879,23.839859,0.0],[120.916967,23.839552,0.0],[120.916894,23.839412,0.0],[120.916799,23.839324,0.0],[120.916145,23.839112,0.0],[120.916106,23.839009,0.0],[120.916249,23.838875,0.0],[120.916799,23.838979,0.0],[120.916799,23.839063,0.0],[120.917083,23.839064,0.0],[120.917246,23.838957,0.0],[120.917311,23.838582,0.0],[120.916863,23.838243,0.0],[120.9168,23.83802,0.0],[120.916684,23.83802,0.0],[120.916587,23.837864,0.0],[120.916676,23.837759,0.0],[120.9168,23.837759,0.0],[120.9168,23.837613,0.0],[120.916983,23.837287,0.0],[120.917454,23.83687,0.0],[120.917398,23.836383,0.0],[120.917825,23.836101,0.0],[120.91766,23.83564,0.0],[120.917728,23.835044,0.0],[120.917653,23.83463,0.0],[120.917434,23.834531,0.0],[120.916948,23.834562,0.0],[120.916822,23.834426,0.0],[120.916824,23.833935,0.0],[120.917088,23.833598,0.0],[120.917112,23.833425,0.0],[120.916726,23.832381,0.0],[120.916521,23.832194,0.0],[120.916331,23.832177,0.0],[120.91599,23.832519,0.0],[120.915767,23.832521,0.0],[120.91573,23.832402,0.0],[120.915348,23.832445,0.0],[120.915386,23.832803,0.0],[120.914819,23.832641,0.0],[120.914819,23.832542,0.0],[120.914729,23.832542,0.0],[120.914556,23.83237,0.0],[120.914535,23.833063,0.0],[120.914696,23.833063,0.0],[120.914707,23.833256,0.0],[120.914426,23.83339,0.0],[120.914251,23.833063,0.0],[120.913968,23.833063,0.0],[120.913751,23.833167,0.0],[120.913407,23.833524,0.0],[120.912833,23.833584,0.0],[120.912833,23.834106,0.0],[120.912981,23.834106,0.0],[120.912958,23.834367,0.0],[120.912833,23.834367,0.0],[120.912833,23.834627,0.0],[120.912686,23.834627,0.0],[120.91241,23.834185,0.0],[120.911972,23.83427,0.0],[120.911612,23.834079,0.0],[120.911415,23.834366,0.0],[120.911385,23.834579,0.0],[120.911131,23.834626,0.0],[120.911131,23.834706,0.0],[120.910971,23.834671,0.0],[120.910848,23.83491,0.0],[120.910564,23.835148,0.0],[120.910564,23.835669,0.0],[120.910773,23.835669,0.0],[120.910847,23.83593,0.0],[120.910261,23.835805,0.0],[120.910095,23.836055,0.0],[120.907319,23.834179,0.0],[120.903761,23.832172,0.0],[120.903761,23.832014,0.0],[120.903478,23.832026,0.0],[120.902302,23.831452,0.0],[120.9028,23.829957,0.0],[120.903089,23.829621,0.0],[120.903756,23.829161,0.0],[120.904388,23.826289,0.0],[120.90457,23.825895,0.0],[120.905107,23.825117,0.0],[120.899765,23.826098,0.0],[120.898963,23.827889,0.0],[120.898813,23.830047,0.0],[120.895825,23.829162,0.0],[120.895826,23.828357,0.0],[120.896109,23.828357,0.0],[120.89611,23.827053,0.0],[120.895827,23.827053,0.0],[120.895827,23.826531,0.0],[120.895543,23.826531,0.0],[120.895543,23.826792,0.0],[120.894976,23.826792,0.0],[120.894975,23.827835,0.0],[120.895259,23.827835,0.0],[120.895258,23.828357,0.0],[120.894691,23.828356,0.0],[120.894691,23.828617,0.0],[120.894975,23.828617,0.0],[120.894975,23.828878,0.0],[120.895258,23.828878,0.0],[120.895258,23.829024,0.0],[120.894124,23.828778,0.0],[120.894124,23.828617,0.0],[120.893841,23.828617,0.0],[120.893841,23.828723,0.0],[120.891593,23.82836,0.0],[120.889528,23.82815,0.0],[120.886416,23.828052,0.0],[120.884341,23.828131,0.0],[120.88176,23.828392,0.0],[120.879209,23.82883,0.0],[120.877198,23.829308,0.0],[120.876079,23.826246,0.0],[120.874626,23.823304,0.0],[120.872854,23.820514,0.0],[120.870782,23.817905,0.0],[120.873545,23.818042,0.0],[120.875452,23.818566,0.0],[120.877877,23.819078,0.0],[120.880831,23.819477,0.0],[120.883358,23.819629,0.0],[120.883358,23.819741,0.0],[120.883642,23.819741,0.0],[120.883642,23.819635,0.0],[120.88676,23.819562,0.0],[120.88676,23.819744,0.0],[120.887044,23.819744,0.0],[120.887044,23.820005,0.0],[120.887327,23.820005,0.0],[120.887327,23.819521,0.0],[120.88798,23.819463,0.0],[120.890795,23.820677,0.0],[120.893224,23.821506,0.0],[120.896219,23.822276,0.0],[120.898763,23.822724,0.0],[120.900821,23.822955,0.0],[120.90289,23.823071,0.0],[120.904964,23.823073,0.0],[120.907454,23.822921,0.0],[120.907454,23.823148,0.0],[120.907737,23.823148,0.0],[120.907737,23.82367,0.0],[120.90802,23.82367,0.0],[120.90802,23.823931,0.0],[120.907737,23.823931,0.0],[120.907736,23.824713,0.0],[120.90887,23.824714,0.0],[120.90887,23.824453,0.0],[120.908303,23.824453,0.0],[120.908303,23.824192,0.0],[120.908587,23.824192,0.0],[120.908588,23.822888,0.0],[120.907789,23.822888,0.0],[120.911136,23.822387,0.0],[120.91464,23.821517,0.0],[120.918025,23.820311,0.0],[120.920802,23.819021,0.0],[120.923866,23.817231,0.0],[120.926708,23.815154,0.0],[120.929295,23.812812,0.0],[120.931289,23.810615,0.0],[120.933058,23.80826,0.0],[120.934588,23.805768,0.0],[120.935867,23.803158,0.0],[120.936884,23.800453,0.0],[120.937631,23.797674,0.0],[120.938101,23.794845,0.0],[120.938291,23.791987,0.0],[120.9382,23.78913,0.0],[120.940811,23.792649,0.0],[120.940638,23.792649,0.0],[120.940638,23.79291,0.0],[120.941004,23.79291,0.0],[120.941585,23.793692,0.0],[120.941488,23.793692,0.0],[120.941488,23.793953,0.0],[120.941772,23.793944,0.0],[120.942055,23.794191,0.0],[120.942055,23.794475,0.0],[120.942338,23.794475,0.0],[120.942338,23.794736,0.0],[120.942622,23.794736,0.0],[120.942622,23.794594,0.0],[120.942905,23.794795,0.0],[120.942905,23.794997,0.0],[120.943188,23.794997,0.0],[120.943472,23.795198,0.0],[120.943472,23.795519,0.0],[120.943755,23.795519,0.0],[120.943755,23.7954,0.0],[120.944366,23.795978,0.0],[120.944546,23.796366,0.0],[120.945706,23.800205,0.0],[120.946664,23.801684,0.0],[120.94794,23.80455,0.0],[120.948946,23.805278,0.0],[120.949382,23.805906,0.0],[120.950365,23.811111,0.0],[120.950355,23.8117,0.0],[120.950013,23.812376,0.0],[120.947475,23.815263,0.0],[120.949423,23.819853,0.0],[120.949485,23.820277,0.0],[120.949383,23.821033,0.0],[120.951927,23.824916,0.0],[120.952136,23.825415,0.0],[120.952166,23.825843,0.0],[120.952018,23.826803,0.0],[120.952125,23.827723,0.0],[120.952017,23.828429,0.0],[120.952257,23.829963,0.0],[120.952226,23.83039,0.0],[120.952073,23.830795,0.0],[120.951809,23.831148,0.0],[120.951453,23.831425,0.0],[120.95097,23.831621,0.0],[120.952149,23.834054,0.0],[120.95499,23.835262,0.0],[120.955513,23.835832,0.0],[120.955697,23.836449,0.0],[120.955564,23.838182,0.0],[120.955699,23.839764,0.0],[120.955563,23.841433,0.0],[120.955614,23.842486,0.0],[120.955491,23.842899,0.0],[120.955254,23.843268,0.0],[120.954337,23.844032,0.0],[120.955063,23.844753,0.0],[120.953874,23.845302,0.0],[120.953353,23.845426,0.0],[120.952739,23.845438,0.0],[120.951721,23.845659,0.0],[120.950551,23.846155,0.0],[120.950048,23.846539,0.0],[120.949541,23.847749,0.0],[120.948894,23.848841,0.0],[120.948109,23.851001,0.0],[120.948243,23.851453,0.0],[120.948883,23.852794,0.0],[120.949468,23.853523,0.0],[120.949693,23.853955,0.0],[120.949367,23.85518,0.0],[120.949528,23.855986,0.0],[120.949508,23.856465,0.0],[120.949202,23.857799,0.0]],[[120.932956,23.849243,0.0],[120.932956,23.848982,0.0],[120.932673,23.848982,0.0],[120.932673,23.849243,0.0],[120.932956,23.849243,0.0]],[[120.932106,23.848982,0.0],[120.932106,23.849243,0.0],[120.932389,23.849243,0.0],[120.932389,23.848982,0.0],[120.932106,23.848982,0.0]]],[[[120.930121,23.848199,0.0],[120.929838,23.848199,0.0],[120.929838,23.847938,0.0],[120.930121,23.847938,0.0],[120.930121,23.848199,0.0]]],[[[120.969913,23.839042,0.0],[120.96996,23.838403,0.0],[120.970274,23.837832,0.0],[120.970805,23.837418,0.0],[120.973876,23.835871,0.0],[120.974712,23.835659,0.0],[120.975214,23.838069,0.0],[120.974561,23.838396,0.0],[120.973328,23.839247,0.0],[120.972095,23.839319,0.0],[120.971243,23.839732,0.0],[120.970681,23.840176,0.0],[120.970141,23.839647,0.0],[120.969913,23.839042,0.0]]],[[[120.931823,23.847417,0.0],[120.931823,23.847156,0.0],[120.932107,23.847156,0.0],[120.932106,23.847417,0.0],[120.931823,23.847417,0.0]]],[[[120.929837,23.848459,0.0],[120.9297,23.848459,0.0],[120.929554,23.848198,0.0],[120.929838,23.848199,0.0],[120.929837,23.848459,0.0]]],[[[120.930405,23.848199,0.0],[120.930405,23.84846,0.0],[120.930121,23.848459,0.0],[120.930121,23.848199,0.0],[120.930405,23.848199,0.0]]],[[[120.930688,23.84846,0.0],[120.930688,23.848721,0.0],[120.930404,23.84872,0.0],[120.930405,23.84846,0.0],[120.930688,23.84846,0.0]]],[[[120.929837,23.84872,0.0],[120.929837,23.848774,0.0],[120.929789,23.848727,0.0],[120.929837,23.84872,0.0]]],[[[120.930298,23.849242,0.0],[120.930209,23.84918,0.0],[120.930245,23.849078,0.0],[120.930121,23.848998,0.0],[120.930121,23.848981,0.0],[120.930688,23.848981,0.0],[120.930688,23.849242,0.0],[120.930298,23.849242,0.0]]],[[[120.611765,23.819036,0.0],[120.611482,23.819035,0.0],[120.611483,23.818774,0.0],[120.611766,23.818775,0.0],[120.611765,23.819036,0.0]]],[[[120.623594,23.84619,0.0],[120.623877,23.846191,0.0],[120.623877,23.846451,0.0],[120.623593,23.846451,0.0],[120.623594,23.84619,0.0]]],[[[120.609335,23.873279,0.0],[120.609334,23.87354,0.0],[120.60905,23.873539,0.0],[120.609051,23.873278,0.0],[120.609335,23.873279,0.0]]],[[[120.591389,23.98825,0.0],[120.591105,23.988249,0.0],[120.591106,23.987988,0.0],[120.59139,23.987989,0.0],[120.591389,23.98825,0.0]]]]},{"type":"MultiLineString","coordinates":[[[120.624033,23.590301,0.0],[120.625217,23.59066,0.0]],[[120.627211,23.59021,0.0],[120.62731,23.590209,0.0]],[[120.628281,23.590161,0.0],[120.628472,23.590167,0.0]],[[120.628472,23.590167,0.0],[120.628785,23.590189,0.0]],[[120.628785,23.590189,0.0],[120.629304,23.590359,0.0]],[[120.629562,23.590361,0.0],[120.630621,23.589945,0.0]],[[120.630829,23.589954,0.0],[120.631089,23.590006,0.0]],[[120.631953,23.590474,0.0],[120.633001,23.590531,0.0]],[[120.634986,23.591058,0.0],[120.635182,23.591123,0.0]],[[120.635582,23.591269,0.0],[120.635768,23.591331,0.0]],[[120.635768,23.591331,0.0],[120.636779,23.591932,0.0]],[[120.638611,23.592153,0.0],[120.638731,23.59221,0.0]],[[120.638966,23.592294,0.0],[120.639097,23.592334,0.0]],[[120.639806,23.592541,0.0],[120.63993,23.592546,0.0]],[[120.642037,23.592565,0.0],[120.643065,23.592567,0.0]],[[120.644788,23.593344,0.0],[120.645353,23.59352,0.0]],[[120.645353,23.59352,0.0],[120.645748,23.593522,0.0]],[[120.649067,23.592547,0.0],[120.649118,23.592472,0.0]],[[120.630137,23.63654,0.0],[120.630267,23.637136,0.0]],[[120.630267,23.637136,0.0],[120.630568,23.637506,0.0]],[[120.634143,23.641622,0.0],[120.634289,23.642008,0.0]],[[120.634968,23.651576,0.0],[120.635142,23.652007,0.0]],[[120.635441,23.652345,0.0],[120.635534,23.652532,0.0]],[[120.635534,23.652532,0.0],[120.635547,23.652607,0.0]],[[120.63661,23.654701,0.0],[120.636698,23.655039,0.0]],[[120.637805,23.658098,0.0],[120.638005,23.658159,0.0]],[[120.63933,23.660702,0.0],[120.639674,23.660885,0.0]],[[120.639674,23.660885,0.0],[120.640005,23.660937,0.0]],[[120.642987,23.666306,0.0],[120.64293,23.666241,0.0]],[[120.642694,23.666121,0.0],[120.642617,23.666102,0.0]],[[120.642447,23.666093,0.0],[120.642363,23.665978,0.0]],[[120.642363,23.665978,0.0],[120.641978,23.66605,0.0]],[[120.641729,23.665721,0.0],[120.641378,23.665701,0.0]],[[120.644892,23.67088,0.0],[120.645039,23.671081,0.0]],[[120.646282,23.675391,0.0],[120.646479,23.675666,0.0]],[[120.647057,23.679098,0.0],[120.647443,23.679304,0.0]],[[120.648191,23.682717,0.0],[120.648267,23.682792,0.0]],[[120.645802,23.689104,0.0],[120.6459,23.689227,0.0]],[[120.646174,23.691373,0.0],[120.646593,23.691738,0.0]],[[120.644854,23.701393,0.0],[120.644966,23.701522,0.0]],[[120.645079,23.701668,0.0],[120.645141,23.701746,0.0]],[[120.645141,23.701746,0.0],[120.645229,23.701863,0.0]],[[120.645229,23.701863,0.0],[120.645284,23.701925,0.0]],[[120.640994,23.720351,0.0],[120.641006,23.720444,0.0]],[[120.642112,23.730808,0.0],[120.642186,23.730997,0.0]],[[120.643441,23.733273,0.0],[120.643445,23.73333,0.0]],[[120.644535,23.736644,0.0],[120.64462,23.736652,0.0]],[[120.645134,23.736279,0.0],[120.6452,23.736229,0.0]],[[120.645638,23.736132,0.0],[120.645711,23.736092,0.0]],[[120.646387,23.735728,0.0],[120.646438,23.735773,0.0]],[[120.64663,23.735901,0.0],[120.647857,23.736041,0.0]],[[120.647857,23.736041,0.0],[120.648445,23.735896,0.0]],[[120.648603,23.735729,0.0],[120.648938,23.735754,0.0]],[[120.649206,23.735816,0.0],[120.649339,23.735832,0.0]],[[120.649339,23.735832,0.0],[120.649471,23.735914,0.0]],[[120.649942,23.73571,0.0],[120.650893,23.736171,0.0]],[[120.650893,23.736171,0.0],[120.651041,23.736073,0.0]],[[120.652206,23.73568,0.0],[120.653694,23.734849,0.0]],[[120.654598,23.734463,0.0],[120.654762,23.734447,0.0]],[[120.685594,23.614903,0.0],[120.685636,23.61433,0.0]],[[120.711436,23.570887,0.0],[120.711003,23.570834,0.0]],[[120.711003,23.570834,0.0],[120.710422,23.570961,0.0]],[[120.71005,23.57119,0.0],[120.709648,23.571757,0.0]],[[120.718497,23.569115,0.0],[120.719464,23.569578,0.0]],[[120.724293,23.571875,0.0],[120.724495,23.571897,0.0]],[[120.724495,23.571897,0.0],[120.724851,23.571842,0.0]],[[120.725437,23.571623,0.0],[120.725658,23.571528,0.0]],[[120.725658,23.571528,0.0],[120.726028,23.571305,0.0]],[[120.726028,23.571305,0.0],[120.726296,23.571187,0.0]],[[120.726296,23.571187,0.0],[120.726576,23.570986,0.0]],[[120.727481,23.570416,0.0],[120.727903,23.570328,0.0]],[[120.727903,23.570328,0.0],[120.728179,23.570306,0.0]],[[120.656329,23.572306,0.0],[120.655348,23.572201,0.0]],[[120.655348,23.572201,0.0],[120.654438,23.572346,0.0]],[[120.65082,23.572425,0.0],[120.6507,23.57245,0.0]],[[120.6507,23.57245,0.0],[120.650632,23.572468,0.0]],[[120.65042,23.572535,0.0],[120.650299,23.572564,0.0]],[[120.650299,23.572564,0.0],[120.649981,23.572719,0.0]],[[120.649712,23.572983,0.0],[120.649678,23.573041,0.0]],[[120.679822,23.571464,0.0],[120.679927,23.571464,0.0]],[[120.680301,23.571443,0.0],[120.680353,23.571457,0.0]],[[120.682292,23.571988,0.0],[120.682556,23.572144,0.0]],[[120.682758,23.572298,0.0],[120.682855,23.572362,0.0]],[[120.682855,23.572362,0.0],[120.684229,23.573619,0.0]],[[120.685519,23.574498,0.0],[120.686082,23.57479,0.0]],[[120.686082,23.57479,0.0],[120.687004,23.57507,0.0]],[[120.687004,23.57507,0.0],[120.688858,23.575123,0.0]],[[120.688858,23.575123,0.0],[120.689412,23.575212,0.0]],[[120.690069,23.57543,0.0],[120.690844,23.575887,0.0]],[[120.690844,23.575887,0.0],[120.690931,23.575892,0.0]],[[120.690931,23.575892,0.0],[120.691081,23.575998,0.0]],[[120.69346,23.576493,0.0],[120.693695,23.576507,0.0]],[[120.694019,23.576503,0.0],[120.694181,23.576484,0.0]],[[120.694811,23.576394,0.0],[120.694946,23.57636,0.0]],[[120.694946,23.57636,0.0],[120.695223,23.576337,0.0]],[[120.698912,23.576341,0.0],[120.699836,23.57615,0.0]],[[120.699836,23.57615,0.0],[120.700931,23.576037,0.0]],[[120.71413,23.621286,0.0],[120.714133,23.621315,0.0]],[[120.713342,23.626489,0.0],[120.713349,23.626703,0.0]],[[120.713148,23.627193,0.0],[120.713044,23.627813,0.0]],[[120.71898,23.629449,0.0],[120.718821,23.629629,0.0]],[[120.658122,23.613915,0.0],[120.658122,23.614049,0.0]],[[120.647125,23.58709,0.0],[120.647182,23.586968,0.0]],[[120.647182,23.586968,0.0],[120.647188,23.586953,0.0]],[[120.647446,23.585718,0.0],[120.647325,23.585809,0.0]],[[120.648303,23.585721,0.0],[120.648702,23.585909,0.0]],[[120.648702,23.585909,0.0],[120.648993,23.585904,0.0]],[[120.648993,23.585904,0.0],[120.649261,23.585701,0.0]],[[120.6855,23.613085,0.0],[120.685473,23.613509,0.0]],[[120.685473,23.613509,0.0],[120.685506,23.613849,0.0]],[[120.643547,23.578139,0.0],[120.643477,23.578167,0.0]],[[120.643386,23.577933,0.0],[120.643416,23.577882,0.0]],[[120.643416,23.577882,0.0],[120.643448,23.577864,0.0]],[[120.64353,23.577068,0.0],[120.643465,23.577213,0.0]],[[120.64624,23.576536,0.0],[120.646573,23.57675,0.0]],[[120.646573,23.57675,0.0],[120.647129,23.576726,0.0]],[[120.647129,23.576726,0.0],[120.647409,23.57662,0.0]],[[120.647409,23.57662,0.0],[120.648031,23.576159,0.0]],[[120.648031,23.576159,0.0],[120.648415,23.575779,0.0]],[[120.649062,23.57508,0.0],[120.649209,23.574957,0.0]],[[120.649209,23.574957,0.0],[120.649303,23.574807,0.0]],[[120.649509,23.57337,0.0],[120.649493,23.573378,0.0]],[[120.708508,23.575742,0.0],[120.708898,23.57571,0.0]],[[120.708898,23.57571,0.0],[120.709109,23.575596,0.0]],[[120.709109,23.575596,0.0],[120.709296,23.57531,0.0]],[[120.70953,23.572036,0.0],[120.709498,23.572077,0.0]],[[120.709618,23.571838,0.0],[120.709636,23.571796,0.0]],[[120.655734,23.752864,0.0],[120.655681,23.752614,0.0]],[[120.654715,23.748689,0.0],[120.654649,23.748461,0.0]],[[120.654649,23.748461,0.0],[120.654625,23.748313,0.0]],[[120.654568,23.74496,0.0],[120.654518,23.744735,0.0]],[[120.654577,23.746046,0.0],[120.654577,23.746034,0.0]],[[120.654522,23.747333,0.0],[120.654521,23.74731,0.0]],[[120.654395,23.742932,0.0],[120.654386,23.742721,0.0]],[[120.654386,23.742721,0.0],[120.654374,23.742545,0.0]],[[120.65362,23.628389,0.0],[120.6536,23.628317,0.0]],[[120.653603,23.628265,0.0],[120.653451,23.627798,0.0]],[[120.653085,23.62617,0.0],[120.653047,23.625961,0.0]],[[120.653047,23.625961,0.0],[120.653035,23.625834,0.0]],[[120.653033,23.625805,0.0],[120.652788,23.62507,0.0]],[[120.652788,23.62507,0.0],[120.652572,23.624766,0.0]],[[120.652921,23.621867,0.0],[120.652898,23.62175,0.0]],[[120.652568,23.624693,0.0],[120.652541,23.62456,0.0]],[[120.652541,23.62456,0.0],[120.652443,23.623495,0.0]],[[120.652429,23.623139,0.0],[120.652403,23.623008,0.0]],[[120.652348,23.619309,0.0],[120.652026,23.618869,0.0]],[[120.648272,23.682859,0.0],[120.648268,23.682813,0.0]],[[120.646717,23.68559,0.0],[120.64671,23.68551,0.0]],[[120.645924,23.689449,0.0],[120.645912,23.689336,0.0]],[[120.645688,23.695866,0.0],[120.645668,23.695779,0.0]],[[120.644855,23.630525,0.0],[120.644857,23.630456,0.0]],[[120.644679,23.629997,0.0],[120.644668,23.630116,0.0]],[[120.644668,23.630116,0.0],[120.644663,23.630211,0.0]],[[120.644461,23.629457,0.0],[120.644452,23.629366,0.0]],[[120.644064,23.628675,0.0],[120.644065,23.628761,0.0]],[[120.644065,23.628761,0.0],[120.644069,23.628856,0.0]],[[120.643943,23.735121,0.0],[120.643939,23.735064,0.0]],[[120.643864,23.734596,0.0],[120.643831,23.734529,0.0]],[[120.643831,23.734529,0.0],[120.643554,23.734399,0.0]],[[120.640766,23.718533,0.0],[120.64076,23.718467,0.0]],[[120.64076,23.718467,0.0],[120.640759,23.718416,0.0]],[[120.640748,23.718152,0.0],[120.640736,23.717986,0.0]],[[120.640736,23.717986,0.0],[120.640736,23.717985,0.0]],[[120.640733,23.71779,0.0],[120.640722,23.717662,0.0]],[[120.640718,23.714148,0.0],[120.640697,23.714101,0.0]],[[120.640484,23.715353,0.0],[120.640482,23.715324,0.0]],[[120.64045,23.707986,0.0],[120.64045,23.707978,0.0]],[[120.640144,23.727672,0.0],[120.640069,23.727365,0.0]],[[120.640106,23.725772,0.0],[120.64008,23.725654,0.0]],[[120.64008,23.725654,0.0],[120.640027,23.725524,0.0]],[[120.640034,23.661631,0.0],[120.64003,23.661578,0.0]],[[120.64003,23.661578,0.0],[120.640015,23.661454,0.0]],[[120.639693,23.726457,0.0],[120.639684,23.726344,0.0]],[[120.6371,23.656325,0.0],[120.637094,23.656274,0.0]],[[120.636997,23.655826,0.0],[120.636988,23.655759,0.0]],[[120.63634,23.654264,0.0],[120.636323,23.65413,0.0]],[[120.635308,23.644027,0.0],[120.635292,23.64394,0.0]],[[120.635302,23.64385,0.0],[120.63527,23.643768,0.0]],[[120.63527,23.643768,0.0],[120.635209,23.643662,0.0]],[[120.635003,23.646211,0.0],[120.634946,23.646048,0.0]],[[120.634946,23.646048,0.0],[120.63493,23.645967,0.0]],[[120.730762,23.618006,0.0],[120.730751,23.617855,0.0]],[[120.730751,23.617855,0.0],[120.730749,23.61781,0.0]]]}]}}
]
}
