{
"type": "FeatureCollection",
"name": "石虎重要棲地",
"xy_coordinate_resolution": 1e-06,
"features": [
{"type":"Feature","properties":{"FID":0},"geometry":{"type":"MultiPolygon","coordinates":[[[[120.612258,23.991694,0.0],[120.611817,23.991693,0.0],[120.611815,23.992215,0.0],[120.611532,23.992214,0.0],[120.611531,23.992368,0.0],[120.611069,23.992266,0.0],[120.607592,23.991286,0.0],[120.605662,23.990577,0.0],[120.603782,23.989762,0.0],[120.601071,23.988347,0.0],[120.598926,23.986999,0.0],[120.596508,23.985192,0.0],[120.594392,23.983302,0.0],[120.595095,23.983304,0.0],[120.595094,23.983565,0.0],[120.595662,23.983566,0.0],[120.595661,23.983827,0.0],[120.596228,23.983829,0.0],[120.596228,23.984089,0.0],[120.596795,23.984091,0.0],[120.596797,23.983569,0.0],[120.595945,23.983567,0.0],[120.595946,23.983306,0.0],[120.595378,23.983305,0.0],[120.595379,23.983044,0.0],[120.595095,23.983043,0.0],[120.595097,23.982522,0.0],[120.594813,23.982521,0.0],[120.594817,23.981478,0.0],[120.594533,23.981477,0.0],[120.594533,23.981216,0.0],[120.593966,23.981215,0.0],[120.593964,23.981736,0.0],[120.593113,23.981734,0.0],[120.593113,23.981473,0.0],[120.59283,23.981472,0.0],[120.59283,23.981212,0.0],[120.592424,23.98121,0.0],[120.59177,23.980426,0.0],[120.592265,23.980428,0.0],[120.592266,23.980167,0.0],[120.59255,23.980168,0.0],[120.592549,23.980428,0.0],[120.592833,23.980429,0.0],[120.592834,23.980168,0.0],[120.593401,23.98017,0.0],[120.593402,23.979909,0.0],[120.593118,23.979908,0.0],[120.59312,23.979387,0.0],[120.593404,23.979387,0.0],[120.593403,23.979648,0.0],[120.593971,23.97965,0.0],[120.59397,23.97991,0.0],[120.593686,23.97991,0.0],[120.593684,23.980431,0.0],[120.593968,23.980432,0.0],[120.593967,23.980954,0.0],[120.59425,23.980954,0.0],[120.594252,23.980433,0.0],[120.594536,23.980434,0.0],[120.594535,23.980694,0.0],[120.594819,23.980695,0.0],[120.594821,23.980174,0.0],[120.595104,23.980174,0.0],[120.595105,23.979913,0.0],[120.595389,23.979914,0.0],[120.595391,23.979393,0.0],[120.595675,23.979393,0.0],[120.595676,23.978872,0.0],[120.595392,23.978871,0.0],[120.595395,23.978089,0.0],[120.595962,23.97809,0.0],[120.595963,23.977829,0.0],[120.596531,23.977831,0.0],[120.59653,23.978092,0.0],[120.596814,23.978092,0.0],[120.596815,23.977832,0.0],[120.597099,23.977832,0.0],[120.597099,23.977571,0.0],[120.596816,23.977571,0.0],[120.596816,23.97731,0.0],[120.596249,23.977308,0.0],[120.596252,23.976265,0.0],[120.596536,23.976266,0.0],[120.596535,23.976527,0.0],[120.597103,23.976528,0.0],[120.597104,23.976267,0.0],[120.59682,23.976267,0.0],[120.596821,23.975745,0.0],[120.596537,23.975744,0.0],[120.596538,23.975484,0.0],[120.596254,23.975483,0.0],[120.596253,23.976004,0.0],[120.595969,23.976004,0.0],[120.59597,23.975743,0.0],[120.595686,23.975742,0.0],[120.595687,23.975481,0.0],[120.595403,23.975481,0.0],[120.595405,23.974959,0.0],[120.595121,23.974958,0.0],[120.59512,23.975219,0.0],[120.594836,23.975218,0.0],[120.594835,23.975479,0.0],[120.595119,23.97548,0.0],[120.595118,23.975741,0.0],[120.595402,23.975741,0.0],[120.595401,23.976002,0.0],[120.595685,23.976003,0.0],[120.595684,23.976525,0.0],[120.5954,23.976524,0.0],[120.5954,23.976263,0.0],[120.595117,23.976262,0.0],[120.595115,23.976784,0.0],[120.594831,23.976783,0.0],[120.594832,23.976522,0.0],[120.594548,23.976522,0.0],[120.594549,23.976261,0.0],[120.594265,23.97626,0.0],[120.594266,23.975999,0.0],[120.593698,23.975998,0.0],[120.593697,23.976519,0.0],[120.593413,23.976519,0.0],[120.593412,23.976779,0.0],[120.594264,23.976782,0.0],[120.594263,23.977042,0.0],[120.593695,23.977041,0.0],[120.593692,23.978084,0.0],[120.594259,23.978086,0.0],[120.594259,23.978346,0.0],[120.593407,23.978344,0.0],[120.593406,23.978605,0.0],[120.593122,23.978604,0.0],[120.593124,23.978083,0.0],[120.592556,23.978081,0.0],[120.592557,23.97782,0.0],[120.592273,23.97782,0.0],[120.592273,23.97808,0.0],[120.591989,23.97808,0.0],[120.591988,23.97834,0.0],[120.591704,23.97834,0.0],[120.591703,23.9786,0.0],[120.591419,23.9786,0.0],[120.591419,23.97886,0.0],[120.591702,23.978861,0.0],[120.591702,23.979122,0.0],[120.591985,23.979123,0.0],[120.591984,23.979644,0.0],[120.591158,23.979642,0.0],[120.590813,23.979178,0.0],[120.590972,23.978598,0.0],[120.591136,23.978599,0.0],[120.591089,23.978338,0.0],[120.591994,23.976323,0.0],[120.591994,23.976515,0.0],[120.592277,23.976515,0.0],[120.592277,23.976776,0.0],[120.59256,23.976777,0.0],[120.592562,23.976255,0.0],[120.592846,23.976256,0.0],[120.592847,23.975995,0.0],[120.592279,23.975994,0.0],[120.592278,23.976255,0.0],[120.592025,23.976254,0.0],[120.592852,23.974415,0.0],[120.593166,23.973965,0.0],[120.593624,23.973635,0.0],[120.59429,23.973447,0.0],[120.594756,23.973462,0.0],[120.5958,23.973656,0.0],[120.595692,23.973656,0.0],[120.59569,23.974438,0.0],[120.595406,23.974437,0.0],[120.595405,23.974698,0.0],[120.595973,23.9747,0.0],[120.595972,23.97496,0.0],[120.596256,23.974961,0.0],[120.596257,23.9747,0.0],[120.597108,23.974703,0.0],[120.597108,23.974963,0.0],[120.597391,23.974964,0.0],[120.597388,23.976007,0.0],[120.59824,23.97601,0.0],[120.59824,23.975749,0.0],[120.598808,23.97575,0.0],[120.59881,23.975229,0.0],[120.599094,23.975229,0.0],[120.599095,23.974708,0.0],[120.598811,23.974707,0.0],[120.598812,23.974446,0.0],[120.59938,23.974448,0.0],[120.599379,23.974709,0.0],[120.599663,23.974709,0.0],[120.599663,23.974526,0.0],[120.601081,23.975043,0.0],[120.60108,23.975235,0.0],[120.600797,23.975234,0.0],[120.600795,23.975755,0.0],[120.600511,23.975755,0.0],[120.60051,23.976276,0.0],[120.600793,23.976277,0.0],[120.600793,23.976538,0.0],[120.601076,23.976539,0.0],[120.601077,23.976278,0.0],[120.601645,23.976279,0.0],[120.601646,23.976018,0.0],[120.602781,23.976021,0.0],[120.602783,23.9755,0.0],[120.602499,23.975499,0.0],[120.602498,23.97576,0.0],[120.601647,23.975758,0.0],[120.601647,23.975497,0.0],[120.601364,23.975496,0.0],[120.601364,23.975235,0.0],[120.601648,23.975236,0.0],[120.601649,23.975094,0.0],[120.602522,23.97498,0.0],[120.602139,23.974516,0.0],[120.601956,23.973933,0.0],[120.602504,23.973934,0.0],[120.602504,23.973673,0.0],[120.603072,23.973675,0.0],[120.603074,23.973153,0.0],[120.60279,23.973153,0.0],[120.602789,23.973413,0.0],[120.601938,23.973411,0.0],[120.601936,23.973807,0.0],[120.601833,23.97315,0.0],[120.602222,23.973151,0.0],[120.602224,23.972629,0.0],[120.60194,23.972629,0.0],[120.601941,23.972368,0.0],[120.601709,23.972367,0.0],[120.601616,23.971336,0.0],[120.601909,23.970642,0.0],[120.602512,23.970144,0.0],[120.602822,23.970023,0.0],[120.603367,23.970024,0.0],[120.603367,23.969949,0.0],[120.605794,23.970268,0.0],[120.606946,23.970117,0.0],[120.607376,23.970127,0.0],[120.610178,23.970515,0.0],[120.610177,23.970563,0.0],[120.609894,23.970563,0.0],[120.609892,23.971084,0.0],[120.61046,23.971086,0.0],[120.61046,23.970825,0.0],[120.610744,23.970826,0.0],[120.610745,23.970593,0.0],[120.612447,23.970829,0.0],[120.612446,23.971352,0.0],[120.612729,23.971352,0.0],[120.612731,23.970705,0.0],[120.612928,23.970566,0.0],[120.612732,23.97036,0.0],[120.612733,23.970048,0.0],[120.612537,23.970048,0.0],[120.612189,23.969264,0.0],[120.612736,23.969266,0.0],[120.612738,23.968483,0.0],[120.612454,23.968483,0.0],[120.612455,23.968222,0.0],[120.613023,23.968223,0.0],[120.613029,23.966137,0.0],[120.612745,23.966136,0.0],[120.612741,23.96744,0.0],[120.612457,23.967439,0.0],[120.612457,23.9677,0.0],[120.612173,23.9677,0.0],[120.612172,23.96796,0.0],[120.611604,23.967959,0.0],[120.611605,23.967698,0.0],[120.611889,23.967699,0.0],[120.61189,23.967438,0.0],[120.611606,23.967437,0.0],[120.611607,23.967177,0.0],[120.611323,23.967176,0.0],[120.611324,23.966915,0.0],[120.61104,23.966914,0.0],[120.611038,23.967436,0.0],[120.610754,23.967435,0.0],[120.610753,23.967914,0.0],[120.609902,23.967796,0.0],[120.609902,23.967694,0.0],[120.610186,23.967695,0.0],[120.610187,23.967434,0.0],[120.610471,23.967434,0.0],[120.610472,23.966913,0.0],[120.609905,23.966911,0.0],[120.609903,23.967433,0.0],[120.609619,23.967432,0.0],[120.609618,23.967757,0.0],[120.609149,23.967692,0.0],[120.609335,23.967692,0.0],[120.609335,23.967432,0.0],[120.609052,23.967431,0.0],[120.609053,23.966909,0.0],[120.608769,23.966908,0.0],[120.608767,23.967674,0.0],[120.608199,23.96775,0.0],[120.608203,23.966385,0.0],[120.607636,23.966384,0.0],[120.607634,23.966906,0.0],[120.60735,23.966905,0.0],[120.607349,23.967166,0.0],[120.607633,23.967166,0.0],[120.607632,23.967427,0.0],[120.607065,23.967426,0.0],[120.607064,23.967687,0.0],[120.607348,23.967687,0.0],[120.607347,23.967828,0.0],[120.606822,23.967723,0.0],[120.605647,23.96697,0.0],[120.605648,23.96664,0.0],[120.6065,23.966642,0.0],[120.6065,23.966381,0.0],[120.606216,23.96638,0.0],[120.606217,23.96612,0.0],[120.60565,23.966118,0.0],[120.605649,23.966379,0.0],[120.605365,23.966378,0.0],[120.605364,23.966768,0.0],[120.604231,23.96595,0.0],[120.604234,23.965071,0.0],[120.60395,23.96507,0.0],[120.603952,23.964549,0.0],[120.603694,23.964548,0.0],[120.603787,23.964215,0.0],[120.603514,23.964026,0.0],[120.603669,23.964027,0.0],[120.603672,23.963244,0.0],[120.603956,23.963245,0.0],[120.603957,23.962723,0.0],[120.603389,23.962722,0.0],[120.603388,23.963243,0.0],[120.603104,23.963243,0.0],[120.603105,23.962982,0.0],[120.602821,23.962981,0.0],[120.602822,23.96272,0.0],[120.602254,23.962719,0.0],[120.602255,23.962458,0.0],[120.601687,23.962457,0.0],[120.601688,23.962196,0.0],[120.601972,23.962196,0.0],[120.601974,23.961675,0.0],[120.602257,23.961676,0.0],[120.602259,23.961154,0.0],[120.602543,23.961155,0.0],[120.602544,23.960894,0.0],[120.602827,23.960895,0.0],[120.602827,23.961155,0.0],[120.60311,23.961156,0.0],[120.603111,23.960895,0.0],[120.603395,23.960896,0.0],[120.603396,23.960635,0.0],[120.602828,23.960634,0.0],[120.602829,23.960373,0.0],[120.603113,23.960374,0.0],[120.603114,23.960113,0.0],[120.60283,23.960112,0.0],[120.602831,23.959591,0.0],[120.603683,23.959593,0.0],[120.603684,23.959071,0.0],[120.604252,23.959073,0.0],[120.604253,23.958812,0.0],[120.604537,23.958813,0.0],[120.604538,23.958291,0.0],[120.605673,23.958294,0.0],[120.605673,23.958555,0.0],[120.606808,23.958558,0.0],[120.606807,23.958818,0.0],[120.607912,23.958821,0.0],[120.609057,23.959746,0.0],[120.6093,23.960129,0.0],[120.609074,23.960128,0.0],[120.609073,23.960389,0.0],[120.609357,23.96039,0.0],[120.609357,23.960279,0.0],[120.609397,23.960423,0.0],[120.609367,23.961167,0.0],[120.609069,23.96174,0.0],[120.609069,23.961693,0.0],[120.608785,23.961692,0.0],[120.608784,23.961953,0.0],[120.60893,23.961954,0.0],[120.608593,23.962474,0.0],[120.608215,23.962473,0.0],[120.608214,23.962734,0.0],[120.609066,23.962736,0.0],[120.609066,23.962475,0.0],[120.608679,23.962475,0.0],[120.609411,23.961635,0.0],[120.609679,23.961434,0.0],[120.609921,23.961434,0.0],[120.609922,23.961174,0.0],[120.609729,23.961173,0.0],[120.609707,23.960598,0.0],[120.609783,23.96013,0.0],[120.609925,23.96013,0.0],[120.609927,23.959609,0.0],[120.609869,23.959609,0.0],[120.610033,23.958611,0.0],[120.608707,23.954389,0.0],[120.608807,23.95439,0.0],[120.60881,23.953347,0.0],[120.60845,23.953346,0.0],[120.608528,23.95287,0.0],[120.608759,23.952429,0.0],[120.609073,23.952112,0.0],[120.609169,23.952043,0.0],[120.609382,23.952044,0.0],[120.609382,23.951922,0.0],[120.609467,23.951883,0.0],[120.609912,23.951757,0.0],[120.610234,23.951714,0.0],[120.610234,23.951785,0.0],[120.610518,23.951786,0.0],[120.610516,23.952308,0.0],[120.6108,23.952308,0.0],[120.610801,23.951787,0.0],[120.611085,23.951787,0.0],[120.611084,23.952048,0.0],[120.611936,23.95205,0.0],[120.611935,23.952311,0.0],[120.612219,23.952312,0.0],[120.61222,23.95179,0.0],[120.611937,23.95179,0.0],[120.611937,23.951529,0.0],[120.612505,23.95153,0.0],[120.612506,23.951269,0.0],[120.612323,23.951269,0.0],[120.612355,23.951059,0.0],[120.612223,23.951008,0.0],[120.61279,23.951009,0.0],[120.612789,23.95127,0.0],[120.613073,23.951271,0.0],[120.613074,23.95101,0.0],[120.613642,23.951011,0.0],[120.613642,23.950751,0.0],[120.612223,23.950747,0.0],[120.612224,23.950486,0.0],[120.611657,23.950485,0.0],[120.611656,23.950746,0.0],[120.61194,23.950746,0.0],[120.611939,23.950978,0.0],[120.611088,23.95081,0.0],[120.611089,23.950483,0.0],[120.610805,23.950483,0.0],[120.610805,23.950754,0.0],[120.609261,23.95043,0.0],[120.60882,23.950199,0.0],[120.60882,23.949956,0.0],[120.608547,23.949955,0.0],[120.608331,23.949653,0.0],[120.608166,23.949172,0.0],[120.608255,23.949172,0.0],[120.608256,23.948911,0.0],[120.608146,23.948911,0.0],[120.608182,23.948607,0.0],[120.60838,23.948129,0.0],[120.608826,23.94813,0.0],[120.608825,23.948391,0.0],[120.609109,23.948392,0.0],[120.60911,23.948131,0.0],[120.609393,23.948132,0.0],[120.609394,23.947871,0.0],[120.608827,23.94787,0.0],[120.608827,23.947609,0.0],[120.609111,23.947609,0.0],[120.609112,23.947349,0.0],[120.60968,23.94735,0.0],[120.609683,23.946307,0.0],[120.609538,23.946306,0.0],[120.611076,23.94392,0.0],[120.612496,23.942858,0.0],[120.612473,23.942279,0.0],[120.612647,23.941768,0.0],[120.612994,23.941339,0.0],[120.613784,23.940769,0.0],[120.614438,23.939324,0.0],[120.614813,23.938871,0.0],[120.61481,23.9398,0.0],[120.615378,23.939801,0.0],[120.615385,23.937193,0.0],[120.615669,23.937194,0.0],[120.615681,23.933281,0.0],[120.615964,23.933282,0.0],[120.615965,23.933021,0.0],[120.615681,23.933021,0.0],[120.615685,23.931717,0.0],[120.615969,23.931717,0.0],[120.61597,23.931457,0.0],[120.615686,23.931456,0.0],[120.615687,23.931195,0.0],[120.615403,23.931194,0.0],[120.61539,23.935628,0.0],[120.615106,23.935627,0.0],[120.615098,23.938496,0.0],[120.614814,23.938521,0.0],[120.614291,23.937223,0.0],[120.613637,23.932233,0.0],[120.613697,23.932233,0.0],[120.613698,23.931972,0.0],[120.613603,23.931972,0.0],[120.613485,23.93106,0.0],[120.613053,23.930543,0.0],[120.615912,23.930162,0.0],[120.618504,23.93001,0.0],[120.621619,23.930066,0.0],[120.624203,23.93031,0.0],[120.627266,23.930838,0.0],[120.62977,23.931472,0.0],[120.632214,23.932278,0.0],[120.634586,23.933251,0.0],[120.636346,23.932276,0.0],[120.638357,23.931317,0.0],[120.637793,23.932704,0.0],[120.638268,23.933015,0.0],[120.6389,23.933897,0.0],[120.639162,23.934428,0.0],[120.639781,23.935987,0.0],[120.639811,23.936788,0.0],[120.640223,23.937209,0.0],[120.640657,23.93942,0.0],[120.640538,23.940923,0.0],[120.639996,23.942493,0.0],[120.638585,23.945342,0.0],[120.637692,23.946951,0.0],[120.636318,23.948832,0.0],[120.635237,23.949864,0.0],[120.634901,23.950355,0.0],[120.634732,23.95086,0.0],[120.634655,23.95165,0.0],[120.634381,23.952825,0.0],[120.633836,23.954244,0.0],[120.63284,23.955429,0.0],[120.631761,23.956442,0.0],[120.631468,23.956965,0.0],[120.630423,23.959657,0.0],[120.629627,23.961114,0.0],[120.629331,23.962014,0.0],[120.628334,23.964449,0.0],[120.62756,23.965681,0.0],[120.627266,23.966028,0.0],[120.626227,23.966897,0.0],[120.625476,23.967834,0.0],[120.624206,23.96979,0.0],[120.623575,23.970904,0.0],[120.621669,23.974635,0.0],[120.621012,23.976669,0.0],[120.620539,23.978742,0.0],[120.619509,23.980584,0.0],[120.618845,23.981373,0.0],[120.618239,23.982378,0.0],[120.617304,23.984376,0.0],[120.616497,23.986469,0.0],[120.615963,23.987249,0.0],[120.615626,23.987559,0.0],[120.613683,23.988837,0.0],[120.613059,23.989398,0.0],[120.61279,23.989751,0.0],[120.612611,23.990173,0.0],[120.612258,23.991694,0.0]],[[120.609922,23.961174,0.0],[120.610206,23.961174,0.0],[120.610206,23.960914,0.0],[120.609923,23.960913,0.0],[120.609922,23.961174,0.0]],[[120.603389,23.962722,0.0],[120.60339,23.962461,0.0],[120.603106,23.96246,0.0],[120.603106,23.962721,0.0],[120.603389,23.962722,0.0]],[[120.603106,23.96246,0.0],[120.603107,23.962199,0.0],[120.602823,23.962199,0.0],[120.602823,23.962459,0.0],[120.603106,23.96246,0.0]],[[120.592557,23.97782,0.0],[120.592841,23.977821,0.0],[120.592842,23.97756,0.0],[120.592558,23.977559,0.0],[120.592557,23.97782,0.0]],[[120.592558,23.977559,0.0],[120.592559,23.977299,0.0],[120.591991,23.977297,0.0],[120.59199,23.977558,0.0],[120.592558,23.977559,0.0]],[[120.593698,23.975998,0.0],[120.593699,23.975737,0.0],[120.593131,23.975735,0.0],[120.593131,23.975996,0.0],[120.593698,23.975998,0.0]],[[120.594266,23.975999,0.0],[120.594834,23.976001,0.0],[120.594834,23.97574,0.0],[120.594267,23.975738,0.0],[120.594266,23.975999,0.0]],[[120.594836,23.975218,0.0],[120.594837,23.974957,0.0],[120.594553,23.974957,0.0],[120.594554,23.974696,0.0],[120.593986,23.974694,0.0],[120.593985,23.974955,0.0],[120.594269,23.974956,0.0],[120.594268,23.975478,0.0],[120.594551,23.975478,0.0],[120.594552,23.975217,0.0],[120.594836,23.975218,0.0]],[[120.595676,23.978872,0.0],[120.59596,23.978873,0.0],[120.595961,23.978612,0.0],[120.595677,23.978611,0.0],[120.595676,23.978872,0.0]]],[[[120.683357,23.836727,0.0],[120.682924,23.835987,0.0],[120.682791,23.835252,0.0],[120.683032,23.834541,0.0],[120.683501,23.834067,0.0],[120.68402,23.833827,0.0],[120.687267,23.833432,0.0],[120.687741,23.833438,0.0],[120.687904,23.833288,0.0],[120.686247,23.832705,0.0],[120.681764,23.829348,0.0],[120.681765,23.829107,0.0],[120.681444,23.829107,0.0],[120.680414,23.828332,0.0],[120.676225,23.825831,0.0],[120.676563,23.825232,0.0],[120.675354,23.82312,0.0],[120.674323,23.820931,0.0],[120.673474,23.818676,0.0],[120.672812,23.816368,0.0],[120.672421,23.814494,0.0],[120.672106,23.812134,0.0],[120.672168,23.812134,0.0],[120.672169,23.811873,0.0],[120.672084,23.811873,0.0],[120.67201,23.810696,0.0],[120.67201,23.808249,0.0],[120.674168,23.809756,0.0],[120.67448,23.810075,0.0],[120.674691,23.810464,0.0],[120.675221,23.810569,0.0],[120.67572,23.810842,0.0],[120.676805,23.811875,0.0],[120.677075,23.812465,0.0],[120.67709,23.813018,0.0],[120.677682,23.813412,0.0],[120.67807,23.814066,0.0],[120.679127,23.819196,0.0],[120.680175,23.819164,0.0],[120.680744,23.819272,0.0],[120.68521,23.821487,0.0],[120.685527,23.821812,0.0],[120.685468,23.821812,0.0],[120.685468,23.822073,0.0],[120.68571,23.822073,0.0],[120.686075,23.822596,0.0],[120.685466,23.822594,0.0],[120.685465,23.823116,0.0],[120.685749,23.823117,0.0],[120.685748,23.823377,0.0],[120.686032,23.823378,0.0],[120.686031,23.823639,0.0],[120.686598,23.82364,0.0],[120.686622,23.823379,0.0],[120.68758,23.824751,0.0],[120.689899,23.827384,0.0],[120.690105,23.82708,0.0],[120.69044,23.826783,0.0],[120.690849,23.826578,0.0],[120.691303,23.82648,0.0],[120.692261,23.826501,0.0],[120.691978,23.82652,0.0],[120.691977,23.826781,0.0],[120.693111,23.826783,0.0],[120.693112,23.826533,0.0],[120.694005,23.826598,0.0],[120.694636,23.826869,0.0],[120.69497,23.827167,0.0],[120.695207,23.827536,0.0],[120.696419,23.831062,0.0],[120.697623,23.831591,0.0],[120.699728,23.832757,0.0],[120.700016,23.833094,0.0],[120.700197,23.833489,0.0],[120.700254,23.834021,0.0],[120.70016,23.83444,0.0],[120.699897,23.834887,0.0],[120.69933,23.83488,0.0],[120.699329,23.835141,0.0],[120.699046,23.835141,0.0],[120.699045,23.835401,0.0],[120.697911,23.835399,0.0],[120.697912,23.834878,0.0],[120.697629,23.834877,0.0],[120.697628,23.835399,0.0],[120.697061,23.835398,0.0],[120.697061,23.835137,0.0],[120.696494,23.835136,0.0],[120.696493,23.835396,0.0],[120.694427,23.835359,0.0],[120.69184,23.834566,0.0],[120.691479,23.835741,0.0],[120.691198,23.836209,0.0],[120.690863,23.836506,0.0],[120.690343,23.836746,0.0],[120.689969,23.836811,0.0],[120.689969,23.836688,0.0],[120.689686,23.836687,0.0],[120.689685,23.836948,0.0],[120.689401,23.836947,0.0],[120.689401,23.837208,0.0],[120.689674,23.837209,0.0],[120.689407,23.837512,0.0],[120.689031,23.837765,0.0],[120.688596,23.837918,0.0],[120.685731,23.838507,0.0],[120.685538,23.838512,0.0],[120.68502,23.838198,0.0],[120.683357,23.836727,0.0]],[[120.672168,23.812134,0.0],[120.672167,23.812395,0.0],[120.672451,23.812395,0.0],[120.672451,23.812135,0.0],[120.672168,23.812134,0.0]],[[120.688273,23.834337,0.0],[120.68799,23.834336,0.0],[120.687989,23.834858,0.0],[120.688272,23.834858,0.0],[120.688273,23.834337,0.0]]],[[[120.701206,23.843939,0.0],[120.701188,23.843491,0.0],[120.701295,23.843491,0.0],[120.701294,23.843752,0.0],[120.701578,23.843752,0.0],[120.70158,23.84297,0.0],[120.701296,23.842969,0.0],[120.701296,23.84323,0.0],[120.700819,23.843267,0.0],[120.70027,23.843091,0.0],[120.699766,23.842706,0.0],[120.700163,23.842706,0.0],[120.700163,23.842446,0.0],[120.701014,23.842447,0.0],[120.701014,23.842186,0.0],[120.701582,23.842188,0.0],[120.701582,23.841927,0.0],[120.701015,23.841926,0.0],[120.701016,23.841665,0.0],[120.700732,23.841664,0.0],[120.700733,23.841403,0.0],[120.701016,23.841404,0.0],[120.701017,23.840882,0.0],[120.701301,23.840883,0.0],[120.701302,23.840622,0.0],[120.701585,23.840623,0.0],[120.701586,23.840101,0.0],[120.70187,23.840102,0.0],[120.701869,23.840362,0.0],[120.702436,23.840364,0.0],[120.702438,23.839842,0.0],[120.70187,23.839841,0.0],[120.701872,23.839319,0.0],[120.702155,23.83932,0.0],[120.702156,23.839059,0.0],[120.702439,23.839059,0.0],[120.702441,23.838538,0.0],[120.702724,23.838538,0.0],[120.702723,23.838799,0.0],[120.703574,23.838801,0.0],[120.703574,23.839062,0.0],[120.703857,23.839062,0.0],[120.703858,23.838801,0.0],[120.704141,23.838802,0.0],[120.704142,23.838541,0.0],[120.703575,23.83854,0.0],[120.703577,23.837497,0.0],[120.703861,23.837497,0.0],[120.70386,23.837758,0.0],[120.704427,23.837759,0.0],[120.704428,23.837498,0.0],[120.704711,23.837499,0.0],[120.704712,23.837238,0.0],[120.705279,23.837239,0.0],[120.705278,23.8375,0.0],[120.704995,23.837499,0.0],[120.704993,23.838282,0.0],[120.706127,23.838284,0.0],[120.706126,23.838806,0.0],[120.705842,23.838805,0.0],[120.705841,23.839327,0.0],[120.705558,23.839326,0.0],[120.705556,23.840109,0.0],[120.705272,23.840108,0.0],[120.705271,23.840891,0.0],[120.704987,23.84089,0.0],[120.704985,23.841933,0.0],[120.704701,23.841933,0.0],[120.704696,23.84428,0.0],[120.704412,23.844319,0.0],[120.703665,23.844152,0.0],[120.702207,23.844221,0.0],[120.701206,23.843939,0.0]],[[120.701578,23.843752,0.0],[120.701577,23.844013,0.0],[120.702144,23.844014,0.0],[120.702146,23.843493,0.0],[120.701862,23.843492,0.0],[120.701862,23.843753,0.0],[120.701578,23.843752,0.0]],[[120.702435,23.841146,0.0],[120.702433,23.841928,0.0],[120.703,23.841929,0.0],[120.703002,23.841147,0.0],[120.703569,23.841148,0.0],[120.703569,23.840887,0.0],[120.703002,23.840886,0.0],[120.703003,23.840625,0.0],[120.702719,23.840625,0.0],[120.702718,23.841147,0.0],[120.702435,23.841146,0.0]],[[120.703003,23.840625,0.0],[120.703854,23.840627,0.0],[120.703855,23.840105,0.0],[120.703004,23.840104,0.0],[120.703003,23.840625,0.0]],[[120.702435,23.841146,0.0],[120.702435,23.840885,0.0],[120.702152,23.840885,0.0],[120.702151,23.841145,0.0],[120.702435,23.841146,0.0]]],[[[120.704979,23.844403,0.0],[120.704982,23.843237,0.0],[120.705265,23.843238,0.0],[120.705269,23.841412,0.0],[120.705553,23.841413,0.0],[120.705555,23.84063,0.0],[120.705838,23.840631,0.0],[120.70584,23.839848,0.0],[120.706124,23.839849,0.0],[120.706125,23.839067,0.0],[120.706409,23.839067,0.0],[120.70641,23.838545,0.0],[120.706694,23.838546,0.0],[120.706695,23.837764,0.0],[120.706979,23.837764,0.0],[120.70698,23.837242,0.0],[120.707264,23.837243,0.0],[120.707265,23.836461,0.0],[120.707549,23.836461,0.0],[120.707551,23.835679,0.0],[120.707834,23.835679,0.0],[120.707836,23.834897,0.0],[120.70812,23.834897,0.0],[120.708122,23.833593,0.0],[120.708406,23.833594,0.0],[120.708407,23.833333,0.0],[120.70869,23.833333,0.0],[120.708691,23.833073,0.0],[120.709541,23.833074,0.0],[120.709541,23.833335,0.0],[120.709824,23.833336,0.0],[120.709827,23.832292,0.0],[120.710677,23.832294,0.0],[120.710678,23.832033,0.0],[120.710961,23.832034,0.0],[120.710962,23.831773,0.0],[120.711245,23.831773,0.0],[120.711245,23.832034,0.0],[120.711528,23.832035,0.0],[120.711528,23.832296,0.0],[120.711244,23.832295,0.0],[120.711243,23.832817,0.0],[120.711527,23.832817,0.0],[120.711526,23.833078,0.0],[120.71181,23.833079,0.0],[120.71181,23.832818,0.0],[120.712094,23.832818,0.0],[120.712095,23.832297,0.0],[120.711811,23.832296,0.0],[120.711812,23.831774,0.0],[120.712379,23.831775,0.0],[120.712379,23.832036,0.0],[120.712662,23.832037,0.0],[120.712661,23.832558,0.0],[120.712945,23.832559,0.0],[120.712946,23.832037,0.0],[120.713229,23.832038,0.0],[120.71323,23.831777,0.0],[120.713514,23.831778,0.0],[120.713515,23.831256,0.0],[120.713798,23.831256,0.0],[120.713798,23.831517,0.0],[120.714365,23.831518,0.0],[120.714364,23.83204,0.0],[120.714647,23.832041,0.0],[120.714647,23.832301,0.0],[120.71493,23.832302,0.0],[120.714931,23.83178,0.0],[120.714648,23.83178,0.0],[120.714649,23.830997,0.0],[120.714933,23.830998,0.0],[120.714933,23.830737,0.0],[120.715784,23.830739,0.0],[120.715785,23.830478,0.0],[120.715501,23.830477,0.0],[120.715502,23.830216,0.0],[120.716069,23.830217,0.0],[120.716069,23.829957,0.0],[120.716353,23.829957,0.0],[120.716353,23.829696,0.0],[120.71607,23.829696,0.0],[120.71607,23.829435,0.0],[120.715787,23.829434,0.0],[120.715786,23.829695,0.0],[120.714652,23.829693,0.0],[120.714652,23.829954,0.0],[120.713801,23.829952,0.0],[120.713801,23.830213,0.0],[120.713233,23.830212,0.0],[120.713234,23.829951,0.0],[120.712951,23.829951,0.0],[120.71295,23.830212,0.0],[120.712099,23.83021,0.0],[120.712099,23.830471,0.0],[120.711815,23.83047,0.0],[120.711816,23.83021,0.0],[120.711532,23.830209,0.0],[120.711532,23.83047,0.0],[120.710965,23.830469,0.0],[120.710964,23.83073,0.0],[120.710681,23.830729,0.0],[120.71068,23.83099,0.0],[120.710396,23.830989,0.0],[120.710396,23.83125,0.0],[120.710679,23.831251,0.0],[120.710678,23.831772,0.0],[120.710111,23.831771,0.0],[120.710112,23.83151,0.0],[120.709828,23.83151,0.0],[120.709829,23.830988,0.0],[120.709546,23.830988,0.0],[120.709547,23.830727,0.0],[120.709263,23.830726,0.0],[120.709264,23.830205,0.0],[120.708981,23.830204,0.0],[120.708982,23.829683,0.0],[120.708698,23.829682,0.0],[120.708701,23.828639,0.0],[120.708417,23.828638,0.0],[120.708418,23.828117,0.0],[120.708702,23.828117,0.0],[120.708703,23.827335,0.0],[120.70842,23.827334,0.0],[120.708422,23.826291,0.0],[120.708139,23.82629,0.0],[120.708141,23.825247,0.0],[120.707858,23.825247,0.0],[120.70786,23.824203,0.0],[120.707576,23.824203,0.0],[120.707578,23.823681,0.0],[120.707294,23.823681,0.0],[120.707295,23.823159,0.0],[120.707012,23.823158,0.0],[120.707014,23.822376,0.0],[120.70673,23.822375,0.0],[120.706731,23.821854,0.0],[120.706448,23.821853,0.0],[120.706449,23.821332,0.0],[120.706165,23.821331,0.0],[120.706167,23.82081,0.0],[120.705883,23.820809,0.0],[120.705884,23.820548,0.0],[120.7056,23.820548,0.0],[120.705601,23.820287,0.0],[120.705317,23.820286,0.0],[120.705318,23.820025,0.0],[120.705034,23.820025,0.0],[120.705037,23.818982,0.0],[120.70447,23.818981,0.0],[120.704471,23.818459,0.0],[120.704187,23.818458,0.0],[120.704188,23.818198,0.0],[120.703904,23.818197,0.0],[120.703905,23.817936,0.0],[120.703622,23.817936,0.0],[120.703622,23.817675,0.0],[120.703339,23.817674,0.0],[120.703339,23.817413,0.0],[120.703056,23.817413,0.0],[120.703056,23.817152,0.0],[120.702773,23.817152,0.0],[120.702774,23.81663,0.0],[120.702491,23.816629,0.0],[120.702491,23.816369,0.0],[120.702208,23.816368,0.0],[120.702208,23.816107,0.0],[120.701925,23.816107,0.0],[120.701925,23.815846,0.0],[120.701358,23.815845,0.0],[120.70136,23.815323,0.0],[120.701076,23.815323,0.0],[120.701077,23.815062,0.0],[120.700793,23.815061,0.0],[120.700794,23.8148,0.0],[120.70051,23.8148,0.0],[120.700511,23.814539,0.0],[120.700227,23.814538,0.0],[120.700229,23.814017,0.0],[120.699945,23.814016,0.0],[120.699946,23.813756,0.0],[120.699379,23.813754,0.0],[120.699379,23.813494,0.0],[120.699946,23.813495,0.0],[120.699947,23.813234,0.0],[120.699096,23.813232,0.0],[120.699097,23.812971,0.0],[120.698814,23.812971,0.0],[120.698815,23.812449,0.0],[120.698531,23.812449,0.0],[120.698532,23.812188,0.0],[120.699382,23.81219,0.0],[120.699383,23.811929,0.0],[120.699099,23.811928,0.0],[120.6991,23.811667,0.0],[120.69825,23.811666,0.0],[120.698251,23.810883,0.0],[120.697968,23.810883,0.0],[120.69797,23.8101,0.0],[120.697686,23.8101,0.0],[120.69769,23.808535,0.0],[120.697406,23.808534,0.0],[120.69741,23.806969,0.0],[120.697693,23.80697,0.0],[120.697697,23.805405,0.0],[120.697981,23.805406,0.0],[120.697983,23.804362,0.0],[120.69809,23.804362,0.0],[120.698392,23.804607,0.0],[120.699012,23.804692,0.0],[120.698881,23.804054,0.0],[120.698268,23.803822,0.0],[120.698268,23.80358,0.0],[120.698552,23.803581,0.0],[120.698553,23.803059,0.0],[120.698836,23.80306,0.0],[120.698838,23.802538,0.0],[120.699121,23.802539,0.0],[120.699123,23.801756,0.0],[120.699406,23.801757,0.0],[120.699408,23.801235,0.0],[120.699691,23.801236,0.0],[120.699692,23.800714,0.0],[120.699976,23.800715,0.0],[120.699976,23.800454,0.0],[120.70026,23.800454,0.0],[120.700261,23.799933,0.0],[120.700544,23.799933,0.0],[120.700546,23.799412,0.0],[120.700829,23.799412,0.0],[120.70083,23.798891,0.0],[120.701114,23.798891,0.0],[120.701115,23.79837,0.0],[120.701398,23.79837,0.0],[120.701399,23.797849,0.0],[120.701683,23.797849,0.0],[120.701684,23.797588,0.0],[120.701967,23.797589,0.0],[120.701968,23.797328,0.0],[120.702251,23.797329,0.0],[120.702252,23.797068,0.0],[120.702535,23.797068,0.0],[120.702536,23.796807,0.0],[120.703386,23.796809,0.0],[120.703387,23.796548,0.0],[120.707355,23.796556,0.0],[120.707355,23.796295,0.0],[120.703954,23.796289,0.0],[120.703955,23.796028,0.0],[120.703671,23.796027,0.0],[120.703672,23.795766,0.0],[120.703388,23.795766,0.0],[120.703389,23.795505,0.0],[120.703106,23.795504,0.0],[120.703106,23.795244,0.0],[120.702823,23.795243,0.0],[120.702825,23.7942,0.0],[120.703108,23.7942,0.0],[120.70311,23.793418,0.0],[120.703394,23.793418,0.0],[120.703395,23.792897,0.0],[120.703678,23.792897,0.0],[120.70368,23.792115,0.0],[120.703964,23.792115,0.0],[120.703965,23.791333,0.0],[120.704249,23.791334,0.0],[120.704251,23.790551,0.0],[120.704534,23.790552,0.0],[120.704538,23.788987,0.0],[120.704821,23.788987,0.0],[120.704824,23.787422,0.0],[120.704541,23.787422,0.0],[120.704546,23.785335,0.0],[120.704262,23.785335,0.0],[120.704264,23.784552,0.0],[120.703981,23.784552,0.0],[120.703982,23.783769,0.0],[120.703699,23.783769,0.0],[120.7037,23.783247,0.0],[120.703417,23.783247,0.0],[120.703418,23.782725,0.0],[120.703135,23.782724,0.0],[120.703136,23.782203,0.0],[120.702852,23.782202,0.0],[120.702853,23.781942,0.0],[120.702569,23.781941,0.0],[120.702571,23.781419,0.0],[120.702287,23.781419,0.0],[120.702288,23.781158,0.0],[120.702004,23.781157,0.0],[120.702005,23.780897,0.0],[120.701722,23.780896,0.0],[120.701722,23.780635,0.0],[120.701439,23.780635,0.0],[120.701439,23.780374,0.0],[120.701156,23.780373,0.0],[120.701157,23.780113,0.0],[120.700873,23.780112,0.0],[120.700874,23.779851,0.0],[120.700807,23.779851,0.0],[120.701635,23.779423,0.0],[120.702374,23.779365,0.0],[120.702678,23.779004,0.0],[120.703158,23.778703,0.0],[120.704497,23.778333,0.0],[120.704207,23.777921,0.0],[120.706033,23.777861,0.0],[120.707136,23.776421,0.0],[120.708537,23.774809,0.0],[120.708536,23.775171,0.0],[120.709103,23.775172,0.0],[120.709103,23.775433,0.0],[120.708819,23.775432,0.0],[120.708818,23.775954,0.0],[120.709101,23.775955,0.0],[120.709102,23.775694,0.0],[120.709669,23.775695,0.0],[120.709668,23.775956,0.0],[120.709952,23.775956,0.0],[120.709951,23.776217,0.0],[120.710518,23.776218,0.0],[120.710518,23.775957,0.0],[120.710235,23.775957,0.0],[120.710236,23.775696,0.0],[120.710802,23.775697,0.0],[120.710803,23.775436,0.0],[120.71052,23.775436,0.0],[120.71052,23.775175,0.0],[120.70967,23.775173,0.0],[120.709671,23.774912,0.0],[120.709104,23.774911,0.0],[120.709105,23.77439,0.0],[120.708933,23.774389,0.0],[120.709594,23.773721,0.0],[120.709718,23.771338,0.0],[120.710037,23.768969,0.0],[120.710145,23.768393,0.0],[120.710535,23.768394,0.0],[120.710536,23.768133,0.0],[120.710198,23.768132,0.0],[120.710321,23.767561,0.0],[120.710636,23.766307,0.0],[120.711107,23.766308,0.0],[120.711107,23.766047,0.0],[120.711391,23.766048,0.0],[120.711389,23.766569,0.0],[120.711106,23.766569,0.0],[120.711104,23.767351,0.0],[120.710821,23.767351,0.0],[120.71082,23.767872,0.0],[120.711103,23.767873,0.0],[120.711103,23.768134,0.0],[120.711669,23.768135,0.0],[120.71167,23.767874,0.0],[120.711953,23.767875,0.0],[120.711955,23.767092,0.0],[120.712522,23.767093,0.0],[120.712522,23.766832,0.0],[120.712239,23.766832,0.0],[120.71224,23.766571,0.0],[120.711956,23.766571,0.0],[120.711957,23.766049,0.0],[120.712807,23.76605,0.0],[120.712809,23.765529,0.0],[120.712525,23.765528,0.0],[120.712526,23.765007,0.0],[120.71196,23.765006,0.0],[120.711959,23.765266,0.0],[120.711676,23.765266,0.0],[120.711676,23.765005,0.0],[120.711026,23.765004,0.0],[120.711096,23.764788,0.0],[120.71234,23.76165,0.0],[120.713937,23.758651,0.0],[120.714198,23.758229,0.0],[120.714525,23.758229,0.0],[120.714525,23.757968,0.0],[120.714364,23.757968,0.0],[120.715284,23.756612,0.0],[120.716479,23.755051,0.0],[120.718114,23.753199,0.0],[120.719896,23.751465,0.0],[120.721815,23.749861,0.0],[120.72386,23.748394,0.0],[120.726019,23.747073,0.0],[120.726166,23.746991,0.0],[120.72645,23.747035,0.0],[120.72645,23.746834,0.0],[120.726734,23.746775,0.0],[120.726734,23.746682,0.0],[120.727364,23.746353,0.0],[120.730631,23.744899,0.0],[120.733057,23.744058,0.0],[120.735545,23.743388,0.0],[120.738081,23.742893,0.0],[120.740651,23.742575,0.0],[120.74272,23.74245,0.0],[120.745313,23.742456,0.0],[120.747382,23.74259,0.0],[120.749949,23.742919,0.0],[120.752483,23.743426,0.0],[120.754507,23.743966,0.0],[120.754505,23.744735,0.0],[120.754222,23.744735,0.0],[120.754223,23.744213,0.0],[120.753939,23.744213,0.0],[120.753939,23.744474,0.0],[120.753656,23.744473,0.0],[120.753654,23.745256,0.0],[120.753371,23.745255,0.0],[120.75337,23.745516,0.0],[120.75252,23.745515,0.0],[120.752521,23.744993,0.0],[120.752238,23.744992,0.0],[120.752237,23.745514,0.0],[120.751954,23.745514,0.0],[120.751953,23.745774,0.0],[120.752236,23.745775,0.0],[120.752235,23.746557,0.0],[120.751952,23.746557,0.0],[120.751951,23.747079,0.0],[120.751667,23.747078,0.0],[120.751666,23.747861,0.0],[120.751949,23.747861,0.0],[120.751948,23.748643,0.0],[120.751664,23.748643,0.0],[120.751665,23.748121,0.0],[120.751382,23.748121,0.0],[120.751383,23.747338,0.0],[120.7511,23.747338,0.0],[120.751099,23.74812,0.0],[120.750815,23.74812,0.0],[120.750815,23.748381,0.0],[120.751098,23.748381,0.0],[120.751097,23.749164,0.0],[120.750813,23.749163,0.0],[120.750812,23.749685,0.0],[120.751096,23.749685,0.0],[120.751095,23.749946,0.0],[120.751379,23.749947,0.0],[120.751378,23.750207,0.0],[120.750811,23.750207,0.0],[120.750734,23.75103,0.0],[120.750814,23.751358,0.0],[120.752921,23.750547,0.0],[120.752762,23.750372,0.0],[120.751976,23.750208,0.0],[120.752228,23.750209,0.0],[120.752229,23.749948,0.0],[120.752512,23.749948,0.0],[120.752512,23.749688,0.0],[120.752796,23.749688,0.0],[120.752796,23.749427,0.0],[120.753363,23.749428,0.0],[120.753363,23.749167,0.0],[120.753647,23.749168,0.0],[120.753648,23.748646,0.0],[120.753364,23.748646,0.0],[120.753365,23.748124,0.0],[120.753649,23.748125,0.0],[120.753649,23.747864,0.0],[120.754499,23.747865,0.0],[120.7545,23.747343,0.0],[120.754784,23.747344,0.0],[120.754784,23.747083,0.0],[120.755067,23.747083,0.0],[120.755068,23.746823,0.0],[120.754785,23.746822,0.0],[120.754785,23.746561,0.0],[120.755068,23.746562,0.0],[120.75507,23.745779,0.0],[120.755353,23.74578,0.0],[120.755353,23.746041,0.0],[120.756203,23.746042,0.0],[120.756202,23.746303,0.0],[120.756486,23.746303,0.0],[120.756487,23.745521,0.0],[120.756204,23.74552,0.0],[120.756205,23.744738,0.0],[120.755922,23.744737,0.0],[120.755922,23.744477,0.0],[120.755639,23.744476,0.0],[120.755639,23.744325,0.0],[120.757865,23.745149,0.0],[120.757904,23.745262,0.0],[120.758138,23.745263,0.0],[120.758471,23.745404,0.0],[120.75847,23.745785,0.0],[120.758753,23.745785,0.0],[120.758753,23.746046,0.0],[120.759036,23.746046,0.0],[120.759037,23.745653,0.0],[120.760648,23.746428,0.0],[120.762429,23.747407,0.0],[120.764462,23.747094,0.0],[120.766512,23.746895,0.0],[120.768572,23.746808,0.0],[120.770633,23.746836,0.0],[120.772689,23.746977,0.0],[120.774732,23.747232,0.0],[120.778254,23.747948,0.0],[120.780013,23.747121,0.0],[120.780285,23.747121,0.0],[120.780285,23.747004,0.0],[120.780571,23.746882,0.0],[120.783121,23.74593,0.0],[120.78312,23.746343,0.0],[120.783403,23.746343,0.0],[120.783403,23.746604,0.0],[120.783686,23.746605,0.0],[120.783686,23.746865,0.0],[120.783969,23.746866,0.0],[120.783969,23.746605,0.0],[120.784253,23.746605,0.0],[120.784253,23.746345,0.0],[120.78397,23.746344,0.0],[120.783971,23.745822,0.0],[120.783449,23.745822,0.0],[120.784254,23.745574,0.0],[120.784254,23.745823,0.0],[120.784537,23.745823,0.0],[120.784538,23.745562,0.0],[120.784296,23.745562,0.0],[120.785105,23.745334,0.0],[120.785104,23.746085,0.0],[120.785387,23.746085,0.0],[120.785388,23.745564,0.0],[120.785671,23.745564,0.0],[120.785672,23.745303,0.0],[120.786238,23.745304,0.0],[120.786239,23.745048,0.0],[120.786522,23.745044,0.0],[120.786522,23.744982,0.0],[120.78795,23.744686,0.0],[120.790505,23.744302,0.0],[120.793085,23.744097,0.0],[120.795675,23.744071,0.0],[120.798259,23.744224,0.0],[120.800313,23.744476,0.0],[120.802347,23.744842,0.0],[120.804353,23.745319,0.0],[120.806324,23.745907,0.0],[120.808727,23.746794,0.0],[120.810594,23.747622,0.0],[120.812403,23.748553,0.0],[120.814147,23.749582,0.0],[120.81663,23.751302,0.0],[120.818933,23.753222,0.0],[120.820703,23.754963,0.0],[120.82263,23.757207,0.0],[120.824789,23.758507,0.0],[120.826837,23.759954,0.0],[120.82876,23.761537,0.0],[120.830549,23.76325,0.0],[120.832809,23.765844,0.0],[120.8345,23.768232,0.0],[120.835952,23.77075,0.0],[120.837325,23.773825,0.0],[120.83795,23.775636,0.0],[120.838455,23.777479,0.0],[120.838839,23.779346,0.0],[120.8391,23.781232,0.0],[120.839238,23.783128,0.0],[120.839252,23.785029,0.0],[120.839141,23.786926,0.0],[120.838907,23.788815,0.0],[120.838549,23.790687,0.0],[120.83807,23.792535,0.0],[120.837472,23.794354,0.0],[120.836755,23.796137,0.0],[120.835698,23.798304,0.0],[120.834726,23.799981,0.0],[120.833647,23.801601,0.0],[120.832464,23.803159,0.0],[120.833424,23.804568,0.0],[120.833197,23.804568,0.0],[120.833197,23.804829,0.0],[120.833481,23.804829,0.0],[120.833481,23.804656,0.0],[120.834019,23.805529,0.0],[120.835464,23.805758,0.0],[120.835464,23.805874,0.0],[120.835747,23.805875,0.0],[120.835747,23.806135,0.0],[120.83518,23.806135,0.0],[120.835179,23.806396,0.0],[120.835463,23.806396,0.0],[120.835463,23.806657,0.0],[120.83603,23.806657,0.0],[120.83603,23.806396,0.0],[120.836597,23.806397,0.0],[120.836597,23.806136,0.0],[120.836881,23.806137,0.0],[120.83688,23.806397,0.0],[120.838014,23.806399,0.0],[120.838014,23.806307,0.0],[120.839014,23.806574,0.0],[120.841455,23.806319,0.0],[120.843417,23.806231,0.0],[120.845382,23.806246,0.0],[120.847343,23.806364,0.0],[120.845789,23.80446,0.0],[120.844135,23.802041,0.0],[120.842943,23.799927,0.0],[120.841747,23.79729,0.0],[120.840951,23.795024,0.0],[120.840342,23.79271,0.0],[120.839865,23.789886,0.0],[120.83968,23.787511,0.0],[120.839716,23.784653,0.0],[120.83996,23.782283,0.0],[120.840397,23.779935,0.0],[120.841025,23.777625,0.0],[120.842025,23.77492,0.0],[120.843059,23.772737,0.0],[120.844268,23.770631,0.0],[120.845941,23.768224,0.0],[120.847809,23.766004,0.0],[120.848518,23.768154,0.0],[120.849236,23.768741,0.0],[120.849548,23.769192,0.0],[120.850755,23.772863,0.0],[120.853273,23.772453,0.0],[120.855174,23.76999,0.0],[120.854775,23.764896,0.0],[120.854898,23.764483,0.0],[120.855136,23.764114,0.0],[120.856026,23.763371,0.0],[120.854464,23.763466,0.0],[120.853895,23.763359,0.0],[120.851665,23.762438,0.0],[120.853915,23.760808,0.0],[120.856512,23.759243,0.0],[120.858787,23.758108,0.0],[120.86163,23.756959,0.0],[120.863582,23.756327,0.0],[120.866075,23.75569,0.0],[120.868614,23.755228,0.0],[120.871182,23.754943,0.0],[120.873176,23.754426,0.0],[120.8752,23.754021,0.0],[120.878792,23.753584,0.0],[120.882423,23.753499,0.0],[120.882447,23.75405,0.0],[120.885819,23.762942,0.0],[120.885881,23.763367,0.0],[120.885806,23.765098,0.0],[120.887441,23.766503,0.0],[120.88783,23.767157,0.0],[120.887888,23.767689,0.0],[120.887608,23.769406,0.0],[120.887087,23.769406,0.0],[120.887087,23.769667,0.0],[120.887564,23.769667,0.0],[120.887322,23.770591,0.0],[120.886977,23.771021,0.0],[120.886498,23.771324,0.0],[120.885938,23.771465,0.0],[120.885358,23.771428,0.0],[120.884636,23.771092,0.0],[120.883163,23.769645,0.0],[120.877691,23.775067,0.0],[120.877316,23.775321,0.0],[120.876767,23.775496,0.0],[120.876186,23.775496,0.0],[120.875637,23.77532,0.0],[120.872913,23.773568,0.0],[120.87263,23.773568,0.0],[120.87263,23.773307,0.0],[120.872347,23.773307,0.0],[120.872346,23.773828,0.0],[120.872563,23.773829,0.0],[120.871707,23.77462,0.0],[120.872458,23.778609,0.0],[120.875345,23.77988,0.0],[120.876795,23.781247,0.0],[120.880045,23.77967,0.0],[120.88049,23.779543,0.0],[120.880955,23.779529,0.0],[120.88995,23.780987,0.0],[120.890373,23.781168,0.0],[120.890803,23.781526,0.0],[120.89104,23.781895,0.0],[120.891166,23.782335,0.0],[120.893053,23.78142,0.0],[120.894882,23.780627,0.0],[120.895013,23.780627,0.0],[120.895105,23.780535,0.0],[120.89558,23.780434,0.0],[120.89558,23.780627,0.0],[120.895864,23.780627,0.0],[120.895864,23.780431,0.0],[120.896455,23.780453,0.0],[120.896582,23.779845,0.0],[120.896998,23.779846,0.0],[120.896998,23.779282,0.0],[120.898628,23.778248,0.0],[120.899063,23.778094,0.0],[120.899617,23.778057,0.0],[120.898426,23.775683,0.0],[120.898427,23.775043,0.0],[120.898585,23.77463,0.0],[120.898702,23.77463,0.0],[120.898703,23.774449,0.0],[120.899049,23.774109,0.0],[120.89927,23.774109,0.0],[120.89927,23.773971,0.0],[120.901476,23.772903,0.0],[120.902036,23.772762,0.0],[120.902616,23.772798,0.0],[120.903247,23.773068,0.0],[120.903713,23.773544,0.0],[120.904941,23.77586,0.0],[120.905079,23.776488,0.0],[120.90489,23.777212,0.0],[120.903194,23.779784,0.0],[120.902838,23.780061,0.0],[120.902416,23.780241,0.0],[120.901957,23.780312,0.0],[120.901509,23.780271,0.0],[120.902545,23.783291,0.0],[120.908471,23.784597,0.0],[120.910425,23.785517,0.0],[120.9109,23.78358,0.0],[120.911214,23.783009,0.0],[120.911549,23.782711,0.0],[120.912845,23.781898,0.0],[120.91328,23.781744,0.0],[120.91386,23.781709,0.0],[120.914624,23.781954,0.0],[120.915187,23.78249,0.0],[120.915368,23.782884,0.0],[120.916019,23.785327,0.0],[120.91653,23.784813,0.0],[120.917161,23.784543,0.0],[120.918931,23.784293,0.0],[120.919385,23.784293,0.0],[120.919385,23.78423,0.0],[120.922437,23.783807,0.0],[120.922989,23.783812,0.0],[120.923638,23.784043,0.0],[120.924068,23.784401,0.0],[120.924305,23.78477,0.0],[120.925119,23.786602,0.0],[120.925766,23.786845,0.0],[120.931997,23.785178,0.0],[120.93246,23.785135,0.0],[120.932919,23.785207,0.0],[120.933304,23.785366,0.0],[120.93687,23.787395,0.0],[120.938203,23.789172,0.0],[120.938295,23.79151,0.0],[120.938196,23.793894,0.0],[120.937901,23.796264,0.0],[120.937412,23.798607,0.0],[120.936733,23.80091,0.0],[120.935867,23.803158,0.0],[120.934819,23.80534,0.0],[120.933595,23.807444,0.0],[120.932202,23.809456,0.0],[120.930648,23.811366,0.0],[120.928942,23.813162,0.0],[120.927094,23.814835,0.0],[120.925113,23.816375,0.0],[120.923012,23.817773,0.0],[120.920802,23.819021,0.0],[120.918496,23.820113,0.0],[120.916591,23.820868,0.0],[120.91464,23.821517,0.0],[120.91265,23.822056,0.0],[120.910628,23.822484,0.0],[120.907737,23.822888,0.0],[120.907738,23.822627,0.0],[120.907454,23.822627,0.0],[120.907454,23.822366,0.0],[120.907171,23.822366,0.0],[120.90717,23.822887,0.0],[120.907454,23.822921,0.0],[120.904964,23.823073,0.0],[120.902372,23.823053,0.0],[120.898763,23.822724,0.0],[120.896724,23.822379,0.0],[120.894712,23.821922,0.0],[120.891276,23.820856,0.0],[120.88798,23.819463,0.0],[120.887327,23.819521,0.0],[120.887328,23.819223,0.0],[120.887044,23.819222,0.0],[120.887044,23.819483,0.0],[120.886147,23.819598,0.0],[120.883642,23.819635,0.0],[120.883642,23.81922,0.0],[120.883359,23.81922,0.0],[120.883358,23.819629,0.0],[120.881326,23.81952,0.0],[120.879349,23.819307,0.0],[120.877389,23.818989,0.0],[120.875452,23.818566,0.0],[120.873545,23.818042,0.0],[120.870782,23.817905,0.0],[120.872854,23.820514,0.0],[120.874626,23.823304,0.0],[120.876079,23.826246,0.0],[120.877198,23.829308,0.0],[120.879209,23.82883,0.0],[120.881247,23.828465,0.0],[120.883306,23.828214,0.0],[120.885377,23.828077,0.0],[120.887454,23.828056,0.0],[120.889528,23.82815,0.0],[120.89313,23.828592,0.0],[120.893841,23.828723,0.0],[120.89384,23.828877,0.0],[120.894124,23.828878,0.0],[120.894148,23.828782,0.0],[120.895258,23.829024,0.0],[120.895258,23.829139,0.0],[120.895541,23.829139,0.0],[120.89554,23.830444,0.0],[120.894406,23.830443,0.0],[120.894406,23.830964,0.0],[120.894973,23.830965,0.0],[120.894973,23.830704,0.0],[120.895257,23.830704,0.0],[120.895256,23.830965,0.0],[120.89554,23.830965,0.0],[120.89554,23.830704,0.0],[120.895824,23.830705,0.0],[120.895824,23.830183,0.0],[120.896108,23.830183,0.0],[120.896108,23.829922,0.0],[120.895824,23.829922,0.0],[120.895825,23.829162,0.0],[120.898142,23.829823,0.0],[120.898813,23.830047,0.0],[120.898701,23.831656,0.0],[120.90018,23.832017,0.0],[120.900602,23.832198,0.0],[120.900958,23.832474,0.0],[120.901568,23.833241,0.0],[120.901944,23.832697,0.0],[120.902318,23.83146,0.0],[120.903478,23.832026,0.0],[120.903478,23.832274,0.0],[120.903761,23.832275,0.0],[120.903761,23.832172,0.0],[120.90689,23.833923,0.0],[120.908581,23.834983,0.0],[120.910089,23.83605,0.0],[120.909935,23.836451,0.0],[120.909713,23.836451,0.0],[120.909712,23.836631,0.0],[120.90932,23.836385,0.0],[120.909309,23.836005,0.0],[120.909217,23.835927,0.0],[120.9089,23.835913,0.0],[120.908345,23.836077,0.0],[120.908295,23.83645,0.0],[120.908418,23.836517,0.0],[120.908427,23.836711,0.0],[120.908295,23.836711,0.0],[120.908246,23.837019,0.0],[120.908329,23.837513,0.0],[120.908195,23.8378,0.0],[120.908381,23.837767,0.0],[120.908577,23.83784,0.0],[120.908577,23.838016,0.0],[120.908785,23.838016,0.0],[120.908848,23.83818,0.0],[120.909013,23.838195,0.0],[120.909299,23.838506,0.0],[120.909144,23.838537,0.0],[120.909144,23.838725,0.0],[120.908947,23.838895,0.0],[120.909028,23.839186,0.0],[120.909143,23.8393,0.0],[120.909143,23.839497,0.0],[120.90886,23.839841,0.0],[120.908859,23.840055,0.0],[120.908753,23.840143,0.0],[120.908859,23.840223,0.0],[120.908859,23.840557,0.0],[120.908575,23.840624,0.0],[120.908575,23.841355,0.0],[120.908291,23.841406,0.0],[120.908188,23.841928,0.0],[120.907852,23.841927,0.0],[120.907756,23.841832,0.0],[120.90744,23.841785,0.0],[120.907441,23.841405,0.0],[120.907157,23.841405,0.0],[120.907157,23.840884,0.0],[120.906874,23.840883,0.0],[120.906874,23.840623,0.0],[120.906591,23.840616,0.0],[120.906591,23.840362,0.0],[120.905457,23.840361,0.0],[120.905456,23.840622,0.0],[120.905173,23.840622,0.0],[120.905156,23.841143,0.0],[120.904889,23.841143,0.0],[120.904888,23.842708,0.0],[120.905165,23.842708,0.0],[120.905171,23.84323,0.0],[120.905454,23.84323,0.0],[120.905454,23.843752,0.0],[120.905738,23.843752,0.0],[120.905737,23.844013,0.0],[120.906021,23.84404,0.0],[120.906021,23.844534,0.0],[120.906304,23.844535,0.0],[120.906304,23.845056,0.0],[120.906587,23.845056,0.0],[120.906587,23.845317,0.0],[120.906936,23.845327,0.0],[120.907093,23.845583,0.0],[120.906683,23.8461,0.0],[120.906587,23.8461,0.0],[120.906569,23.846314,0.0],[120.906264,23.846565,0.0],[120.906302,23.847307,0.0],[120.906213,23.847404,0.0],[120.90375,23.847402,0.0],[120.903749,23.848184,0.0],[120.903466,23.848184,0.0],[120.903466,23.848445,0.0],[120.903749,23.848445,0.0],[120.903749,23.848706,0.0],[120.905167,23.848707,0.0],[120.905167,23.848968,0.0],[120.90583,23.848968,0.0],[120.905977,23.849025,0.0],[120.90593,23.849148,0.0],[120.905989,23.849431,0.0],[120.906213,23.849819,0.0],[120.9063,23.850273,0.0],[120.906723,23.850426,0.0],[120.906867,23.850273,0.0],[120.906883,23.849876,0.0],[120.907029,23.849835,0.0],[120.907151,23.849991,0.0],[120.907151,23.850273,0.0],[120.907253,23.850273,0.0],[120.907434,23.850586,0.0],[120.907434,23.850945,0.0],[120.90715,23.851316,0.0],[120.906953,23.851755,0.0],[120.906301,23.85169,0.0],[120.906193,23.851764,0.0],[120.906099,23.852336,0.0],[120.906015,23.852359,0.0],[120.905978,23.853491,0.0],[120.905897,23.853607,0.0],[120.90573,23.853663,0.0],[120.905553,23.853924,0.0],[120.905447,23.853923,0.0],[120.905309,23.85433,0.0],[120.905446,23.854967,0.0],[120.905229,23.854967,0.0],[120.905255,23.854817,0.0],[120.905163,23.854706,0.0],[120.904312,23.85429,0.0],[120.904312,23.854184,0.0],[120.904151,23.854183,0.0],[120.904147,23.85393,0.0],[120.903832,23.853835,0.0],[120.903745,23.853779,0.0],[120.903745,23.853662,0.0],[120.903596,23.853662,0.0],[120.90351,23.853578,0.0],[120.903462,23.853401,0.0],[120.903338,23.853359,0.0],[120.903179,23.853106,0.0],[120.903179,23.852879,0.0],[120.903079,23.852879,0.0],[120.902884,23.852583,0.0],[120.902045,23.852617,0.0],[120.902045,23.852923,0.0],[120.901969,23.853025,0.0],[120.902147,23.8534,0.0],[120.902044,23.8534,0.0],[120.902044,23.853515,0.0],[120.90176,23.853624,0.0],[120.901761,23.852878,0.0],[120.901477,23.852878,0.0],[120.901477,23.853921,0.0],[120.90176,23.853921,0.0],[120.90176,23.853773,0.0],[120.901859,23.853773,0.0],[120.902327,23.85409,0.0],[120.902043,23.854345,0.0],[120.902044,23.854182,0.0],[120.90176,23.854182,0.0],[120.901759,23.855225,0.0],[120.902043,23.855225,0.0],[120.902043,23.854896,0.0],[120.902819,23.854656,0.0],[120.903177,23.855058,0.0],[120.903177,23.855209,0.0],[120.903027,23.855391,0.0],[120.903101,23.855691,0.0],[120.902893,23.855748,0.0],[120.902893,23.855871,0.0],[120.902326,23.856008,0.0],[120.902326,23.855486,0.0],[120.902043,23.855486,0.0],[120.902042,23.85679,0.0],[120.901758,23.85679,0.0],[120.901758,23.856529,0.0],[120.900907,23.856529,0.0],[120.900907,23.857311,0.0],[120.901474,23.857312,0.0],[120.9014,23.8575,0.0],[120.901474,23.857833,0.0],[120.90121,23.857775,0.0],[120.900771,23.857818,0.0],[120.900716,23.857916,0.0],[120.900817,23.858119,0.0],[120.900647,23.858415,0.0],[120.900701,23.85853,0.0],[120.900889,23.858526,0.0],[120.90119,23.858355,0.0],[120.901142,23.858627,0.0],[120.901473,23.858893,0.0],[120.901473,23.859041,0.0],[120.901372,23.859137,0.0],[120.901189,23.859137,0.0],[120.901189,23.859277,0.0],[120.901022,23.859414,0.0],[120.900945,23.859619,0.0],[120.901155,23.859691,0.0],[120.901204,23.859926,0.0],[120.901375,23.859875,0.0],[120.901425,23.860106,0.0],[120.901228,23.86018,0.0],[120.900859,23.86018,0.0],[120.900483,23.859755,0.0],[120.900338,23.859816,0.0],[120.900338,23.859658,0.0],[120.900054,23.859658,0.0],[120.900054,23.859974,0.0],[120.89977,23.860179,0.0],[120.89977,23.860962,0.0],[120.900053,23.860962,0.0],[120.900053,23.861484,0.0],[120.900296,23.861484,0.0],[120.900336,23.862006,0.0],[120.90062,23.862006,0.0],[120.900619,23.862527,0.0],[120.900903,23.862528,0.0],[120.900903,23.863049,0.0],[120.90147,23.86305,0.0],[120.90147,23.86331,0.0],[120.902604,23.863311,0.0],[120.902604,23.863572,0.0],[120.902887,23.863572,0.0],[120.902888,23.86305,0.0],[120.902604,23.86305,0.0],[120.902604,23.862789,0.0],[120.903172,23.86279,0.0],[120.903172,23.862529,0.0],[120.904022,23.86253,0.0],[120.904022,23.86279,0.0],[120.904302,23.862791,0.0],[120.904142,23.864095,0.0],[120.904021,23.864094,0.0],[120.904021,23.864281,0.0],[120.903766,23.864499,0.0],[120.903601,23.864877,0.0],[120.90317,23.864876,0.0],[120.90317,23.865137,0.0],[120.902886,23.865137,0.0],[120.902886,23.865919,0.0],[120.902602,23.865919,0.0],[120.902602,23.86618,0.0],[120.902318,23.86618,0.0],[120.902318,23.866702,0.0],[120.902034,23.866701,0.0],[120.902034,23.866962,0.0],[120.902318,23.866962,0.0],[120.902317,23.867745,0.0],[120.902884,23.867745,0.0],[120.902884,23.867484,0.0],[120.902601,23.867484,0.0],[120.902601,23.867223,0.0],[120.902885,23.867224,0.0],[120.902885,23.866441,0.0],[120.903169,23.866441,0.0],[120.903111,23.866907,0.0],[120.903168,23.866963,0.0],[120.903452,23.866963,0.0],[120.903452,23.866802,0.0],[120.903558,23.866702,0.0],[120.903736,23.866702,0.0],[120.903736,23.866561,0.0],[120.903817,23.866517,0.0],[120.90402,23.866576,0.0],[120.904019,23.866703,0.0],[120.904303,23.866703,0.0],[120.904303,23.866964,0.0],[120.90487,23.866964,0.0],[120.90487,23.866442,0.0],[120.904587,23.866442,0.0],[120.904635,23.866263,0.0],[120.905334,23.866382,0.0],[120.905626,23.866321,0.0],[120.906572,23.866443,0.0],[120.906977,23.866183,0.0],[120.907399,23.866183,0.0],[120.90784,23.866365,0.0],[120.907707,23.866134,0.0],[120.907707,23.865922,0.0],[120.909125,23.865923,0.0],[120.909125,23.865662,0.0],[120.908841,23.865662,0.0],[120.908842,23.865173,0.0],[120.91026,23.865141,0.0],[120.91026,23.864881,0.0],[120.910544,23.864881,0.0],[120.910544,23.864359,0.0],[120.910828,23.864359,0.0],[120.910827,23.864881,0.0],[120.911111,23.864881,0.0],[120.911111,23.865142,0.0],[120.911394,23.865142,0.0],[120.911394,23.865403,0.0],[120.911678,23.865403,0.0],[120.911677,23.865925,0.0],[120.911394,23.865925,0.0],[120.911394,23.866185,0.0],[120.910826,23.866185,0.0],[120.910826,23.866446,0.0],[120.910543,23.866446,0.0],[120.910542,23.866967,0.0],[120.909975,23.866967,0.0],[120.909975,23.867228,0.0],[120.909691,23.867228,0.0],[120.90969,23.868271,0.0],[120.910258,23.868271,0.0],[120.910257,23.868532,0.0],[120.910541,23.868532,0.0],[120.910541,23.868793,0.0],[120.911108,23.868793,0.0],[120.911108,23.868533,0.0],[120.911392,23.868533,0.0],[120.911392,23.868272,0.0],[120.911959,23.868272,0.0],[120.91196,23.868011,0.0],[120.912243,23.868012,0.0],[120.912243,23.867751,0.0],[120.912527,23.867751,0.0],[120.912527,23.86749,0.0],[120.912243,23.86749,0.0],[120.912244,23.867229,0.0],[120.911676,23.867229,0.0],[120.911677,23.866707,0.0],[120.912244,23.866708,0.0],[120.912245,23.865403,0.0],[120.912812,23.865404,0.0],[120.912812,23.865224,0.0],[120.914174,23.865014,0.0],[120.914797,23.865273,0.0],[120.914796,23.86697,0.0],[120.91508,23.86697,0.0],[120.91508,23.867231,0.0],[120.915363,23.867231,0.0],[120.915363,23.867492,0.0],[120.91508,23.867492,0.0],[120.915079,23.868013,0.0],[120.91593,23.868014,0.0],[120.91593,23.868535,0.0],[120.916213,23.868535,0.0],[120.916212,23.86984,0.0],[120.916595,23.86984,0.0],[120.916631,23.870021,0.0],[120.916627,23.870454,0.0],[120.916726,23.870848,0.0],[120.916535,23.871405,0.0],[120.916211,23.871404,0.0],[120.916211,23.871594,0.0],[120.91586,23.871659,0.0],[120.915416,23.871907,0.0],[120.916211,23.87179,0.0],[120.916211,23.871926,0.0],[120.916495,23.871926,0.0],[120.916495,23.871753,0.0],[120.916665,23.87179,0.0],[120.917165,23.871667,0.0],[120.917235,23.871726,0.0],[120.917346,23.871695,0.0],[120.917346,23.871927,0.0],[120.917629,23.871927,0.0],[120.917644,23.871666,0.0],[120.917913,23.871834,0.0],[120.917913,23.872188,0.0],[120.918196,23.872188,0.0],[120.918196,23.872645,0.0],[120.917724,23.87274,0.0],[120.916809,23.872702,0.0],[120.916392,23.87334,0.0],[120.915541,23.875293,0.0],[120.914798,23.87562,0.0],[120.913948,23.875813,0.0],[120.913682,23.876104,0.0],[120.913377,23.876903,0.0],[120.913157,23.877203,0.0],[120.912573,23.87777,0.0],[120.911846,23.878302,0.0],[120.910863,23.87941,0.0],[120.910555,23.879907,0.0],[120.909614,23.88073,0.0],[120.909282,23.880947,0.0],[120.908463,23.881206,0.0],[120.908178,23.881526,0.0],[120.908409,23.882197,0.0],[120.90852,23.88301,0.0],[120.908532,23.883829,0.0],[120.908673,23.884168,0.0],[120.908628,23.884556,0.0],[120.908348,23.885202,0.0],[120.908349,23.886405,0.0],[120.908527,23.887195,0.0],[120.908472,23.887597,0.0],[120.907674,23.888418,0.0],[120.907431,23.889145,0.0],[120.907488,23.889953,0.0],[120.907394,23.890314,0.0],[120.907401,23.890716,0.0],[120.907527,23.891084,0.0],[120.907777,23.891371,0.0],[120.908477,23.891846,0.0],[120.90995,23.892643,0.0],[120.910517,23.893201,0.0],[120.911034,23.894278,0.0],[120.911346,23.894565,0.0],[120.912149,23.894868,0.0],[120.912996,23.895327,0.0],[120.913494,23.89546,0.0],[120.91436,23.895486,0.0],[120.915194,23.895348,0.0],[120.915642,23.8954,0.0],[120.915929,23.895705,0.0],[120.91629,23.895888,0.0],[120.916577,23.896153,0.0],[120.916838,23.896507,0.0],[120.917187,23.897277,0.0],[120.917244,23.897672,0.0],[120.917163,23.898083,0.0],[120.916988,23.898437,0.0],[120.916695,23.898738,0.0],[120.915176,23.900094,0.0],[120.914597,23.901698,0.0],[120.914347,23.90294,0.0],[120.914204,23.903301,0.0],[120.913618,23.904093,0.0],[120.913369,23.905188,0.0],[120.912728,23.906912,0.0],[120.912466,23.907881,0.0],[120.912179,23.908151,0.0],[120.910439,23.908895,0.0],[120.910034,23.908997,0.0],[120.909192,23.908888,0.0],[120.908725,23.90898,0.0],[120.908326,23.908962,0.0],[120.907477,23.90872,0.0],[120.905806,23.908861,0.0],[120.905133,23.909297,0.0],[120.904196,23.90959,0.0],[120.904104,23.910018,0.0],[120.903885,23.910323,0.0],[120.902626,23.911004,0.0],[120.902376,23.911302,0.0],[120.902376,23.911686,0.0],[120.90257,23.912453,0.0],[120.902488,23.913555,0.0],[120.902862,23.914571,0.0],[120.902688,23.914907,0.0],[120.901471,23.916094,0.0],[120.901347,23.916473,0.0],[120.901309,23.917234,0.0],[120.900897,23.91869,0.0],[120.900997,23.919046,0.0],[120.901171,23.92102,0.0],[120.901096,23.921631,0.0],[120.900061,23.923477,0.0],[120.899936,23.923827,0.0],[120.899711,23.925358,0.0],[120.899698,23.92655,0.0],[120.899854,23.926895,0.0],[120.900003,23.927685,0.0],[120.900278,23.928329,0.0],[120.899661,23.928209,0.0],[120.898333,23.928366,0.0],[120.89759,23.92863,0.0],[120.896524,23.929166,0.0],[120.896281,23.929442,0.0],[120.896262,23.929787,0.0],[120.896405,23.930543,0.0],[120.896162,23.930846,0.0],[120.8958,23.931545,0.0],[120.895482,23.931877,0.0],[120.894334,23.932445,0.0],[120.894041,23.932673,0.0],[120.89361,23.932822,0.0],[120.89318,23.932722,0.0],[120.892825,23.932492,0.0],[120.891197,23.93119,0.0],[120.891017,23.930842,0.0],[120.890967,23.930486,0.0],[120.891273,23.929357,0.0],[120.891198,23.928962,0.0],[120.890606,23.92823,0.0],[120.890201,23.928131,0.0],[120.889783,23.928164,0.0],[120.88891,23.928541,0.0],[120.888461,23.928531,0.0],[120.888155,23.928294,0.0],[120.887483,23.926853,0.0],[120.886511,23.925943,0.0],[120.885744,23.925671,0.0],[120.885358,23.925635,0.0],[120.88406,23.925815,0.0],[120.882466,23.925827,0.0],[120.881907,23.925721,0.0],[120.881108,23.925427,0.0],[120.880156,23.925485,0.0],[120.879696,23.925369,0.0],[120.87975,23.924051,0.0],[120.879639,23.923493,0.0],[120.879676,23.92268,0.0],[120.87951,23.922197,0.0],[120.879332,23.920978,0.0],[120.879135,23.920601,0.0],[120.878772,23.920363,0.0],[120.878361,23.920341,0.0],[120.8779,23.920189,0.0],[120.87798,23.919297,0.0],[120.877716,23.918999,0.0],[120.877242,23.918712,0.0],[120.87656,23.918147,0.0],[120.876149,23.917996,0.0],[120.875829,23.917612,0.0],[120.875768,23.91711,0.0],[120.876388,23.916072,0.0],[120.876369,23.91509,0.0],[120.876646,23.91468,0.0],[120.876615,23.914278,0.0],[120.875939,23.913113,0.0],[120.875828,23.912677,0.0],[120.876074,23.911781,0.0],[120.876608,23.91119,0.0],[120.87686,23.910461,0.0],[120.876479,23.910219,0.0],[120.876055,23.910117,0.0],[120.874716,23.909531,0.0],[120.873328,23.909248,0.0],[120.872517,23.908994,0.0],[120.871964,23.908985,0.0],[120.871129,23.908589,0.0],[120.869937,23.908426,0.0],[120.868224,23.908454,0.0],[120.867726,23.908342,0.0],[120.86619,23.907856,0.0],[120.864796,23.907107,0.0],[120.863973,23.906843,0.0],[120.863623,23.906136,0.0],[120.863291,23.905212,0.0],[120.862536,23.90404,0.0],[120.861916,23.901558,0.0],[120.861842,23.900682,0.0],[120.861651,23.900249,0.0],[120.861019,23.899476,0.0],[120.860669,23.898105,0.0],[120.860429,23.897656,0.0],[120.859201,23.896465,0.0],[120.858827,23.896273,0.0],[120.858397,23.896211,0.0],[120.857697,23.895714,0.0],[120.856775,23.895603,0.0],[120.856315,23.895449,0.0],[120.855989,23.895191,0.0],[120.855529,23.894543,0.0],[120.85341,23.89303,0.0],[120.853017,23.892262,0.0],[120.853017,23.891824,0.0],[120.853134,23.891463,0.0],[120.853435,23.891152,0.0],[120.853454,23.890515,0.0],[120.852631,23.890052,0.0],[120.851685,23.889229,0.0],[120.851366,23.888439,0.0],[120.851176,23.887176,0.0],[120.850617,23.885982,0.0],[120.850623,23.884711,0.0],[120.850776,23.884345,0.0],[120.851317,23.883623,0.0],[120.851618,23.883341,0.0],[120.85198,23.883154,0.0],[120.851845,23.882829,0.0],[120.851434,23.882709,0.0],[120.850426,23.882055,0.0],[120.849922,23.881825,0.0],[120.849345,23.881222,0.0],[120.848982,23.881007,0.0],[120.848552,23.880792,0.0],[120.847753,23.880539,0.0],[120.846985,23.880059,0.0],[120.847041,23.879687,0.0],[120.847704,23.878062,0.0],[120.84779,23.877635,0.0],[120.8475,23.876766,0.0],[120.847924,23.87557,0.0],[120.847979,23.875141,0.0],[120.847893,23.874719,0.0],[120.847506,23.87438,0.0],[120.84742,23.874025,0.0],[120.846865,23.873415,0.0],[120.846991,23.872634,0.0],[120.847336,23.871842,0.0],[120.848747,23.870178,0.0],[120.848783,23.869792,0.0],[120.849146,23.86869,0.0],[120.849086,23.868293,0.0],[120.848869,23.867882,0.0],[120.848771,23.867505,0.0],[120.848776,23.866381,0.0],[120.848324,23.864005,0.0],[120.848124,23.863678,0.0],[120.84748,23.86316,0.0],[120.847575,23.861262,0.0],[120.847938,23.860637,0.0],[120.847925,23.860293,0.0],[120.847794,23.859937,0.0],[120.847825,23.859214,0.0],[120.847063,23.858584,0.0],[120.846957,23.85817,0.0],[120.846719,23.857888,0.0],[120.845913,23.857738,0.0],[120.845057,23.857692,0.0],[120.84382,23.857851,0.0],[120.843576,23.857571,0.0],[120.843183,23.85639,0.0],[120.842914,23.856069,0.0],[120.842577,23.855891,0.0],[120.841865,23.855603,0.0],[120.841465,23.855655,0.0],[120.840803,23.856004,0.0],[120.840422,23.856096,0.0],[120.839203,23.855924,0.0],[120.838885,23.8557,0.0],[120.838629,23.855399,0.0],[120.838237,23.855172,0.0],[120.83767,23.855171,0.0],[120.837607,23.855432,0.0],[120.837386,23.855432,0.0],[120.837386,23.855694,0.0],[120.836807,23.856107,0.0],[120.83642,23.856251,0.0],[120.834844,23.856588,0.0],[120.834382,23.856644,0.0],[120.832662,23.856243,0.0],[120.831877,23.856172,0.0],[120.831447,23.856242,0.0],[120.830761,23.856546,0.0],[120.83025,23.856572,0.0],[120.829483,23.856251,0.0],[120.828598,23.856124,0.0],[120.82739,23.855567,0.0],[120.827103,23.85528,0.0],[120.826393,23.854148,0.0],[120.826075,23.853827,0.0],[120.825733,23.853552,0.0],[120.825309,23.85335,0.0],[120.824854,23.853275,0.0],[120.823969,23.853297,0.0],[120.822996,23.853463,0.0],[120.822399,23.853302,0.0],[120.82193,23.85395,0.0],[120.821581,23.854214,0.0],[120.820029,23.854957,0.0],[120.819623,23.855056,0.0],[120.819125,23.855044,0.0],[120.818776,23.854906,0.0],[120.818408,23.854653,0.0],[120.817586,23.853826,0.0],[120.817243,23.853591,0.0],[120.816888,23.853441,0.0],[120.815455,23.853279,0.0],[120.815037,23.85313,0.0],[120.814352,23.852642,0.0],[120.812863,23.850969,0.0],[120.812464,23.850768,0.0],[120.811529,23.850618,0.0],[120.811068,23.850631,0.0],[120.810619,23.850728,0.0],[120.808892,23.851523,0.0],[120.808443,23.851582,0.0],[120.807925,23.8515,0.0],[120.80686,23.850884,0.0],[120.806436,23.850832,0.0],[120.805526,23.850953,0.0],[120.804678,23.850957,0.0],[120.803756,23.851175,0.0],[120.803363,23.85109,0.0],[120.803364,23.850697,0.0],[120.803647,23.850698,0.0],[120.803648,23.850176,0.0],[120.803364,23.850176,0.0],[120.803365,23.849915,0.0],[120.803081,23.849914,0.0],[120.803081,23.850175,0.0],[120.802797,23.850175,0.0],[120.802797,23.850436,0.0],[120.80223,23.850435,0.0],[120.802229,23.850696,0.0],[120.801662,23.850695,0.0],[120.801662,23.850944,0.0],[120.801213,23.850989,0.0],[120.800714,23.85093,0.0],[120.800265,23.851004,0.0],[120.799536,23.851319,0.0],[120.798557,23.851376,0.0],[120.797236,23.851673,0.0],[120.795658,23.85233,0.0],[120.794836,23.852117,0.0],[120.793559,23.851043,0.0],[120.793229,23.850853,0.0],[120.792824,23.850789,0.0],[120.792375,23.85083,0.0],[120.791384,23.850571,0.0],[120.790081,23.850592,0.0],[120.789689,23.850689,0.0],[120.789339,23.850925,0.0],[120.789059,23.851257,0.0],[120.787369,23.851761,0.0],[120.786552,23.85274,0.0],[120.786209,23.852895,0.0],[120.785816,23.852917,0.0],[120.785056,23.852458,0.0],[120.784266,23.851563,0.0],[120.782271,23.851375,0.0],[120.780345,23.851499,0.0],[120.779479,23.851114,0.0],[120.778632,23.850874,0.0],[120.777803,23.85078,0.0],[120.777498,23.850585,0.0],[120.777711,23.848978,0.0],[120.777681,23.848549,0.0],[120.777457,23.848232,0.0],[120.777158,23.847956,0.0],[120.776772,23.847759,0.0],[120.775924,23.84746,0.0],[120.775463,23.847426,0.0],[120.774397,23.847603,0.0],[120.774036,23.847435,0.0],[120.773477,23.845759,0.0],[120.773028,23.845605,0.0],[120.772605,23.845615,0.0],[120.770678,23.846715,0.0],[120.769899,23.846937,0.0],[120.769045,23.847022,0.0],[120.768565,23.847166,0.0],[120.768234,23.847393,0.0],[120.767398,23.848255,0.0],[120.766999,23.848448,0.0],[120.766014,23.84858,0.0],[120.765634,23.848699,0.0],[120.765322,23.848992,0.0],[120.764718,23.849328,0.0],[120.764149,23.849977,0.0],[120.761751,23.849761,0.0],[120.761215,23.849794,0.0],[120.760853,23.849938,0.0],[120.760535,23.850195,0.0],[120.759549,23.85156,0.0],[120.75923,23.852311,0.0],[120.758862,23.852414,0.0],[120.7576,23.852383,0.0],[120.757354,23.85271,0.0],[120.757226,23.853563,0.0],[120.756881,23.854432,0.0],[120.75661,23.854761,0.0],[120.755578,23.855652,0.0],[120.755347,23.85599,0.0],[120.755234,23.856848,0.0],[120.754711,23.858513,0.0],[120.753908,23.858417,0.0],[120.753059,23.858154,0.0],[120.752668,23.858236,0.0],[120.752223,23.858443,0.0],[120.751475,23.85893,0.0],[120.751054,23.859098,0.0],[120.749577,23.858816,0.0],[120.749149,23.858585,0.0],[120.748286,23.857813,0.0],[120.747385,23.857509,0.0],[120.746986,23.857458,0.0],[120.746599,23.85765,0.0],[120.745976,23.858202,0.0],[120.745576,23.858438,0.0],[120.744677,23.858576,0.0],[120.742785,23.858487,0.0],[120.742179,23.85914,0.0],[120.741421,23.859712,0.0],[120.740968,23.85984,0.0],[120.739618,23.859794,0.0],[120.738592,23.859573,0.0],[120.737587,23.859508,0.0],[120.737436,23.859081,0.0],[120.736811,23.858393,0.0],[120.736769,23.857969,0.0],[120.736316,23.856787,0.0],[120.736145,23.856037,0.0],[120.735826,23.855747,0.0],[120.735268,23.855545,0.0],[120.734857,23.85528,0.0],[120.734526,23.854518,0.0],[120.73444,23.854164,0.0],[120.734465,23.853683,0.0],[120.73436,23.853276,0.0],[120.734189,23.852894,0.0],[120.733857,23.852605,0.0],[120.733004,23.852199,0.0],[120.732249,23.85165,0.0],[120.731764,23.851528,0.0],[120.730965,23.851397,0.0],[120.7301,23.851558,0.0],[120.729559,23.851502,0.0],[120.729105,23.851332,0.0],[120.72881,23.851078,0.0],[120.728387,23.850908,0.0],[120.726962,23.851219,0.0],[120.72644,23.851107,0.0],[120.726047,23.850891,0.0],[120.725433,23.850231,0.0],[120.725034,23.850042,0.0],[120.724138,23.849945,0.0],[120.723457,23.849449,0.0],[120.723033,23.849263,0.0],[120.722566,23.849222,0.0],[120.721756,23.849321,0.0],[120.72094,23.849265,0.0],[120.720547,23.849361,0.0],[120.720221,23.849175,0.0],[120.72035,23.848408,0.0],[120.720012,23.847211,0.0],[120.719459,23.846573,0.0],[120.718674,23.846189,0.0],[120.718287,23.845901,0.0],[120.718116,23.845585,0.0],[120.717398,23.845134,0.0],[120.717294,23.84437,0.0],[120.716892,23.843956,0.0],[120.716555,23.843764,0.0],[120.716107,23.843571,0.0],[120.715567,23.843651,0.0],[120.715058,23.843909,0.0],[120.713858,23.844254,0.0],[120.713429,23.844497,0.0],[120.712965,23.844516,0.0],[120.712738,23.844061,0.0],[120.712218,23.843473,0.0],[120.711771,23.843418,0.0],[120.711251,23.843473,0.0],[120.710816,23.843564,0.0],[120.71005,23.843897,0.0],[120.709671,23.843846,0.0],[120.709182,23.843472,0.0],[120.708729,23.843358,0.0],[120.70792,23.843855,0.0],[120.707051,23.844171,0.0],[120.70661,23.844256,0.0],[120.70579,23.844256,0.0],[120.704979,23.844403,0.0]],[[120.917346,23.871927,0.0],[120.916778,23.871926,0.0],[120.916778,23.872187,0.0],[120.917345,23.872187,0.0],[120.917346,23.871927,0.0]],[[120.910543,23.866446,0.0],[120.910543,23.866185,0.0],[120.910259,23.866185,0.0],[120.910259,23.866446,0.0],[120.910543,23.866446,0.0]],[[120.902886,23.865137,0.0],[120.902886,23.864876,0.0],[120.902603,23.864876,0.0],[120.902603,23.865137,0.0],[120.902886,23.865137,0.0]],[[120.900338,23.859658,0.0],[120.900622,23.859658,0.0],[120.900622,23.859398,0.0],[120.900338,23.859397,0.0],[120.900338,23.859658,0.0]],[[120.900622,23.859398,0.0],[120.900905,23.859398,0.0],[120.900906,23.858876,0.0],[120.900622,23.858876,0.0],[120.900622,23.859398,0.0]],[[120.900907,23.857311,0.0],[120.900623,23.857311,0.0],[120.900623,23.857572,0.0],[120.900907,23.857572,0.0],[120.900907,23.857311,0.0]],[[120.900623,23.857572,0.0],[120.90034,23.857572,0.0],[120.900339,23.858615,0.0],[120.900622,23.858615,0.0],[120.900623,23.857572,0.0]],[[120.895824,23.830705,0.0],[120.895823,23.830965,0.0],[120.896107,23.830966,0.0],[120.896107,23.831487,0.0],[120.89639,23.831487,0.0],[120.896391,23.830444,0.0],[120.896107,23.830444,0.0],[120.896107,23.830705,0.0],[120.895824,23.830705,0.0]],[[120.894406,23.830443,0.0],[120.894407,23.829921,0.0],[120.894123,23.829921,0.0],[120.894123,23.830443,0.0],[120.894406,23.830443,0.0]],[[120.919385,23.784293,0.0],[120.919385,23.784554,0.0],[120.919668,23.784554,0.0],[120.919669,23.784293,0.0],[120.919385,23.784293,0.0]],[[120.896998,23.779846,0.0],[120.896998,23.780107,0.0],[120.896714,23.780106,0.0],[120.896714,23.780367,0.0],[120.897281,23.780368,0.0],[120.897281,23.779846,0.0],[120.896998,23.779846,0.0]],[[120.75847,23.745785,0.0],[120.758187,23.745784,0.0],[120.758186,23.746306,0.0],[120.758469,23.746306,0.0],[120.75847,23.745785,0.0]],[[120.758186,23.746306,0.0],[120.757902,23.746305,0.0],[120.757902,23.746566,0.0],[120.758185,23.746567,0.0],[120.758186,23.746306,0.0]],[[120.753649,23.748125,0.0],[120.753648,23.748385,0.0],[120.754215,23.748386,0.0],[120.754215,23.748125,0.0],[120.753649,23.748125,0.0]],[[120.71052,23.775175,0.0],[120.711087,23.775176,0.0],[120.711088,23.774915,0.0],[120.710804,23.774915,0.0],[120.710805,23.774654,0.0],[120.710521,23.774653,0.0],[120.71052,23.775175,0.0]],[[120.710805,23.774654,0.0],[120.711372,23.774655,0.0],[120.711372,23.774394,0.0],[120.710805,23.774393,0.0],[120.710805,23.774654,0.0]],[[120.710518,23.776218,0.0],[120.710517,23.776479,0.0],[120.710801,23.776479,0.0],[120.710801,23.776219,0.0],[120.710518,23.776218,0.0]],[[120.709951,23.776217,0.0],[120.709668,23.776216,0.0],[120.709667,23.776477,0.0],[120.709951,23.776478,0.0],[120.709951,23.776217,0.0]],[[120.708818,23.775954,0.0],[120.708535,23.775954,0.0],[120.708534,23.776214,0.0],[120.708817,23.776215,0.0],[120.708818,23.775954,0.0]],[[120.707355,23.796295,0.0],[120.708206,23.796297,0.0],[120.708206,23.796036,0.0],[120.708773,23.796037,0.0],[120.708774,23.795776,0.0],[120.709341,23.795777,0.0],[120.709341,23.795516,0.0],[120.709625,23.795517,0.0],[120.709624,23.796039,0.0],[120.709907,23.796039,0.0],[120.709909,23.795257,0.0],[120.710476,23.795258,0.0],[120.710475,23.795518,0.0],[120.711042,23.79552,0.0],[120.71104,23.796302,0.0],[120.711324,23.796303,0.0],[120.711323,23.796563,0.0],[120.711607,23.796564,0.0],[120.711607,23.796303,0.0],[120.711891,23.796304,0.0],[120.711891,23.796043,0.0],[120.711324,23.796042,0.0],[120.711326,23.795259,0.0],[120.711043,23.795259,0.0],[120.711043,23.794998,0.0],[120.71076,23.794997,0.0],[120.710762,23.793954,0.0],[120.710479,23.793954,0.0],[120.710479,23.793693,0.0],[120.710196,23.793692,0.0],[120.710196,23.793431,0.0],[120.709913,23.793431,0.0],[120.709913,23.79317,0.0],[120.710197,23.793171,0.0],[120.710198,23.79291,0.0],[120.709631,23.792909,0.0],[120.709632,23.792387,0.0],[120.709915,23.792388,0.0],[120.709916,23.792127,0.0],[120.709065,23.792125,0.0],[120.709064,23.792647,0.0],[120.709348,23.792647,0.0],[120.709345,23.793691,0.0],[120.709912,23.793692,0.0],[120.709911,23.794213,0.0],[120.710195,23.794214,0.0],[120.710193,23.794735,0.0],[120.70991,23.794735,0.0],[120.709909,23.794996,0.0],[120.709626,23.794995,0.0],[120.709625,23.795256,0.0],[120.709059,23.795255,0.0],[120.709058,23.795516,0.0],[120.708491,23.795515,0.0],[120.70849,23.795776,0.0],[120.707924,23.795774,0.0],[120.707923,23.796035,0.0],[120.707356,23.796034,0.0],[120.707355,23.796295,0.0]],[[120.709065,23.792125,0.0],[120.709067,23.791604,0.0],[120.7085,23.791602,0.0],[120.7085,23.791342,0.0],[120.707933,23.791341,0.0],[120.707933,23.791601,0.0],[120.708216,23.791602,0.0],[120.708216,23.791863,0.0],[120.708499,23.791863,0.0],[120.708499,23.792124,0.0],[120.709065,23.792125,0.0]],[[120.710198,23.79291,0.0],[120.710481,23.79291,0.0],[120.710482,23.792389,0.0],[120.710199,23.792388,0.0],[120.710198,23.79291,0.0]],[[120.711043,23.794998,0.0],[120.711327,23.794998,0.0],[120.711327,23.794738,0.0],[120.711044,23.794737,0.0],[120.711043,23.794998,0.0]],[[120.711607,23.796564,0.0],[120.711606,23.797085,0.0],[120.711889,23.797086,0.0],[120.71189,23.796564,0.0],[120.711607,23.796564,0.0]],[[120.711889,23.797086,0.0],[120.711887,23.797868,0.0],[120.712171,23.797869,0.0],[120.71217,23.79813,0.0],[120.712454,23.79813,0.0],[120.712453,23.798391,0.0],[120.712736,23.798392,0.0],[120.712735,23.798913,0.0],[120.712452,23.798913,0.0],[120.712452,23.798652,0.0],[120.711602,23.79865,0.0],[120.711601,23.799172,0.0],[120.711884,23.799173,0.0],[120.711884,23.799433,0.0],[120.712451,23.799434,0.0],[120.71245,23.799695,0.0],[120.712734,23.799696,0.0],[120.712733,23.799957,0.0],[120.71245,23.799956,0.0],[120.712448,23.800478,0.0],[120.712732,23.800478,0.0],[120.712731,23.801,0.0],[120.713014,23.801,0.0],[120.713016,23.800218,0.0],[120.713583,23.800219,0.0],[120.713582,23.80048,0.0],[120.713866,23.80048,0.0],[120.713865,23.800741,0.0],[120.713582,23.800741,0.0],[120.71358,23.801523,0.0],[120.714147,23.801524,0.0],[120.714146,23.802046,0.0],[120.714429,23.802046,0.0],[120.71443,23.801525,0.0],[120.714997,23.801526,0.0],[120.714999,23.800743,0.0],[120.714432,23.800742,0.0],[120.714431,23.801264,0.0],[120.714147,23.801263,0.0],[120.714149,23.800481,0.0],[120.714433,23.800481,0.0],[120.714433,23.800221,0.0],[120.714717,23.800221,0.0],[120.714718,23.799699,0.0],[120.714434,23.799699,0.0],[120.714435,23.799438,0.0],[120.713868,23.799437,0.0],[120.71387,23.798655,0.0],[120.713586,23.798654,0.0],[120.713587,23.798393,0.0],[120.71302,23.798392,0.0],[120.713021,23.797871,0.0],[120.712738,23.79787,0.0],[120.712739,23.797348,0.0],[120.712455,23.797348,0.0],[120.712455,23.797609,0.0],[120.712171,23.797608,0.0],[120.712172,23.797087,0.0],[120.711889,23.797086,0.0]],[[120.714429,23.802046,0.0],[120.714427,23.802829,0.0],[120.715278,23.80283,0.0],[120.715279,23.802309,0.0],[120.714712,23.802308,0.0],[120.714713,23.802047,0.0],[120.714429,23.802046,0.0]],[[120.715278,23.80283,0.0],[120.715277,23.803352,0.0],[120.714993,23.803351,0.0],[120.714994,23.803091,0.0],[120.714427,23.80309,0.0],[120.714426,23.80335,0.0],[120.714143,23.80335,0.0],[120.714142,23.803611,0.0],[120.714426,23.803611,0.0],[120.714425,23.803872,0.0],[120.714142,23.803871,0.0],[120.714141,23.804393,0.0],[120.714424,23.804394,0.0],[120.714423,23.804654,0.0],[120.713573,23.804653,0.0],[120.713573,23.804914,0.0],[120.714139,23.804915,0.0],[120.714139,23.805176,0.0],[120.713855,23.805175,0.0],[120.713855,23.805436,0.0],[120.713288,23.805435,0.0],[120.713287,23.805696,0.0],[120.713571,23.805696,0.0],[120.71357,23.805957,0.0],[120.713287,23.805956,0.0],[120.713286,23.80621,0.0],[120.712436,23.806256,0.0],[120.712719,23.806216,0.0],[120.71272,23.805955,0.0],[120.712436,23.805955,0.0],[120.712436,23.806216,0.0],[120.711948,23.806123,0.0],[120.711556,23.805892,0.0],[120.710454,23.804977,0.0],[120.710454,23.804908,0.0],[120.710738,23.804908,0.0],[120.710738,23.804648,0.0],[120.710455,23.804647,0.0],[120.710456,23.804125,0.0],[120.709889,23.804124,0.0],[120.709889,23.804385,0.0],[120.709752,23.804385,0.0],[120.70946,23.804003,0.0],[120.709278,23.803385,0.0],[120.709372,23.802751,0.0],[120.710987,23.800231,0.0],[120.709701,23.799301,0.0],[120.708678,23.798103,0.0],[120.708276,23.798139,0.0],[120.708028,23.798786,0.0],[120.70756,23.79926,0.0],[120.707152,23.799465,0.0],[120.706582,23.79957,0.0],[120.706119,23.799526,0.0],[120.705684,23.799372,0.0],[120.703979,23.798338,0.0],[120.703749,23.798875,0.0],[120.702893,23.800181,0.0],[120.703769,23.803694,0.0],[120.706768,23.80562,0.0],[120.706768,23.805683,0.0],[120.706866,23.805684,0.0],[120.7079,23.806348,0.0],[120.7079,23.806468,0.0],[120.707616,23.806467,0.0],[120.707616,23.806728,0.0],[120.707899,23.806729,0.0],[120.707898,23.80699,0.0],[120.708901,23.806991,0.0],[120.710061,23.807762,0.0],[120.710454,23.808291,0.0],[120.710784,23.809342,0.0],[120.710728,23.809342,0.0],[120.710727,23.809864,0.0],[120.710443,23.809863,0.0],[120.710442,23.810646,0.0],[120.710725,23.810646,0.0],[120.710726,23.810125,0.0],[120.71101,23.810093,0.0],[120.711568,23.811952,0.0],[120.711289,23.811951,0.0],[120.711289,23.812212,0.0],[120.711572,23.812213,0.0],[120.711572,23.812474,0.0],[120.711844,23.812474,0.0],[120.712102,23.81287,0.0],[120.713697,23.812682,0.0],[120.714156,23.812754,0.0],[120.714674,23.812996,0.0],[120.715417,23.813785,0.0],[120.715254,23.813785,0.0],[120.715253,23.814045,0.0],[120.715537,23.814046,0.0],[120.715537,23.813928,0.0],[120.717536,23.815416,0.0],[120.719039,23.817156,0.0],[120.720065,23.817545,0.0],[120.720065,23.817706,0.0],[120.720491,23.817706,0.0],[120.72086,23.817899,0.0],[120.724894,23.820666,0.0],[120.72618,23.822146,0.0],[120.72883,23.82361,0.0],[120.7288,23.82303,0.0],[120.728973,23.82252,0.0],[120.729406,23.822018,0.0],[120.729906,23.821747,0.0],[120.732276,23.821336,0.0],[120.732741,23.821323,0.0],[120.733194,23.821423,0.0],[120.733602,23.82163,0.0],[120.733936,23.821928,0.0],[120.734132,23.822216,0.0],[120.735927,23.821224,0.0],[120.739192,23.817406,0.0],[120.740161,23.816958,0.0],[120.740478,23.816959,0.0],[120.740478,23.816839,0.0],[120.741613,23.816414,0.0],[120.741897,23.81644,0.0],[120.741897,23.816308,0.0],[120.742605,23.815936,0.0],[120.741754,23.815513,0.0],[120.741332,23.815101,0.0],[120.741333,23.814874,0.0],[120.741197,23.814874,0.0],[120.740775,23.81383,0.0],[120.741051,23.81383,0.0],[120.741052,23.813569,0.0],[120.740768,23.813569,0.0],[120.740768,23.813811,0.0],[120.740353,23.812774,0.0],[120.740262,23.812354,0.0],[120.740348,23.811742,0.0],[120.741623,23.811744,0.0],[120.741621,23.812266,0.0],[120.741905,23.812267,0.0],[120.741906,23.811745,0.0],[120.742189,23.811745,0.0],[120.74219,23.811485,0.0],[120.741056,23.811483,0.0],[120.741057,23.811222,0.0],[120.740663,23.811221,0.0],[120.740793,23.811092,0.0],[120.74049,23.811156,0.0],[120.74049,23.81096,0.0],[120.739356,23.810958,0.0],[120.739356,23.811199,0.0],[120.738329,23.811087,0.0],[120.736387,23.811299,0.0],[120.73482,23.811085,0.0],[120.734821,23.81069,0.0],[120.734538,23.810689,0.0],[120.734537,23.811046,0.0],[120.734417,23.811029,0.0],[120.733619,23.81147,0.0],[120.733402,23.81147,0.0],[120.733402,23.81159,0.0],[120.73255,23.812061,0.0],[120.73255,23.81199,0.0],[120.732267,23.811989,0.0],[120.732268,23.811728,0.0],[120.731984,23.811728,0.0],[120.731982,23.81251,0.0],[120.731699,23.81251,0.0],[120.731698,23.813032,0.0],[120.731981,23.813032,0.0],[120.73198,23.813554,0.0],[120.731413,23.813553,0.0],[120.731412,23.814074,0.0],[120.732263,23.814076,0.0],[120.732262,23.814337,0.0],[120.731979,23.814336,0.0],[120.731978,23.814597,0.0],[120.732262,23.814597,0.0],[120.732261,23.814858,0.0],[120.732545,23.814859,0.0],[120.732544,23.81512,0.0],[120.732828,23.81512,0.0],[120.732829,23.814598,0.0],[120.733112,23.814599,0.0],[120.733113,23.814338,0.0],[120.733396,23.814339,0.0],[120.733001,23.815601,0.0],[120.732519,23.816201,0.0],[120.732142,23.816423,0.0],[120.73084,23.816421,0.0],[120.73084,23.816495,0.0],[120.730263,23.816197,0.0],[120.729506,23.815505,0.0],[120.729073,23.816122,0.0],[120.728485,23.816466,0.0],[120.727799,23.816571,0.0],[120.727122,23.816422,0.0],[120.72673,23.81619,0.0],[120.72585,23.815385,0.0],[120.725466,23.814846,0.0],[120.727442,23.81485,0.0],[120.727442,23.814589,0.0],[120.726308,23.814587,0.0],[120.726309,23.814326,0.0],[120.725742,23.814325,0.0],[120.725741,23.814586,0.0],[120.725458,23.814585,0.0],[120.725457,23.814827,0.0],[120.725344,23.814355,0.0],[120.725403,23.813823,0.0],[120.725649,23.813339,0.0],[120.72615,23.812894,0.0],[120.726573,23.812715,0.0],[120.727763,23.81241,0.0],[120.728227,23.812368,0.0],[120.728796,23.812476,0.0],[120.729204,23.812683,0.0],[120.729546,23.812991,0.0],[120.729888,23.812798,0.0],[120.730489,23.812622,0.0],[120.730004,23.812425,0.0],[120.729649,23.812148,0.0],[120.729337,23.811697,0.0],[120.729215,23.811283,0.0],[120.729244,23.81068,0.0],[120.730002,23.810681,0.0],[120.730002,23.81042,0.0],[120.729719,23.81042,0.0],[120.729719,23.810159,0.0],[120.729329,23.810158,0.0],[120.729698,23.807891,0.0],[120.729442,23.807709,0.0],[120.727911,23.807913,0.0],[120.726853,23.807817,0.0],[120.725828,23.807954,0.0],[120.723273,23.809364,0.0],[120.722838,23.809517,0.0],[120.722374,23.809559,0.0],[120.722351,23.809364,0.0],[120.721784,23.809363,0.0],[120.721785,23.80858,0.0],[120.721502,23.80858,0.0],[120.721503,23.808058,0.0],[120.721219,23.808057,0.0],[120.72122,23.807797,0.0],[120.720653,23.807796,0.0],[120.720654,23.807535,0.0],[120.72037,23.807534,0.0],[120.72037,23.807795,0.0],[120.719519,23.807794,0.0],[120.719519,23.808054,0.0],[120.719802,23.808055,0.0],[120.719801,23.808431,0.0],[120.71743,23.807818,0.0],[120.71682,23.807509,0.0],[120.716446,23.8071,0.0],[120.716238,23.806601,0.0],[120.716206,23.806223,0.0],[120.716688,23.806223,0.0],[120.716688,23.805963,0.0],[120.716405,23.805962,0.0],[120.716405,23.805701,0.0],[120.716689,23.805702,0.0],[120.71669,23.805441,0.0],[120.71754,23.805443,0.0],[120.717541,23.805182,0.0],[120.716974,23.805181,0.0],[120.716974,23.80492,0.0],[120.717825,23.804921,0.0],[120.717826,23.8044,0.0],[120.718393,23.804401,0.0],[120.718394,23.803879,0.0],[120.716976,23.803877,0.0],[120.716977,23.803616,0.0],[120.716693,23.803615,0.0],[120.716694,23.803355,0.0],[120.716411,23.803354,0.0],[120.716411,23.803093,0.0],[120.715844,23.803092,0.0],[120.715841,23.804396,0.0],[120.715558,23.804396,0.0],[120.715561,23.802831,0.0],[120.715278,23.80283,0.0]],[[120.721785,23.80858,0.0],[120.722069,23.808581,0.0],[120.722069,23.80832,0.0],[120.721786,23.808319,0.0],[120.721785,23.80858,0.0]],[[120.710442,23.810646,0.0],[120.709875,23.810645,0.0],[120.709874,23.810906,0.0],[120.710158,23.810906,0.0],[120.710157,23.811167,0.0],[120.70959,23.811166,0.0],[120.709588,23.811948,0.0],[120.709872,23.811949,0.0],[120.709873,23.811427,0.0],[120.71044,23.811428,0.0],[120.71044,23.811167,0.0],[120.710724,23.811168,0.0],[120.710725,23.810907,0.0],[120.710441,23.810907,0.0],[120.710442,23.810646,0.0]],[[120.71044,23.811428,0.0],[120.710439,23.811689,0.0],[120.710723,23.81169,0.0],[120.710723,23.811429,0.0],[120.71044,23.811428,0.0]],[[120.709588,23.811948,0.0],[120.709305,23.811948,0.0],[120.709304,23.812209,0.0],[120.709588,23.812209,0.0],[120.709588,23.811948,0.0]],[[120.709304,23.812209,0.0],[120.709021,23.812208,0.0],[120.70902,23.81273,0.0],[120.708736,23.812729,0.0],[120.708735,23.813251,0.0],[120.709018,23.813251,0.0],[120.709019,23.81299,0.0],[120.709302,23.812991,0.0],[120.709304,23.812209,0.0]],[[120.708735,23.813251,0.0],[120.708451,23.81325,0.0],[120.708451,23.813511,0.0],[120.708734,23.813512,0.0],[120.708735,23.813251,0.0]],[[120.710738,23.804648,0.0],[120.711022,23.804648,0.0],[120.711023,23.804126,0.0],[120.71074,23.804126,0.0],[120.710738,23.804648,0.0]],[[120.711602,23.79865,0.0],[120.711604,23.797607,0.0],[120.710754,23.797606,0.0],[120.710753,23.797866,0.0],[120.711037,23.797867,0.0],[120.711036,23.798389,0.0],[120.711319,23.798389,0.0],[120.711319,23.79865,0.0],[120.711602,23.79865,0.0]],[[120.704471,23.818459,0.0],[120.705038,23.81846,0.0],[120.705037,23.818721,0.0],[120.705321,23.818721,0.0],[120.705321,23.818461,0.0],[120.705605,23.818461,0.0],[120.705606,23.817939,0.0],[120.705322,23.817939,0.0],[120.705322,23.8182,0.0],[120.705038,23.818199,0.0],[120.705039,23.817938,0.0],[120.704756,23.817938,0.0],[120.704755,23.818199,0.0],[120.704471,23.818198,0.0],[120.704471,23.818459,0.0]],[[120.705606,23.817939,0.0],[120.705889,23.81794,0.0],[120.705891,23.817418,0.0],[120.705607,23.817418,0.0],[120.705606,23.817939,0.0]],[[120.705891,23.817418,0.0],[120.706174,23.817419,0.0],[120.706175,23.817158,0.0],[120.705891,23.817158,0.0],[120.705891,23.817418,0.0]],[[120.715784,23.830739,0.0],[120.715783,23.830999,0.0],[120.7155,23.830999,0.0],[120.715499,23.83126,0.0],[120.714932,23.831259,0.0],[120.714932,23.831519,0.0],[120.715782,23.831521,0.0],[120.715781,23.832303,0.0],[120.716064,23.832304,0.0],[120.716065,23.832043,0.0],[120.716348,23.832044,0.0],[120.716348,23.832304,0.0],[120.716631,23.832305,0.0],[120.716631,23.832566,0.0],[120.716914,23.832566,0.0],[120.716914,23.832827,0.0],[120.717481,23.832828,0.0],[120.717482,23.832307,0.0],[120.717198,23.832306,0.0],[120.717199,23.832045,0.0],[120.717482,23.832046,0.0],[120.717483,23.831785,0.0],[120.717199,23.831784,0.0],[120.7172,23.831524,0.0],[120.716916,23.831523,0.0],[120.716917,23.831262,0.0],[120.71635,23.831261,0.0],[120.716351,23.831,0.0],[120.716067,23.831,0.0],[120.716068,23.830739,0.0],[120.715784,23.830739,0.0]],[[120.717481,23.832828,0.0],[120.71748,23.833089,0.0],[120.717197,23.833088,0.0],[120.717194,23.834132,0.0],[120.717478,23.834132,0.0],[120.717477,23.834393,0.0],[120.718044,23.834394,0.0],[120.718045,23.834133,0.0],[120.718612,23.834134,0.0],[120.718613,23.833874,0.0],[120.718329,23.833873,0.0],[120.71833,23.833351,0.0],[120.718047,23.833351,0.0],[120.718047,23.83309,0.0],[120.717764,23.83309,0.0],[120.717764,23.832829,0.0],[120.717481,23.832828,0.0]],[[120.718612,23.834134,0.0],[120.718611,23.834395,0.0],[120.718328,23.834395,0.0],[120.718327,23.834655,0.0],[120.718894,23.834656,0.0],[120.718894,23.834917,0.0],[120.719461,23.834918,0.0],[120.719461,23.834658,0.0],[120.719745,23.834658,0.0],[120.719746,23.834397,0.0],[120.718895,23.834396,0.0],[120.718896,23.834135,0.0],[120.718612,23.834134,0.0]],[[120.837954,23.854875,0.0],[120.838238,23.854911,0.0],[120.838238,23.85465,0.0],[120.837954,23.85465,0.0],[120.837954,23.854875,0.0]]],[[[120.920283,23.87245,0.0],[120.920749,23.87245,0.0],[120.920749,23.872189,0.0],[120.921316,23.87219,0.0],[120.921316,23.87245,0.0],[120.922167,23.872451,0.0],[120.922167,23.872225,0.0],[120.922408,23.87219,0.0],[120.922501,23.872372,0.0],[120.922638,23.872451,0.0],[120.92245,23.872451,0.0],[120.92245,23.872712,0.0],[120.922734,23.872712,0.0],[120.922734,23.872461,0.0],[120.923018,23.872517,0.0],[120.923017,23.872712,0.0],[120.923301,23.872712,0.0],[120.923301,23.872451,0.0],[120.923174,23.872451,0.0],[120.923234,23.872375,0.0],[120.923149,23.87219,0.0],[120.923301,23.872191,0.0],[120.923302,23.871408,0.0],[120.923585,23.871408,0.0],[120.923585,23.871669,0.0],[120.923869,23.871669,0.0],[120.923869,23.871408,0.0],[120.924153,23.871409,0.0],[120.924153,23.871148,0.0],[120.923869,23.871148,0.0],[120.92387,23.870365,0.0],[120.923586,23.870365,0.0],[120.923586,23.870104,0.0],[120.923303,23.870104,0.0],[120.923303,23.869843,0.0],[120.923704,23.869826,0.0],[120.92387,23.869728,0.0],[120.92387,23.869843,0.0],[120.924151,23.869844,0.0],[120.924425,23.870141,0.0],[120.924341,23.870398,0.0],[120.924415,23.870617,0.0],[120.924685,23.870675,0.0],[120.924893,23.870822,0.0],[120.925287,23.871302,0.0],[120.925287,23.871409,0.0],[120.925687,23.871394,0.0],[120.925762,23.871204,0.0],[120.925698,23.870694,0.0],[120.925313,23.869899,0.0],[120.925453,23.869483,0.0],[120.925808,23.868863,0.0],[120.925912,23.868536,0.0],[120.926111,23.868479,0.0],[120.926485,23.868633,0.0],[120.926977,23.86832,0.0],[120.927544,23.868425,0.0],[120.927659,23.868342,0.0],[120.92766,23.868232,0.0],[120.927794,23.868096,0.0],[120.927712,23.867879,0.0],[120.927837,23.86772,0.0],[120.927558,23.86758,0.0],[120.927558,23.867498,0.0],[120.927451,23.867498,0.0],[120.927429,23.867362,0.0],[120.927926,23.866513,0.0],[120.928044,23.866161,0.0],[120.927976,23.865958,0.0],[120.927754,23.865781,0.0],[120.927517,23.865346,0.0],[120.926887,23.865063,0.0],[120.926586,23.86505,0.0],[120.926425,23.864833,0.0],[120.926425,23.864628,0.0],[120.926674,23.864629,0.0],[120.926993,23.864889,0.0],[120.927434,23.864996,0.0],[120.928647,23.865105,0.0],[120.928894,23.865059,0.0],[120.929281,23.864698,0.0],[120.929453,23.864687,0.0],[120.929545,23.864767,0.0],[120.929545,23.864891,0.0],[120.929667,23.864891,0.0],[120.929823,23.865039,0.0],[120.929828,23.865152,0.0],[120.929917,23.865152,0.0],[120.930055,23.86544,0.0],[120.930327,23.865704,0.0],[120.930395,23.865934,0.0],[120.930464,23.865934,0.0],[120.930679,23.866279,0.0],[120.930679,23.866456,0.0],[120.93087,23.866456,0.0],[120.930962,23.866534,0.0],[120.930962,23.866717,0.0],[120.931081,23.866717,0.0],[120.931169,23.866824,0.0],[120.931502,23.866778,0.0],[120.931598,23.866542,0.0],[120.931851,23.866575,0.0],[120.932024,23.866518,0.0],[120.932308,23.865935,0.0],[120.932462,23.865935,0.0],[120.932688,23.86624,0.0],[120.932947,23.866457,0.0],[120.933266,23.866588,0.0],[120.933666,23.867,0.0],[120.934932,23.86698,0.0],[120.93526,23.866802,0.0],[120.9355,23.866458,0.0],[120.9355,23.865937,0.0],[120.935344,23.865936,0.0],[120.935332,23.865736,0.0],[120.935342,23.865676,0.0],[120.9355,23.865676,0.0],[120.935545,23.865357,0.0],[120.935714,23.865302,0.0],[120.935784,23.865323,0.0],[120.935784,23.865415,0.0],[120.936038,23.865454,0.0],[120.936351,23.865415,0.0],[120.936351,23.865327,0.0],[120.936608,23.865309,0.0],[120.936779,23.865155,0.0],[120.936947,23.86516,0.0],[120.93708,23.864633,0.0],[120.937202,23.864633,0.0],[120.937203,23.863851,0.0],[120.936965,23.863851,0.0],[120.936933,23.863793,0.0],[120.936676,23.862807,0.0],[120.93692,23.862807,0.0],[120.93692,23.862656,0.0],[120.93728,23.862718,0.0],[120.937703,23.86313,0.0],[120.938054,23.863237,0.0],[120.938054,23.863329,0.0],[120.938905,23.86333,0.0],[120.938922,23.863203,0.0],[120.939472,23.863427,0.0],[120.939472,23.863591,0.0],[120.940322,23.863591,0.0],[120.940322,23.863445,0.0],[120.940557,23.86333,0.0],[120.940699,23.86333,0.0],[120.940849,23.863434,0.0],[120.940917,23.863078,0.0],[120.941449,23.86307,0.0],[120.942916,23.865608,0.0],[120.942106,23.866525,0.0],[120.941758,23.866748,0.0],[120.940751,23.866843,0.0],[120.939163,23.866623,0.0],[120.93767,23.867347,0.0],[120.937143,23.867458,0.0],[120.936746,23.867681,0.0],[120.936167,23.868227,0.0],[120.935739,23.868518,0.0],[120.934862,23.868716,0.0],[120.934287,23.868983,0.0],[120.933281,23.868571,0.0],[120.931982,23.868352,0.0],[120.93146,23.86839,0.0],[120.930118,23.868762,0.0],[120.929478,23.869315,0.0],[120.928585,23.869779,0.0],[120.928219,23.870091,0.0],[120.927336,23.872201,0.0],[120.92731,23.873192,0.0],[120.926844,23.873192,0.0],[120.9265,23.872919,0.0],[120.926117,23.872905,0.0],[120.925803,23.872406,0.0],[120.925244,23.872299,0.0],[120.923843,23.872906,0.0],[120.92304,23.873389,0.0],[120.92263,23.873318,0.0],[120.922309,23.873043,0.0],[120.921867,23.872821,0.0],[120.920633,23.87248,0.0],[120.920283,23.87245,0.0]],[[120.924153,23.871409,0.0],[120.924153,23.871669,0.0],[120.924436,23.871669,0.0],[120.924436,23.871409,0.0],[120.924153,23.871409,0.0]],[[120.928976,23.867499,0.0],[120.92926,23.867499,0.0],[120.92926,23.866977,0.0],[120.928977,23.866977,0.0],[120.928976,23.867499,0.0]]],[[[120.698268,23.80358,0.0],[120.697985,23.80358,0.0],[120.697984,23.803714,0.0],[120.697805,23.803645,0.0],[120.697413,23.803413,0.0],[120.697102,23.803095,0.0],[120.696858,23.802609,0.0],[120.696701,23.801543,0.0],[120.695774,23.801777,0.0],[120.695311,23.801733,0.0],[120.694595,23.801541,0.0],[120.697766,23.804101,0.0],[120.6977,23.804101,0.0],[120.697698,23.805144,0.0],[120.697414,23.805144,0.0],[120.697411,23.806709,0.0],[120.697127,23.806708,0.0],[120.697122,23.808794,0.0],[120.697406,23.808795,0.0],[120.697405,23.809056,0.0],[120.697122,23.809055,0.0],[120.697121,23.809316,0.0],[120.697405,23.809317,0.0],[120.697402,23.81036,0.0],[120.697686,23.81036,0.0],[120.697683,23.811404,0.0],[120.697967,23.811404,0.0],[120.697965,23.811926,0.0],[120.698249,23.811926,0.0],[120.698247,23.812709,0.0],[120.698531,23.812709,0.0],[120.69853,23.81297,0.0],[120.698814,23.812971,0.0],[120.698812,23.813492,0.0],[120.699096,23.813493,0.0],[120.699095,23.813754,0.0],[120.698528,23.813753,0.0],[120.698527,23.814274,0.0],[120.699377,23.814276,0.0],[120.699376,23.814798,0.0],[120.69966,23.814798,0.0],[120.699659,23.815059,0.0],[120.699943,23.81506,0.0],[120.699942,23.81532,0.0],[120.700226,23.815321,0.0],[120.700224,23.815843,0.0],[120.700508,23.815843,0.0],[120.700507,23.816104,0.0],[120.700791,23.816104,0.0],[120.70079,23.816365,0.0],[120.701074,23.816366,0.0],[120.701073,23.816627,0.0],[120.701357,23.816627,0.0],[120.701356,23.816888,0.0],[120.701639,23.816889,0.0],[120.701639,23.817149,0.0],[120.701922,23.81715,0.0],[120.701922,23.817411,0.0],[120.702205,23.817411,0.0],[120.702204,23.817933,0.0],[120.702488,23.817933,0.0],[120.702487,23.818194,0.0],[120.70277,23.818195,0.0],[120.70277,23.818456,0.0],[120.703053,23.818456,0.0],[120.703053,23.818717,0.0],[120.703336,23.818718,0.0],[120.703336,23.818978,0.0],[120.703619,23.818979,0.0],[120.703619,23.81924,0.0],[120.703902,23.81924,0.0],[120.703901,23.819762,0.0],[120.704184,23.819762,0.0],[120.704184,23.820023,0.0],[120.704751,23.820024,0.0],[120.70475,23.820285,0.0],[120.705034,23.820286,0.0],[120.705033,23.820547,0.0],[120.70475,23.820546,0.0],[120.704749,23.820807,0.0],[120.704466,23.820806,0.0],[120.704465,23.821067,0.0],[120.705315,23.821069,0.0],[120.705314,23.82159,0.0],[120.705598,23.821591,0.0],[120.705597,23.821852,0.0],[120.705881,23.821852,0.0],[120.70588,23.822374,0.0],[120.706163,23.822374,0.0],[120.706162,23.822896,0.0],[120.706445,23.822897,0.0],[120.706444,23.823418,0.0],[120.706728,23.823419,0.0],[120.706726,23.824201,0.0],[120.707009,23.824202,0.0],[120.707008,23.824984,0.0],[120.707291,23.824985,0.0],[120.707289,23.825767,0.0],[120.707573,23.825768,0.0],[120.707571,23.826811,0.0],[120.707854,23.826811,0.0],[120.707852,23.827855,0.0],[120.708135,23.827855,0.0],[120.708134,23.828377,0.0],[120.707851,23.828376,0.0],[120.70785,23.828637,0.0],[120.708134,23.828638,0.0],[120.708123,23.833332,0.0],[120.70784,23.833332,0.0],[120.707838,23.833853,0.0],[120.707271,23.833852,0.0],[120.707271,23.834113,0.0],[120.706987,23.834113,0.0],[120.706987,23.834373,0.0],[120.706703,23.834373,0.0],[120.706702,23.834634,0.0],[120.706419,23.834633,0.0],[120.70642,23.834112,0.0],[120.706137,23.834111,0.0],[120.706136,23.834372,0.0],[120.703868,23.834368,0.0],[120.703868,23.834107,0.0],[120.703034,23.834105,0.0],[120.703869,23.833844,0.0],[120.704436,23.833847,0.0],[120.704436,23.833733,0.0],[120.704983,23.833626,0.0],[120.705078,23.833187,0.0],[120.705289,23.832805,0.0],[120.705602,23.832488,0.0],[120.705956,23.832276,0.0],[120.70572,23.82942,0.0],[120.704694,23.827849,0.0],[120.704734,23.827588,0.0],[120.705017,23.827589,0.0],[120.705021,23.826024,0.0],[120.704737,23.826023,0.0],[120.704737,23.826284,0.0],[120.704453,23.826283,0.0],[120.704453,23.826544,0.0],[120.704736,23.826545,0.0],[120.704735,23.827066,0.0],[120.704183,23.827065,0.0],[120.704168,23.826804,0.0],[120.704012,23.826804,0.0],[120.703734,23.82631,0.0],[120.703643,23.825675,0.0],[120.703884,23.824964,0.0],[120.704462,23.824411,0.0],[120.703325,23.82353,0.0],[120.703326,23.823412,0.0],[120.703609,23.823413,0.0],[120.703608,23.823674,0.0],[120.704176,23.823675,0.0],[120.704176,23.823414,0.0],[120.703893,23.823413,0.0],[120.703893,23.823153,0.0],[120.70361,23.823152,0.0],[120.70361,23.822891,0.0],[120.703327,23.822891,0.0],[120.703326,23.823151,0.0],[120.703076,23.823151,0.0],[120.702338,23.820752,0.0],[120.700784,23.819108,0.0],[120.700784,23.818973,0.0],[120.700656,23.818973,0.0],[120.697955,23.816099,0.0],[120.696663,23.813274,0.0],[120.694304,23.811658,0.0],[120.694564,23.811658,0.0],[120.694565,23.811398,0.0],[120.694281,23.811397,0.0],[120.694281,23.811642,0.0],[120.691344,23.809998,0.0],[120.69166,23.810617,0.0],[120.691752,23.811037,0.0],[120.691693,23.811569,0.0],[120.691447,23.812054,0.0],[120.690845,23.812552,0.0],[120.689364,23.813194,0.0],[120.688919,23.81332,0.0],[120.688224,23.813298,0.0],[120.687689,23.813088,0.0],[120.68523,23.811399,0.0],[120.6848,23.810896,0.0],[120.684629,23.810385,0.0],[120.684677,23.809746,0.0],[120.684993,23.809175,0.0],[120.685525,23.808763,0.0],[120.686075,23.808588,0.0],[120.689094,23.808243,0.0],[120.689767,23.808288,0.0],[120.689471,23.807619,0.0],[120.689472,23.807475,0.0],[120.689755,23.807476,0.0],[120.689754,23.807737,0.0],[120.690038,23.807737,0.0],[120.690038,23.807476,0.0],[120.690322,23.807477,0.0],[120.690325,23.806173,0.0],[120.689475,23.806171,0.0],[120.689474,23.806432,0.0],[120.688946,23.806431,0.0],[120.688671,23.80581,0.0],[120.682294,23.803402,0.0],[120.681864,23.803042,0.0],[120.680632,23.801568,0.0],[120.679512,23.800708,0.0],[120.677212,23.797178,0.0],[120.676741,23.796999,0.0],[120.676742,23.796756,0.0],[120.676175,23.796784,0.0],[120.675074,23.796367,0.0],[120.676524,23.793764,0.0],[120.678022,23.791572,0.0],[120.680758,23.792616,0.0],[120.681133,23.792871,0.0],[120.681476,23.793302,0.0],[120.681982,23.794871,0.0],[120.68258,23.794713,0.0],[120.68316,23.79475,0.0],[120.683694,23.79496,0.0],[120.684125,23.795319,0.0],[120.684361,23.795688,0.0],[120.685426,23.798098,0.0],[120.687053,23.797907,0.0],[120.687956,23.79814,0.0],[120.687256,23.794295,0.0],[120.686249,23.791071,0.0],[120.686219,23.790644,0.0],[120.686372,23.789667,0.0],[120.682804,23.788286,0.0],[120.682374,23.787927,0.0],[120.68185,23.787299,0.0],[120.683721,23.785675,0.0],[120.685736,23.784173,0.0],[120.687869,23.782815,0.0],[120.690386,23.781474,0.0],[120.690742,23.781657,0.0],[120.690667,23.781657,0.0],[120.690666,23.781918,0.0],[120.690949,23.781918,0.0],[120.69095,23.781764,0.0],[120.691516,23.782049,0.0],[120.691516,23.78218,0.0],[120.691834,23.782181,0.0],[120.692082,23.782283,0.0],[120.692082,23.782442,0.0],[120.692469,23.782443,0.0],[120.692932,23.782634,0.0],[120.692931,23.782965,0.0],[120.693646,23.782967,0.0],[120.694978,23.783654,0.0],[120.698041,23.784921,0.0],[120.702369,23.787411,0.0],[120.702278,23.786896,0.0],[120.702558,23.786896,0.0],[120.702558,23.787157,0.0],[120.702841,23.787158,0.0],[120.70284,23.787419,0.0],[120.703124,23.787419,0.0],[120.703124,23.787158,0.0],[120.703408,23.787159,0.0],[120.703409,23.786898,0.0],[120.703692,23.786899,0.0],[120.703693,23.786377,0.0],[120.70341,23.786376,0.0],[120.703411,23.785594,0.0],[120.702845,23.785593,0.0],[120.702843,23.786115,0.0],[120.70256,23.786114,0.0],[120.702559,23.786375,0.0],[120.702276,23.786374,0.0],[120.702275,23.786875,0.0],[120.702109,23.785852,0.0],[120.702277,23.785853,0.0],[120.702278,23.785592,0.0],[120.702075,23.785591,0.0],[120.701853,23.78389,0.0],[120.701432,23.783578,0.0],[120.701432,23.783504,0.0],[120.701716,23.783504,0.0],[120.701716,23.783243,0.0],[120.702283,23.783244,0.0],[120.702284,23.782984,0.0],[120.702,23.782983,0.0],[120.702001,23.782722,0.0],[120.701434,23.782721,0.0],[120.701433,23.782982,0.0],[120.70115,23.782981,0.0],[120.701149,23.783242,0.0],[120.700978,23.783242,0.0],[120.699974,23.782446,0.0],[120.699737,23.782077,0.0],[120.699615,23.781663,0.0],[120.699616,23.781235,0.0],[120.69979,23.780725,0.0],[120.700135,23.780295,0.0],[120.70059,23.779985,0.0],[120.70059,23.780111,0.0],[120.700873,23.780112,0.0],[120.700873,23.780373,0.0],[120.701156,23.780373,0.0],[120.701155,23.780634,0.0],[120.701439,23.780635,0.0],[120.701438,23.780896,0.0],[120.701722,23.780896,0.0],[120.701721,23.781157,0.0],[120.702004,23.781157,0.0],[120.702003,23.781679,0.0],[120.702287,23.78168,0.0],[120.702286,23.78194,0.0],[120.702569,23.781941,0.0],[120.702568,23.782463,0.0],[120.702852,23.782463,0.0],[120.702851,23.782985,0.0],[120.703134,23.782985,0.0],[120.703133,23.783507,0.0],[120.703416,23.783507,0.0],[120.703415,23.784029,0.0],[120.703698,23.78403,0.0],[120.703698,23.78429,0.0],[120.702848,23.784289,0.0],[120.702847,23.78455,0.0],[120.70313,23.78455,0.0],[120.703129,23.785072,0.0],[120.703413,23.785072,0.0],[120.703413,23.784812,0.0],[120.70398,23.784813,0.0],[120.703978,23.785856,0.0],[120.704261,23.785856,0.0],[120.704251,23.79029,0.0],[120.703968,23.79029,0.0],[120.703966,23.791072,0.0],[120.703682,23.791072,0.0],[120.703681,23.791854,0.0],[120.703397,23.791854,0.0],[120.703396,23.792375,0.0],[120.703113,23.792375,0.0],[120.703112,23.792635,0.0],[120.702829,23.792635,0.0],[120.702827,23.793417,0.0],[120.702543,23.793417,0.0],[120.702542,23.793938,0.0],[120.702259,23.793938,0.0],[120.702258,23.79446,0.0],[120.701974,23.794459,0.0],[120.701973,23.794981,0.0],[120.701689,23.79498,0.0],[120.701688,23.795502,0.0],[120.701405,23.795501,0.0],[120.701404,23.795762,0.0],[120.70027,23.79576,0.0],[120.70027,23.796021,0.0],[120.699986,23.79602,0.0],[120.699986,23.796281,0.0],[120.699702,23.79628,0.0],[120.699699,23.797845,0.0],[120.699982,23.797846,0.0],[120.699979,23.79915,0.0],[120.699696,23.799149,0.0],[120.699695,23.799671,0.0],[120.699411,23.79967,0.0],[120.69941,23.800192,0.0],[120.699693,23.800193,0.0],[120.699693,23.800453,0.0],[120.699409,23.800453,0.0],[120.699408,23.800974,0.0],[120.699125,23.800974,0.0],[120.699123,23.801756,0.0],[120.698839,23.801756,0.0],[120.698838,23.802277,0.0],[120.698555,23.802277,0.0],[120.698554,23.802799,0.0],[120.69827,23.802798,0.0],[120.698268,23.80358,0.0]],[[120.702278,23.785592,0.0],[120.702561,23.785592,0.0],[120.702562,23.785332,0.0],[120.702278,23.785331,0.0],[120.702278,23.785592,0.0]],[[120.705021,23.826024,0.0],[120.705304,23.826024,0.0],[120.705306,23.825242,0.0],[120.70559,23.825242,0.0],[120.70559,23.824981,0.0],[120.705874,23.824982,0.0],[120.705874,23.824721,0.0],[120.705024,23.82472,0.0],[120.705023,23.82498,0.0],[120.70474,23.82498,0.0],[120.704739,23.825241,0.0],[120.705022,23.825241,0.0],[120.705021,23.826024,0.0]],[[120.707851,23.828376,0.0],[120.707851,23.828116,0.0],[120.707568,23.828115,0.0],[120.707567,23.828376,0.0],[120.707851,23.828376,0.0]],[[120.707568,23.828115,0.0],[120.707568,23.827854,0.0],[120.707285,23.827854,0.0],[120.707284,23.828114,0.0],[120.707568,23.828115,0.0]],[[120.707285,23.827854,0.0],[120.707285,23.827593,0.0],[120.707002,23.827592,0.0],[120.707001,23.827853,0.0],[120.707285,23.827854,0.0]],[[120.707002,23.827592,0.0],[120.707002,23.827331,0.0],[120.706719,23.827331,0.0],[120.706718,23.827592,0.0],[120.707002,23.827592,0.0]],[[120.701154,23.781417,0.0],[120.701437,23.781417,0.0],[120.701438,23.781156,0.0],[120.701154,23.781156,0.0],[120.701154,23.781417,0.0]]],[[[120.912821,23.852363,0.0],[120.912332,23.852248,0.0],[120.912657,23.852143,0.0],[120.912759,23.851901,0.0],[120.91274,23.851019,0.0],[120.913251,23.850632,0.0],[120.913388,23.850188,0.0],[120.913106,23.849233,0.0],[120.912703,23.848753,0.0],[120.912583,23.848421,0.0],[120.912648,23.847926,0.0],[120.912556,23.847771,0.0],[120.912665,23.847476,0.0],[120.912568,23.846978,0.0],[120.912667,23.846715,0.0],[120.912688,23.846311,0.0],[120.912826,23.846103,0.0],[120.912963,23.846103,0.0],[120.913108,23.84624,0.0],[120.913108,23.846364,0.0],[120.913246,23.846364,0.0],[120.913257,23.84672,0.0],[120.913502,23.8471,0.0],[120.913405,23.847385,0.0],[120.913826,23.847251,0.0],[120.913887,23.84671,0.0],[120.914179,23.846247,0.0],[120.914148,23.84599,0.0],[120.914172,23.845843,0.0],[120.914243,23.845843,0.0],[120.914243,23.845669,0.0],[120.914342,23.845615,0.0],[120.91451,23.845711,0.0],[120.914689,23.845659,0.0],[120.914854,23.845725,0.0],[120.91512,23.845583,0.0],[120.915377,23.845583,0.0],[120.915661,23.845251,0.0],[120.916511,23.844659,0.0],[120.916569,23.844354,0.0],[120.916942,23.843973,0.0],[120.916834,23.843758,0.0],[120.91708,23.843758,0.0],[120.91708,23.843497,0.0],[120.91732,23.843498,0.0],[120.918853,23.845927,0.0],[120.920018,23.848194,0.0],[120.919913,23.848194,0.0],[120.919913,23.848298,0.0],[120.919702,23.848336,0.0],[120.919629,23.84848,0.0],[120.919277,23.848715,0.0],[120.919062,23.848715,0.0],[120.918808,23.849497,0.0],[120.918592,23.849758,0.0],[120.918494,23.849758,0.0],[120.918283,23.850483,0.0],[120.91821,23.850467,0.0],[120.91821,23.850279,0.0],[120.91802,23.850279,0.0],[120.91749,23.850082,0.0],[120.917181,23.850092,0.0],[120.916818,23.84991,0.0],[120.916543,23.850195,0.0],[120.916426,23.850222,0.0],[120.916093,23.850085,0.0],[120.915983,23.84977,0.0],[120.915865,23.8498,0.0],[120.915538,23.84971,0.0],[120.914975,23.849913,0.0],[120.914557,23.84965,0.0],[120.914611,23.850143,0.0],[120.914388,23.850528,0.0],[120.914464,23.851061,0.0],[120.914229,23.851754,0.0],[120.914327,23.851948,0.0],[120.914309,23.852185,0.0],[120.914522,23.85221,0.0],[120.914522,23.852463,0.0],[120.914239,23.852625,0.0],[120.914238,23.852873,0.0],[120.913911,23.853235,0.0],[120.913388,23.852624,0.0],[120.912821,23.852451,0.0],[120.912821,23.852363,0.0]],[[120.912821,23.852363,0.0],[120.913388,23.852363,0.0],[120.913388,23.852102,0.0],[120.913105,23.852102,0.0],[120.913105,23.851059,0.0],[120.912822,23.851059,0.0],[120.912821,23.852363,0.0]],[[120.913388,23.852102,0.0],[120.913672,23.852103,0.0],[120.913672,23.851581,0.0],[120.913388,23.851581,0.0],[120.913388,23.852102,0.0]],[[120.917078,23.846888,0.0],[120.916794,23.846888,0.0],[120.916794,23.847149,0.0],[120.916511,23.847149,0.0],[120.91651,23.847409,0.0],[120.916227,23.847409,0.0],[120.916227,23.84767,0.0],[120.91651,23.84767,0.0],[120.91651,23.847931,0.0],[120.916794,23.847931,0.0],[120.916794,23.84767,0.0],[120.917077,23.847671,0.0],[120.917077,23.847931,0.0],[120.917361,23.847932,0.0],[120.917361,23.847671,0.0],[120.917645,23.847671,0.0],[120.917645,23.84741,0.0],[120.917928,23.84741,0.0],[120.917928,23.847149,0.0],[120.917078,23.847149,0.0],[120.917078,23.846888,0.0]]],[[[120.912848,23.712604,0.0],[120.912287,23.713974,0.0],[120.912464,23.715578,0.0],[120.909315,23.71528,0.0],[120.903396,23.715832,0.0],[120.903759,23.719134,0.0],[120.900269,23.720525,0.0],[120.8992,23.722792,0.0],[120.897344,23.723531,0.0],[120.897441,23.72441,0.0],[120.895654,23.725774,0.0],[120.894782,23.728158,0.0],[120.898192,23.729522,0.0],[120.896045,23.731161,0.0],[120.893842,23.729998,0.0],[120.893014,23.730914,0.0],[120.891775,23.73186,0.0],[120.89151,23.732294,0.0],[120.891087,23.732648,0.0],[120.891445,23.735899,0.0],[120.889219,23.735688,0.0],[120.886345,23.737201,0.0],[120.885033,23.734953,0.0],[120.883989,23.732769,0.0],[120.882976,23.730062,0.0],[120.882339,23.727749,0.0],[120.881893,23.725398,0.0],[120.881642,23.723023,0.0],[120.881585,23.720638,0.0],[120.881765,23.717876,0.0],[120.882058,23.715889,0.0],[120.882464,23.714017,0.0],[120.883143,23.711714,0.0],[120.883844,23.709856,0.0],[120.884833,23.707713,0.0],[120.88628,23.705179,0.0],[120.887673,23.703166,0.0],[120.889555,23.700887,0.0],[120.891653,23.698775,0.0],[120.893555,23.697154,0.0],[120.895584,23.695669,0.0],[120.897728,23.69433,0.0],[120.899618,23.69332,0.0],[120.901303,23.692537,0.0],[120.902177,23.694062,0.0],[120.903578,23.692672,0.0],[120.906984,23.690621,0.0],[120.909475,23.690094,0.0],[120.907183,23.694077,0.0],[120.906256,23.696768,0.0],[120.902684,23.701541,0.0],[120.902723,23.702453,0.0],[120.898914,23.707542,0.0],[120.89259,23.711296,0.0],[120.889407,23.709742,0.0],[120.88904,23.709699,0.0],[120.888606,23.709545,0.0],[120.887984,23.709048,0.0],[120.88674,23.70844,0.0],[120.886829,23.710569,0.0],[120.885899,23.712185,0.0],[120.886826,23.712978,0.0],[120.887674,23.71397,0.0],[120.88589,23.717069,0.0],[120.891235,23.717857,0.0],[120.894384,23.720991,0.0],[120.897703,23.722435,0.0],[120.900913,23.715426,0.0],[120.903639,23.711333,0.0],[120.906204,23.711428,0.0],[120.91151,23.707305,0.0],[120.91331,23.706524,0.0],[120.914177,23.704836,0.0],[120.919009,23.705015,0.0],[120.917495,23.707644,0.0],[120.919553,23.713059,0.0],[120.919413,23.716264,0.0],[120.919568,23.719922,0.0],[120.919426,23.723172,0.0],[120.919547,23.726036,0.0],[120.918576,23.726,0.0],[120.916827,23.726063,0.0],[120.915268,23.724512,0.0],[120.914183,23.72031,0.0],[120.913149,23.717587,0.0],[120.914195,23.712997,0.0],[120.912848,23.712604,0.0]],[[120.912848,23.712604,0.0],[120.911955,23.709796,0.0],[120.908363,23.710979,0.0],[120.908861,23.71204,0.0],[120.908665,23.71204,0.0],[120.908665,23.711779,0.0],[120.908382,23.711779,0.0],[120.908382,23.7123,0.0],[120.908099,23.7123,0.0],[120.908098,23.712561,0.0],[120.908665,23.712561,0.0],[120.908665,23.712301,0.0],[120.908948,23.712301,0.0],[120.908948,23.712225,0.0],[120.910047,23.714561,0.0],[120.911483,23.712972,0.0],[120.912848,23.712604,0.0]],[[120.900803,23.695064,0.0],[120.901864,23.69888,0.0],[120.902269,23.694718,0.0],[120.900803,23.695064,0.0]]],[[[120.606599,23.93378,0.0],[120.606318,23.933779,0.0],[120.606225,23.933518,0.0],[120.606316,23.933519,0.0],[120.606317,23.933258,0.0],[120.606182,23.933257,0.0],[120.606181,23.933035,0.0],[120.606329,23.932371,0.0],[120.607172,23.932065,0.0],[120.607167,23.933521,0.0],[120.608019,23.933523,0.0],[120.608019,23.933262,0.0],[120.607736,23.933261,0.0],[120.607737,23.93274,0.0],[120.607454,23.932739,0.0],[120.607454,23.932478,0.0],[120.607738,23.932479,0.0],[120.607739,23.932218,0.0],[120.607455,23.932217,0.0],[120.607456,23.931967,0.0],[120.6098,23.931255,0.0],[120.612525,23.930638,0.0],[120.612786,23.931674,0.0],[120.612726,23.932206,0.0],[120.612543,23.9326,0.0],[120.611992,23.933376,0.0],[120.611992,23.933272,0.0],[120.611708,23.933271,0.0],[120.611707,23.933532,0.0],[120.61188,23.933533,0.0],[120.610459,23.935526,0.0],[120.610053,23.935909,0.0],[120.609533,23.936149,0.0],[120.608957,23.936219,0.0],[120.608387,23.936111,0.0],[120.607933,23.93587,0.0],[120.608012,23.93587,0.0],[120.608012,23.935609,0.0],[120.607648,23.935608,0.0],[120.607448,23.935347,0.0],[120.608013,23.935349,0.0],[120.608014,23.935088,0.0],[120.608298,23.935089,0.0],[120.6083,23.934306,0.0],[120.607449,23.934304,0.0],[120.607447,23.934826,0.0],[120.607731,23.934826,0.0],[120.60773,23.935087,0.0],[120.607253,23.935086,0.0],[120.606473,23.934041,0.0],[120.606598,23.934041,0.0],[120.606599,23.93378,0.0]],[[120.607449,23.934304,0.0],[120.60745,23.934043,0.0],[120.606882,23.934042,0.0],[120.606881,23.934302,0.0],[120.607449,23.934304,0.0]],[[120.6083,23.934306,0.0],[120.608584,23.934307,0.0],[120.608585,23.933785,0.0],[120.608302,23.933784,0.0],[120.6083,23.934306,0.0]],[[120.606599,23.93378,0.0],[120.606883,23.933781,0.0],[120.606884,23.93352,0.0],[120.6066,23.933519,0.0],[120.606599,23.93378,0.0]],[[120.609149,23.935091,0.0],[120.608865,23.93509,0.0],[120.608864,23.935351,0.0],[120.609148,23.935351,0.0],[120.609149,23.935091,0.0]]],[[[120.602008,23.95046,0.0],[120.602292,23.950461,0.0],[120.602293,23.949939,0.0],[120.602577,23.94994,0.0],[120.60258,23.949158,0.0],[120.602012,23.949156,0.0],[120.602013,23.948895,0.0],[120.60258,23.948897,0.0],[120.602584,23.947593,0.0],[120.602868,23.947593,0.0],[120.602869,23.947339,0.0],[120.603805,23.947022,0.0],[120.604387,23.947024,0.0],[120.605162,23.947339,0.0],[120.605138,23.947599,0.0],[120.605422,23.9476,0.0],[120.605421,23.948122,0.0],[120.605704,23.948122,0.0],[120.605704,23.948383,0.0],[120.605822,23.948383,0.0],[120.605836,23.948505,0.0],[120.60581,23.948905,0.0],[120.605702,23.948905,0.0],[120.605703,23.948644,0.0],[120.604568,23.948641,0.0],[120.604567,23.948902,0.0],[120.604851,23.948903,0.0],[120.604849,23.949424,0.0],[120.605133,23.949425,0.0],[120.605131,23.949947,0.0],[120.605415,23.949947,0.0],[120.605414,23.950208,0.0],[120.60513,23.950207,0.0],[120.605129,23.950729,0.0],[120.605453,23.95073,0.0],[120.605127,23.951421,0.0],[120.605128,23.95099,0.0],[120.604844,23.950989,0.0],[120.604845,23.950728,0.0],[120.604278,23.950727,0.0],[120.604277,23.950988,0.0],[120.603709,23.950986,0.0],[120.60371,23.950725,0.0],[120.602859,23.950723,0.0],[120.602856,23.951506,0.0],[120.602572,23.951505,0.0],[120.602572,23.951656,0.0],[120.602287,23.95136,0.0],[120.601911,23.950721,0.0],[120.602007,23.950721,0.0],[120.602008,23.95046,0.0]],[[120.602859,23.950723,0.0],[120.602859,23.950462,0.0],[120.602576,23.950462,0.0],[120.602575,23.950722,0.0],[120.602859,23.950723,0.0]],[[120.604278,23.950727,0.0],[120.604278,23.950466,0.0],[120.603995,23.950465,0.0],[120.603994,23.950726,0.0],[120.604278,23.950727,0.0]],[[120.604568,23.948641,0.0],[120.604568,23.94838,0.0],[120.604285,23.94838,0.0],[120.604284,23.94864,0.0],[120.604568,23.948641,0.0]],[[120.604285,23.948119,0.0],[120.604569,23.948119,0.0],[120.60457,23.947859,0.0],[120.604286,23.947858,0.0],[120.604285,23.948119,0.0]]],[[[120.591024,24.042353,0.0],[120.590214,24.039787,0.0],[120.589694,24.037451,0.0],[120.589325,24.03461,0.0],[120.589232,24.032227,0.0],[120.589261,24.031016,0.0],[120.58955,24.031017,0.0],[120.589551,24.030756,0.0],[120.589273,24.030755,0.0],[120.589634,24.027475,0.0],[120.590126,24.025134,0.0],[120.590906,24.022557,0.0],[120.591604,24.023036,0.0],[120.593876,24.022734,0.0],[120.594307,24.022726,0.0],[120.595581,24.0229,0.0],[120.594075,24.021814,0.0],[120.593395,24.021027,0.0],[120.591365,24.021338,0.0],[120.592731,24.018406,0.0],[120.593958,24.016305,0.0],[120.595062,24.014689,0.0],[120.596271,24.013137,0.0],[120.597579,24.011655,0.0],[120.599347,24.009909,0.0],[120.600861,24.008603,0.0],[120.602458,24.007384,0.0],[120.604516,24.006017,0.0],[120.60467,24.008435,0.0],[120.604626,24.009363,0.0],[120.604224,24.010427,0.0],[120.603488,24.011969,0.0],[120.603073,24.013147,0.0],[120.602062,24.014959,0.0],[120.600949,24.016512,0.0],[120.599821,24.018414,0.0],[120.59892,24.020288,0.0],[120.598127,24.021703,0.0],[120.597835,24.022154,0.0],[120.597358,24.022611,0.0],[120.597028,24.023071,0.0],[120.59586,24.025287,0.0],[120.595622,24.025903,0.0],[120.595344,24.026769,0.0],[120.595308,24.027389,0.0],[120.595422,24.028464,0.0],[120.59544,24.029882,0.0],[120.595146,24.032003,0.0],[120.594887,24.032797,0.0],[120.594632,24.033192,0.0],[120.593858,24.033925,0.0],[120.592776,24.034794,0.0],[120.592508,24.035256,0.0],[120.592461,24.035723,0.0],[120.592873,24.037178,0.0],[120.592832,24.037672,0.0],[120.592585,24.038672,0.0],[120.592208,24.039689,0.0],[120.592131,24.040756,0.0],[120.591669,24.041728,0.0],[120.591024,24.042353,0.0]]],[[[120.612099,23.992256,0.0],[120.6121,23.991955,0.0],[120.612184,23.991955,0.0],[120.612132,23.992136,0.0],[120.612099,23.992256,0.0]]],[[[120.918763,23.872504,0.0],[120.918763,23.872449,0.0],[120.91899,23.872449,0.0],[120.918763,23.872504,0.0]]],[[[120.919614,23.872421,0.0],[120.919614,23.872189,0.0],[120.918196,23.872188,0.0],[120.918196,23.87198,0.0],[120.91857,23.872065,0.0],[120.919202,23.872004,0.0],[120.919621,23.872076,0.0],[120.920288,23.872041,0.0],[120.920465,23.87197,0.0],[120.920465,23.872189,0.0],[120.920182,23.872189,0.0],[120.920181,23.872441,0.0],[120.919614,23.872421,0.0]]],[[[120.754505,23.744735,0.0],[120.754788,23.744736,0.0],[120.754788,23.744996,0.0],[120.755071,23.744997,0.0],[120.755071,23.745258,0.0],[120.755354,23.745258,0.0],[120.755354,23.745519,0.0],[120.75507,23.745519,0.0],[120.75507,23.745779,0.0],[120.754787,23.745779,0.0],[120.754787,23.745518,0.0],[120.75422,23.745517,0.0],[120.754221,23.745256,0.0],[120.754504,23.745257,0.0],[120.754505,23.744735,0.0]]],[[[120.754222,23.744735,0.0],[120.754221,23.744996,0.0],[120.753938,23.744995,0.0],[120.753938,23.744734,0.0],[120.754222,23.744735,0.0]]],[[[120.75252,23.745515,0.0],[120.75252,23.745775,0.0],[120.752236,23.745775,0.0],[120.752237,23.745514,0.0],[120.75252,23.745515,0.0]]],[[[120.751664,23.748643,0.0],[120.751664,23.748904,0.0],[120.751381,23.748903,0.0],[120.751381,23.748643,0.0],[120.751664,23.748643,0.0]]],[[[120.751382,23.748121,0.0],[120.751381,23.748382,0.0],[120.751098,23.748381,0.0],[120.751099,23.74812,0.0],[120.751382,23.748121,0.0]]],[[[120.753364,23.748646,0.0],[120.753364,23.748907,0.0],[120.753081,23.748906,0.0],[120.753081,23.748645,0.0],[120.753364,23.748646,0.0]]],[[[120.754787,23.745779,0.0],[120.754786,23.746301,0.0],[120.754219,23.7463,0.0],[120.754219,23.746039,0.0],[120.754503,23.746039,0.0],[120.754503,23.745778,0.0],[120.754787,23.745779,0.0]]],[[[120.754219,23.746039,0.0],[120.753936,23.746038,0.0],[120.753937,23.745778,0.0],[120.75422,23.745778,0.0],[120.754219,23.746039,0.0]]],[[[120.835747,23.806135,0.0],[120.83603,23.806136,0.0],[120.83603,23.806396,0.0],[120.835746,23.806396,0.0],[120.835747,23.806135,0.0]]],[[[120.836597,23.806136,0.0],[120.836314,23.806136,0.0],[120.836314,23.805921,0.0],[120.836597,23.805979,0.0],[120.836597,23.806136,0.0]]],[[[120.902042,23.85679,0.0],[120.902325,23.856791,0.0],[120.902326,23.856269,0.0],[120.902383,23.856269,0.0],[120.902508,23.856954,0.0],[120.902629,23.857095,0.0],[120.903475,23.857228,0.0],[120.903721,23.85719,0.0],[120.903574,23.857313,0.0],[120.903459,23.857313,0.0],[120.90335,23.857503,0.0],[120.90342,23.858095,0.0],[120.903175,23.858064,0.0],[120.903175,23.857834,0.0],[120.902892,23.857834,0.0],[120.902892,23.857573,0.0],[120.902493,23.857573,0.0],[120.902325,23.857495,0.0],[120.902325,23.857312,0.0],[120.901999,23.857312,0.0],[120.901672,23.857203,0.0],[120.901474,23.857312,0.0],[120.901474,23.857051,0.0],[120.902041,23.857051,0.0],[120.902042,23.85679,0.0]]],[[[120.904303,23.866703,0.0],[120.904303,23.866445,0.0],[120.904587,23.866442,0.0],[120.904587,23.866703,0.0],[120.904303,23.866703,0.0]]],[[[120.911111,23.864881,0.0],[120.911111,23.86436,0.0],[120.911395,23.86436,0.0],[120.911394,23.864881,0.0],[120.911111,23.864881,0.0]]],[[[120.911394,23.864881,0.0],[120.911678,23.864881,0.0],[120.911678,23.865142,0.0],[120.911394,23.865142,0.0],[120.911394,23.864881,0.0]]],[[[120.909975,23.867228,0.0],[120.910542,23.867228,0.0],[120.910542,23.867489,0.0],[120.909975,23.867489,0.0],[120.909975,23.867228,0.0]]],[[[120.911677,23.866707,0.0],[120.911393,23.866707,0.0],[120.911393,23.866446,0.0],[120.911677,23.866446,0.0],[120.911677,23.866707,0.0]]],[[[120.91508,23.86697,0.0],[120.91508,23.866709,0.0],[120.915154,23.866709,0.0],[120.915226,23.866885,0.0],[120.915363,23.86697,0.0],[120.91508,23.86697,0.0]]],[[[120.921316,23.87219,0.0],[120.921316,23.872088,0.0],[120.92139,23.87219,0.0],[120.921316,23.87219,0.0]]],[[[120.923303,23.870104,0.0],[120.923302,23.870626,0.0],[120.922735,23.870625,0.0],[120.922735,23.871147,0.0],[120.922651,23.871147,0.0],[120.922492,23.870925,0.0],[120.922478,23.870577,0.0],[120.922968,23.870494,0.0],[120.922997,23.870427,0.0],[120.922806,23.869772,0.0],[120.922856,23.869582,0.0],[120.923082,23.869582,0.0],[120.923303,23.869762,0.0],[120.923303,23.869843,0.0],[120.923019,23.869843,0.0],[120.923019,23.870104,0.0],[120.923303,23.870104,0.0]]],[[[120.706695,23.837764,0.0],[120.706128,23.837762,0.0],[120.70613,23.837241,0.0],[120.705846,23.83724,0.0],[120.705847,23.836979,0.0],[120.70613,23.83698,0.0],[120.706131,23.836719,0.0],[120.705564,23.836718,0.0],[120.705565,23.836196,0.0],[120.705281,23.836196,0.0],[120.705282,23.835935,0.0],[120.706132,23.835937,0.0],[120.706132,23.836198,0.0],[120.706415,23.836198,0.0],[120.706416,23.835937,0.0],[120.7067,23.835938,0.0],[120.7067,23.835677,0.0],[120.706984,23.835678,0.0],[120.706985,23.835156,0.0],[120.706418,23.835155,0.0],[120.706418,23.834894,0.0],[120.706985,23.834895,0.0],[120.706987,23.834373,0.0],[120.70727,23.834374,0.0],[120.707271,23.834113,0.0],[120.707838,23.834114,0.0],[120.707837,23.834636,0.0],[120.707553,23.834635,0.0],[120.707551,23.835418,0.0],[120.707268,23.835417,0.0],[120.707266,23.8362,0.0],[120.706982,23.836199,0.0],[120.706981,23.836982,0.0],[120.706697,23.836981,0.0],[120.706695,23.837764,0.0]]],[[[120.708981,23.830204,0.0],[120.708979,23.830726,0.0],[120.709263,23.830726,0.0],[120.709262,23.831248,0.0],[120.709545,23.831249,0.0],[120.709545,23.831509,0.0],[120.709828,23.83151,0.0],[120.709827,23.832292,0.0],[120.709543,23.832292,0.0],[120.709542,23.832553,0.0],[120.709259,23.832552,0.0],[120.709259,23.832291,0.0],[120.708976,23.832291,0.0],[120.708975,23.832552,0.0],[120.708408,23.83255,0.0],[120.708411,23.831507,0.0],[120.708694,23.831508,0.0],[120.708697,23.830204,0.0],[120.708981,23.830204,0.0]]],[[[120.714652,23.829954,0.0],[120.714935,23.829955,0.0],[120.714935,23.830215,0.0],[120.714651,23.830215,0.0],[120.714652,23.829954,0.0]]],[[[120.715502,23.830216,0.0],[120.715218,23.830216,0.0],[120.715219,23.829955,0.0],[120.715502,23.829956,0.0],[120.715502,23.830216,0.0]]],[[[120.715783,23.830999,0.0],[120.716067,23.831,0.0],[120.716066,23.831261,0.0],[120.715783,23.83126,0.0],[120.715783,23.830999,0.0]]],[[[120.714651,23.830215,0.0],[120.714651,23.830476,0.0],[120.714367,23.830475,0.0],[120.714368,23.830214,0.0],[120.714651,23.830215,0.0]]],[[[120.714367,23.830475,0.0],[120.714366,23.830736,0.0],[120.714083,23.830735,0.0],[120.714083,23.830475,0.0],[120.714367,23.830475,0.0]]],[[[120.705022,23.825241,0.0],[120.705023,23.82498,0.0],[120.705307,23.824981,0.0],[120.705306,23.825242,0.0],[120.705022,23.825241,0.0]]],[[[120.705281,23.836196,0.0],[120.70528,23.836718,0.0],[120.704429,23.836716,0.0],[120.70443,23.836455,0.0],[120.704997,23.836456,0.0],[120.704998,23.836195,0.0],[120.705281,23.836196,0.0]]],[[[120.704998,23.836195,0.0],[120.704714,23.836195,0.0],[120.704715,23.835934,0.0],[120.704998,23.835935,0.0],[120.704998,23.836195,0.0]]],[[[120.712454,23.79813,0.0],[120.712454,23.79787,0.0],[120.712738,23.79787,0.0],[120.712737,23.798131,0.0],[120.712454,23.79813,0.0]]],[[[120.714426,23.80335,0.0],[120.71471,23.803351,0.0],[120.714709,23.803612,0.0],[120.714426,23.803611,0.0],[120.714426,23.80335,0.0]]],[[[120.714139,23.805176,0.0],[120.714989,23.805177,0.0],[120.714989,23.805438,0.0],[120.715272,23.805438,0.0],[120.715272,23.805699,0.0],[120.714988,23.805699,0.0],[120.714987,23.80622,0.0],[120.715554,23.806221,0.0],[120.715554,23.806385,0.0],[120.71357,23.806172,0.0],[120.71357,23.805957,0.0],[120.713854,23.805957,0.0],[120.713854,23.805697,0.0],[120.714138,23.805697,0.0],[120.714139,23.805176,0.0]]],[[[120.7079,23.806468,0.0],[120.708183,23.80653,0.0],[120.708183,23.806729,0.0],[120.707899,23.806729,0.0],[120.7079,23.806468,0.0]]],[[[120.739356,23.811199,0.0],[120.739923,23.811261,0.0],[120.739356,23.811219,0.0],[120.739356,23.811199,0.0]]],[[[120.715841,23.804396,0.0],[120.716125,23.804397,0.0],[120.716124,23.804658,0.0],[120.716408,23.804658,0.0],[120.716407,23.804919,0.0],[120.71584,23.804918,0.0],[120.715841,23.804396,0.0]]],[[[120.714989,23.805177,0.0],[120.71499,23.804916,0.0],[120.714706,23.804916,0.0],[120.714707,23.804655,0.0],[120.715274,23.804656,0.0],[120.715273,23.804917,0.0],[120.715557,23.804917,0.0],[120.715556,23.805178,0.0],[120.714989,23.805177,0.0]]],[[[120.936334,23.858599,0.0],[120.936067,23.858795,0.0],[120.935928,23.858814,0.0],[120.935753,23.858717,0.0],[120.935787,23.858568,0.0],[120.936071,23.858373,0.0],[120.936274,23.858112,0.0],[120.936355,23.858112,0.0],[120.93647,23.857188,0.0],[120.93654,23.857156,0.0],[120.937684,23.858296,0.0],[120.937159,23.858278,0.0],[120.936334,23.858599,0.0]]],[[[120.931862,23.853452,0.0],[120.933513,23.854609,0.0],[120.93494,23.855735,0.0],[120.934264,23.855901,0.0],[120.934087,23.855867,0.0],[120.934087,23.855503,0.0],[120.932953,23.855503,0.0],[120.932954,23.85446,0.0],[120.93267,23.854459,0.0],[120.93267,23.854199,0.0],[120.932387,23.854198,0.0],[120.932387,23.853938,0.0],[120.932103,23.853938,0.0],[120.932103,23.853677,0.0],[120.931676,23.853677,0.0],[120.931862,23.853452,0.0]]],[[[120.931428,23.749328,0.0],[120.929506,23.750157,0.0],[120.927578,23.75086,0.0],[120.925607,23.751455,0.0],[120.923904,23.751872,0.0],[120.923114,23.751455,0.0],[120.926428,23.750134,0.0],[120.924702,23.748812,0.0],[120.923019,23.74643,0.0],[120.926068,23.745931,0.0],[120.926548,23.747437,0.0],[120.930946,23.747026,0.0],[120.931428,23.749328,0.0]]],[[[120.923627,23.850032,0.0],[120.923773,23.851024,0.0],[120.923666,23.851499,0.0],[120.923313,23.851847,0.0],[120.92306,23.852456,0.0],[120.922965,23.853249,0.0],[120.923245,23.853693,0.0],[120.923142,23.853864,0.0],[120.923096,23.854264,0.0],[120.922857,23.854712,0.0],[120.922741,23.854716,0.0],[120.922542,23.854446,0.0],[120.922461,23.853933,0.0],[120.922317,23.853933,0.0],[120.922178,23.853792,0.0],[120.922178,23.853672,0.0],[120.922046,23.853672,0.0],[120.921895,23.853532,0.0],[120.921895,23.853411,0.0],[120.921771,23.853411,0.0],[120.921328,23.852984,0.0],[120.921328,23.852889,0.0],[120.921223,23.852889,0.0],[120.921115,23.852771,0.0],[120.921096,23.852627,0.0],[120.921267,23.852368,0.0],[120.921187,23.851926,0.0],[120.921612,23.851585,0.0],[120.921612,23.851324,0.0],[120.921006,23.850672,0.0],[120.920955,23.850178,0.0],[120.920605,23.849854,0.0],[120.920401,23.849374,0.0],[120.920425,23.849148,0.0],[120.920569,23.848959,0.0],[120.921303,23.849001,0.0],[120.921393,23.848792,0.0],[120.924365,23.849718,0.0],[120.92426,23.849943,0.0],[120.923936,23.849895,0.0],[120.923627,23.850032,0.0]]],[[[120.923882,23.73985,0.0],[120.922866,23.745508,0.0],[120.921231,23.743881,0.0],[120.920313,23.743098,0.0],[120.920453,23.739911,0.0],[120.924306,23.739429,0.0],[120.923882,23.73985,0.0]]],[[[120.923018,23.871408,0.0],[120.923018,23.871591,0.0],[120.922915,23.871408,0.0],[120.923018,23.871408,0.0]]],[[[120.921883,23.87219,0.0],[120.921561,23.87219,0.0],[120.92182,23.872072,0.0],[120.921883,23.87219,0.0]]],[[[120.920403,23.783274,0.0],[120.919621,23.783471,0.0],[120.918828,23.783322,0.0],[120.91868,23.783249,0.0],[120.918819,23.783249,0.0],[120.918819,23.782728,0.0],[120.918536,23.782728,0.0],[120.918536,23.782988,0.0],[120.918317,23.782988,0.0],[120.918252,23.782727,0.0],[120.918033,23.782727,0.0],[120.91735,23.78206,0.0],[120.917078,23.78147,0.0],[120.917079,23.78083,0.0],[120.917351,23.780241,0.0],[120.917755,23.779856,0.0],[120.918274,23.779616,0.0],[120.919463,23.77931,0.0],[120.919926,23.779267,0.0],[120.920707,23.779464,0.0],[120.921307,23.779964,0.0],[120.921579,23.780554,0.0],[120.921551,23.781299,0.0],[120.921123,23.78259,0.0],[120.920859,23.782943,0.0],[120.920403,23.783274,0.0]]],[[[120.920749,23.871668,0.0],[120.920921,23.871407,0.0],[120.921033,23.871407,0.0],[120.921052,23.871226,0.0],[120.921136,23.871225,0.0],[120.921317,23.871418,0.0],[120.921194,23.871608,0.0],[120.921274,23.871929,0.0],[120.921033,23.871929,0.0],[120.921033,23.871668,0.0],[120.920749,23.871668,0.0]]],[[[120.920749,23.871668,0.0],[120.920749,23.871928,0.0],[120.920522,23.871928,0.0],[120.920749,23.871668,0.0]]],[[[120.91708,23.843497,0.0],[120.916797,23.843497,0.0],[120.916796,23.843722,0.0],[120.916661,23.843078,0.0],[120.916312,23.843205,0.0],[120.915379,23.843236,0.0],[120.915379,23.843307,0.0],[120.915236,23.843389,0.0],[120.915007,23.843426,0.0],[120.914875,23.843335,0.0],[120.914722,23.84292,0.0],[120.914565,23.842805,0.0],[120.914487,23.842587,0.0],[120.914132,23.842426,0.0],[120.913916,23.842483,0.0],[120.913465,23.843066,0.0],[120.913154,23.843094,0.0],[120.913003,23.842776,0.0],[120.91309,23.842467,0.0],[120.913246,23.842344,0.0],[120.913513,23.841794,0.0],[120.913678,23.841862,0.0],[120.913678,23.841931,0.0],[120.913866,23.841931,0.0],[120.914114,23.842062,0.0],[120.914331,23.841875,0.0],[120.914623,23.841773,0.0],[120.914664,23.84167,0.0],[120.914813,23.841671,0.0],[120.914813,23.841547,0.0],[120.915097,23.84141,0.0],[120.915097,23.841149,0.0],[120.91497,23.841149,0.0],[120.914965,23.841006,0.0],[120.915151,23.840729,0.0],[120.917135,23.843237,0.0],[120.91708,23.843237,0.0],[120.91708,23.843497,0.0]]],[[[120.918409,23.743722,0.0],[120.916054,23.743028,0.0],[120.919008,23.742677,0.0],[120.918409,23.743722,0.0]]],[[[120.911482,23.748783,0.0],[120.914901,23.749782,0.0],[120.911705,23.752504,0.0],[120.909699,23.752221,0.0],[120.907254,23.751721,0.0],[120.90975,23.749595,0.0],[120.911058,23.748361,0.0],[120.911482,23.748783,0.0]]],[[[120.91196,23.86749,0.0],[120.91196,23.867751,0.0],[120.911676,23.86775,0.0],[120.911676,23.86749,0.0],[120.91196,23.86749,0.0]]],[[[120.911597,23.733955,0.0],[120.910804,23.732559,0.0],[120.911952,23.732108,0.0],[120.911597,23.733955,0.0]]],[[[120.908275,23.864879,0.0],[120.908558,23.86488,0.0],[120.908526,23.864989,0.0],[120.908275,23.865007,0.0],[120.908275,23.864879,0.0]]],[[[120.908275,23.864879,0.0],[120.907724,23.86483,0.0],[120.907708,23.864358,0.0],[120.907455,23.864312,0.0],[120.907141,23.864357,0.0],[120.907141,23.863836,0.0],[120.907425,23.863836,0.0],[120.907425,23.863575,0.0],[120.907992,23.863575,0.0],[120.907992,23.863054,0.0],[120.90856,23.863054,0.0],[120.908559,23.863315,0.0],[120.90941,23.863315,0.0],[120.909411,23.862638,0.0],[120.909694,23.86274,0.0],[120.909694,23.862794,0.0],[120.910028,23.862794,0.0],[120.910206,23.862874,0.0],[120.910261,23.863055,0.0],[120.910386,23.863055,0.0],[120.910545,23.863215,0.0],[120.910545,23.863577,0.0],[120.910828,23.863577,0.0],[120.910828,23.864099,0.0],[120.910261,23.864098,0.0],[120.91026,23.864359,0.0],[120.909693,23.864359,0.0],[120.909693,23.864708,0.0],[120.909198,23.86488,0.0],[120.908558,23.86488,0.0],[120.908559,23.864619,0.0],[120.908275,23.864619,0.0],[120.908275,23.864879,0.0]],[[120.909977,23.863576,0.0],[120.910261,23.863577,0.0],[120.910261,23.863316,0.0],[120.909977,23.863316,0.0],[120.909977,23.863576,0.0]]],[[[120.902298,23.750152,0.0],[120.900395,23.749331,0.0],[120.898574,23.748418,0.0],[120.896816,23.747404,0.0],[120.895128,23.746295,0.0],[120.893516,23.745094,0.0],[120.892313,23.744094,0.0],[120.892522,23.742661,0.0],[120.891165,23.743045,0.0],[120.88949,23.74132,0.0],[120.892726,23.741626,0.0],[120.895772,23.740023,0.0],[120.895571,23.738193,0.0],[120.895661,23.73738,0.0],[120.895115,23.732415,0.0],[120.896944,23.732588,0.0],[120.901448,23.732168,0.0],[120.902643,23.730846,0.0],[120.903608,23.730109,0.0],[120.90441,23.729221,0.0],[120.906295,23.72847,0.0],[120.905211,23.726725,0.0],[120.905493,23.724191,0.0],[120.908203,23.724447,0.0],[120.907936,23.72684,0.0],[120.909885,23.733273,0.0],[120.909618,23.735669,0.0],[120.907933,23.739788,0.0],[120.907112,23.743185,0.0],[120.906194,23.742166,0.0],[120.903779,23.747283,0.0],[120.901023,23.747023,0.0],[120.902298,23.750152,0.0]],[[120.900471,23.738602,0.0],[120.900772,23.739593,0.0],[120.901547,23.738881,0.0],[120.900471,23.738602,0.0]],[[120.900471,23.738602,0.0],[120.901708,23.735954,0.0],[120.89945,23.735066,0.0],[120.898597,23.738171,0.0],[120.900471,23.738602,0.0]]],[[[120.906574,23.864357,0.0],[120.906436,23.864357,0.0],[120.90629,23.864235,0.0],[120.906402,23.862061,0.0],[120.907143,23.861754,0.0],[120.907142,23.86201,0.0],[120.907817,23.86201,0.0],[120.908844,23.862456,0.0],[120.908844,23.862532,0.0],[120.907993,23.862532,0.0],[120.907993,23.862271,0.0],[120.907142,23.862271,0.0],[120.907142,23.863053,0.0],[120.906858,23.863053,0.0],[120.906858,23.863314,0.0],[120.906574,23.863314,0.0],[120.906574,23.864357,0.0]]],[[[120.906359,23.723343,0.0],[120.905586,23.72263,0.0],[120.906662,23.722352,0.0],[120.906359,23.723343,0.0]]],[[[120.906423,23.751511,0.0],[120.905878,23.751362,0.0],[120.905565,23.751074,0.0],[120.906642,23.750797,0.0],[120.906423,23.751511,0.0]]],[[[120.902828,23.723341,0.0],[120.902055,23.722628,0.0],[120.903131,23.72235,0.0],[120.902828,23.723341,0.0]]],[[[120.836037,23.805865,0.0],[120.836088,23.805875,0.0],[120.836031,23.805875,0.0],[120.836037,23.805865,0.0]]],[[[120.785388,23.745303,0.0],[120.785223,23.745303,0.0],[120.785388,23.745258,0.0],[120.785388,23.745303,0.0]]],[[[120.755356,23.744231,0.0],[120.755356,23.744476,0.0],[120.755072,23.744475,0.0],[120.755073,23.744141,0.0],[120.755356,23.744231,0.0]]],[[[120.753934,23.747082,0.0],[120.753934,23.747343,0.0],[120.75365,23.747342,0.0],[120.753651,23.747081,0.0],[120.753934,23.747082,0.0]]],[[[120.753652,23.746299,0.0],[120.753652,23.74656,0.0],[120.753368,23.746559,0.0],[120.753369,23.746298,0.0],[120.753652,23.746299,0.0]]],[[[120.753086,23.746298,0.0],[120.753085,23.746559,0.0],[120.752802,23.746558,0.0],[120.752802,23.746297,0.0],[120.753086,23.746298,0.0]]],[[[120.752515,23.748123,0.0],[120.752516,23.747862,0.0],[120.752799,23.747862,0.0],[120.752799,23.748123,0.0],[120.752515,23.748123,0.0]]],[[[120.752515,23.748123,0.0],[120.752515,23.748384,0.0],[120.752232,23.748383,0.0],[120.752232,23.748122,0.0],[120.752515,23.748123,0.0]]],[[[120.752799,23.747862,0.0],[120.7528,23.747602,0.0],[120.753083,23.747602,0.0],[120.753083,23.747863,0.0],[120.752799,23.747862,0.0]]],[[[120.732849,23.812773,0.0],[120.732832,23.812773,0.0],[120.732832,23.812758,0.0],[120.732849,23.812773,0.0]]],[[[120.732403,23.812511,0.0],[120.732266,23.812511,0.0],[120.732329,23.812482,0.0],[120.732403,23.812511,0.0]]],[[[120.716158,23.806223,0.0],[120.715837,23.806336,0.0],[120.715837,23.806222,0.0],[120.716158,23.806223,0.0]]],[[[120.7133,23.799697,0.0],[120.7133,23.799958,0.0],[120.713016,23.799957,0.0],[120.713017,23.799696,0.0],[120.7133,23.799697,0.0]]],[[[120.711246,23.831252,0.0],[120.711246,23.831513,0.0],[120.710962,23.831512,0.0],[120.710963,23.831251,0.0],[120.711246,23.831252,0.0]]],[[[120.699036,23.839314,0.0],[120.699887,23.839315,0.0],[120.699889,23.838533,0.0],[120.700456,23.838534,0.0],[120.700455,23.838795,0.0],[120.700172,23.838794,0.0],[120.700171,23.839055,0.0],[120.701022,23.839057,0.0],[120.701021,23.839318,0.0],[120.700738,23.839317,0.0],[120.700736,23.839839,0.0],[120.700453,23.839838,0.0],[120.700451,23.84062,0.0],[120.700735,23.840621,0.0],[120.700734,23.840882,0.0],[120.700167,23.840881,0.0],[120.700166,23.841142,0.0],[120.699883,23.841141,0.0],[120.699882,23.841402,0.0],[120.699599,23.841401,0.0],[120.699598,23.841662,0.0],[120.699318,23.841662,0.0],[120.699191,23.84114,0.0],[120.699316,23.84114,0.0],[120.699316,23.840879,0.0],[120.699128,23.840879,0.0],[120.699034,23.840487,0.0],[120.699034,23.840357,0.0],[120.699317,23.840357,0.0],[120.699318,23.840097,0.0],[120.698939,23.840096,0.0],[120.698813,23.839574,0.0],[120.699036,23.839574,0.0],[120.699036,23.839314,0.0]]],[[[120.699036,23.839314,0.0],[120.698749,23.839313,0.0],[120.698695,23.839052,0.0],[120.699037,23.839053,0.0],[120.699036,23.839314,0.0]]],[[[120.700736,23.839839,0.0],[120.70102,23.839839,0.0],[120.701021,23.839318,0.0],[120.701305,23.839318,0.0],[120.701303,23.840101,0.0],[120.700736,23.840099,0.0],[120.700736,23.839839,0.0]]],[[[120.699889,23.838533,0.0],[120.699605,23.838532,0.0],[120.699606,23.838272,0.0],[120.699889,23.838272,0.0],[120.699889,23.838533,0.0]]],[[[120.701305,23.839318,0.0],[120.701305,23.839057,0.0],[120.701872,23.839058,0.0],[120.701872,23.839319,0.0],[120.701305,23.839318,0.0]]],[[[120.701872,23.839058,0.0],[120.701873,23.838537,0.0],[120.702157,23.838537,0.0],[120.702156,23.839059,0.0],[120.701872,23.839058,0.0]]],[[[120.705279,23.837239,0.0],[120.705279,23.836978,0.0],[120.705563,23.836979,0.0],[120.705562,23.83724,0.0],[120.705279,23.837239,0.0]]],[[[120.703581,23.835671,0.0],[120.703865,23.835672,0.0],[120.703865,23.835411,0.0],[120.704149,23.835411,0.0],[120.704147,23.836455,0.0],[120.703579,23.836453,0.0],[120.70358,23.836193,0.0],[120.703297,23.836192,0.0],[120.703297,23.835931,0.0],[120.703581,23.835932,0.0],[120.703581,23.835671,0.0]]],[[[120.703581,23.835671,0.0],[120.702447,23.835669,0.0],[120.702446,23.83593,0.0],[120.70228,23.835929,0.0],[120.702209,23.835408,0.0],[120.703582,23.83541,0.0],[120.703581,23.835671,0.0]]],[[[120.704149,23.835411,0.0],[120.704149,23.835151,0.0],[120.704433,23.835151,0.0],[120.704434,23.834629,0.0],[120.704718,23.83463,0.0],[120.704715,23.835673,0.0],[120.704432,23.835673,0.0],[120.704432,23.835412,0.0],[120.704149,23.835411,0.0]]],[[[120.704451,23.827327,0.0],[120.70445,23.827476,0.0],[120.704353,23.827326,0.0],[120.704451,23.827327,0.0]]],[[[120.702732,23.834887,0.0],[120.702327,23.834886,0.0],[120.702734,23.834321,0.0],[120.702732,23.834887,0.0]]],[[[120.702725,23.838017,0.0],[120.702725,23.838278,0.0],[120.702441,23.838277,0.0],[120.702442,23.838016,0.0],[120.702725,23.838017,0.0]]],[[[120.702444,23.836894,0.0],[120.702444,23.836973,0.0],[120.702161,23.836972,0.0],[120.702161,23.836781,0.0],[120.702444,23.836894,0.0]]],[[[120.702444,23.837234,0.0],[120.702443,23.837495,0.0],[120.702159,23.837494,0.0],[120.70216,23.837233,0.0],[120.702444,23.837234,0.0]]],[[[120.702158,23.838016,0.0],[120.702158,23.838276,0.0],[120.701874,23.838276,0.0],[120.701875,23.838015,0.0],[120.702158,23.838016,0.0]]],[[[120.701594,23.83671,0.0],[120.701406,23.83671,0.0],[120.701594,23.836699,0.0],[120.701594,23.83671,0.0]]],[[[120.70131,23.836971,0.0],[120.701594,23.836971,0.0],[120.701592,23.837493,0.0],[120.701309,23.837492,0.0],[120.701309,23.837232,0.0],[120.701026,23.837231,0.0],[120.701026,23.83697,0.0],[120.70061,23.836969,0.0],[120.701311,23.836723,0.0],[120.70131,23.836971,0.0]]],[[[120.701308,23.837753,0.0],[120.701308,23.838014,0.0],[120.701024,23.838013,0.0],[120.701025,23.837753,0.0],[120.701308,23.837753,0.0]]],[[[120.701023,23.838274,0.0],[120.701022,23.838796,0.0],[120.700739,23.838795,0.0],[120.70074,23.838274,0.0],[120.701023,23.838274,0.0]]],[[[120.700457,23.838012,0.0],[120.700458,23.837752,0.0],[120.700741,23.837752,0.0],[120.70074,23.838013,0.0],[120.700457,23.838012,0.0]]],[[[120.700457,23.838012,0.0],[120.700456,23.838273,0.0],[120.700173,23.838273,0.0],[120.700173,23.838012,0.0],[120.700457,23.838012,0.0]]],[[[120.700459,23.83723,0.0],[120.700175,23.837229,0.0],[120.700175,23.83717,0.0],[120.700459,23.837039,0.0],[120.700459,23.83723,0.0]]],[[[120.699607,23.83775,0.0],[120.699323,23.837749,0.0],[120.699324,23.837608,0.0],[120.699608,23.837434,0.0],[120.699607,23.83775,0.0]]],[[[120.699039,23.83801,0.0],[120.699039,23.83827,0.0],[120.698801,23.83827,0.0],[120.698941,23.838009,0.0],[120.699039,23.83801,0.0]]],[[[120.698754,23.838791,0.0],[120.698683,23.838791,0.0],[120.698755,23.838531,0.0],[120.698754,23.838791,0.0]]],[[[120.6928,23.826521,0.0],[120.692545,23.826521,0.0],[120.692545,23.826512,0.0],[120.6928,23.826521,0.0]]],[[[120.682598,23.810597,0.0],[120.682141,23.810927,0.0],[120.681476,23.811115,0.0],[120.677065,23.811048,0.0],[120.676435,23.810777,0.0],[120.676031,23.810391,0.0],[120.675761,23.809801,0.0],[120.675763,23.809161,0.0],[120.675973,23.808663,0.0],[120.676349,23.808255,0.0],[120.678633,23.806852,0.0],[120.67931,23.806607,0.0],[120.680005,23.80663,0.0],[120.680727,23.806968,0.0],[120.681211,23.807525,0.0],[120.682436,23.808291,0.0],[120.68281,23.8087,0.0],[120.683018,23.809199,0.0],[120.683048,23.809627,0.0],[120.682912,23.810147,0.0],[120.682598,23.810597,0.0]],[[120.679542,23.810585,0.0],[120.679826,23.810585,0.0],[120.679826,23.810324,0.0],[120.679543,23.810324,0.0],[120.679542,23.810585,0.0]]],[[[120.601406,23.961673,0.0],[120.601122,23.961673,0.0],[120.601124,23.961151,0.0],[120.601691,23.961152,0.0],[120.601691,23.961413,0.0],[120.601407,23.961413,0.0],[120.601406,23.961673,0.0]]],[[[120.602819,23.963503,0.0],[120.602819,23.963547,0.0],[120.602755,23.963503,0.0],[120.602819,23.963503,0.0]]],[[[120.602537,23.96298,0.0],[120.602536,23.963352,0.0],[120.602253,23.963156,0.0],[120.602253,23.96298,0.0],[120.602537,23.96298,0.0]]],[[[120.603116,23.959331,0.0],[120.602879,23.95933,0.0],[120.603117,23.95915,0.0],[120.603116,23.959331,0.0]]],[[[120.604253,23.958812,0.0],[120.603969,23.958811,0.0],[120.60397,23.958502,0.0],[120.604249,23.95829,0.0],[120.604253,23.958812,0.0]]],[[[120.605675,23.957772,0.0],[120.605107,23.957771,0.0],[120.605108,23.957712,0.0],[120.605676,23.957576,0.0],[120.605675,23.957772,0.0]]],[[[120.606243,23.957616,0.0],[120.606243,23.957774,0.0],[120.605959,23.957773,0.0],[120.606007,23.957578,0.0],[120.606243,23.957616,0.0]]],[[[120.61217,23.968482,0.0],[120.61217,23.968743,0.0],[120.611959,23.968742,0.0],[120.611887,23.968481,0.0],[120.61217,23.968482,0.0]]],[[[120.595973,23.9747,0.0],[120.595974,23.974439,0.0],[120.596258,23.97444,0.0],[120.596257,23.9747,0.0],[120.595973,23.9747,0.0]]],[[[120.594263,23.977042,0.0],[120.59483,23.977044,0.0],[120.59483,23.977305,0.0],[120.594546,23.977304,0.0],[120.594545,23.977565,0.0],[120.594829,23.977565,0.0],[120.594827,23.978087,0.0],[120.594543,23.978086,0.0],[120.594544,23.977826,0.0],[120.59426,23.977825,0.0],[120.594261,23.977564,0.0],[120.593977,23.977563,0.0],[120.593978,23.977302,0.0],[120.594262,23.977303,0.0],[120.594263,23.977042,0.0]]],[[[120.595396,23.977567,0.0],[120.595396,23.977828,0.0],[120.595112,23.977827,0.0],[120.595113,23.977566,0.0],[120.595396,23.977567,0.0]]],[[[120.597111,23.9739,0.0],[120.59711,23.974181,0.0],[120.596826,23.97418,0.0],[120.596827,23.973919,0.0],[120.596543,23.973919,0.0],[120.596544,23.973794,0.0],[120.597111,23.9739,0.0]]],[[[120.59938,23.974448,0.0],[120.59938,23.974423,0.0],[120.599448,23.974448,0.0],[120.59938,23.974448,0.0]]],[[[120.597676,23.974704,0.0],[120.597678,23.974182,0.0],[120.597962,23.974183,0.0],[120.59796,23.974705,0.0],[120.597676,23.974704,0.0]]],[[[120.597676,23.974704,0.0],[120.597675,23.974965,0.0],[120.597391,23.974964,0.0],[120.597392,23.974703,0.0],[120.597676,23.974704,0.0]]],[[[120.591698,23.980165,0.0],[120.591698,23.980336,0.0],[120.591561,23.980165,0.0],[120.591698,23.980165,0.0]]],[[[120.595391,23.979393,0.0],[120.594539,23.97939,0.0],[120.59454,23.97913,0.0],[120.594824,23.97913,0.0],[120.594825,23.97887,0.0],[120.595109,23.97887,0.0],[120.595108,23.979131,0.0],[120.595392,23.979132,0.0],[120.595391,23.979393,0.0]]],[[[120.593964,23.981736,0.0],[120.594248,23.981737,0.0],[120.594246,23.982519,0.0],[120.594529,23.98252,0.0],[120.594528,23.983042,0.0],[120.594244,23.983041,0.0],[120.594244,23.983157,0.0],[120.593867,23.982779,0.0],[120.593961,23.982779,0.0],[120.593962,23.982519,0.0],[120.593678,23.982518,0.0],[120.593679,23.981996,0.0],[120.593963,23.981997,0.0],[120.593964,23.981736,0.0]]],[[[120.59397,23.97991,0.0],[120.594254,23.979911,0.0],[120.594253,23.980172,0.0],[120.593969,23.980171,0.0],[120.59397,23.97991,0.0]]],[[[120.593404,23.979387,0.0],[120.593405,23.979127,0.0],[120.593688,23.979127,0.0],[120.593688,23.979388,0.0],[120.593404,23.979387,0.0]]],[[[120.593395,23.982256,0.0],[120.593395,23.982288,0.0],[120.593365,23.982256,0.0],[120.593395,23.982256,0.0]]],[[[120.591988,23.97834,0.0],[120.592272,23.978341,0.0],[120.592271,23.978602,0.0],[120.591987,23.978601,0.0],[120.591988,23.97834,0.0]]],[[[120.592266,23.980167,0.0],[120.591982,23.980166,0.0],[120.591983,23.979905,0.0],[120.592267,23.979906,0.0],[120.592266,23.980167,0.0]]],[[[120.601728,23.949155,0.0],[120.601727,23.949416,0.0],[120.601444,23.949415,0.0],[120.601445,23.949155,0.0],[120.601728,23.949155,0.0]]],[[[120.609397,23.946828,0.0],[120.609397,23.947089,0.0],[120.609113,23.947088,0.0],[120.609207,23.946827,0.0],[120.609397,23.946828,0.0]]],[[[120.602008,23.95046,0.0],[120.601763,23.950459,0.0],[120.601725,23.950199,0.0],[120.602009,23.950199,0.0],[120.602008,23.95046,0.0]]],[[[120.603785,23.95206,0.0],[120.603422,23.952035,0.0],[120.604067,23.95203,0.0],[120.603785,23.95206,0.0]]],[[[120.611654,23.951528,0.0],[120.611628,23.951528,0.0],[120.611654,23.951525,0.0],[120.611654,23.951528,0.0]]],[[[120.611085,23.951787,0.0],[120.611086,23.9516,0.0],[120.61137,23.951562,0.0],[120.611369,23.951788,0.0],[120.611085,23.951787,0.0]]],[[[120.604731,23.951771,0.0],[120.604274,23.951981,0.0],[120.604274,23.95177,0.0],[120.604731,23.951771,0.0]]]]}}
]
}
