{
"type": "FeatureCollection",
"name": "國有林事業區",
"xy_coordinate_resolution": 1e-06,
"features": [
{"type":"Feature","properties":{"FID":0},"geometry":{"type":"MultiPolygon","coordinates":[[[[120.636243,23.544618,0.0],[120.636224,23.545192,0.0],[120.635622,23.545906,0.0],[120.635672,23.546163,0.0],[120.635874,23.546363,0.0],[120.635428,23.54658,0.0],[120.63523,23.546965,0.0],[120.635283,23.547187,0.0],[120.6352,23.547124,0.0],[120.635232,23.547214,0.0],[120.635074,23.547322,0.0],[120.634677,23.54688,0.0],[120.634633,23.546601,0.0],[120.634458,23.546347,0.0],[120.634098,23.546337,0.0],[120.633326,23.545958,0.0],[120.633146,23.545487,0.0],[120.632886,23.545336,0.0],[120.632688,23.544967,0.0],[120.632576,23.54424,0.0],[120.632784,23.544214,0.0],[120.632971,23.544518,0.0],[120.633312,23.544561,0.0],[120.633242,23.543951,0.0],[120.633351,23.543685,0.0],[120.633505,23.543554,0.0],[120.633533,23.543234,0.0],[120.633443,23.543121,0.0],[120.633273,23.543084,0.0],[120.633049,23.542837,0.0],[120.63319,23.542497,0.0],[120.63288,23.542544,0.0],[120.632833,23.542645,0.0],[120.632561,23.542083,0.0],[120.632866,23.541937,0.0],[120.633545,23.541421,0.0],[120.633462,23.541113,0.0],[120.632725,23.541264,0.0],[120.632521,23.541522,0.0],[120.632321,23.54159,0.0],[120.632145,23.541227,0.0],[120.631654,23.540863,0.0],[120.631558,23.540625,0.0],[120.630987,23.540688,0.0],[120.630524,23.54057,0.0],[120.630712,23.540309,0.0],[120.630609,23.539876,0.0],[120.63044,23.539732,0.0],[120.630244,23.539801,0.0],[120.629868,23.539721,0.0],[120.630078,23.539022,0.0],[120.630281,23.539046,0.0],[120.630471,23.539402,0.0],[120.630709,23.539506,0.0],[120.630882,23.539806,0.0],[120.631108,23.540009,0.0],[120.631748,23.539834,0.0],[120.632017,23.54,0.0],[120.632611,23.540055,0.0],[120.632714,23.539991,0.0],[120.632755,23.539748,0.0],[120.632866,23.539672,0.0],[120.633281,23.539459,0.0],[120.633692,23.539418,0.0],[120.633635,23.539967,0.0],[120.633729,23.540138,0.0],[120.634185,23.540663,0.0],[120.63486,23.541082,0.0],[120.635055,23.541448,0.0],[120.634912,23.541682,0.0],[120.6348,23.541485,0.0],[120.634188,23.541729,0.0],[120.633753,23.542686,0.0],[120.633871,23.542792,0.0],[120.633846,23.542899,0.0],[120.634058,23.543053,0.0],[120.634203,23.54299,0.0],[120.634234,23.542833,0.0],[120.63475,23.542132,0.0],[120.634948,23.542122,0.0],[120.635201,23.542566,0.0],[120.635324,23.542587,0.0],[120.63579,23.542419,0.0],[120.63583,23.542261,0.0],[120.635729,23.541898,0.0],[120.635525,23.541717,0.0],[120.635639,23.541159,0.0],[120.635917,23.541081,0.0],[120.636031,23.540857,0.0],[120.63641,23.54083,0.0],[120.636606,23.54102,0.0],[120.636478,23.541308,0.0],[120.636787,23.541892,0.0],[120.63716,23.542029,0.0],[120.637642,23.542369,0.0],[120.637705,23.542385,0.0],[120.637936,23.542179,0.0],[120.63816,23.542192,0.0],[120.6384,23.542538,0.0],[120.638749,23.542508,0.0],[120.639185,23.542692,0.0],[120.639841,23.543454,0.0],[120.63998,23.543532,0.0],[120.640316,23.543553,0.0],[120.640608,23.544271,0.0],[120.640787,23.544256,0.0],[120.640766,23.543904,0.0],[120.640885,23.543802,0.0],[120.641374,23.543951,0.0],[120.641407,23.545044,0.0],[120.64093,23.545098,0.0],[120.640765,23.544801,0.0],[120.640387,23.544917,0.0],[120.640281,23.5449,0.0],[120.6402,23.544738,0.0],[120.640117,23.544774,0.0],[120.640173,23.544982,0.0],[120.63976,23.544983,0.0],[120.639172,23.544731,0.0],[120.638832,23.544098,0.0],[120.638482,23.543689,0.0],[120.638378,23.543629,0.0],[120.638044,23.5437,0.0],[120.637951,23.543538,0.0],[120.63819,23.543539,0.0],[120.638328,23.543264,0.0],[120.638612,23.543096,0.0],[120.63848,23.542903,0.0],[120.638076,23.543168,0.0],[120.637809,23.542978,0.0],[120.638022,23.542515,0.0],[120.637722,23.542508,0.0],[120.63766,23.542957,0.0],[120.637739,23.543337,0.0],[120.637649,23.543268,0.0],[120.637709,23.543355,0.0],[120.636911,23.542704,0.0],[120.636975,23.543078,0.0],[120.636705,23.543337,0.0],[120.636581,23.543299,0.0],[120.636496,23.543086,0.0],[120.636265,23.542965,0.0],[120.636087,23.543097,0.0],[120.635309,23.542772,0.0],[120.635414,23.543382,0.0],[120.635626,23.543376,0.0],[120.635902,23.543196,0.0],[120.636083,23.544042,0.0],[120.636007,23.54409,0.0],[120.636002,23.544252,0.0],[120.636243,23.544618,0.0]],[[120.640534,23.544399,0.0],[120.640438,23.544583,0.0],[120.640712,23.544641,0.0],[120.64073,23.544563,0.0],[120.640606,23.544526,0.0],[120.640534,23.544399,0.0]],[[120.639379,23.544576,0.0],[120.639965,23.544261,0.0],[120.639958,23.543908,0.0],[120.639663,23.544057,0.0],[120.639379,23.544576,0.0]],[[120.635758,23.544336,0.0],[120.635698,23.544284,0.0],[120.635551,23.544427,0.0],[120.63561,23.544479,0.0],[120.635758,23.544336,0.0]]],[[[120.622926,23.543827,0.0],[120.623052,23.54377,0.0],[120.623065,23.543558,0.0],[120.623146,23.543509,0.0],[120.62498,23.544441,0.0],[120.625148,23.544641,0.0],[120.625637,23.544851,0.0],[120.625949,23.545153,0.0],[120.62618,23.545226,0.0],[120.626137,23.545455,0.0],[120.625738,23.545405,0.0],[120.625589,23.54551,0.0],[120.62542,23.545488,0.0],[120.625355,23.545196,0.0],[120.625259,23.545125,0.0],[120.625101,23.545075,0.0],[120.624964,23.545276,0.0],[120.624607,23.544962,0.0],[120.624273,23.544938,0.0],[120.623969,23.544733,0.0],[120.623922,23.544454,0.0],[120.623637,23.544321,0.0],[120.623472,23.544135,0.0],[120.622833,23.544168,0.0],[120.622926,23.543827,0.0]]],[[[120.608065,23.552756,0.0],[120.607983,23.552868,0.0],[120.607704,23.552973,0.0],[120.608054,23.552759,0.0],[120.608065,23.552756,0.0]]],[[[120.651103,23.512125,0.0],[120.651571,23.511475,0.0],[120.65217,23.511006,0.0],[120.653042,23.510633,0.0],[120.653557,23.510074,0.0],[120.653572,23.509793,0.0],[120.653806,23.509084,0.0],[120.653899,23.507994,0.0],[120.654318,23.507099,0.0],[120.654435,23.50662,0.0],[120.65482,23.506318,0.0],[120.655908,23.506255,0.0],[120.656706,23.505819,0.0],[120.657503,23.505518,0.0],[120.65863,23.504331,0.0],[120.659017,23.504169,0.0],[120.659433,23.504094,0.0],[120.659683,23.504168,0.0],[120.659773,23.504122,0.0],[120.660895,23.504246,0.0],[120.662213,23.504064,0.0],[120.662608,23.503669,0.0],[120.663463,23.502516,0.0],[120.664476,23.501628,0.0],[120.66484,23.501428,0.0],[120.665288,23.501357,0.0],[120.665693,23.501396,0.0],[120.666108,23.501627,0.0],[120.666322,23.502495,0.0],[120.66616,23.503411,0.0],[120.666224,23.503833,0.0],[120.666776,23.504554,0.0],[120.667029,23.505049,0.0],[120.667633,23.506746,0.0],[120.667926,23.506997,0.0],[120.669433,23.506504,0.0],[120.669984,23.50651,0.0],[120.670821,23.506249,0.0],[120.672927,23.505175,0.0],[120.674615,23.504126,0.0],[120.675568,23.503738,0.0],[120.676102,23.503718,0.0],[120.677092,23.503851,0.0],[120.678373,23.504269,0.0],[120.678827,23.504167,0.0],[120.679307,23.503885,0.0],[120.680652,23.503337,0.0],[120.681376,23.503145,0.0],[120.688998,23.508953,0.0],[120.689411,23.509173,0.0],[120.689788,23.509505,0.0],[120.690501,23.51039,0.0],[120.691576,23.511369,0.0],[120.691981,23.51191,0.0],[120.693427,23.511215,0.0],[120.694739,23.510698,0.0],[120.695223,23.510733,0.0],[120.696596,23.511133,0.0],[120.697355,23.511615,0.0],[120.697704,23.511731,0.0],[120.698195,23.511396,0.0],[120.698322,23.511012,0.0],[120.699406,23.51003,0.0],[120.699885,23.50979,0.0],[120.700361,23.509727,0.0],[120.701424,23.510154,0.0],[120.701831,23.510234,0.0],[120.702785,23.510125,0.0],[120.703859,23.510249,0.0],[120.705312,23.510227,0.0],[120.705703,23.510121,0.0],[120.706333,23.510118,0.0],[120.707799,23.510412,0.0],[120.708318,23.51042,0.0],[120.708723,23.510111,0.0],[120.708829,23.509671,0.0],[120.70892,23.508026,0.0],[120.708416,23.506485,0.0],[120.708199,23.505135,0.0],[120.70845,23.504756,0.0],[120.708571,23.504397,0.0],[120.708812,23.503131,0.0],[120.70979,23.503036,0.0],[120.710814,23.503174,0.0],[120.711244,23.503116,0.0],[120.711953,23.501501,0.0],[120.713153,23.50093,0.0],[120.714435,23.500485,0.0],[120.714852,23.500161,0.0],[120.715319,23.499137,0.0],[120.715934,23.498743,0.0],[120.716419,23.49864,0.0],[120.71761,23.498484,0.0],[120.718241,23.498537,0.0],[120.718696,23.49842,0.0],[120.719982,23.497569,0.0],[120.721353,23.496534,0.0],[120.722398,23.495626,0.0],[120.722987,23.495302,0.0],[120.726841,23.492414,0.0],[120.72823,23.490582,0.0],[120.728642,23.487713,0.0],[120.729088,23.486653,0.0],[120.729442,23.485453,0.0],[120.730076,23.484275,0.0],[120.730201,23.483817,0.0],[120.730227,23.483309,0.0],[120.731448,23.483492,0.0],[120.732828,23.483804,0.0],[120.735748,23.484928,0.0],[120.736251,23.484895,0.0],[120.736694,23.48477,0.0],[120.737738,23.484767,0.0],[120.73824,23.484844,0.0],[120.739653,23.485441,0.0],[120.740141,23.485579,0.0],[120.741077,23.485734,0.0],[120.742479,23.485847,0.0],[120.742942,23.485972,0.0],[120.743351,23.486259,0.0],[120.743975,23.487046,0.0],[120.744344,23.487385,0.0],[120.744601,23.487735,0.0],[120.744851,23.488519,0.0],[120.745563,23.489155,0.0],[120.746187,23.489402,0.0],[120.746785,23.490084,0.0],[120.747294,23.490148,0.0],[120.74882,23.489912,0.0],[120.749425,23.489725,0.0],[120.74979,23.489426,0.0],[120.75002,23.48904,0.0],[120.750354,23.488718,0.0],[120.750774,23.488492,0.0],[120.75124,23.488482,0.0],[120.751507,23.488882,0.0],[120.752124,23.490323,0.0],[120.75245,23.490874,0.0],[120.753017,23.49153,0.0],[120.754422,23.49253,0.0],[120.755747,23.493038,0.0],[120.756497,23.493454,0.0],[120.757201,23.494074,0.0],[120.757676,23.494237,0.0],[120.758137,23.494188,0.0],[120.759061,23.494578,0.0],[120.76132,23.495069,0.0],[120.762451,23.495068,0.0],[120.763886,23.495001,0.0],[120.764347,23.494859,0.0],[120.765195,23.494267,0.0],[120.765649,23.494154,0.0],[120.767497,23.494832,0.0],[120.768532,23.495412,0.0],[120.769597,23.496242,0.0],[120.770062,23.496436,0.0],[120.770435,23.496489,0.0],[120.772337,23.496336,0.0],[120.773275,23.496346,0.0],[120.773987,23.496871,0.0],[120.774488,23.497486,0.0],[120.777835,23.503139,0.0],[120.778223,23.503586,0.0],[120.778676,23.504348,0.0],[120.779804,23.50541,0.0],[120.780717,23.50591,0.0],[120.781491,23.506212,0.0],[120.781902,23.506307,0.0],[120.78229,23.506274,0.0],[120.782701,23.506071,0.0],[120.783101,23.50574,0.0],[120.783584,23.505079,0.0],[120.785061,23.504031,0.0],[120.785361,23.503716,0.0],[120.78575,23.503057,0.0],[120.78638,23.50248,0.0],[120.786771,23.50235,0.0],[120.787676,23.502322,0.0],[120.788498,23.502501,0.0],[120.789964,23.503277,0.0],[120.790852,23.503613,0.0],[120.792003,23.504605,0.0],[120.792672,23.504593,0.0],[120.792702,23.504804,0.0],[120.793239,23.505612,0.0],[120.794608,23.506531,0.0],[120.795563,23.506588,0.0],[120.796345,23.506984,0.0],[120.796687,23.506977,0.0],[120.797036,23.506862,0.0],[120.79737,23.506923,0.0],[120.798519,23.507449,0.0],[120.799508,23.507439,0.0],[120.799899,23.507601,0.0],[120.800533,23.508047,0.0],[120.800993,23.50821,0.0],[120.801282,23.507984,0.0],[120.801408,23.507665,0.0],[120.801305,23.507331,0.0],[120.801047,23.507143,0.0],[120.800541,23.50714,0.0],[120.798287,23.5066,0.0],[120.79799,23.506399,0.0],[120.797853,23.506148,0.0],[120.797743,23.505254,0.0],[120.797305,23.504615,0.0],[120.797206,23.504336,0.0],[120.797226,23.504264,0.0],[120.797396,23.504265,0.0],[120.799101,23.504344,0.0],[120.799619,23.504229,0.0],[120.799996,23.504056,0.0],[120.800717,23.50351,0.0],[120.80149,23.502283,0.0],[120.801911,23.502157,0.0],[120.80309,23.503349,0.0],[120.803752,23.503889,0.0],[120.805648,23.504688,0.0],[120.807021,23.50467,0.0],[120.807502,23.504821,0.0],[120.808846,23.5056,0.0],[120.810591,23.505893,0.0],[120.81197,23.505904,0.0],[120.81248,23.506028,0.0],[120.812775,23.506954,0.0],[120.813567,23.508531,0.0],[120.814197,23.509173,0.0],[120.81501,23.510273,0.0],[120.815772,23.510624,0.0],[120.81652,23.510869,0.0],[120.816774,23.511124,0.0],[120.817515,23.512301,0.0],[120.818398,23.513013,0.0],[120.818471,23.51335,0.0],[120.81874,23.513775,0.0],[120.819335,23.514315,0.0],[120.819523,23.514967,0.0],[120.819975,23.514465,0.0],[120.821318,23.513635,0.0],[120.82178,23.51285,0.0],[120.823264,23.511233,0.0],[120.823368,23.510791,0.0],[120.823368,23.510358,0.0],[120.823121,23.508885,0.0],[120.823088,23.507587,0.0],[120.823164,23.50714,0.0],[120.823328,23.506773,0.0],[120.823523,23.506407,0.0],[120.823772,23.506304,0.0],[120.823553,23.50685,0.0],[120.823322,23.50777,0.0],[120.823837,23.508438,0.0],[120.823899,23.508898,0.0],[120.823595,23.509954,0.0],[120.823668,23.510483,0.0],[120.823485,23.510871,0.0],[120.823524,23.511284,0.0],[120.823075,23.511858,0.0],[120.822289,23.512395,0.0],[120.821558,23.513867,0.0],[120.821022,23.514135,0.0],[120.820326,23.514314,0.0],[120.820083,23.51459,0.0],[120.819848,23.515103,0.0],[120.819724,23.515837,0.0],[120.820343,23.515977,0.0],[120.820583,23.516443,0.0],[120.820479,23.51674,0.0],[120.820575,23.517627,0.0],[120.820381,23.517894,0.0],[120.820128,23.518931,0.0],[120.819709,23.51914,0.0],[120.819868,23.519406,0.0],[120.820036,23.52001,0.0],[120.820439,23.520197,0.0],[120.82104,23.520695,0.0],[120.821698,23.520904,0.0],[120.822853,23.520781,0.0],[120.822768,23.52113,0.0],[120.824196,23.520821,0.0],[120.824693,23.520865,0.0],[120.82509,23.521029,0.0],[120.825666,23.523102,0.0],[120.826291,23.524049,0.0],[120.826892,23.524519,0.0],[120.827936,23.524958,0.0],[120.829024,23.525042,0.0],[120.829786,23.524922,0.0],[120.830225,23.52465,0.0],[120.830834,23.524443,0.0],[120.831239,23.52443,0.0],[120.831593,23.524608,0.0],[120.831633,23.524903,0.0],[120.831488,23.525102,0.0],[120.830569,23.525393,0.0],[120.826195,23.525399,0.0],[120.825962,23.525262,0.0],[120.825992,23.525061,0.0],[120.825901,23.52489,0.0],[120.825599,23.52478,0.0],[120.825395,23.524857,0.0],[120.82474,23.525422,0.0],[120.824173,23.524718,0.0],[120.824117,23.523785,0.0],[120.823954,23.523261,0.0],[120.823666,23.522821,0.0],[120.823359,23.522587,0.0],[120.822943,23.52239,0.0],[120.822548,23.522399,0.0],[120.822337,23.522627,0.0],[120.822025,23.522681,0.0],[120.821816,23.522604,0.0],[120.821529,23.522368,0.0],[120.821275,23.522316,0.0],[120.820821,23.522432,0.0],[120.820036,23.522848,0.0],[120.819757,23.52282,0.0],[120.819384,23.52259,0.0],[120.819102,23.522651,0.0],[120.818992,23.522862,0.0],[120.819054,23.523571,0.0],[120.818612,23.52403,0.0],[120.818586,23.524774,0.0],[120.818153,23.525372,0.0],[120.818178,23.525563,0.0],[120.818437,23.52594,0.0],[120.818366,23.526314,0.0],[120.818061,23.526528,0.0],[120.817469,23.52656,0.0],[120.816602,23.527077,0.0],[120.81625,23.527048,0.0],[120.816107,23.52696,0.0],[120.816146,23.52688,0.0],[120.815514,23.527657,0.0],[120.81529,23.527766,0.0],[120.814628,23.52863,0.0],[120.814387,23.529138,0.0],[120.814273,23.529804,0.0],[120.813833,23.530534,0.0],[120.813387,23.531124,0.0],[120.812307,23.53206,0.0],[120.812267,23.532302,0.0],[120.812404,23.532722,0.0],[120.812308,23.533201,0.0],[120.812001,23.533346,0.0],[120.811661,23.533974,0.0],[120.8106,23.53496,0.0],[120.810347,23.535818,0.0],[120.810473,23.536313,0.0],[120.810447,23.536615,0.0],[120.810276,23.536834,0.0],[120.809629,23.537253,0.0],[120.809215,23.537707,0.0],[120.809196,23.537904,0.0],[120.808844,23.538343,0.0],[120.808822,23.538804,0.0],[120.808441,23.539542,0.0],[120.809245,23.540359,0.0],[120.808649,23.541028,0.0],[120.807922,23.542134,0.0],[120.807408,23.543093,0.0],[120.807324,23.543517,0.0],[120.80742,23.543874,0.0],[120.807643,23.544093,0.0],[120.80811,23.544332,0.0],[120.808556,23.54446,0.0],[120.809134,23.54482,0.0],[120.808996,23.54518,0.0],[120.808846,23.546066,0.0],[120.809611,23.546281,0.0],[120.810208,23.546644,0.0],[120.810453,23.546979,0.0],[120.810269,23.547642,0.0],[120.810381,23.548121,0.0],[120.811186,23.548214,0.0],[120.811872,23.548627,0.0],[120.812098,23.548848,0.0],[120.813243,23.548864,0.0],[120.813846,23.548981,0.0],[120.813423,23.549537,0.0],[120.813027,23.549744,0.0],[120.812817,23.549988,0.0],[120.812568,23.550514,0.0],[120.812629,23.550897,0.0],[120.812861,23.551059,0.0],[120.813362,23.55099,0.0],[120.81429,23.551382,0.0],[120.814898,23.551496,0.0],[120.81564,23.552245,0.0],[120.815659,23.552566,0.0],[120.815877,23.553012,0.0],[120.815591,23.553468,0.0],[120.814928,23.554263,0.0],[120.814428,23.554695,0.0],[120.813828,23.55569,0.0],[120.813818,23.556019,0.0],[120.814236,23.556208,0.0],[120.814885,23.556688,0.0],[120.81565,23.557102,0.0],[120.815874,23.557397,0.0],[120.815927,23.557768,0.0],[120.816117,23.558109,0.0],[120.816581,23.558473,0.0],[120.816768,23.558752,0.0],[120.817395,23.5587,0.0],[120.817901,23.558923,0.0],[120.818608,23.558945,0.0],[120.818908,23.559336,0.0],[120.819337,23.559228,0.0],[120.819472,23.559263,0.0],[120.819908,23.560294,0.0],[120.820172,23.56073,0.0],[120.820396,23.561492,0.0],[120.820711,23.561892,0.0],[120.820818,23.562344,0.0],[120.82057,23.562637,0.0],[120.820539,23.563451,0.0],[120.820981,23.564346,0.0],[120.820522,23.56603,0.0],[120.821244,23.567193,0.0],[120.821451,23.568338,0.0],[120.821411,23.568536,0.0],[120.821729,23.568836,0.0],[120.821988,23.569331,0.0],[120.821208,23.570051,0.0],[120.821626,23.570565,0.0],[120.821471,23.570693,0.0],[120.821432,23.571368,0.0],[120.821179,23.57167,0.0],[120.820631,23.572073,0.0],[120.819435,23.574435,0.0],[120.819646,23.577451,0.0],[120.820087,23.578632,0.0],[120.82103,23.57928,0.0],[120.821388,23.579945,0.0],[120.821123,23.581183,0.0],[120.821425,23.582005,0.0],[120.822118,23.582336,0.0],[120.822809,23.583479,0.0],[120.823598,23.584021,0.0],[120.82448,23.5841,0.0],[120.824298,23.58475,0.0],[120.824672,23.585572,0.0],[120.825266,23.586041,0.0],[120.82519,23.586319,0.0],[120.824957,23.586566,0.0],[120.824525,23.58677,0.0],[120.823934,23.586959,0.0],[120.823898,23.586969,0.0],[120.823477,23.587084,0.0],[120.823319,23.587127,0.0],[120.82227,23.587856,0.0],[120.821525,23.588631,0.0],[120.820263,23.589587,0.0],[120.820015,23.590175,0.0],[120.819563,23.590456,0.0],[120.818533,23.59233,0.0],[120.818394,23.593373,0.0],[120.81822,23.593751,0.0],[120.81801,23.593928,0.0],[120.817579,23.594124,0.0],[120.817213,23.59443,0.0],[120.816622,23.595257,0.0],[120.816538,23.595534,0.0],[120.816563,23.596008,0.0],[120.816769,23.596407,0.0],[120.817944,23.597817,0.0],[120.818162,23.598207,0.0],[120.818115,23.598556,0.0],[120.817783,23.599039,0.0],[120.817116,23.599663,0.0],[120.816666,23.599884,0.0],[120.81512,23.600204,0.0],[120.814732,23.600393,0.0],[120.814195,23.60053,0.0],[120.814177,23.60105,0.0],[120.814317,23.6013,0.0],[120.814667,23.601458,0.0],[120.814776,23.601588,0.0],[120.814857,23.601817,0.0],[120.814831,23.602147,0.0],[120.813848,23.602436,0.0],[120.813309,23.602772,0.0],[120.813404,23.603081,0.0],[120.813658,23.603454,0.0],[120.813619,23.603947,0.0],[120.813925,23.60413,0.0],[120.813732,23.604466,0.0],[120.813595,23.604973,0.0],[120.813395,23.605102,0.0],[120.813007,23.605959,0.0],[120.812869,23.606832,0.0],[120.812546,23.606925,0.0],[120.812442,23.607047,0.0],[120.812808,23.607113,0.0],[120.812848,23.607176,0.0],[120.812608,23.607671,0.0],[120.812615,23.607865,0.0],[120.812856,23.607935,0.0],[120.813192,23.607693,0.0],[120.813418,23.607759,0.0],[120.813197,23.608208,0.0],[120.81289,23.608423,0.0],[120.812864,23.608726,0.0],[120.813064,23.608584,0.0],[120.813552,23.608413,0.0],[120.813703,23.608262,0.0],[120.813831,23.608315,0.0],[120.814024,23.608585,0.0],[120.814576,23.608797,0.0],[120.814747,23.609017,0.0],[120.814808,23.608931,0.0],[120.815511,23.60864,0.0],[120.816168,23.607749,0.0],[120.816814,23.607553,0.0],[120.817183,23.607243,0.0],[120.81717,23.606461,0.0],[120.81763,23.606314,0.0],[120.817684,23.606538,0.0],[120.818265,23.607426,0.0],[120.818397,23.607522,0.0],[120.819462,23.607687,0.0],[120.819786,23.607923,0.0],[120.820206,23.608014,0.0],[120.820453,23.608174,0.0],[120.820638,23.608414,0.0],[120.820973,23.608528,0.0],[120.821948,23.608603,0.0],[120.822237,23.608847,0.0],[120.822246,23.609153,0.0],[120.821895,23.609605,0.0],[120.821821,23.609878,0.0],[120.821983,23.610381,0.0],[120.822521,23.61082,0.0],[120.823548,23.610948,0.0],[120.824321,23.611874,0.0],[120.8252,23.612491,0.0],[120.825333,23.612705,0.0],[120.825375,23.612961,0.0],[120.825263,23.613283,0.0],[120.824811,23.613659,0.0],[120.824431,23.614115,0.0],[120.824286,23.614419,0.0],[120.82425,23.614586,0.0],[120.82437,23.615024,0.0],[120.824159,23.615491,0.0],[120.824233,23.615999,0.0],[120.823778,23.61674,0.0],[120.823691,23.617593,0.0],[120.823564,23.618122,0.0],[120.823462,23.618249,0.0],[120.823101,23.618399,0.0],[120.822516,23.618453,0.0],[120.822107,23.618632,0.0],[120.821815,23.619161,0.0],[120.821588,23.619369,0.0],[120.821249,23.619522,0.0],[120.820714,23.619442,0.0],[120.820427,23.619479,0.0],[120.819249,23.620205,0.0],[120.81887,23.620565,0.0],[120.818446,23.620778,0.0],[120.818314,23.621193,0.0],[120.817843,23.621154,0.0],[120.817224,23.622147,0.0],[120.816901,23.62245,0.0],[120.816717,23.622844,0.0],[120.816332,23.623278,0.0],[120.816332,23.623571,0.0],[120.81666,23.624254,0.0],[120.816017,23.624951,0.0],[120.815824,23.625565,0.0],[120.815907,23.626141,0.0],[120.816258,23.626516,0.0],[120.816317,23.627698,0.0],[120.816257,23.628482,0.0],[120.816026,23.628548,0.0],[120.81591,23.628678,0.0],[120.815843,23.628889,0.0],[120.815902,23.629311,0.0],[120.815091,23.62998,0.0],[120.814654,23.630585,0.0],[120.81415,23.632836,0.0],[120.814162,23.633191,0.0],[120.814551,23.633936,0.0],[120.814372,23.634876,0.0],[120.814406,23.635191,0.0],[120.814776,23.635814,0.0],[120.814771,23.636065,0.0],[120.814554,23.637501,0.0],[120.814222,23.638241,0.0],[120.814175,23.638566,0.0],[120.814253,23.639588,0.0],[120.814045,23.640227,0.0],[120.813884,23.64112,0.0],[120.812363,23.642246,0.0],[120.811331,23.642721,0.0],[120.810627,23.643657,0.0],[120.809557,23.644202,0.0],[120.809138,23.645107,0.0],[120.808518,23.645966,0.0],[120.806335,23.646341,0.0],[120.805606,23.646576,0.0],[120.805034,23.647057,0.0],[120.80457,23.647738,0.0],[120.804519,23.648304,0.0],[120.804347,23.648921,0.0],[120.803388,23.649244,0.0],[120.802918,23.649543,0.0],[120.802717,23.649494,0.0],[120.802422,23.649731,0.0],[120.80202,23.649718,0.0],[120.80174,23.649833,0.0],[120.801532,23.649598,0.0],[120.801421,23.649136,0.0],[120.801505,23.648803,0.0],[120.801279,23.648607,0.0],[120.80127,23.648473,0.0],[120.800982,23.648248,0.0],[120.800104,23.647948,0.0],[120.79971,23.647695,0.0],[120.798938,23.647642,0.0],[120.798049,23.647734,0.0],[120.797315,23.647399,0.0],[120.796476,23.647775,0.0],[120.796048,23.647838,0.0],[120.79545,23.64813,0.0],[120.793933,23.648162,0.0],[120.793769,23.648475,0.0],[120.793172,23.648877,0.0],[120.792543,23.649006,0.0],[120.791993,23.648855,0.0],[120.791705,23.648672,0.0],[120.791384,23.648199,0.0],[120.79084,23.647824,0.0],[120.790298,23.647592,0.0],[120.789479,23.646807,0.0],[120.788168,23.646525,0.0],[120.787848,23.646236,0.0],[120.787558,23.646283,0.0],[120.787398,23.646567,0.0],[120.787074,23.646815,0.0],[120.786965,23.646826,0.0],[120.78449,23.646499,0.0],[120.783571,23.64619,0.0],[120.782894,23.646066,0.0],[120.782336,23.646095,0.0],[120.781889,23.646496,0.0],[120.781635,23.64681,0.0],[120.781602,23.646959,0.0],[120.780793,23.647309,0.0],[120.780264,23.647324,0.0],[120.7785,23.647091,0.0],[120.777741,23.647572,0.0],[120.77729,23.647652,0.0],[120.776137,23.647639,0.0],[120.775535,23.64738,0.0],[120.775422,23.64742,0.0],[120.775161,23.647268,0.0],[120.774909,23.647305,0.0],[120.774258,23.647208,0.0],[120.774059,23.64726,0.0],[120.772548,23.646674,0.0],[120.771636,23.646475,0.0],[120.771311,23.646238,0.0],[120.77111,23.64588,0.0],[120.770064,23.645237,0.0],[120.769704,23.645212,0.0],[120.769417,23.645299,0.0],[120.768581,23.644778,0.0],[120.768584,23.644319,0.0],[120.769843,23.643403,0.0],[120.77028,23.643308,0.0],[120.771466,23.643492,0.0],[120.772069,23.643699,0.0],[120.772528,23.643587,0.0],[120.772996,23.643354,0.0],[120.774231,23.643041,0.0],[120.775201,23.642929,0.0],[120.776435,23.64312,0.0],[120.776185,23.642301,0.0],[120.776175,23.641774,0.0],[120.776386,23.640507,0.0],[120.776652,23.639893,0.0],[120.776123,23.640422,0.0],[120.775203,23.641547,0.0],[120.775138,23.640446,0.0],[120.775198,23.639878,0.0],[120.77536,23.63939,0.0],[120.776169,23.638318,0.0],[120.776715,23.635823,0.0],[120.776702,23.635115,0.0],[120.77654,23.634825,0.0],[120.776525,23.634478,0.0],[120.776343,23.634254,0.0],[120.776212,23.633405,0.0],[120.776421,23.632822,0.0],[120.776448,23.631271,0.0],[120.7775,23.630479,0.0],[120.77761,23.629514,0.0],[120.777838,23.628727,0.0],[120.778091,23.628424,0.0],[120.778076,23.628262,0.0],[120.778376,23.627899,0.0],[120.778721,23.627713,0.0],[120.778735,23.626905,0.0],[120.778921,23.62668,0.0],[120.779003,23.626229,0.0],[120.779435,23.626034,0.0],[120.779541,23.625155,0.0],[120.779803,23.624376,0.0],[120.779882,23.624189,0.0],[120.780185,23.623933,0.0],[120.780584,23.623049,0.0],[120.780647,23.622951,0.0],[120.781585,23.622688,0.0],[120.782606,23.62257,0.0],[120.782833,23.622279,0.0],[120.78279,23.622106,0.0],[120.782862,23.621753,0.0],[120.783046,23.621443,0.0],[120.783032,23.621061,0.0],[120.783251,23.620639,0.0],[120.78313,23.620216,0.0],[120.783224,23.619464,0.0],[120.783682,23.619173,0.0],[120.783784,23.619029,0.0],[120.784176,23.618825,0.0],[120.784569,23.618267,0.0],[120.784341,23.618178,0.0],[120.783561,23.618197,0.0],[120.783327,23.618364,0.0],[120.783141,23.61835,0.0],[120.782675,23.617106,0.0],[120.782105,23.617773,0.0],[120.781603,23.618103,0.0],[120.78075,23.618047,0.0],[120.780749,23.618521,0.0],[120.779462,23.618516,0.0],[120.778985,23.6186,0.0],[120.778595,23.618538,0.0],[120.778278,23.618595,0.0],[120.777827,23.618906,0.0],[120.776309,23.619389,0.0],[120.776203,23.619285,0.0],[120.775411,23.619568,0.0],[120.77515,23.619493,0.0],[120.774866,23.619539,0.0],[120.774216,23.619486,0.0],[120.774407,23.619287,0.0],[120.773944,23.618995,0.0],[120.773804,23.618742,0.0],[120.773921,23.618484,0.0],[120.773273,23.617957,0.0],[120.773008,23.617972,0.0],[120.772649,23.617849,0.0],[120.772666,23.617661,0.0],[120.772338,23.617411,0.0],[120.772218,23.617154,0.0],[120.772026,23.617093,0.0],[120.771842,23.61684,0.0],[120.7722,23.615935,0.0],[120.772041,23.615052,0.0],[120.771725,23.614636,0.0],[120.771474,23.61493,0.0],[120.771489,23.615189,0.0],[120.771233,23.615268,0.0],[120.770851,23.615554,0.0],[120.770331,23.615607,0.0],[120.769611,23.615897,0.0],[120.769479,23.616148,0.0],[120.769542,23.61719,0.0],[120.769153,23.617588,0.0],[120.769307,23.618114,0.0],[120.769179,23.618123,0.0],[120.769173,23.618209,0.0],[120.768866,23.618262,0.0],[120.76855,23.618236,0.0],[120.768307,23.618499,0.0],[120.76851,23.6185,0.0],[120.76808,23.618828,0.0],[120.768098,23.618888,0.0],[120.767772,23.61925,0.0],[120.767865,23.619541,0.0],[120.767646,23.619633,0.0],[120.767497,23.619837,0.0],[120.767134,23.620013,0.0],[120.767002,23.619986,0.0],[120.767015,23.619491,0.0],[120.767136,23.618955,0.0],[120.766418,23.618572,0.0],[120.766336,23.618612,0.0],[120.76601,23.618442,0.0],[120.766418,23.617819,0.0],[120.766398,23.617562,0.0],[120.766647,23.616807,0.0],[120.766655,23.616562,0.0],[120.766437,23.616316,0.0],[120.765382,23.615977,0.0],[120.763994,23.615903,0.0],[120.76324,23.615782,0.0],[120.762876,23.615525,0.0],[120.762916,23.615314,0.0],[120.762756,23.615257,0.0],[120.762592,23.614863,0.0],[120.762506,23.614352,0.0],[120.761979,23.614263,0.0],[120.761773,23.614112,0.0],[120.761702,23.614168,0.0],[120.761639,23.61408,0.0],[120.761591,23.614208,0.0],[120.760421,23.613147,0.0],[120.760107,23.613077,0.0],[120.759637,23.61313,0.0],[120.759014,23.613544,0.0],[120.758178,23.61429,0.0],[120.75795,23.61433,0.0],[120.757687,23.614535,0.0],[120.757332,23.61458,0.0],[120.756776,23.614852,0.0],[120.75602,23.614921,0.0],[120.755723,23.614851,0.0],[120.755314,23.614635,0.0],[120.755155,23.614672,0.0],[120.755077,23.614801,0.0],[120.754812,23.614835,0.0],[120.754665,23.614997,0.0],[120.754337,23.615064,0.0],[120.75378,23.614832,0.0],[120.753415,23.615034,0.0],[120.75289,23.61494,0.0],[120.752459,23.615025,0.0],[120.751668,23.614699,0.0],[120.750682,23.61465,0.0],[120.750415,23.614443,0.0],[120.750075,23.614331,0.0],[120.749962,23.614088,0.0],[120.749562,23.613766,0.0],[120.749144,23.612948,0.0],[120.748773,23.612588,0.0],[120.748658,23.612313,0.0],[120.747678,23.611876,0.0],[120.747038,23.611775,0.0],[120.746221,23.612575,0.0],[120.745884,23.612751,0.0],[120.743645,23.612676,0.0],[120.74312,23.612498,0.0],[120.741999,23.612538,0.0],[120.741023,23.612255,0.0],[120.739284,23.610529,0.0],[120.738842,23.610239,0.0],[120.738306,23.610047,0.0],[120.737625,23.610002,0.0],[120.736657,23.61019,0.0],[120.736429,23.610308,0.0],[120.735891,23.610292,0.0],[120.735655,23.610489,0.0],[120.735552,23.610476,0.0],[120.73494,23.610855,0.0],[120.734749,23.610878,0.0],[120.734295,23.610731,0.0],[120.734181,23.61057,0.0],[120.73361,23.610439,0.0],[120.732671,23.610835,0.0],[120.732127,23.610587,0.0],[120.73174,23.61055,0.0],[120.731326,23.610603,0.0],[120.731049,23.610743,0.0],[120.730874,23.610934,0.0],[120.730651,23.610929,0.0],[120.730971,23.611751,0.0],[120.731,23.612962,0.0],[120.730819,23.614505,0.0],[120.730538,23.615129,0.0],[120.730571,23.615666,0.0],[120.730502,23.615972,0.0],[120.730829,23.617184,0.0],[120.731293,23.618438,0.0],[120.731055,23.619083,0.0],[120.730869,23.618895,0.0],[120.730203,23.61945,0.0],[120.729628,23.619586,0.0],[120.729188,23.619959,0.0],[120.728158,23.620125,0.0],[120.727214,23.620422,0.0],[120.727118,23.620628,0.0],[120.727184,23.621068,0.0],[120.727093,23.62125,0.0],[120.726825,23.621424,0.0],[120.72659,23.621727,0.0],[120.726334,23.621753,0.0],[120.726174,23.622001,0.0],[120.725957,23.622019,0.0],[120.725317,23.621752,0.0],[120.725014,23.621697,0.0],[120.724319,23.622035,0.0],[120.723959,23.622494,0.0],[120.723545,23.622756,0.0],[120.722842,23.623617,0.0],[120.722658,23.624047,0.0],[120.722295,23.624386,0.0],[120.721976,23.62482,0.0],[120.721935,23.62491,0.0],[120.722202,23.625149,0.0],[120.722181,23.62523,0.0],[120.721848,23.625281,0.0],[120.721749,23.625237,0.0],[120.721041,23.625743,0.0],[120.721051,23.625931,0.0],[120.720693,23.62675,0.0],[120.720304,23.627112,0.0],[120.720048,23.627587,0.0],[120.720435,23.627908,0.0],[120.72002,23.628309,0.0],[120.719964,23.628483,0.0],[120.719828,23.628463,0.0],[120.719404,23.629152,0.0],[120.718581,23.630176,0.0],[120.717975,23.629781,0.0],[120.717332,23.629563,0.0],[120.716523,23.62961,0.0],[120.715916,23.629857,0.0],[120.716239,23.628984,0.0],[120.716843,23.628437,0.0],[120.717143,23.62732,0.0],[120.71751,23.627017,0.0],[120.717615,23.626751,0.0],[120.71803,23.626731,0.0],[120.718466,23.626382,0.0],[120.718542,23.626245,0.0],[120.718574,23.625376,0.0],[120.719074,23.62498,0.0],[120.719255,23.624924,0.0],[120.719444,23.624649,0.0],[120.719685,23.624648,0.0],[120.719849,23.624284,0.0],[120.719995,23.623486,0.0],[120.720471,23.623083,0.0],[120.72063,23.62269,0.0],[120.721178,23.622072,0.0],[120.721118,23.621152,0.0],[120.721257,23.620935,0.0],[120.72158,23.620695,0.0],[120.721149,23.620042,0.0],[120.721256,23.619896,0.0],[120.721164,23.619574,0.0],[120.721318,23.61899,0.0],[120.721731,23.618616,0.0],[120.721947,23.61826,0.0],[120.722195,23.618143,0.0],[120.722276,23.617943,0.0],[120.72282,23.617859,0.0],[120.722938,23.617645,0.0],[120.723008,23.617643,0.0],[120.722983,23.617365,0.0],[120.722817,23.617017,0.0],[120.722741,23.616988,0.0],[120.722704,23.616776,0.0],[120.722368,23.616541,0.0],[120.722339,23.616409,0.0],[120.722322,23.61656,0.0],[120.722262,23.61641,0.0],[120.722305,23.616316,0.0],[120.72137,23.615909,0.0],[120.721049,23.615646,0.0],[120.721086,23.615269,0.0],[120.721347,23.61459,0.0],[120.721089,23.614066,0.0],[120.720823,23.613729,0.0],[120.720175,23.613547,0.0],[120.719805,23.613342,0.0],[120.719623,23.613326,0.0],[120.719324,23.613467,0.0],[120.719003,23.613431,0.0],[120.718985,23.613343,0.0],[120.719357,23.61314,0.0],[120.719011,23.613126,0.0],[120.719211,23.613024,0.0],[120.719222,23.612857,0.0],[120.718961,23.612697,0.0],[120.718961,23.612761,0.0],[120.71874,23.612405,0.0],[120.718664,23.612202,0.0],[120.71867,23.611671,0.0],[120.7183,23.611454,0.0],[120.717564,23.611173,0.0],[120.717109,23.611314,0.0],[120.717005,23.610891,0.0],[120.716661,23.610428,0.0],[120.71551,23.610143,0.0],[120.714839,23.609843,0.0],[120.714568,23.609531,0.0],[120.714394,23.608688,0.0],[120.714337,23.607763,0.0],[120.714202,23.607402,0.0],[120.714185,23.607159,0.0],[120.7143,23.606837,0.0],[120.713829,23.606253,0.0],[120.713255,23.6057,0.0],[120.712339,23.60511,0.0],[120.712057,23.604533,0.0],[120.711983,23.604099,0.0],[120.711837,23.603893,0.0],[120.711794,23.603539,0.0],[120.711883,23.603399,0.0],[120.711783,23.603101,0.0],[120.711845,23.602982,0.0],[120.711693,23.602845,0.0],[120.71138,23.602239,0.0],[120.711679,23.601731,0.0],[120.71143,23.601211,0.0],[120.710915,23.600716,0.0],[120.710618,23.599833,0.0],[120.710479,23.599636,0.0],[120.709854,23.59936,0.0],[120.709044,23.599167,0.0],[120.70843,23.598615,0.0],[120.708457,23.598527,0.0],[120.708357,23.598453,0.0],[120.708247,23.598058,0.0],[120.708161,23.597416,0.0],[120.708179,23.596973,0.0],[120.708304,23.596844,0.0],[120.708248,23.595968,0.0],[120.707709,23.595342,0.0],[120.707329,23.595289,0.0],[120.707078,23.595091,0.0],[120.70676,23.595113,0.0],[120.706089,23.594886,0.0],[120.705618,23.594541,0.0],[120.705208,23.594378,0.0],[120.704971,23.594087,0.0],[120.704568,23.592926,0.0],[120.704321,23.591388,0.0],[120.703931,23.590693,0.0],[120.703491,23.590233,0.0],[120.703349,23.589768,0.0],[120.702807,23.589004,0.0],[120.702964,23.588647,0.0],[120.702963,23.587897,0.0],[120.702769,23.587282,0.0],[120.702811,23.587055,0.0],[120.702653,23.58672,0.0],[120.703214,23.586134,0.0],[120.703679,23.585214,0.0],[120.703424,23.584478,0.0],[120.702766,23.583749,0.0],[120.702494,23.583077,0.0],[120.702106,23.582721,0.0],[120.701878,23.582278,0.0],[120.701604,23.581983,0.0],[120.701663,23.581907,0.0],[120.701628,23.581592,0.0],[120.701815,23.581106,0.0],[120.70177,23.58057,0.0],[120.701636,23.580159,0.0],[120.70192,23.579261,0.0],[120.701851,23.578769,0.0],[120.701633,23.578264,0.0],[120.702194,23.578281,0.0],[120.702691,23.577614,0.0],[120.703251,23.577239,0.0],[120.703372,23.576827,0.0],[120.703377,23.576251,0.0],[120.703813,23.576133,0.0],[120.704032,23.576298,0.0],[120.704127,23.576616,0.0],[120.704419,23.576727,0.0],[120.704759,23.577151,0.0],[120.705501,23.577285,0.0],[120.706366,23.577976,0.0],[120.706755,23.577826,0.0],[120.707511,23.578173,0.0],[120.707661,23.578369,0.0],[120.707565,23.57864,0.0],[120.707603,23.578708,0.0],[120.708475,23.579313,0.0],[120.709325,23.578149,0.0],[120.708924,23.57752,0.0],[120.708545,23.577479,0.0],[120.708234,23.577081,0.0],[120.708159,23.57685,0.0],[120.708197,23.576651,0.0],[120.707876,23.576348,0.0],[120.707631,23.575422,0.0],[120.708115,23.575554,0.0],[120.708355,23.575711,0.0],[120.708669,23.575723,0.0],[120.709345,23.575554,0.0],[120.709832,23.575233,0.0],[120.710009,23.57472,0.0],[120.710145,23.572631,0.0],[120.71056,23.571737,0.0],[120.710924,23.571253,0.0],[120.711364,23.571201,0.0],[120.712504,23.571306,0.0],[120.713047,23.571462,0.0],[120.713401,23.571726,0.0],[120.713689,23.57164,0.0],[120.713872,23.571662,0.0],[120.714087,23.571404,0.0],[120.714535,23.571578,0.0],[120.715399,23.57123,0.0],[120.715948,23.571211,0.0],[120.716459,23.5713,0.0],[120.717094,23.571136,0.0],[120.717542,23.570868,0.0],[120.717817,23.570588,0.0],[120.718094,23.570136,0.0],[120.718288,23.569497,0.0],[120.718522,23.56929,0.0],[120.719011,23.56923,0.0],[120.719322,23.569314,0.0],[120.719546,23.569197,0.0],[120.719377,23.569063,0.0],[120.720829,23.56847,0.0],[120.72154,23.568054,0.0],[120.722957,23.567856,0.0],[120.723399,23.567376,0.0],[120.723673,23.567421,0.0],[120.72392,23.567285,0.0],[120.723996,23.567388,0.0],[120.724457,23.567413,0.0],[120.725205,23.567078,0.0],[120.725483,23.567128,0.0],[120.725734,23.566986,0.0],[120.725994,23.567025,0.0],[120.726159,23.566883,0.0],[120.726194,23.566591,0.0],[120.726873,23.565973,0.0],[120.72673,23.565818,0.0],[120.726793,23.565601,0.0],[120.726929,23.565471,0.0],[120.727388,23.565378,0.0],[120.7275,23.565025,0.0],[120.727825,23.564857,0.0],[120.727955,23.564629,0.0],[120.72809,23.564673,0.0],[120.728157,23.564893,0.0],[120.72908,23.564507,0.0],[120.729422,23.565116,0.0],[120.729833,23.565169,0.0],[120.730162,23.565321,0.0],[120.730321,23.565055,0.0],[120.730473,23.565046,0.0],[120.730651,23.564774,0.0],[120.73059,23.564469,0.0],[120.73065,23.563967,0.0],[120.731301,23.564086,0.0],[120.732502,23.563653,0.0],[120.733121,23.56398,0.0],[120.733526,23.563922,0.0],[120.733672,23.56384,0.0],[120.734026,23.563368,0.0],[120.734556,23.562983,0.0],[120.735138,23.562348,0.0],[120.735528,23.561638,0.0],[120.735917,23.561139,0.0],[120.736134,23.561011,0.0],[120.736824,23.560057,0.0],[120.737131,23.559767,0.0],[120.737331,23.559642,0.0],[120.737798,23.559562,0.0],[120.738179,23.559654,0.0],[120.738593,23.559547,0.0],[120.739326,23.559192,0.0],[120.739696,23.558903,0.0],[120.740061,23.558783,0.0],[120.741346,23.558663,0.0],[120.741856,23.558726,0.0],[120.742129,23.558564,0.0],[120.742173,23.558614,0.0],[120.743084,23.558425,0.0],[120.743561,23.558178,0.0],[120.743623,23.558247,0.0],[120.743692,23.558222,0.0],[120.743892,23.558547,0.0],[120.74452,23.559003,0.0],[120.744925,23.559722,0.0],[120.745682,23.561761,0.0],[120.745592,23.562389,0.0],[120.745272,23.562667,0.0],[120.744975,23.563472,0.0],[120.744899,23.563959,0.0],[120.745025,23.564514,0.0],[120.746463,23.565519,0.0],[120.746557,23.564761,0.0],[120.746702,23.564412,0.0],[120.747004,23.564048,0.0],[120.747613,23.563762,0.0],[120.747942,23.56319,0.0],[120.748236,23.562846,0.0],[120.748866,23.561076,0.0],[120.748475,23.560478,0.0],[120.747918,23.55881,0.0],[120.748099,23.558564,0.0],[120.748423,23.558575,0.0],[120.74866,23.558497,0.0],[120.748781,23.558562,0.0],[120.747612,23.557078,0.0],[120.747151,23.556623,0.0],[120.746437,23.556243,0.0],[120.745638,23.556138,0.0],[120.745788,23.555461,0.0],[120.7463,23.55498,0.0],[120.746439,23.554646,0.0],[120.74642,23.554492,0.0],[120.746161,23.554297,0.0],[120.745608,23.554097,0.0],[120.745559,23.553961,0.0],[120.745708,23.553569,0.0],[120.745625,23.553482,0.0],[120.743762,23.552924,0.0],[120.743578,23.552994,0.0],[120.742458,23.552373,0.0],[120.741199,23.551278,0.0],[120.740724,23.550581,0.0],[120.740649,23.550303,0.0],[120.740362,23.550002,0.0],[120.739253,23.549104,0.0],[120.738203,23.548866,0.0],[120.737676,23.548814,0.0],[120.736855,23.548865,0.0],[120.736631,23.548626,0.0],[120.736429,23.548579,0.0],[120.735724,23.548105,0.0],[120.735116,23.547603,0.0],[120.734597,23.547497,0.0],[120.734348,23.547538,0.0],[120.734042,23.547345,0.0],[120.73385,23.546383,0.0],[120.733819,23.545391,0.0],[120.734062,23.545335,0.0],[120.733876,23.545209,0.0],[120.733805,23.544907,0.0],[120.733952,23.544611,0.0],[120.73455,23.544291,0.0],[120.734472,23.544156,0.0],[120.734963,23.54374,0.0],[120.735569,23.543428,0.0],[120.735988,23.543377,0.0],[120.736749,23.54288,0.0],[120.736862,23.542884,0.0],[120.736993,23.543016,0.0],[120.737295,23.543069,0.0],[120.738204,23.542928,0.0],[120.738626,23.542293,0.0],[120.739787,23.539949,0.0],[120.739791,23.539582,0.0],[120.7413,23.539509,0.0],[120.741854,23.539387,0.0],[120.742421,23.539504,0.0],[120.743315,23.53945,0.0],[120.743868,23.539228,0.0],[120.744633,23.539097,0.0],[120.74479,23.538964,0.0],[120.745704,23.538843,0.0],[120.746007,23.538603,0.0],[120.746656,23.538555,0.0],[120.74777,23.537898,0.0],[120.748163,23.537827,0.0],[120.748441,23.537597,0.0],[120.749338,23.537419,0.0],[120.749794,23.537496,0.0],[120.749901,23.537322,0.0],[120.751158,23.53707,0.0],[120.750974,23.536737,0.0],[120.750879,23.536346,0.0],[120.750868,23.535502,0.0],[120.750472,23.53449,0.0],[120.750013,23.533838,0.0],[120.749806,23.533678,0.0],[120.749597,23.53365,0.0],[120.749352,23.53375,0.0],[120.749352,23.533538,0.0],[120.74966,23.533316,0.0],[120.749789,23.533055,0.0],[120.750329,23.532936,0.0],[120.751565,23.533297,0.0],[120.752077,23.533601,0.0],[120.752335,23.532885,0.0],[120.752721,23.53284,0.0],[120.75311,23.532578,0.0],[120.753437,23.532141,0.0],[120.754382,23.531738,0.0],[120.754492,23.531066,0.0],[120.754587,23.530977,0.0],[120.754565,23.530666,0.0],[120.754687,23.53059,0.0],[120.753257,23.530048,0.0],[120.752894,23.530018,0.0],[120.75252,23.52977,0.0],[120.752178,23.529649,0.0],[120.75066,23.529521,0.0],[120.750385,23.529787,0.0],[120.748089,23.529705,0.0],[120.748834,23.529517,0.0],[120.749834,23.52876,0.0],[120.752142,23.527681,0.0],[120.752368,23.527683,0.0],[120.752184,23.527138,0.0],[120.751907,23.527062,0.0],[120.751623,23.526518,0.0],[120.751421,23.52644,0.0],[120.750714,23.525471,0.0],[120.750633,23.524617,0.0],[120.749905,23.524247,0.0],[120.748929,23.524211,0.0],[120.747848,23.523888,0.0],[120.746372,23.524411,0.0],[120.746146,23.524634,0.0],[120.745927,23.525764,0.0],[120.745977,23.525986,0.0],[120.74527,23.525565,0.0],[120.74615,23.524114,0.0],[120.746622,23.523709,0.0],[120.747681,23.523226,0.0],[120.747964,23.523183,0.0],[120.748299,23.522906,0.0],[120.748749,23.522742,0.0],[120.749213,23.522775,0.0],[120.7497,23.522509,0.0],[120.750303,23.522382,0.0],[120.751292,23.521896,0.0],[120.751597,23.521837,0.0],[120.752229,23.521446,0.0],[120.750938,23.520825,0.0],[120.750729,23.520518,0.0],[120.750136,23.520203,0.0],[120.749188,23.51894,0.0],[120.749392,23.518287,0.0],[120.749394,23.517481,0.0],[120.748853,23.516833,0.0],[120.748836,23.516389,0.0],[120.748964,23.516422,0.0],[120.74802,23.514548,0.0],[120.748722,23.514705,0.0],[120.748794,23.514594,0.0],[120.749491,23.514546,0.0],[120.750372,23.515139,0.0],[120.750965,23.515765,0.0],[120.751375,23.515731,0.0],[120.751687,23.515573,0.0],[120.752068,23.515522,0.0],[120.752344,23.51577,0.0],[120.752475,23.515995,0.0],[120.752738,23.516113,0.0],[120.752864,23.516268,0.0],[120.75361,23.516604,0.0],[120.753637,23.516367,0.0],[120.753741,23.516331,0.0],[120.753751,23.516191,0.0],[120.753874,23.516284,0.0],[120.754004,23.516238,0.0],[120.753829,23.51617,0.0],[120.754115,23.516199,0.0],[120.754646,23.51604,0.0],[120.755491,23.515655,0.0],[120.755781,23.5153,0.0],[120.756426,23.514983,0.0],[120.756628,23.514683,0.0],[120.756603,23.51433,0.0],[120.756465,23.513971,0.0],[120.756632,23.513667,0.0],[120.756509,23.513027,0.0],[120.756529,23.51276,0.0],[120.756781,23.512162,0.0],[120.756945,23.511956,0.0],[120.757089,23.511919,0.0],[120.75748,23.511574,0.0],[120.757566,23.511335,0.0],[120.757131,23.511194,0.0],[120.756599,23.510901,0.0],[120.755653,23.510582,0.0],[120.754545,23.51036,0.0],[120.75413,23.510118,0.0],[120.753747,23.510119,0.0],[120.754141,23.510324,0.0],[120.753999,23.510387,0.0],[120.754081,23.510522,0.0],[120.753592,23.51056,0.0],[120.75299,23.510355,0.0],[120.752921,23.510395,0.0],[120.752264,23.510263,0.0],[120.752364,23.510158,0.0],[120.752278,23.510143,0.0],[120.752562,23.509804,0.0],[120.753279,23.509062,0.0],[120.753641,23.508443,0.0],[120.753961,23.508175,0.0],[120.754217,23.507829,0.0],[120.755935,23.506343,0.0],[120.755741,23.506272,0.0],[120.755021,23.505744,0.0],[120.754329,23.505616,0.0],[120.754056,23.505141,0.0],[120.753929,23.505133,0.0],[120.753815,23.505247,0.0],[120.753627,23.505183,0.0],[120.753464,23.505054,0.0],[120.753407,23.504614,0.0],[120.753307,23.504523,0.0],[120.752865,23.504526,0.0],[120.752508,23.504734,0.0],[120.751624,23.504582,0.0],[120.751358,23.504792,0.0],[120.751001,23.504867,0.0],[120.750587,23.505876,0.0],[120.750333,23.506102,0.0],[120.749922,23.506046,0.0],[120.749396,23.505629,0.0],[120.749126,23.505251,0.0],[120.749116,23.504521,0.0],[120.74934,23.503579,0.0],[120.749659,23.502791,0.0],[120.748304,23.502379,0.0],[120.748203,23.502076,0.0],[120.747713,23.501853,0.0],[120.747585,23.501501,0.0],[120.747126,23.500881,0.0],[120.746753,23.500656,0.0],[120.74635,23.500717,0.0],[120.74634,23.501039,0.0],[120.746125,23.501197,0.0],[120.746218,23.501456,0.0],[120.746425,23.501588,0.0],[120.746311,23.501792,0.0],[120.746312,23.501969,0.0],[120.746418,23.502196,0.0],[120.746787,23.502375,0.0],[120.746931,23.502689,0.0],[120.746892,23.502838,0.0],[120.746656,23.503097,0.0],[120.746586,23.503338,0.0],[120.746638,23.503459,0.0],[120.746983,23.503504,0.0],[120.747036,23.503686,0.0],[120.747238,23.503807,0.0],[120.747649,23.50394,0.0],[120.748015,23.505001,0.0],[120.748188,23.505096,0.0],[120.748644,23.506364,0.0],[120.748488,23.506931,0.0],[120.748279,23.507116,0.0],[120.747838,23.507277,0.0],[120.747473,23.507526,0.0],[120.747377,23.507749,0.0],[120.746718,23.507992,0.0],[120.746515,23.50819,0.0],[120.746179,23.508872,0.0],[120.746181,23.509074,0.0],[120.745498,23.508936,0.0],[120.745271,23.508778,0.0],[120.745335,23.508319,0.0],[120.745468,23.508097,0.0],[120.744687,23.507977,0.0],[120.744119,23.508241,0.0],[120.743958,23.508597,0.0],[120.744042,23.508927,0.0],[120.744301,23.509382,0.0],[120.744115,23.509964,0.0],[120.744358,23.510355,0.0],[120.744342,23.510677,0.0],[120.744744,23.511037,0.0],[120.744684,23.511139,0.0],[120.745171,23.511251,0.0],[120.745325,23.511752,0.0],[120.745028,23.512501,0.0],[120.745323,23.512867,0.0],[120.745385,23.513319,0.0],[120.744914,23.514013,0.0],[120.744618,23.51398,0.0],[120.743979,23.513301,0.0],[120.742914,23.512572,0.0],[120.742561,23.512247,0.0],[120.742265,23.512191,0.0],[120.741611,23.511812,0.0],[120.741413,23.512284,0.0],[120.741048,23.515888,0.0],[120.741388,23.516954,0.0],[120.74201,23.518027,0.0],[120.741974,23.518205,0.0],[120.742073,23.518407,0.0],[120.742656,23.519323,0.0],[120.741772,23.519628,0.0],[120.741962,23.519998,0.0],[120.741926,23.520111,0.0],[120.741808,23.520142,0.0],[120.741625,23.520515,0.0],[120.741726,23.520549,0.0],[120.740959,23.52142,0.0],[120.740648,23.521526,0.0],[120.740018,23.521491,0.0],[120.739878,23.521352,0.0],[120.739751,23.521369,0.0],[120.738384,23.520394,0.0],[120.738241,23.520415,0.0],[120.737912,23.520676,0.0],[120.737513,23.520845,0.0],[120.736723,23.520727,0.0],[120.735967,23.52102,0.0],[120.735572,23.520951,0.0],[120.735478,23.520998,0.0],[120.735254,23.521459,0.0],[120.735111,23.522172,0.0],[120.735251,23.522723,0.0],[120.734923,23.523078,0.0],[120.734863,23.523252,0.0],[120.734881,23.524403,0.0],[120.734595,23.524609,0.0],[120.734546,23.524785,0.0],[120.733736,23.525598,0.0],[120.73354,23.526252,0.0],[120.733696,23.526856,0.0],[120.733972,23.527346,0.0],[120.734062,23.527769,0.0],[120.733986,23.528449,0.0],[120.73281,23.528157,0.0],[120.73276,23.52787,0.0],[120.732744,23.527228,0.0],[120.732682,23.526526,0.0],[120.731314,23.526329,0.0],[120.731148,23.526383,0.0],[120.730892,23.526238,0.0],[120.728853,23.526402,0.0],[120.727836,23.525976,0.0],[120.72745,23.52593,0.0],[120.727236,23.525696,0.0],[120.72684,23.52547,0.0],[120.726283,23.524925,0.0],[120.726084,23.525864,0.0],[120.726197,23.52629,0.0],[120.72694,23.527584,0.0],[120.726992,23.527793,0.0],[120.72718,23.527859,0.0],[120.72684,23.529111,0.0],[120.727841,23.530032,0.0],[120.728033,23.530364,0.0],[120.728405,23.532307,0.0],[120.728336,23.533368,0.0],[120.728449,23.533896,0.0],[120.728156,23.534874,0.0],[120.728256,23.534991,0.0],[120.728204,23.535184,0.0],[120.728609,23.535329,0.0],[120.728961,23.535628,0.0],[120.728846,23.535858,0.0],[120.729012,23.536093,0.0],[120.72842,23.536857,0.0],[120.728013,23.536767,0.0],[120.727631,23.536917,0.0],[120.726972,23.536406,0.0],[120.726669,23.536022,0.0],[120.72648,23.535623,0.0],[120.726368,23.534844,0.0],[120.72646,23.534711,0.0],[120.727454,23.534139,0.0],[120.727239,23.533857,0.0],[120.726706,23.534102,0.0],[120.72654,23.534338,0.0],[120.726438,23.534226,0.0],[120.726326,23.534278,0.0],[120.726131,23.534071,0.0],[120.725328,23.533742,0.0],[120.723861,23.533787,0.0],[120.723444,23.53369,0.0],[120.723056,23.533499,0.0],[120.722572,23.533061,0.0],[120.722374,23.532746,0.0],[120.722312,23.532256,0.0],[120.722663,23.531376,0.0],[120.722427,23.530464,0.0],[120.722001,23.530162,0.0],[120.720655,23.529551,0.0],[120.720514,23.52935,0.0],[120.719746,23.529191,0.0],[120.719484,23.528854,0.0],[120.719166,23.528624,0.0],[120.718029,23.527482,0.0],[120.717706,23.526958,0.0],[120.717582,23.52699,0.0],[120.716906,23.526713,0.0],[120.716633,23.526776,0.0],[120.716395,23.5264,0.0],[120.716089,23.526146,0.0],[120.71598,23.525874,0.0],[120.715567,23.525458,0.0],[120.715557,23.525162,0.0],[120.71506,23.524411,0.0],[120.714597,23.524155,0.0],[120.714059,23.523712,0.0],[120.713804,23.52372,0.0],[120.713561,23.523472,0.0],[120.713269,23.523333,0.0],[120.713006,23.523049,0.0],[120.712897,23.522795,0.0],[120.712668,23.522606,0.0],[120.712599,23.522346,0.0],[120.712671,23.522202,0.0],[120.712558,23.521994,0.0],[120.712229,23.521881,0.0],[120.712234,23.521522,0.0],[120.711994,23.521229,0.0],[120.711022,23.521091,0.0],[120.710866,23.52111,0.0],[120.710716,23.521241,0.0],[120.710412,23.521213,0.0],[120.710319,23.521314,0.0],[120.71005,23.521349,0.0],[120.709676,23.521195,0.0],[120.709645,23.521088,0.0],[120.709452,23.521104,0.0],[120.709189,23.520911,0.0],[120.708979,23.520585,0.0],[120.708717,23.520587,0.0],[120.708443,23.520435,0.0],[120.708364,23.520256,0.0],[120.708056,23.519984,0.0],[120.707739,23.519836,0.0],[120.70725,23.519765,0.0],[120.706698,23.519354,0.0],[120.706666,23.519164,0.0],[120.706399,23.519021,0.0],[120.705899,23.519215,0.0],[120.70575,23.519166,0.0],[120.705662,23.519229,0.0],[120.705452,23.519203,0.0],[120.705433,23.519358,0.0],[120.70517,23.519599,0.0],[120.704895,23.519581,0.0],[120.704803,23.519485,0.0],[120.704665,23.519534,0.0],[120.70391,23.518991,0.0],[120.703531,23.519027,0.0],[120.703228,23.518829,0.0],[120.703048,23.518582,0.0],[120.702812,23.518563,0.0],[120.702745,23.518416,0.0],[120.702257,23.518403,0.0],[120.701893,23.518217,0.0],[120.700818,23.51724,0.0],[120.700373,23.517092,0.0],[120.699896,23.516682,0.0],[120.699585,23.516752,0.0],[120.699267,23.516637,0.0],[120.699158,23.516714,0.0],[120.698842,23.516641,0.0],[120.698599,23.516309,0.0],[120.697365,23.515574,0.0],[120.697061,23.515584,0.0],[120.696659,23.515435,0.0],[120.696585,23.515265,0.0],[120.696373,23.515203,0.0],[120.696054,23.515884,0.0],[120.696322,23.516137,0.0],[120.696259,23.516331,0.0],[120.696109,23.516514,0.0],[120.695838,23.516654,0.0],[120.695771,23.51688,0.0],[120.695904,23.517121,0.0],[120.696625,23.517139,0.0],[120.696968,23.517012,0.0],[120.698281,23.516815,0.0],[120.698356,23.51701,0.0],[120.698589,23.51724,0.0],[120.698819,23.517216,0.0],[120.699771,23.517662,0.0],[120.699952,23.517891,0.0],[120.700096,23.517959,0.0],[120.700035,23.518062,0.0],[120.700163,23.518177,0.0],[120.701067,23.518376,0.0],[120.70139,23.518668,0.0],[120.701588,23.518738,0.0],[120.701735,23.518763,0.0],[120.701859,23.518673,0.0],[120.702154,23.518633,0.0],[120.702388,23.518856,0.0],[120.702548,23.518699,0.0],[120.703507,23.519701,0.0],[120.703823,23.520377,0.0],[120.703796,23.520557,0.0],[120.703611,23.520643,0.0],[120.703535,23.520817,0.0],[120.703364,23.520921,0.0],[120.703112,23.52121,0.0],[120.703118,23.521327,0.0],[120.703187,23.521386,0.0],[120.703175,23.521603,0.0],[120.703405,23.522602,0.0],[120.703564,23.522692,0.0],[120.703897,23.523523,0.0],[120.704132,23.523694,0.0],[120.704029,23.524304,0.0],[120.704117,23.524368,0.0],[120.703501,23.52509,0.0],[120.70318,23.525693,0.0],[120.701912,23.529475,0.0],[120.701628,23.529822,0.0],[120.70163,23.530211,0.0],[120.701535,23.530266,0.0],[120.701684,23.530591,0.0],[120.701636,23.530892,0.0],[120.701821,23.530878,0.0],[120.701872,23.531217,0.0],[120.701749,23.531378,0.0],[120.701346,23.531398,0.0],[120.701222,23.531525,0.0],[120.701173,23.531724,0.0],[120.701269,23.531946,0.0],[120.69979,23.532477,0.0],[120.69945,23.532424,0.0],[120.699125,23.532617,0.0],[120.699112,23.533009,0.0],[120.698309,23.534687,0.0],[120.698341,23.536516,0.0],[120.698465,23.536655,0.0],[120.698469,23.536979,0.0],[120.698331,23.537241,0.0],[120.698696,23.537781,0.0],[120.698681,23.537945,0.0],[120.698488,23.538146,0.0],[120.699253,23.538605,0.0],[120.699386,23.538584,0.0],[120.699543,23.5387,0.0],[120.699751,23.538662,0.0],[120.700252,23.538897,0.0],[120.700931,23.539085,0.0],[120.701762,23.539816,0.0],[120.701953,23.540177,0.0],[120.701832,23.540741,0.0],[120.701914,23.540909,0.0],[120.701759,23.54162,0.0],[120.70197,23.54221,0.0],[120.702171,23.542248,0.0],[120.702282,23.542391,0.0],[120.702324,23.542623,0.0],[120.702174,23.543722,0.0],[120.702288,23.544043,0.0],[120.70212,23.544514,0.0],[120.702109,23.544978,0.0],[120.701927,23.545427,0.0],[120.701972,23.545563,0.0],[120.702155,23.545702,0.0],[120.702355,23.54616,0.0],[120.702671,23.54636,0.0],[120.703083,23.547238,0.0],[120.703258,23.547278,0.0],[120.703473,23.547222,0.0],[120.703377,23.547455,0.0],[120.7037,23.547952,0.0],[120.70364,23.547959,0.0],[120.703668,23.548385,0.0],[120.703924,23.548636,0.0],[120.704701,23.548606,0.0],[120.704905,23.548393,0.0],[120.705335,23.548278,0.0],[120.705543,23.54831,0.0],[120.706156,23.548042,0.0],[120.70632,23.548048,0.0],[120.707317,23.547516,0.0],[120.707712,23.547654,0.0],[120.707671,23.547983,0.0],[120.70781,23.548124,0.0],[120.708129,23.5482,0.0],[120.708155,23.548416,0.0],[120.708612,23.548499,0.0],[120.708665,23.548616,0.0],[120.708844,23.548615,0.0],[120.709069,23.548961,0.0],[120.709838,23.549456,0.0],[120.709923,23.54959,0.0],[120.709966,23.549916,0.0],[120.707156,23.551674,0.0],[120.707132,23.551948,0.0],[120.707046,23.551965,0.0],[120.706986,23.551784,0.0],[120.705911,23.552478,0.0],[120.705893,23.552973,0.0],[120.705701,23.553177,0.0],[120.705732,23.553335,0.0],[120.705457,23.553971,0.0],[120.705221,23.55416,0.0],[120.705209,23.554372,0.0],[120.705271,23.554444,0.0],[120.705607,23.554485,0.0],[120.705614,23.554806,0.0],[120.70586,23.555143,0.0],[120.70616,23.555134,0.0],[120.706538,23.554933,0.0],[120.706959,23.554978,0.0],[120.707228,23.555237,0.0],[120.707172,23.555412,0.0],[120.707349,23.555669,0.0],[120.708852,23.556448,0.0],[120.708699,23.556772,0.0],[120.70876,23.556889,0.0],[120.708665,23.557416,0.0],[120.708718,23.557714,0.0],[120.708971,23.558102,0.0],[120.708867,23.558094,0.0],[120.708937,23.558179,0.0],[120.708983,23.558132,0.0],[120.709019,23.558379,0.0],[120.709496,23.558621,0.0],[120.709948,23.558655,0.0],[120.710273,23.558492,0.0],[120.710941,23.558384,0.0],[120.711209,23.558266,0.0],[120.71144,23.558467,0.0],[120.712234,23.558485,0.0],[120.712293,23.558723,0.0],[120.712172,23.558826,0.0],[120.712355,23.558795,0.0],[120.712968,23.558962,0.0],[120.71351,23.559262,0.0],[120.713499,23.559435,0.0],[120.714166,23.559705,0.0],[120.714296,23.559617,0.0],[120.71479,23.559623,0.0],[120.714791,23.559751,0.0],[120.714988,23.559732,0.0],[120.715274,23.560097,0.0],[120.715948,23.560177,0.0],[120.716343,23.560459,0.0],[120.716711,23.560485,0.0],[120.718218,23.561202,0.0],[120.718817,23.561614,0.0],[120.719447,23.561699,0.0],[120.720229,23.561641,0.0],[120.720257,23.561751,0.0],[120.720624,23.561726,0.0],[120.720601,23.562616,0.0],[120.720498,23.563155,0.0],[120.720566,23.56394,0.0],[120.720014,23.565463,0.0],[120.720018,23.565909,0.0],[120.719287,23.567245,0.0],[120.719307,23.567342,0.0],[120.719801,23.567764,0.0],[120.719682,23.567968,0.0],[120.719409,23.567895,0.0],[120.718274,23.568333,0.0],[120.71769,23.568771,0.0],[120.717397,23.569182,0.0],[120.716192,23.570211,0.0],[120.715915,23.570212,0.0],[120.715738,23.570523,0.0],[120.715168,23.570473,0.0],[120.71483,23.570266,0.0],[120.714316,23.57043,0.0],[120.714044,23.570711,0.0],[120.713372,23.57074,0.0],[120.712771,23.570659,0.0],[120.712357,23.570814,0.0],[120.71174,23.570643,0.0],[120.71151,23.570407,0.0],[120.710877,23.570412,0.0],[120.709487,23.571282,0.0],[120.708629,23.572877,0.0],[120.708632,23.573387,0.0],[120.708535,23.573645,0.0],[120.708252,23.573872,0.0],[120.707885,23.573991,0.0],[120.707602,23.5743,0.0],[120.707214,23.574273,0.0],[120.706184,23.574475,0.0],[120.703024,23.574766,0.0],[120.701442,23.57432,0.0],[120.698695,23.574574,0.0],[120.698346,23.575012,0.0],[120.698636,23.575232,0.0],[120.698592,23.575491,0.0],[120.698215,23.575607,0.0],[120.695568,23.575232,0.0],[120.695328,23.575318,0.0],[120.69492,23.575626,0.0],[120.694672,23.575509,0.0],[120.694448,23.575528,0.0],[120.694155,23.575912,0.0],[120.69371,23.575937,0.0],[120.692361,23.575042,0.0],[120.691487,23.574672,0.0],[120.690539,23.574645,0.0],[120.689046,23.574898,0.0],[120.687769,23.574444,0.0],[120.685964,23.574021,0.0],[120.68525,23.573333,0.0],[120.683714,23.572216,0.0],[120.682715,23.572113,0.0],[120.682178,23.571783,0.0],[120.681752,23.571687,0.0],[120.68142,23.571755,0.0],[120.680054,23.571295,0.0],[120.678729,23.571224,0.0],[120.678593,23.571151,0.0],[120.677996,23.571207,0.0],[120.677698,23.570988,0.0],[120.676793,23.571035,0.0],[120.675702,23.571226,0.0],[120.673519,23.571773,0.0],[120.672016,23.572327,0.0],[120.670458,23.57313,0.0],[120.67035,23.573274,0.0],[120.671048,23.573529,0.0],[120.670938,23.573694,0.0],[120.670246,23.573696,0.0],[120.670207,23.573962,0.0],[120.669271,23.574526,0.0],[120.668671,23.574732,0.0],[120.667521,23.574985,0.0],[120.666708,23.575579,0.0],[120.666373,23.575728,0.0],[120.665549,23.575908,0.0],[120.664725,23.576271,0.0],[120.664212,23.576825,0.0],[120.66358,23.576652,0.0],[120.662976,23.575705,0.0],[120.661731,23.574514,0.0],[120.661316,23.573333,0.0],[120.660728,23.572233,0.0],[120.660337,23.572023,0.0],[120.659217,23.571126,0.0],[120.658911,23.571079,0.0],[120.658722,23.571636,0.0],[120.658372,23.572288,0.0],[120.658646,23.572433,0.0],[120.658347,23.572816,0.0],[120.658232,23.572705,0.0],[120.658056,23.572818,0.0],[120.657694,23.572766,0.0],[120.65626,23.572281,0.0],[120.65527,23.572163,0.0],[120.654124,23.572343,0.0],[120.653444,23.572209,0.0],[120.651195,23.572571,0.0],[120.650594,23.572517,0.0],[120.649916,23.572778,0.0],[120.64949,23.573366,0.0],[120.649249,23.574819,0.0],[120.648655,23.575312,0.0],[120.648226,23.57592,0.0],[120.647659,23.576386,0.0],[120.647176,23.576679,0.0],[120.646718,23.576734,0.0],[120.64638,23.576619,0.0],[120.645534,23.575731,0.0],[120.646463,23.575252,0.0],[120.64702,23.574701,0.0],[120.647245,23.574682,0.0],[120.647414,23.57354,0.0],[120.647317,23.572826,0.0],[120.64761,23.572274,0.0],[120.647938,23.572095,0.0],[120.648285,23.572037,0.0],[120.648446,23.571674,0.0],[120.6484,23.571334,0.0],[120.647799,23.571188,0.0],[120.646909,23.571187,0.0],[120.647115,23.570907,0.0],[120.646302,23.57049,0.0],[120.645653,23.569922,0.0],[120.645424,23.569083,0.0],[120.644948,23.568087,0.0],[120.644074,23.567476,0.0],[120.643343,23.567132,0.0],[120.64285,23.566652,0.0],[120.643025,23.566401,0.0],[120.643455,23.566158,0.0],[120.643588,23.566243,0.0],[120.643746,23.565978,0.0],[120.644241,23.565695,0.0],[120.644314,23.565452,0.0],[120.644079,23.565384,0.0],[120.64417,23.565106,0.0],[120.644306,23.565131,0.0],[120.644457,23.564994,0.0],[120.644483,23.564834,0.0],[120.644701,23.564785,0.0],[120.644812,23.564512,0.0],[120.64447,23.564514,0.0],[120.643224,23.565028,0.0],[120.642115,23.564569,0.0],[120.641645,23.564536,0.0],[120.640864,23.564133,0.0],[120.640757,23.564146,0.0],[120.640579,23.563628,0.0],[120.640688,23.563173,0.0],[120.640667,23.562938,0.0],[120.640321,23.562473,0.0],[120.63961,23.561795,0.0],[120.639663,23.561781,0.0],[120.639301,23.561339,0.0],[120.639132,23.560815,0.0],[120.639119,23.560438,0.0],[120.640139,23.559643,0.0],[120.64033,23.559088,0.0],[120.640571,23.558689,0.0],[120.640592,23.558278,0.0],[120.640365,23.55766,0.0],[120.640415,23.557249,0.0],[120.64033,23.55705,0.0],[120.640223,23.556971,0.0],[120.6399,23.55695,0.0],[120.639506,23.557085,0.0],[120.639654,23.556501,0.0],[120.639772,23.55653,0.0],[120.640069,23.556167,0.0],[120.640416,23.556051,0.0],[120.640478,23.555889,0.0],[120.640584,23.55529,0.0],[120.640453,23.554881,0.0],[120.640481,23.554531,0.0],[120.640722,23.55405,0.0],[120.641,23.553088,0.0],[120.640972,23.552804,0.0],[120.64079,23.552725,0.0],[120.640818,23.552446,0.0],[120.640713,23.552201,0.0],[120.640925,23.552027,0.0],[120.641672,23.551712,0.0],[120.641564,23.55143,0.0],[120.64133,23.55153,0.0],[120.641094,23.551455,0.0],[120.640751,23.551843,0.0],[120.640597,23.551911,0.0],[120.640407,23.552192,0.0],[120.640197,23.552077,0.0],[120.63985,23.551737,0.0],[120.640196,23.551311,0.0],[120.640001,23.551165,0.0],[120.640021,23.55105,0.0],[120.640335,23.550801,0.0],[120.640591,23.550781,0.0],[120.640562,23.55067,0.0],[120.640206,23.550636,0.0],[120.639771,23.550924,0.0],[120.639792,23.550637,0.0],[120.640108,23.550251,0.0],[120.640901,23.550267,0.0],[120.641647,23.549946,0.0],[120.641788,23.549992,0.0],[120.642356,23.549864,0.0],[120.642519,23.549719,0.0],[120.643064,23.549644,0.0],[120.643223,23.549537,0.0],[120.643399,23.548554,0.0],[120.643247,23.548233,0.0],[120.643413,23.547908,0.0],[120.643446,23.547543,0.0],[120.643227,23.547193,0.0],[120.643337,23.54695,0.0],[120.643506,23.546794,0.0],[120.643836,23.546624,0.0],[120.644842,23.546506,0.0],[120.645043,23.546544,0.0],[120.645691,23.547014,0.0],[120.645873,23.546984,0.0],[120.646298,23.546504,0.0],[120.646841,23.545496,0.0],[120.647182,23.545233,0.0],[120.647633,23.544604,0.0],[120.647831,23.544443,0.0],[120.648278,23.544288,0.0],[120.649049,23.544591,0.0],[120.649477,23.544596,0.0],[120.649792,23.544431,0.0],[120.650158,23.544095,0.0],[120.650362,23.543735,0.0],[120.651623,23.54244,0.0],[120.652016,23.542285,0.0],[120.652875,23.542215,0.0],[120.653319,23.541866,0.0],[120.65369,23.541919,0.0],[120.653679,23.541731,0.0],[120.653599,23.54171,0.0],[120.653606,23.54157,0.0],[120.653105,23.541002,0.0],[120.652793,23.54071,0.0],[120.652395,23.540494,0.0],[120.65237,23.540114,0.0],[120.652825,23.54007,0.0],[120.652673,23.539736,0.0],[120.65235,23.539403,0.0],[120.651624,23.539849,0.0],[120.651306,23.540286,0.0],[120.650859,23.540292,0.0],[120.650626,23.54,0.0],[120.650357,23.539276,0.0],[120.649482,23.539219,0.0],[120.649378,23.538747,0.0],[120.64971,23.538647,0.0],[120.649443,23.537921,0.0],[120.649165,23.537818,0.0],[120.64896,23.5379,0.0],[120.648471,23.537915,0.0],[120.648214,23.537509,0.0],[120.647948,23.537413,0.0],[120.647449,23.537808,0.0],[120.647056,23.537879,0.0],[120.64652,23.537562,0.0],[120.646088,23.538048,0.0],[120.645857,23.538446,0.0],[120.645226,23.540522,0.0],[120.644888,23.541168,0.0],[120.644603,23.542312,0.0],[120.644569,23.542668,0.0],[120.644682,23.543221,0.0],[120.644564,23.543668,0.0],[120.644754,23.544537,0.0],[120.644755,23.54493,0.0],[120.645266,23.545406,0.0],[120.645359,23.546027,0.0],[120.645477,23.546186,0.0],[120.645438,23.546268,0.0],[120.645339,23.546266,0.0],[120.644936,23.546028,0.0],[120.644547,23.545972,0.0],[120.644469,23.545641,0.0],[120.644164,23.545173,0.0],[120.644001,23.545078,0.0],[120.643867,23.545111,0.0],[120.643803,23.545034,0.0],[120.643688,23.544399,0.0],[120.643812,23.543591,0.0],[120.64361,23.543084,0.0],[120.643847,23.542685,0.0],[120.64374,23.542136,0.0],[120.643439,23.542348,0.0],[120.643433,23.542258,0.0],[120.643371,23.542303,0.0],[120.643389,23.542073,0.0],[120.643213,23.541933,0.0],[120.643377,23.541761,0.0],[120.643248,23.541605,0.0],[120.643589,23.541194,0.0],[120.64389,23.541209,0.0],[120.644252,23.541122,0.0],[120.644928,23.540363,0.0],[120.645169,23.539975,0.0],[120.645223,23.539558,0.0],[120.644732,23.539453,0.0],[120.644347,23.538767,0.0],[120.644084,23.538875,0.0],[120.643626,23.538871,0.0],[120.643493,23.53914,0.0],[120.642997,23.539644,0.0],[120.643137,23.539914,0.0],[120.643183,23.540409,0.0],[120.642842,23.540536,0.0],[120.642547,23.540984,0.0],[120.642426,23.541327,0.0],[120.642555,23.541404,0.0],[120.642794,23.541196,0.0],[120.643016,23.541142,0.0],[120.643084,23.54121,0.0],[120.643073,23.541426,0.0],[120.642479,23.542122,0.0],[120.642166,23.542293,0.0],[120.642068,23.54255,0.0],[120.641839,23.542517,0.0],[120.641712,23.542472,0.0],[120.641675,23.542193,0.0],[120.64099,23.541687,0.0],[120.641407,23.541786,0.0],[120.641755,23.541704,0.0],[120.641809,23.54156,0.0],[120.641364,23.541461,0.0],[120.641684,23.540655,0.0],[120.641622,23.540255,0.0],[120.641294,23.539601,0.0],[120.641162,23.539471,0.0],[120.641137,23.539284,0.0],[120.640141,23.539639,0.0],[120.639665,23.53946,0.0],[120.639777,23.538809,0.0],[120.639594,23.538402,0.0],[120.640101,23.538187,0.0],[120.640244,23.537971,0.0],[120.640269,23.538037,0.0],[120.64031,23.537973,0.0],[120.640762,23.538766,0.0],[120.641098,23.538872,0.0],[120.641277,23.538683,0.0],[120.642033,23.538908,0.0],[120.641952,23.539634,0.0],[120.642078,23.540377,0.0],[120.642353,23.540175,0.0],[120.642589,23.539926,0.0],[120.642662,23.539677,0.0],[120.642358,23.539234,0.0],[120.642653,23.538837,0.0],[120.642564,23.537876,0.0],[120.642891,23.537577,0.0],[120.643043,23.537654,0.0],[120.64334,23.538034,0.0],[120.643931,23.538145,0.0],[120.644116,23.538312,0.0],[120.644349,23.537951,0.0],[120.644346,23.537796,0.0],[120.644547,23.537629,0.0],[120.644928,23.537467,0.0],[120.645316,23.537081,0.0],[120.645925,23.537013,0.0],[120.644324,23.53462,0.0],[120.644427,23.534726,0.0],[120.644498,23.534666,0.0],[120.644684,23.534864,0.0],[120.644809,23.534449,0.0],[120.644904,23.534515,0.0],[120.644984,23.534485,0.0],[120.645284,23.534706,0.0],[120.64524,23.534977,0.0],[120.645047,23.535175,0.0],[120.645424,23.535751,0.0],[120.645937,23.535867,0.0],[120.645954,23.535684,0.0],[120.646352,23.535453,0.0],[120.646458,23.535464,0.0],[120.646685,23.535283,0.0],[120.646796,23.535247,0.0],[120.646907,23.535322,0.0],[120.647167,23.53533,0.0],[120.647096,23.535805,0.0],[120.647341,23.536528,0.0],[120.647303,23.536753,0.0],[120.647442,23.536962,0.0],[120.647856,23.537184,0.0],[120.648953,23.536808,0.0],[120.64933,23.536472,0.0],[120.649403,23.536358,0.0],[120.649406,23.536033,0.0],[120.648675,23.535345,0.0],[120.648595,23.535181,0.0],[120.648054,23.535061,0.0],[120.648234,23.534802,0.0],[120.6483,23.534545,0.0],[120.648689,23.53444,0.0],[120.648702,23.533954,0.0],[120.648879,23.533147,0.0],[120.649496,23.532909,0.0],[120.649523,23.532734,0.0],[120.648569,23.532003,0.0],[120.648444,23.531827,0.0],[120.648544,23.53152,0.0],[120.648057,23.531367,0.0],[120.64808,23.530664,0.0],[120.647569,23.530647,0.0],[120.647244,23.530492,0.0],[120.647042,23.530195,0.0],[120.646685,23.530375,0.0],[120.646009,23.53097,0.0],[120.645859,23.531007,0.0],[120.64523,23.53086,0.0],[120.64522,23.529849,0.0],[120.644966,23.529467,0.0],[120.64493,23.529059,0.0],[120.644556,23.528837,0.0],[120.64454,23.529263,0.0],[120.64475,23.529856,0.0],[120.644709,23.530076,0.0],[120.64423,23.530674,0.0],[120.643992,23.530849,0.0],[120.643982,23.531268,0.0],[120.643832,23.531244,0.0],[120.64376,23.530995,0.0],[120.643778,23.531315,0.0],[120.643894,23.531394,0.0],[120.643901,23.531318,0.0],[120.644161,23.531289,0.0],[120.644178,23.531424,0.0],[120.644119,23.531717,0.0],[120.643987,23.531704,0.0],[120.644001,23.531897,0.0],[120.643951,23.531831,0.0],[120.643872,23.531925,0.0],[120.643903,23.532358,0.0],[120.64408,23.532361,0.0],[120.643741,23.532897,0.0],[120.643972,23.533623,0.0],[120.643789,23.53408,0.0],[120.64367,23.534181,0.0],[120.642877,23.534317,0.0],[120.641658,23.533967,0.0],[120.640632,23.53455,0.0],[120.63964,23.534376,0.0],[120.639001,23.53382,0.0],[120.638435,23.533868,0.0],[120.637297,23.534131,0.0],[120.637257,23.53398,0.0],[120.636316,23.533738,0.0],[120.63634,23.534174,0.0],[120.636179,23.534696,0.0],[120.635721,23.535226,0.0],[120.635091,23.53549,0.0],[120.634335,23.535363,0.0],[120.634237,23.536333,0.0],[120.634341,23.536797,0.0],[120.634268,23.53676,0.0],[120.634382,23.536883,0.0],[120.634678,23.536664,0.0],[120.634962,23.536592,0.0],[120.634932,23.53664,0.0],[120.635072,23.536635,0.0],[120.634968,23.537223,0.0],[120.63549,23.537266,0.0],[120.636297,23.53749,0.0],[120.636532,23.537356,0.0],[120.636706,23.537146,0.0],[120.636724,23.536603,0.0],[120.636842,23.536611,0.0],[120.636906,23.5368,0.0],[120.636947,23.536568,0.0],[120.637162,23.537021,0.0],[120.637446,23.537276,0.0],[120.638097,23.536466,0.0],[120.638134,23.537498,0.0],[120.638339,23.538298,0.0],[120.638217,23.538506,0.0],[120.638234,23.538734,0.0],[120.638851,23.539653,0.0],[120.639649,23.540174,0.0],[120.639656,23.540808,0.0],[120.639468,23.540705,0.0],[120.639024,23.540807,0.0],[120.638921,23.540878,0.0],[120.638938,23.541014,0.0],[120.639044,23.541172,0.0],[120.639496,23.541309,0.0],[120.640124,23.541862,0.0],[120.639946,23.542038,0.0],[120.639774,23.541945,0.0],[120.639532,23.542224,0.0],[120.63834,23.541363,0.0],[120.638223,23.541201,0.0],[120.638174,23.540935,0.0],[120.637639,23.540294,0.0],[120.637834,23.539649,0.0],[120.63765,23.539064,0.0],[120.636769,23.538803,0.0],[120.636197,23.538406,0.0],[120.635814,23.538698,0.0],[120.635062,23.538799,0.0],[120.635089,23.53933,0.0],[120.635257,23.539847,0.0],[120.635754,23.54008,0.0],[120.635079,23.540333,0.0],[120.634758,23.539726,0.0],[120.634836,23.53951,0.0],[120.634691,23.53925,0.0],[120.63485,23.538957,0.0],[120.634759,23.538785,0.0],[120.634083,23.538207,0.0],[120.634099,23.537322,0.0],[120.634328,23.536893,0.0],[120.633987,23.536647,0.0],[120.633745,23.536036,0.0],[120.633648,23.536141,0.0],[120.633056,23.536326,0.0],[120.632153,23.536453,0.0],[120.629728,23.536202,0.0],[120.62923,23.535934,0.0],[120.628988,23.535888,0.0],[120.628628,23.536466,0.0],[120.627905,23.537292,0.0],[120.627657,23.538703,0.0],[120.62706,23.539201,0.0],[120.626457,23.539286,0.0],[120.626188,23.539422,0.0],[120.625949,23.539417,0.0],[120.625642,23.539376,0.0],[120.625313,23.539112,0.0],[120.624959,23.539085,0.0],[120.624826,23.539131,0.0],[120.624569,23.539408,0.0],[120.624248,23.539452,0.0],[120.62351,23.53972,0.0],[120.622963,23.53966,0.0],[120.622856,23.539534,0.0],[120.622696,23.539486,0.0],[120.622237,23.539629,0.0],[120.622576,23.540144,0.0],[120.623096,23.54013,0.0],[120.623405,23.540502,0.0],[120.623413,23.540666,0.0],[120.623311,23.540569,0.0],[120.623059,23.540791,0.0],[120.623376,23.541158,0.0],[120.623313,23.541275,0.0],[120.623208,23.541249,0.0],[120.623192,23.541583,0.0],[120.623265,23.541611,0.0],[120.623081,23.541612,0.0],[120.623101,23.541809,0.0],[120.622952,23.541993,0.0],[120.622762,23.54192,0.0],[120.622848,23.541877,0.0],[120.622841,23.541699,0.0],[120.62268,23.541592,0.0],[120.622607,23.541637,0.0],[120.62271,23.541854,0.0],[120.622594,23.54206,0.0],[120.62275,23.542143,0.0],[120.623291,23.542052,0.0],[120.623572,23.541776,0.0],[120.62354,23.541716,0.0],[120.623954,23.54164,0.0],[120.624369,23.541287,0.0],[120.62459,23.541277,0.0],[120.624758,23.541141,0.0],[120.625331,23.541109,0.0],[120.625714,23.541341,0.0],[120.625753,23.541659,0.0],[120.62565,23.541837,0.0],[120.625792,23.541996,0.0],[120.626023,23.541974,0.0],[120.626114,23.541875,0.0],[120.626517,23.541906,0.0],[120.626804,23.541684,0.0],[120.62731,23.54195,0.0],[120.627508,23.541733,0.0],[120.627671,23.541824,0.0],[120.627772,23.541728,0.0],[120.628044,23.541838,0.0],[120.628557,23.541773,0.0],[120.628925,23.542054,0.0],[120.629126,23.542114,0.0],[120.629574,23.542018,0.0],[120.629739,23.541803,0.0],[120.630008,23.541944,0.0],[120.630281,23.541929,0.0],[120.630661,23.541773,0.0],[120.631305,23.542086,0.0],[120.631593,23.542451,0.0],[120.631958,23.542393,0.0],[120.632113,23.542495,0.0],[120.632118,23.542829,0.0],[120.632032,23.543031,0.0],[120.632082,23.54328,0.0],[120.632219,23.543343,0.0],[120.631727,23.543491,0.0],[120.631434,23.542992,0.0],[120.631496,23.542993,0.0],[120.631536,23.542773,0.0],[120.631492,23.542658,0.0],[120.631114,23.542471,0.0],[120.630867,23.542552,0.0],[120.630458,23.542262,0.0],[120.629988,23.542526,0.0],[120.629498,23.542455,0.0],[120.628948,23.543053,0.0],[120.628505,23.542747,0.0],[120.627946,23.542545,0.0],[120.626609,23.542603,0.0],[120.62614,23.542556,0.0],[120.625642,23.542597,0.0],[120.625647,23.542804,0.0],[120.625478,23.542919,0.0],[120.624677,23.542976,0.0],[120.623882,23.543245,0.0],[120.623541,23.542815,0.0],[120.622947,23.543034,0.0],[120.62283,23.543305,0.0],[120.622677,23.54327,0.0],[120.622286,23.543377,0.0],[120.622301,23.54321,0.0],[120.622602,23.542748,0.0],[120.622956,23.542626,0.0],[120.623028,23.542537,0.0],[120.622994,23.542219,0.0],[120.62233,23.542275,0.0],[120.622479,23.54253,0.0],[120.621914,23.542741,0.0],[120.621909,23.543132,0.0],[120.621842,23.543149,0.0],[120.621907,23.543261,0.0],[120.62164,23.54329,0.0],[120.621474,23.543033,0.0],[120.621137,23.542803,0.0],[120.620976,23.542551,0.0],[120.62111,23.542375,0.0],[120.621125,23.541777,0.0],[120.620906,23.541573,0.0],[120.620802,23.541835,0.0],[120.620421,23.542238,0.0],[120.619744,23.543261,0.0],[120.619507,23.543417,0.0],[120.619545,23.543938,0.0],[120.619449,23.544062,0.0],[120.620487,23.544858,0.0],[120.620647,23.54465,0.0],[120.620629,23.543946,0.0],[120.620563,23.543832,0.0],[120.620724,23.543623,0.0],[120.620799,23.543367,0.0],[120.62157,23.543699,0.0],[120.621488,23.544152,0.0],[120.621957,23.54515,0.0],[120.622126,23.545835,0.0],[120.622156,23.545902,0.0],[120.62255,23.545856,0.0],[120.622452,23.54643,0.0],[120.622965,23.547219,0.0],[120.623174,23.547815,0.0],[120.623572,23.547555,0.0],[120.623538,23.547313,0.0],[120.623667,23.547278,0.0],[120.624097,23.548148,0.0],[120.624917,23.549006,0.0],[120.625012,23.549379,0.0],[120.626156,23.551,0.0],[120.626199,23.551245,0.0],[120.626652,23.551717,0.0],[120.62698,23.552203,0.0],[120.627475,23.552561,0.0],[120.627585,23.552844,0.0],[120.627921,23.55308,0.0],[120.628326,23.553157,0.0],[120.628671,23.553497,0.0],[120.628791,23.553802,0.0],[120.629137,23.554095,0.0],[120.629236,23.55434,0.0],[120.629184,23.554454,0.0],[120.628536,23.554121,0.0],[120.627665,23.554235,0.0],[120.627266,23.554165,0.0],[120.626929,23.55422,0.0],[120.626588,23.554142,0.0],[120.626267,23.554212,0.0],[120.626886,23.554457,0.0],[120.626469,23.554599,0.0],[120.626413,23.554906,0.0],[120.626006,23.555183,0.0],[120.625776,23.55567,0.0],[120.625633,23.555772,0.0],[120.625525,23.556167,0.0],[120.625296,23.55656,0.0],[120.624891,23.556573,0.0],[120.624524,23.556699,0.0],[120.624034,23.556746,0.0],[120.623882,23.556978,0.0],[120.623729,23.55707,0.0],[120.623651,23.557261,0.0],[120.623528,23.557323,0.0],[120.62322,23.556813,0.0],[120.623368,23.556375,0.0],[120.623056,23.556116,0.0],[120.623035,23.555969,0.0],[120.622822,23.555986,0.0],[120.622622,23.555903,0.0],[120.622707,23.555459,0.0],[120.622613,23.555409,0.0],[120.622395,23.554903,0.0],[120.622107,23.554565,0.0],[120.622425,23.554457,0.0],[120.622228,23.55399,0.0],[120.621815,23.554131,0.0],[120.62169,23.554075,0.0],[120.621357,23.554151,0.0],[120.621229,23.554069,0.0],[120.620118,23.554677,0.0],[120.619727,23.555048,0.0],[120.619609,23.555073,0.0],[120.619677,23.554671,0.0],[120.619559,23.553978,0.0],[120.619472,23.553858,0.0],[120.619703,23.553658,0.0],[120.619564,23.553479,0.0],[120.619568,23.553308,0.0],[120.619839,23.553041,0.0],[120.620296,23.552929,0.0],[120.620522,23.552989,0.0],[120.620891,23.55321,0.0],[120.621069,23.553676,0.0],[120.62135,23.553774,0.0],[120.621665,23.553759,0.0],[120.621806,23.553621,0.0],[120.622419,23.553937,0.0],[120.622635,23.554313,0.0],[120.622703,23.554134,0.0],[120.622714,23.55393,0.0],[120.622619,23.553691,0.0],[120.622164,23.553319,0.0],[120.621981,23.552863,0.0],[120.62153,23.55263,0.0],[120.621388,23.552433,0.0],[120.621471,23.552178,0.0],[120.621309,23.551734,0.0],[120.621004,23.551931,0.0],[120.620573,23.551755,0.0],[120.620473,23.551647,0.0],[120.620027,23.551815,0.0],[120.619789,23.552023,0.0],[120.619823,23.552103,0.0],[120.619564,23.552298,0.0],[120.619678,23.552581,0.0],[120.619795,23.552673,0.0],[120.619676,23.552863,0.0],[120.618638,23.553191,0.0],[120.618336,23.553458,0.0],[120.618259,23.553468,0.0],[120.618227,23.553255,0.0],[120.61797,23.553375,0.0],[120.616871,23.554333,0.0],[120.616649,23.554359,0.0],[120.616176,23.554585,0.0],[120.6157,23.554543,0.0],[120.615802,23.554379,0.0],[120.615677,23.554238,0.0],[120.615412,23.554251,0.0],[120.615136,23.554049,0.0],[120.615078,23.553876,0.0],[120.614967,23.553887,0.0],[120.614351,23.553571,0.0],[120.614929,23.553258,0.0],[120.615122,23.553018,0.0],[120.615568,23.553083,0.0],[120.615783,23.552863,0.0],[120.616211,23.552844,0.0],[120.616285,23.552488,0.0],[120.616379,23.552447,0.0],[120.616901,23.5524,0.0],[120.617249,23.552134,0.0],[120.617613,23.552151,0.0],[120.617737,23.551577,0.0],[120.61747,23.55147,0.0],[120.617428,23.551349,0.0],[120.617619,23.55107,0.0],[120.617552,23.550682,0.0],[120.617697,23.550618,0.0],[120.618812,23.551199,0.0],[120.618919,23.551047,0.0],[120.619004,23.551066,0.0],[120.619162,23.550735,0.0],[120.618764,23.550473,0.0],[120.618359,23.550499,0.0],[120.618174,23.550438,0.0],[120.617814,23.550113,0.0],[120.617331,23.549843,0.0],[120.616824,23.550247,0.0],[120.616578,23.550343,0.0],[120.61647,23.550359,0.0],[120.616459,23.550201,0.0],[120.616029,23.550164,0.0],[120.615897,23.550243,0.0],[120.615651,23.550872,0.0],[120.614716,23.550769,0.0],[120.614649,23.550902,0.0],[120.614769,23.551055,0.0],[120.614757,23.55116,0.0],[120.614407,23.551354,0.0],[120.614921,23.551474,0.0],[120.614916,23.552014,0.0],[120.614992,23.55208,0.0],[120.615262,23.552091,0.0],[120.615333,23.552327,0.0],[120.615591,23.552332,0.0],[120.615992,23.552639,0.0],[120.615483,23.552777,0.0],[120.615121,23.552764,0.0],[120.614579,23.553064,0.0],[120.613914,23.553043,0.0],[120.613799,23.553128,0.0],[120.613729,23.552614,0.0],[120.613391,23.552492,0.0],[120.612622,23.552539,0.0],[120.612428,23.552366,0.0],[120.612377,23.552443,0.0],[120.611894,23.552594,0.0],[120.611247,23.552643,0.0],[120.609943,23.553115,0.0],[120.609662,23.553081,0.0],[120.609648,23.553019,0.0],[120.609767,23.552955,0.0],[120.609743,23.552746,0.0],[120.609835,23.552559,0.0],[120.609991,23.552482,0.0],[120.610108,23.55228,0.0],[120.610252,23.552321,0.0],[120.610594,23.552243,0.0],[120.610884,23.551898,0.0],[120.611387,23.551835,0.0],[120.61157,23.551746,0.0],[120.61177,23.551323,0.0],[120.61159,23.551065,0.0],[120.61176,23.550831,0.0],[120.612318,23.550743,0.0],[120.612899,23.550987,0.0],[120.61274,23.550273,0.0],[120.612243,23.550348,0.0],[120.613137,23.549769,0.0],[120.613897,23.549082,0.0],[120.614754,23.548538,0.0],[120.615403,23.547867,0.0],[120.616604,23.547188,0.0],[120.616472,23.546364,0.0],[120.61652,23.545879,0.0],[120.616689,23.545468,0.0],[120.61783,23.544107,0.0],[120.618254,23.543844,0.0],[120.618917,23.543117,0.0],[120.619367,23.542231,0.0],[120.620023,23.541458,0.0],[120.620233,23.540635,0.0],[120.62047,23.540209,0.0],[120.62188,23.539453,0.0],[120.623223,23.539229,0.0],[120.623763,23.539054,0.0],[120.624571,23.538424,0.0],[120.625583,23.538185,0.0],[120.625989,23.537996,0.0],[120.626718,23.537354,0.0],[120.627555,23.537004,0.0],[120.628011,23.536664,0.0],[120.628303,23.536245,0.0],[120.628442,23.535812,0.0],[120.628715,23.535447,0.0],[120.629159,23.535186,0.0],[120.629655,23.535323,0.0],[120.63021,23.535604,0.0],[120.631826,23.535759,0.0],[120.631886,23.535412,0.0],[120.631712,23.535347,0.0],[120.632085,23.534815,0.0],[120.632721,23.534905,0.0],[120.63335,23.534808,0.0],[120.633008,23.534374,0.0],[120.633068,23.533969,0.0],[120.633352,23.533773,0.0],[120.633442,23.533318,0.0],[120.633813,23.532895,0.0],[120.63406,23.532773,0.0],[120.634194,23.532828,0.0],[120.634316,23.53278,0.0],[120.634554,23.533253,0.0],[120.634405,23.533812,0.0],[120.634451,23.534598,0.0],[120.635004,23.534801,0.0],[120.635098,23.534738,0.0],[120.635506,23.53423,0.0],[120.635565,23.533371,0.0],[120.63505,23.53314,0.0],[120.634878,23.532897,0.0],[120.634412,23.53258,0.0],[120.63417,23.531922,0.0],[120.634373,23.531803,0.0],[120.635269,23.532061,0.0],[120.635464,23.53166,0.0],[120.635416,23.531449,0.0],[120.635106,23.531354,0.0],[120.634997,23.531134,0.0],[120.634763,23.530923,0.0],[120.635042,23.530614,0.0],[120.63521,23.530653,0.0],[120.635297,23.530603,0.0],[120.635277,23.530489,0.0],[120.63574,23.530142,0.0],[120.635917,23.531032,0.0],[120.637002,23.531801,0.0],[120.636983,23.531954,0.0],[120.636514,23.532036,0.0],[120.636321,23.532177,0.0],[120.636352,23.532533,0.0],[120.636549,23.532769,0.0],[120.636402,23.532945,0.0],[120.636898,23.533153,0.0],[120.637204,23.533402,0.0],[120.637319,23.533449,0.0],[120.638099,23.533219,0.0],[120.638969,23.533145,0.0],[120.63946,23.533254,0.0],[120.640085,23.533786,0.0],[120.640497,23.533846,0.0],[120.640498,23.533685,0.0],[120.641044,23.533271,0.0],[120.641895,23.533118,0.0],[120.642604,23.533596,0.0],[120.642891,23.533546,0.0],[120.642483,23.533,0.0],[120.642859,23.532006,0.0],[120.642756,23.531089,0.0],[120.6428,23.53052,0.0],[120.643752,23.530047,0.0],[120.643519,23.529021,0.0],[120.643597,23.528583,0.0],[120.64284,23.528636,0.0],[120.642759,23.528776,0.0],[120.641773,23.52886,0.0],[120.641468,23.529058,0.0],[120.641177,23.529425,0.0],[120.640954,23.52989,0.0],[120.640937,23.530108,0.0],[120.640395,23.530121,0.0],[120.639707,23.529581,0.0],[120.639539,23.529371,0.0],[120.63972,23.52908,0.0],[120.639658,23.528801,0.0],[120.639796,23.528366,0.0],[120.63976,23.528068,0.0],[120.640164,23.527852,0.0],[120.640394,23.527281,0.0],[120.640346,23.526859,0.0],[120.640441,23.526551,0.0],[120.640896,23.526049,0.0],[120.640756,23.525872,0.0],[120.641361,23.525403,0.0],[120.641731,23.525185,0.0],[120.64208,23.525087,0.0],[120.641987,23.524919,0.0],[120.641955,23.52459,0.0],[120.641645,23.524054,0.0],[120.64236,23.523808,0.0],[120.64337,23.523646,0.0],[120.643498,23.523711,0.0],[120.643787,23.523547,0.0],[120.644187,23.523261,0.0],[120.644603,23.522565,0.0],[120.644938,23.52215,0.0],[120.645234,23.521939,0.0],[120.6462,23.52204,0.0],[120.646466,23.521936,0.0],[120.646575,23.521972,0.0],[120.647043,23.521573,0.0],[120.647871,23.519649,0.0],[120.64846,23.519232,0.0],[120.648863,23.519152,0.0],[120.64934,23.518946,0.0],[120.650177,23.517801,0.0],[120.65117,23.516843,0.0],[120.651325,23.515851,0.0],[120.651705,23.515024,0.0],[120.651769,23.514691,0.0],[120.651574,23.514397,0.0],[120.65082,23.513757,0.0],[120.65091,23.512531,0.0],[120.651103,23.512125,0.0]],[[120.823419,23.586935,0.0],[120.823477,23.587084,0.0],[120.823426,23.586951,0.0],[120.823419,23.586935,0.0]],[[120.815845,23.516368,0.0],[120.815084,23.515988,0.0],[120.814845,23.51624,0.0],[120.814931,23.516414,0.0],[120.815761,23.517023,0.0],[120.815956,23.516761,0.0],[120.815845,23.516368,0.0]],[[120.764047,23.580481,0.0],[120.764406,23.579973,0.0],[120.764332,23.579894,0.0],[120.764177,23.580012,0.0],[120.76384,23.580525,0.0],[120.763918,23.580582,0.0],[120.764047,23.580481,0.0]],[[120.763813,23.580031,0.0],[120.763898,23.580095,0.0],[120.764066,23.579884,0.0],[120.763978,23.579824,0.0],[120.763813,23.580031,0.0]],[[120.763568,23.580404,0.0],[120.763748,23.580278,0.0],[120.763652,23.580161,0.0],[120.763465,23.580291,0.0],[120.763568,23.580404,0.0]],[[120.762772,23.579967,0.0],[120.762943,23.579771,0.0],[120.762703,23.579735,0.0],[120.7626,23.579893,0.0],[120.762772,23.579967,0.0]],[[120.760834,23.579354,0.0],[120.760234,23.579318,0.0],[120.760222,23.579457,0.0],[120.760828,23.579506,0.0],[120.760834,23.579354,0.0]],[[120.754367,23.492762,0.0],[120.754377,23.492826,0.0],[120.754845,23.492795,0.0],[120.754844,23.492721,0.0],[120.754367,23.492762,0.0]],[[120.754268,23.492888,0.0],[120.754239,23.492795,0.0],[120.754021,23.492851,0.0],[120.754034,23.492954,0.0],[120.754268,23.492888,0.0]],[[120.74945,23.585166,0.0],[120.75011,23.58551,0.0],[120.750365,23.585301,0.0],[120.751395,23.585399,0.0],[120.752078,23.585189,0.0],[120.751887,23.585943,0.0],[120.751926,23.586147,0.0],[120.752332,23.586367,0.0],[120.752387,23.586254,0.0],[120.752542,23.586367,0.0],[120.75247,23.587037,0.0],[120.753666,23.587282,0.0],[120.753964,23.587001,0.0],[120.753803,23.586599,0.0],[120.753847,23.586176,0.0],[120.752836,23.584813,0.0],[120.752828,23.584339,0.0],[120.752183,23.582812,0.0],[120.751183,23.58225,0.0],[120.751178,23.582631,0.0],[120.75103,23.582791,0.0],[120.751092,23.58304,0.0],[120.750361,23.583184,0.0],[120.749914,23.58316,0.0],[120.74944,23.582812,0.0],[120.749266,23.58278,0.0],[120.74902,23.5829,0.0],[120.749055,23.583315,0.0],[120.75008,23.583682,0.0],[120.749858,23.583829,0.0],[120.74981,23.584401,0.0],[120.74945,23.585166,0.0]],[[120.749594,23.579145,0.0],[120.749062,23.578979,0.0],[120.74891,23.579388,0.0],[120.749208,23.579918,0.0],[120.749386,23.580595,0.0],[120.750134,23.580565,0.0],[120.749793,23.580176,0.0],[120.749594,23.579145,0.0]],[[120.750129,23.574511,0.0],[120.749605,23.573946,0.0],[120.749446,23.574071,0.0],[120.749921,23.57454,0.0],[120.750129,23.574511,0.0]],[[120.748865,23.582074,0.0],[120.749001,23.582457,0.0],[120.749418,23.582203,0.0],[120.749397,23.582099,0.0],[120.748865,23.582074,0.0]],[[120.749272,23.574823,0.0],[120.749245,23.574693,0.0],[120.749122,23.574711,0.0],[120.749153,23.574839,0.0],[120.749272,23.574823,0.0]],[[120.748618,23.579192,0.0],[120.748758,23.579222,0.0],[120.74871,23.578875,0.0],[120.748583,23.578842,0.0],[120.748355,23.579242,0.0],[120.748397,23.579398,0.0],[120.748614,23.579334,0.0],[120.748618,23.579192,0.0]],[[120.748215,23.581881,0.0],[120.748662,23.581754,0.0],[120.748698,23.581456,0.0],[120.748607,23.581255,0.0],[120.748162,23.581514,0.0],[120.748215,23.581881,0.0]],[[120.748302,23.588338,0.0],[120.748432,23.588483,0.0],[120.748689,23.588245,0.0],[120.748547,23.58808,0.0],[120.748312,23.588241,0.0],[120.748302,23.588338,0.0]],[[120.748034,23.58815,0.0],[120.748192,23.588276,0.0],[120.748543,23.588014,0.0],[120.748544,23.587865,0.0],[120.748034,23.58815,0.0]],[[120.748079,23.587392,0.0],[120.748098,23.587614,0.0],[120.748544,23.58752,0.0],[120.748552,23.587275,0.0],[120.748079,23.587392,0.0]],[[120.747775,23.590177,0.0],[120.747822,23.590339,0.0],[120.747962,23.590338,0.0],[120.748224,23.590138,0.0],[120.748251,23.59001,0.0],[120.748448,23.589955,0.0],[120.74842,23.589757,0.0],[120.748007,23.589908,0.0],[120.747775,23.590177,0.0]],[[120.747798,23.58947,0.0],[120.747844,23.589647,0.0],[120.748348,23.589583,0.0],[120.748236,23.589562,0.0],[120.748289,23.589359,0.0],[120.74819,23.589207,0.0],[120.748058,23.589071,0.0],[120.74793,23.589052,0.0],[120.747798,23.58947,0.0]],[[120.748155,23.577501,0.0],[120.7483,23.577478,0.0],[120.748257,23.577232,0.0],[120.748111,23.577215,0.0],[120.748084,23.577225,0.0],[120.748155,23.577501,0.0]],[[120.748234,23.588349,0.0],[120.747907,23.58809,0.0],[120.747822,23.588294,0.0],[120.748041,23.588524,0.0],[120.748234,23.588349,0.0]],[[120.748207,23.590538,0.0],[120.748165,23.590492,0.0],[120.748023,23.590543,0.0],[120.747726,23.590494,0.0],[120.747686,23.590742,0.0],[120.747212,23.590728,0.0],[120.747158,23.590801,0.0],[120.747213,23.590947,0.0],[120.747646,23.590922,0.0],[120.74795,23.591006,0.0],[120.748207,23.590538,0.0]],[[120.748128,23.578084,0.0],[120.748107,23.577914,0.0],[120.747817,23.577935,0.0],[120.747856,23.578103,0.0],[120.748128,23.578084,0.0]],[[120.747179,23.576773,0.0],[120.746923,23.577073,0.0],[120.747083,23.577159,0.0],[120.747312,23.576859,0.0],[120.747179,23.576773,0.0]],[[120.746851,23.577913,0.0],[120.747286,23.577682,0.0],[120.747218,23.577369,0.0],[120.746714,23.577654,0.0],[120.746851,23.577913,0.0]],[[120.747139,23.575514,0.0],[120.747053,23.575437,0.0],[120.746897,23.575596,0.0],[120.746987,23.575666,0.0],[120.747139,23.575514,0.0]],[[120.746788,23.573207,0.0],[120.746509,23.573082,0.0],[120.746588,23.573636,0.0],[120.746835,23.573617,0.0],[120.746788,23.573207,0.0]],[[120.74492,23.551168,0.0],[120.7448,23.551152,0.0],[120.74478,23.551266,0.0],[120.744903,23.551282,0.0],[120.74492,23.551168,0.0]],[[120.744698,23.566968,0.0],[120.74485,23.566604,0.0],[120.744421,23.566319,0.0],[120.744176,23.566044,0.0],[120.743981,23.566082,0.0],[120.744067,23.566978,0.0],[120.744698,23.566968,0.0]],[[120.740508,23.49496,0.0],[120.740545,23.495021,0.0],[120.740981,23.495112,0.0],[120.741322,23.494723,0.0],[120.74091,23.494316,0.0],[120.740508,23.49496,0.0]],[[120.741234,23.494235,0.0],[120.741007,23.494235,0.0],[120.741075,23.494388,0.0],[120.741235,23.494389,0.0],[120.741234,23.494235,0.0]],[[120.732467,23.513466,0.0],[120.732373,23.513478,0.0],[120.732424,23.513346,0.0],[120.732282,23.513361,0.0],[120.732304,23.513562,0.0],[120.732475,23.513539,0.0],[120.732467,23.513466,0.0]],[[120.732288,23.513712,0.0],[120.732187,23.513773,0.0],[120.732333,23.513964,0.0],[120.732438,23.513886,0.0],[120.732288,23.513712,0.0]],[[120.725923,23.533231,0.0],[120.726069,23.533373,0.0],[120.726173,23.533274,0.0],[120.725894,23.532833,0.0],[120.725503,23.532616,0.0],[120.725413,23.532654,0.0],[120.725419,23.532823,0.0],[120.725792,23.533207,0.0],[120.725923,23.533231,0.0]],[[120.7247,23.532207,0.0],[120.724645,23.532081,0.0],[120.724227,23.531806,0.0],[120.723811,23.53163,0.0],[120.723777,23.531707,0.0],[120.724019,23.531906,0.0],[120.723957,23.532077,0.0],[120.724075,23.532137,0.0],[120.724165,23.532017,0.0],[120.724601,23.532272,0.0],[120.7247,23.532207,0.0]],[[120.724346,23.569627,0.0],[120.724491,23.56966,0.0],[120.724519,23.569543,0.0],[120.724484,23.569389,0.0],[120.723869,23.569183,0.0],[120.723475,23.568861,0.0],[120.723382,23.568907,0.0],[120.722936,23.568543,0.0],[120.722799,23.56865,0.0],[120.723138,23.569205,0.0],[120.72338,23.569374,0.0],[120.723999,23.569452,0.0],[120.72403,23.569638,0.0],[120.724203,23.569662,0.0],[120.724222,23.569849,0.0],[120.72432,23.569851,0.0],[120.724346,23.569627,0.0]],[[120.723892,23.567484,0.0],[120.723813,23.567434,0.0],[120.723672,23.567629,0.0],[120.723745,23.567678,0.0],[120.723892,23.567484,0.0]],[[120.716785,23.520796,0.0],[120.71651,23.520812,0.0],[120.716286,23.520663,0.0],[120.716318,23.521163,0.0],[120.716124,23.521148,0.0],[120.716075,23.521494,0.0],[120.716285,23.521592,0.0],[120.71685,23.521432,0.0],[120.716785,23.520796,0.0]],[[120.676374,23.533069,0.0],[120.676213,23.533103,0.0],[120.676074,23.53324,0.0],[120.675312,23.533131,0.0],[120.674938,23.532953,0.0],[120.674218,23.532381,0.0],[120.673954,23.532313,0.0],[120.673153,23.532273,0.0],[120.672889,23.532398,0.0],[120.672582,23.532368,0.0],[120.672312,23.532517,0.0],[120.672693,23.532695,0.0],[120.672325,23.533186,0.0],[120.672539,23.533432,0.0],[120.672307,23.533407,0.0],[120.672091,23.533499,0.0],[120.671851,23.534113,0.0],[120.671707,23.534071,0.0],[120.671553,23.534188,0.0],[120.671886,23.534487,0.0],[120.671875,23.534857,0.0],[120.67158,23.535256,0.0],[120.671345,23.535294,0.0],[120.671261,23.535486,0.0],[120.670665,23.535824,0.0],[120.670668,23.535998,0.0],[120.670322,23.536346,0.0],[120.670226,23.536689,0.0],[120.670245,23.536369,0.0],[120.669686,23.536468,0.0],[120.669426,23.536787,0.0],[120.668286,23.536997,0.0],[120.668292,23.537146,0.0],[120.668197,23.536997,0.0],[120.668095,23.537036,0.0],[120.667847,23.536929,0.0],[120.667788,23.53708,0.0],[120.667668,23.536825,0.0],[120.667526,23.536854,0.0],[120.667252,23.536758,0.0],[120.66677,23.537243,0.0],[120.666539,23.537694,0.0],[120.666035,23.537632,0.0],[120.665835,23.537798,0.0],[120.665393,23.537836,0.0],[120.665166,23.537991,0.0],[120.664995,23.53801,0.0],[120.664411,23.538703,0.0],[120.663933,23.538929,0.0],[120.663485,23.539407,0.0],[120.663214,23.539424,0.0],[120.663146,23.539677,0.0],[120.663051,23.539742,0.0],[120.662675,23.539657,0.0],[120.662756,23.539393,0.0],[120.66304,23.53903,0.0],[120.662737,23.539074,0.0],[120.662471,23.538804,0.0],[120.662293,23.539029,0.0],[120.662286,23.539337,0.0],[120.662549,23.539513,0.0],[120.662585,23.540144,0.0],[120.662776,23.540265,0.0],[120.662863,23.540556,0.0],[120.662782,23.540905,0.0],[120.662909,23.541233,0.0],[120.66327,23.541425,0.0],[120.663209,23.541265,0.0],[120.663526,23.541153,0.0],[120.66349,23.541523,0.0],[120.663794,23.541872,0.0],[120.663952,23.54182,0.0],[120.663921,23.54154,0.0],[120.664216,23.541628,0.0],[120.664502,23.542053,0.0],[120.664385,23.542101,0.0],[120.664253,23.542438,0.0],[120.664315,23.542821,0.0],[120.664402,23.542909,0.0],[120.66462,23.542866,0.0],[120.664642,23.543062,0.0],[120.664965,23.543233,0.0],[120.665294,23.543145,0.0],[120.665408,23.543302,0.0],[120.665396,23.543428,0.0],[120.665518,23.543539,0.0],[120.665553,23.543865,0.0],[120.666307,23.544136,0.0],[120.666391,23.54414,0.0],[120.666495,23.543833,0.0],[120.666298,23.543589,0.0],[120.666404,23.543304,0.0],[120.666737,23.543164,0.0],[120.66714,23.542703,0.0],[120.668036,23.542852,0.0],[120.668553,23.542666,0.0],[120.669291,23.542783,0.0],[120.669333,23.542852,0.0],[120.669448,23.543231,0.0],[120.669067,23.5436,0.0],[120.66912,23.543841,0.0],[120.66881,23.544349,0.0],[120.668901,23.54449,0.0],[120.669138,23.544569,0.0],[120.669526,23.54463,0.0],[120.669755,23.544254,0.0],[120.669828,23.544647,0.0],[120.670017,23.544706,0.0],[120.670188,23.544327,0.0],[120.670181,23.544161,0.0],[120.669958,23.544031,0.0],[120.670057,23.543901,0.0],[120.670187,23.543919,0.0],[120.670331,23.543648,0.0],[120.670455,23.54371,0.0],[120.670903,23.54356,0.0],[120.671459,23.543661,0.0],[120.671779,23.543886,0.0],[120.672367,23.544087,0.0],[120.672338,23.544241,0.0],[120.671907,23.544246,0.0],[120.671882,23.54466,0.0],[120.672799,23.545111,0.0],[120.673164,23.545068,0.0],[120.673581,23.545135,0.0],[120.673776,23.544804,0.0],[120.673939,23.544687,0.0],[120.674105,23.544752,0.0],[120.674335,23.544652,0.0],[120.674514,23.544724,0.0],[120.67508,23.544685,0.0],[120.675251,23.545098,0.0],[120.676183,23.545503,0.0],[120.67652,23.545494,0.0],[120.67682,23.54533,0.0],[120.67723,23.545422,0.0],[120.677289,23.545329,0.0],[120.677873,23.545725,0.0],[120.678916,23.545412,0.0],[120.67946,23.544849,0.0],[120.679965,23.544528,0.0],[120.680163,23.544684,0.0],[120.680582,23.54474,0.0],[120.680694,23.544866,0.0],[120.681046,23.544835,0.0],[120.681542,23.545042,0.0],[120.681466,23.545082,0.0],[120.68155,23.545139,0.0],[120.68092,23.545269,0.0],[120.681856,23.546052,0.0],[120.681996,23.546011,0.0],[120.682152,23.546161,0.0],[120.682062,23.546372,0.0],[120.682043,23.547188,0.0],[120.682134,23.547503,0.0],[120.68156,23.547795,0.0],[120.681308,23.547774,0.0],[120.680825,23.547976,0.0],[120.680454,23.547984,0.0],[120.680109,23.548208,0.0],[120.679728,23.548168,0.0],[120.679402,23.548401,0.0],[120.67905,23.548375,0.0],[120.678802,23.54855,0.0],[120.677944,23.548622,0.0],[120.677694,23.548872,0.0],[120.67725,23.5489,0.0],[120.677032,23.548988,0.0],[120.676956,23.549557,0.0],[120.677237,23.549852,0.0],[120.677301,23.550212,0.0],[120.677432,23.550457,0.0],[120.677811,23.550847,0.0],[120.677813,23.550973,0.0],[120.677614,23.551157,0.0],[120.67757,23.551336,0.0],[120.677358,23.551351,0.0],[120.677272,23.551524,0.0],[120.677798,23.551812,0.0],[120.677178,23.55214,0.0],[120.675868,23.552325,0.0],[120.675702,23.552242,0.0],[120.675488,23.552286,0.0],[120.675477,23.552156,0.0],[120.674378,23.551968,0.0],[120.674264,23.552058,0.0],[120.673933,23.552128,0.0],[120.673468,23.552022,0.0],[120.672977,23.552085,0.0],[120.672497,23.552015,0.0],[120.672011,23.551747,0.0],[120.671747,23.551761,0.0],[120.671461,23.551638,0.0],[120.671191,23.551695,0.0],[120.670402,23.551517,0.0],[120.669837,23.551602,0.0],[120.669272,23.551381,0.0],[120.669302,23.551323,0.0],[120.669096,23.55103,0.0],[120.668796,23.551275,0.0],[120.668573,23.551171,0.0],[120.668328,23.550925,0.0],[120.667925,23.550902,0.0],[120.668029,23.550616,0.0],[120.667829,23.550429,0.0],[120.667584,23.550376,0.0],[120.667497,23.550108,0.0],[120.667807,23.549832,0.0],[120.667632,23.549464,0.0],[120.667349,23.549281,0.0],[120.667174,23.549647,0.0],[120.666559,23.549712,0.0],[120.666417,23.549787,0.0],[120.666287,23.550023,0.0],[120.666382,23.550403,0.0],[120.666032,23.55047,0.0],[120.665513,23.550416,0.0],[120.66446,23.550579,0.0],[120.663916,23.550434,0.0],[120.663389,23.550562,0.0],[120.66307,23.550461,0.0],[120.663787,23.550134,0.0],[120.663568,23.549778,0.0],[120.663827,23.549141,0.0],[120.663778,23.549056,0.0],[120.66366,23.549089,0.0],[120.6635,23.54924,0.0],[120.663649,23.549477,0.0],[120.663121,23.549666,0.0],[120.662611,23.549028,0.0],[120.662709,23.54906,0.0],[120.662666,23.549003,0.0],[120.66281,23.54903,0.0],[120.662903,23.548961,0.0],[120.663012,23.549092,0.0],[120.663546,23.548809,0.0],[120.663561,23.548669,0.0],[120.663658,23.548625,0.0],[120.663332,23.548398,0.0],[120.663298,23.548265,0.0],[120.663189,23.54823,0.0],[120.663041,23.548355,0.0],[120.66307,23.548405,0.0],[120.662812,23.548401,0.0],[120.662525,23.548612,0.0],[120.662306,23.548419,0.0],[120.661557,23.548507,0.0],[120.661082,23.548685,0.0],[120.660894,23.54864,0.0],[120.660658,23.548733,0.0],[120.660496,23.548901,0.0],[120.660484,23.54914,0.0],[120.660212,23.549307,0.0],[120.660128,23.549549,0.0],[120.660138,23.54965,0.0],[120.66043,23.54987,0.0],[120.660798,23.55068,0.0],[120.660781,23.550858,0.0],[120.660631,23.550859,0.0],[120.660573,23.551143,0.0],[120.660437,23.551176,0.0],[120.660418,23.551369,0.0],[120.66064,23.551615,0.0],[120.660755,23.551618,0.0],[120.660726,23.551978,0.0],[120.660952,23.552315,0.0],[120.660962,23.552584,0.0],[120.661366,23.552724,0.0],[120.6618,23.55298,0.0],[120.66173,23.553351,0.0],[120.661124,23.553382,0.0],[120.660879,23.553182,0.0],[120.660934,23.552883,0.0],[120.66086,23.55287,0.0],[120.660695,23.553272,0.0],[120.66055,23.553306,0.0],[120.660481,23.553097,0.0],[120.660723,23.552983,0.0],[120.660702,23.552779,0.0],[120.660547,23.552743,0.0],[120.660301,23.552849,0.0],[120.660171,23.553179,0.0],[120.660241,23.553419,0.0],[120.660365,23.553434,0.0],[120.660493,23.553678,0.0],[120.660747,23.553763,0.0],[120.661032,23.553601,0.0],[120.661099,23.553434,0.0],[120.661466,23.553476,0.0],[120.661599,23.553408,0.0],[120.661945,23.553428,0.0],[120.662267,23.553578,0.0],[120.66224,23.553464,0.0],[120.66232,23.553428,0.0],[120.66319,23.553718,0.0],[120.663905,23.553692,0.0],[120.663959,23.553637,0.0],[120.66337,23.553586,0.0],[120.662859,23.553085,0.0],[120.662816,23.553159,0.0],[120.662489,23.553082,0.0],[120.66262,23.552838,0.0],[120.662173,23.552752,0.0],[120.661706,23.552872,0.0],[120.661863,23.552573,0.0],[120.662408,23.552137,0.0],[120.662517,23.552123,0.0],[120.662674,23.55225,0.0],[120.662908,23.552202,0.0],[120.663162,23.552323,0.0],[120.663389,23.552321,0.0],[120.663678,23.552118,0.0],[120.66374,23.551906,0.0],[120.66391,23.551983,0.0],[120.664065,23.552255,0.0],[120.664479,23.552141,0.0],[120.664617,23.552197,0.0],[120.66662,23.551094,0.0],[120.666794,23.551369,0.0],[120.666611,23.551405,0.0],[120.666124,23.551861,0.0],[120.666093,23.552323,0.0],[120.666289,23.552591,0.0],[120.666248,23.552879,0.0],[120.666586,23.552712,0.0],[120.666955,23.552764,0.0],[120.667662,23.552491,0.0],[120.668016,23.552712,0.0],[120.66822,23.552726,0.0],[120.668554,23.552484,0.0],[120.66877,23.552572,0.0],[120.668821,23.552701,0.0],[120.668677,23.553068,0.0],[120.668827,23.55319,0.0],[120.668688,23.553298,0.0],[120.668564,23.553299,0.0],[120.668345,23.553729,0.0],[120.668448,23.554163,0.0],[120.668168,23.554252,0.0],[120.668082,23.554171,0.0],[120.667709,23.554186,0.0],[120.667635,23.554276,0.0],[120.66743,23.554304,0.0],[120.667381,23.554247,0.0],[120.66722,23.554267,0.0],[120.667108,23.554556,0.0],[120.666931,23.554633,0.0],[120.666845,23.554601,0.0],[120.666652,23.554788,0.0],[120.666233,23.554932,0.0],[120.666247,23.555064,0.0],[120.665807,23.555056,0.0],[120.665451,23.555406,0.0],[120.66541,23.555776,0.0],[120.665521,23.555895,0.0],[120.665326,23.55615,0.0],[120.665131,23.556118,0.0],[120.66508,23.556172,0.0],[120.664586,23.555994,0.0],[120.664622,23.556206,0.0],[120.664406,23.556253,0.0],[120.664377,23.556406,0.0],[120.664226,23.556441,0.0],[120.663811,23.556301,0.0],[120.66372,23.556026,0.0],[120.663552,23.555991,0.0],[120.663363,23.556051,0.0],[120.663393,23.556141,0.0],[120.663494,23.55613,0.0],[120.663557,23.55621,0.0],[120.663426,23.556238,0.0],[120.663385,23.556463,0.0],[120.663027,23.556487,0.0],[120.662819,23.55665,0.0],[120.662302,23.556776,0.0],[120.662118,23.556554,0.0],[120.661774,23.556612,0.0],[120.661378,23.556748,0.0],[120.661449,23.556955,0.0],[120.661063,23.556935,0.0],[120.660994,23.556676,0.0],[120.660454,23.556628,0.0],[120.660356,23.556695,0.0],[120.660491,23.55682,0.0],[120.660555,23.557021,0.0],[120.660416,23.556975,0.0],[120.660284,23.556756,0.0],[120.659999,23.556824,0.0],[120.659891,23.556956,0.0],[120.659908,23.557104,0.0],[120.659769,23.557221,0.0],[120.659664,23.557218,0.0],[120.659595,23.557405,0.0],[120.659509,23.557421,0.0],[120.659482,23.557593,0.0],[120.659647,23.557649,0.0],[120.659763,23.557802,0.0],[120.659422,23.55766,0.0],[120.659213,23.55772,0.0],[120.658903,23.557643,0.0],[120.658859,23.557723,0.0],[120.658594,23.557675,0.0],[120.657871,23.557896,0.0],[120.657306,23.558617,0.0],[120.656856,23.558965,0.0],[120.65669,23.558852,0.0],[120.656468,23.5589,0.0],[120.656399,23.558854,0.0],[120.656245,23.558607,0.0],[120.656381,23.558431,0.0],[120.656249,23.5583,0.0],[120.655798,23.558299,0.0],[120.655519,23.558764,0.0],[120.655699,23.558862,0.0],[120.656059,23.55941,0.0],[120.656086,23.559702,0.0],[120.656023,23.559946,0.0],[120.655918,23.560045,0.0],[120.656253,23.560289,0.0],[120.655953,23.560743,0.0],[120.655659,23.560593,0.0],[120.655479,23.560649,0.0],[120.655465,23.560935,0.0],[120.654333,23.561425,0.0],[120.654174,23.5613,0.0],[120.654227,23.560981,0.0],[120.653984,23.561015,0.0],[120.653802,23.560848,0.0],[120.653734,23.560565,0.0],[120.653484,23.560184,0.0],[120.65349,23.56007,0.0],[120.653367,23.560004,0.0],[120.652551,23.559991,0.0],[120.652389,23.559864,0.0],[120.652459,23.55987,0.0],[120.652491,23.559655,0.0],[120.652299,23.559352,0.0],[120.651905,23.559494,0.0],[120.651636,23.559474,0.0],[120.651338,23.559349,0.0],[120.651159,23.559456,0.0],[120.650668,23.560118,0.0],[120.650557,23.560105,0.0],[120.650503,23.560241,0.0],[120.649839,23.560319,0.0],[120.649677,23.560447,0.0],[120.649514,23.560409,0.0],[120.649351,23.560537,0.0],[120.649292,23.560465,0.0],[120.648668,23.56068,0.0],[120.648536,23.560638,0.0],[120.648426,23.560894,0.0],[120.648086,23.560939,0.0],[120.647879,23.561134,0.0],[120.647893,23.561547,0.0],[120.64773,23.561723,0.0],[120.647811,23.561855,0.0],[120.64745,23.56184,0.0],[120.647397,23.561951,0.0],[120.647445,23.562132,0.0],[120.647922,23.562405,0.0],[120.648471,23.562857,0.0],[120.648875,23.563432,0.0],[120.649189,23.563625,0.0],[120.649853,23.563861,0.0],[120.650059,23.564212,0.0],[120.649924,23.564437,0.0],[120.650291,23.564962,0.0],[120.650597,23.565172,0.0],[120.650569,23.565483,0.0],[120.650641,23.565579,0.0],[120.650925,23.565604,0.0],[120.651732,23.565287,0.0],[120.652481,23.565245,0.0],[120.65266,23.565062,0.0],[120.652866,23.565026,0.0],[120.65307,23.564892,0.0],[120.653197,23.56463,0.0],[120.653187,23.564469,0.0],[120.653387,23.564219,0.0],[120.654217,23.56379,0.0],[120.654191,23.563708,0.0],[120.654395,23.563508,0.0],[120.654696,23.563463,0.0],[120.654961,23.563226,0.0],[120.655309,23.563324,0.0],[120.655471,23.563266,0.0],[120.655589,23.563338,0.0],[120.655894,23.563308,0.0],[120.655904,23.563734,0.0],[120.656115,23.563704,0.0],[120.656337,23.563778,0.0],[120.656787,23.563617,0.0],[120.656814,23.563673,0.0],[120.656116,23.564229,0.0],[120.656248,23.564253,0.0],[120.656275,23.564345,0.0],[120.656198,23.5644,0.0],[120.655932,23.564354,0.0],[120.655736,23.564184,0.0],[120.655669,23.5643,0.0],[120.655867,23.564443,0.0],[120.656429,23.565436,0.0],[120.656691,23.565527,0.0],[120.656777,23.565704,0.0],[120.657092,23.565497,0.0],[120.657935,23.56541,0.0],[120.658135,23.565227,0.0],[120.658511,23.565186,0.0],[120.658627,23.564929,0.0],[120.658989,23.564625,0.0],[120.659183,23.564792,0.0],[120.659156,23.565058,0.0],[120.659358,23.565129,0.0],[120.659451,23.564962,0.0],[120.659824,23.564774,0.0],[120.659456,23.564884,0.0],[120.659218,23.564504,0.0],[120.659997,23.564148,0.0],[120.66012,23.56384,0.0],[120.660267,23.563728,0.0],[120.660543,23.56368,0.0],[120.660537,23.563179,0.0],[120.661743,23.562623,0.0],[120.661937,23.562838,0.0],[120.662391,23.56309,0.0],[120.662594,23.562906,0.0],[120.662612,23.562792,0.0],[120.662432,23.562723,0.0],[120.662568,23.562336,0.0],[120.662846,23.562341,0.0],[120.663074,23.562248,0.0],[120.663076,23.562188,0.0],[120.663163,23.56223,0.0],[120.663358,23.562162,0.0],[120.663505,23.56257,0.0],[120.66369,23.562686,0.0],[120.664099,23.562566,0.0],[120.664348,23.562633,0.0],[120.664193,23.562781,0.0],[120.664288,23.562858,0.0],[120.664774,23.562665,0.0],[120.66478,23.562734,0.0],[120.665096,23.562725,0.0],[120.665855,23.562518,0.0],[120.66588,23.562584,0.0],[120.666597,23.562712,0.0],[120.666705,23.563048,0.0],[120.667444,23.562889,0.0],[120.667317,23.562562,0.0],[120.667584,23.562557,0.0],[120.667695,23.562941,0.0],[120.668624,23.562922,0.0],[120.669326,23.562677,0.0],[120.66933,23.562343,0.0],[120.669625,23.562246,0.0],[120.669812,23.562058,0.0],[120.670075,23.561945,0.0],[120.670411,23.561871,0.0],[120.670723,23.561938,0.0],[120.671275,23.561863,0.0],[120.672087,23.561471,0.0],[120.672273,23.561409,0.0],[120.672525,23.561443,0.0],[120.672906,23.560662,0.0],[120.673951,23.560337,0.0],[120.674041,23.560331,0.0],[120.674059,23.560411,0.0],[120.67516,23.560424,0.0],[120.675208,23.560513,0.0],[120.675905,23.560382,0.0],[120.67587,23.560164,0.0],[120.677809,23.560177,0.0],[120.677818,23.56033,0.0],[120.678029,23.560384,0.0],[120.678167,23.560543,0.0],[120.678654,23.560496,0.0],[120.679075,23.560277,0.0],[120.67918,23.559774,0.0],[120.679484,23.559831,0.0],[120.679792,23.559712,0.0],[120.679551,23.559587,0.0],[120.679504,23.559473,0.0],[120.679307,23.559471,0.0],[120.679158,23.559125,0.0],[120.679138,23.55883,0.0],[120.679288,23.558615,0.0],[120.679223,23.557845,0.0],[120.679584,23.557461,0.0],[120.680265,23.557272,0.0],[120.680242,23.557059,0.0],[120.680476,23.556947,0.0],[120.680704,23.556703,0.0],[120.681498,23.556592,0.0],[120.681973,23.55667,0.0],[120.682388,23.556827,0.0],[120.682883,23.556722,0.0],[120.682947,23.556907,0.0],[120.683266,23.556742,0.0],[120.683251,23.556686,0.0],[120.683444,23.556848,0.0],[120.683841,23.556979,0.0],[120.684638,23.556836,0.0],[120.684698,23.55677,0.0],[120.685182,23.557013,0.0],[120.685173,23.556751,0.0],[120.685054,23.556598,0.0],[120.685098,23.556317,0.0],[120.685406,23.55624,0.0],[120.68547,23.55602,0.0],[120.685342,23.555887,0.0],[120.685568,23.555691,0.0],[120.68578,23.555644,0.0],[120.685758,23.556065,0.0],[120.685956,23.556891,0.0],[120.685709,23.557146,0.0],[120.685748,23.557206,0.0],[120.685986,23.557184,0.0],[120.686168,23.557275,0.0],[120.68641,23.557041,0.0],[120.686895,23.557083,0.0],[120.687452,23.556922,0.0],[120.688485,23.55698,0.0],[120.689681,23.557337,0.0],[120.690546,23.557356,0.0],[120.690949,23.557554,0.0],[120.691014,23.557416,0.0],[120.691501,23.557404,0.0],[120.692438,23.556993,0.0],[120.692831,23.556991,0.0],[120.692957,23.557103,0.0],[120.693666,23.557219,0.0],[120.694013,23.556967,0.0],[120.694113,23.556668,0.0],[120.694759,23.556508,0.0],[120.694837,23.5562,0.0],[120.694978,23.556132,0.0],[120.695287,23.556898,0.0],[120.69515,23.55736,0.0],[120.695356,23.557741,0.0],[120.695469,23.557492,0.0],[120.695427,23.557267,0.0],[120.695631,23.557003,0.0],[120.695655,23.556722,0.0],[120.695748,23.55676,0.0],[120.696095,23.557414,0.0],[120.695882,23.55793,0.0],[120.695962,23.55825,0.0],[120.695972,23.55914,0.0],[120.696342,23.559441,0.0],[120.697202,23.559735,0.0],[120.697419,23.560023,0.0],[120.697697,23.560654,0.0],[120.697934,23.560833,0.0],[120.698068,23.56105,0.0],[120.698049,23.56208,0.0],[120.69765,23.56275,0.0],[120.697652,23.563035,0.0],[120.698554,23.563875,0.0],[120.699327,23.564409,0.0],[120.699256,23.564829,0.0],[120.699377,23.565081,0.0],[120.699515,23.565112,0.0],[120.699773,23.564879,0.0],[120.69995,23.564946,0.0],[120.700386,23.56483,0.0],[120.700597,23.564878,0.0],[120.700673,23.564831,0.0],[120.700809,23.564912,0.0],[120.700956,23.564744,0.0],[120.701269,23.564758,0.0],[120.701437,23.564978,0.0],[120.701733,23.565105,0.0],[120.704412,23.565873,0.0],[120.704598,23.565723,0.0],[120.704729,23.565723,0.0],[120.704956,23.565482,0.0],[120.705075,23.565187,0.0],[120.705502,23.565106,0.0],[120.705725,23.565193,0.0],[120.705764,23.564891,0.0],[120.706309,23.564288,0.0],[120.706517,23.564164,0.0],[120.706688,23.56385,0.0],[120.707228,23.563557,0.0],[120.707844,23.563498,0.0],[120.708396,23.563319,0.0],[120.709264,23.562589,0.0],[120.709158,23.562018,0.0],[120.708981,23.561786,0.0],[120.70887,23.561375,0.0],[120.708706,23.561229,0.0],[120.708561,23.560288,0.0],[120.707612,23.560431,0.0],[120.707248,23.560245,0.0],[120.707298,23.55964,0.0],[120.707583,23.55927,0.0],[120.707931,23.559217,0.0],[120.708056,23.559119,0.0],[120.708305,23.558859,0.0],[120.708345,23.55851,0.0],[120.708461,23.558397,0.0],[120.708758,23.558374,0.0],[120.708839,23.558285,0.0],[120.708755,23.558233,0.0],[120.707586,23.557972,0.0],[120.706973,23.558047,0.0],[120.706097,23.558383,0.0],[120.705587,23.558379,0.0],[120.705587,23.558287,0.0],[120.705536,23.558361,0.0],[120.704722,23.558488,0.0],[120.704446,23.558368,0.0],[120.70423,23.558448,0.0],[120.704098,23.558683,0.0],[120.703006,23.558437,0.0],[120.702225,23.557656,0.0],[120.702434,23.557011,0.0],[120.702108,23.556669,0.0],[120.701663,23.556353,0.0],[120.701592,23.556437,0.0],[120.701451,23.556432,0.0],[120.701406,23.55652,0.0],[120.701183,23.556562,0.0],[120.700927,23.556822,0.0],[120.700688,23.556817,0.0],[120.700554,23.556945,0.0],[120.700189,23.556983,0.0],[120.699804,23.556922,0.0],[120.699689,23.556737,0.0],[120.699526,23.556723,0.0],[120.699569,23.556463,0.0],[120.699329,23.556436,0.0],[120.699101,23.556531,0.0],[120.698268,23.55631,0.0],[120.697878,23.556511,0.0],[120.697866,23.55634,0.0],[120.697572,23.55586,0.0],[120.697336,23.555718,0.0],[120.697362,23.555594,0.0],[120.697257,23.555429,0.0],[120.697104,23.555361,0.0],[120.696798,23.554974,0.0],[120.696838,23.554841,0.0],[120.696581,23.554828,0.0],[120.696559,23.554484,0.0],[120.696412,23.554457,0.0],[120.695915,23.55545,0.0],[120.695993,23.555738,0.0],[120.695915,23.556014,0.0],[120.695749,23.556152,0.0],[120.695748,23.556426,0.0],[120.695691,23.556335,0.0],[120.695655,23.556529,0.0],[120.695365,23.555969,0.0],[120.695191,23.555854,0.0],[120.695012,23.55607,0.0],[120.694885,23.556014,0.0],[120.694735,23.555567,0.0],[120.694643,23.555432,0.0],[120.694363,23.55529,0.0],[120.694235,23.554918,0.0],[120.694067,23.554744,0.0],[120.694069,23.554395,0.0],[120.693704,23.554041,0.0],[120.6937,23.553722,0.0],[120.693472,23.553238,0.0],[120.69284,23.55251,0.0],[120.6927,23.552411,0.0],[120.691964,23.552205,0.0],[120.691421,23.551498,0.0],[120.691272,23.55113,0.0],[120.690978,23.551042,0.0],[120.69062,23.551052,0.0],[120.690543,23.550976,0.0],[120.690324,23.550987,0.0],[120.690129,23.550891,0.0],[120.689972,23.550701,0.0],[120.689743,23.549893,0.0],[120.689675,23.549822,0.0],[120.689505,23.549848,0.0],[120.689301,23.549485,0.0],[120.689057,23.549677,0.0],[120.688706,23.549512,0.0],[120.68852,23.549527,0.0],[120.687506,23.549278,0.0],[120.687624,23.549072,0.0],[120.68751,23.548666,0.0],[120.687567,23.54833,0.0],[120.687375,23.547916,0.0],[120.687067,23.547918,0.0],[120.687078,23.547798,0.0],[120.686491,23.547465,0.0],[120.686857,23.546614,0.0],[120.68702,23.545819,0.0],[120.68726,23.545564,0.0],[120.687662,23.545448,0.0],[120.687603,23.54499,0.0],[120.687697,23.544485,0.0],[120.687634,23.544375,0.0],[120.687787,23.544191,0.0],[120.687745,23.544145,0.0],[120.687921,23.54404,0.0],[120.687985,23.544087,0.0],[120.688015,23.543893,0.0],[120.688172,23.544056,0.0],[120.688285,23.544021,0.0],[120.688537,23.543479,0.0],[120.688492,23.543243,0.0],[120.688153,23.543376,0.0],[120.688137,23.543328,0.0],[120.68774,23.543358,0.0],[120.687797,23.543268,0.0],[120.687706,23.54327,0.0],[120.688041,23.542902,0.0],[120.688003,23.542802,0.0],[120.687526,23.542754,0.0],[120.687489,23.542182,0.0],[120.68737,23.541865,0.0],[120.686344,23.54149,0.0],[120.686395,23.541261,0.0],[120.686676,23.541075,0.0],[120.685993,23.540679,0.0],[120.68553,23.541302,0.0],[120.685623,23.541806,0.0],[120.685498,23.542425,0.0],[120.684985,23.542911,0.0],[120.684623,23.543136,0.0],[120.684275,23.543694,0.0],[120.683854,23.543936,0.0],[120.683653,23.543905,0.0],[120.683235,23.543195,0.0],[120.683233,23.543018,0.0],[120.682899,23.54264,0.0],[120.682441,23.54228,0.0],[120.68212,23.541713,0.0],[120.681775,23.541588,0.0],[120.681526,23.541804,0.0],[120.681453,23.541505,0.0],[120.681225,23.541275,0.0],[120.681314,23.540851,0.0],[120.681507,23.540786,0.0],[120.681286,23.540767,0.0],[120.681254,23.540636,0.0],[120.68081,23.540371,0.0],[120.680862,23.54015,0.0],[120.680609,23.539687,0.0],[120.680495,23.53962,0.0],[120.680563,23.539527,0.0],[120.680499,23.539444,0.0],[120.680204,23.539193,0.0],[120.67997,23.539253,0.0],[120.679436,23.538832,0.0],[120.679359,23.538621,0.0],[120.679471,23.538451,0.0],[120.679746,23.538286,0.0],[120.679353,23.537893,0.0],[120.679052,23.537771,0.0],[120.678466,23.537108,0.0],[120.678088,23.537114,0.0],[120.678094,23.537017,0.0],[120.677933,23.536866,0.0],[120.677822,23.536585,0.0],[120.677587,23.536619,0.0],[120.677589,23.536389,0.0],[120.678105,23.536054,0.0],[120.678123,23.535865,0.0],[120.677667,23.535798,0.0],[120.677495,23.536018,0.0],[120.67726,23.535666,0.0],[120.677239,23.535461,0.0],[120.677357,23.535463,0.0],[120.677505,23.534916,0.0],[120.677251,23.534661,0.0],[120.67714,23.534007,0.0],[120.676682,23.533111,0.0],[120.676491,23.53323,0.0],[120.676374,23.533069,0.0]],[[120.706745,23.57394,0.0],[120.706517,23.573849,0.0],[120.706794,23.574114,0.0],[120.70757,23.573938,0.0],[120.707577,23.573807,0.0],[120.707285,23.573931,0.0],[120.707236,23.573878,0.0],[120.706797,23.573883,0.0],[120.706745,23.57394,0.0]],[[120.70674,23.573518,0.0],[120.706696,23.573455,0.0],[120.706915,23.573254,0.0],[120.706451,23.572881,0.0],[120.706297,23.57282,0.0],[120.705902,23.572926,0.0],[120.70581,23.573333,0.0],[120.705976,23.57345,0.0],[120.706682,23.573545,0.0],[120.70674,23.573518,0.0]],[[120.70449,23.572382,0.0],[120.704356,23.572055,0.0],[120.70414,23.571971,0.0],[120.70347,23.572565,0.0],[120.703684,23.572752,0.0],[120.704393,23.572685,0.0],[120.704481,23.572494,0.0],[120.704341,23.572469,0.0],[120.704384,23.57237,0.0],[120.70449,23.572382,0.0]],[[120.699525,23.569095,0.0],[120.699936,23.569819,0.0],[120.700505,23.570099,0.0],[120.700741,23.570016,0.0],[120.700723,23.569738,0.0],[120.700817,23.569715,0.0],[120.700891,23.569541,0.0],[120.700837,23.569295,0.0],[120.700624,23.569484,0.0],[120.700214,23.569454,0.0],[120.699525,23.569095,0.0]],[[120.698556,23.573693,0.0],[120.698711,23.573479,0.0],[120.698538,23.573247,0.0],[120.698368,23.573288,0.0],[120.698228,23.573712,0.0],[120.698296,23.573879,0.0],[120.698402,23.573884,0.0],[120.69831,23.573704,0.0],[120.698556,23.573693,0.0]],[[120.69798,23.573762,0.0],[120.697876,23.573424,0.0],[120.697324,23.57344,0.0],[120.69746,23.573942,0.0],[120.697636,23.574011,0.0],[120.697589,23.574503,0.0],[120.697875,23.574046,0.0],[120.697739,23.573717,0.0],[120.69798,23.573762,0.0]],[[120.697536,23.575041,0.0],[120.697733,23.575066,0.0],[120.697757,23.574907,0.0],[120.697581,23.574938,0.0],[120.697555,23.574765,0.0],[120.697536,23.575041,0.0]],[[120.69569,23.573773,0.0],[120.695729,23.574031,0.0],[120.695944,23.573977,0.0],[120.695908,23.573615,0.0],[120.69569,23.573773,0.0]],[[120.694242,23.575352,0.0],[120.69469,23.575479,0.0],[120.694703,23.575419,0.0],[120.695022,23.575449,0.0],[120.69518,23.575273,0.0],[120.695355,23.57527,0.0],[120.695408,23.575129,0.0],[120.695195,23.575174,0.0],[120.695222,23.575,0.0],[120.695534,23.57461,0.0],[120.695449,23.574205,0.0],[120.695396,23.574539,0.0],[120.695261,23.574548,0.0],[120.695086,23.574872,0.0],[120.69439,23.574954,0.0],[120.694433,23.57512,0.0],[120.694242,23.575352,0.0]],[[120.686853,23.56326,0.0],[120.686864,23.563467,0.0],[120.687108,23.563755,0.0],[120.68763,23.56357,0.0],[120.687712,23.563247,0.0],[120.687517,23.563268,0.0],[120.687481,23.562822,0.0],[120.6873,23.562827,0.0],[120.686975,23.563263,0.0],[120.686853,23.56326,0.0]],[[120.687091,23.538913,0.0],[120.686576,23.538898,0.0],[120.686325,23.539011,0.0],[120.686788,23.539315,0.0],[120.687232,23.539479,0.0],[120.687391,23.53926,0.0],[120.687219,23.538965,0.0],[120.687091,23.538913,0.0]],[[120.687301,23.562373,0.0],[120.687227,23.562385,0.0],[120.687332,23.562432,0.0],[120.687301,23.562373,0.0]],[[120.685937,23.571383,0.0],[120.685864,23.571247,0.0],[120.685694,23.571245,0.0],[120.685778,23.570957,0.0],[120.685611,23.571179,0.0],[120.685686,23.57128,0.0],[120.685937,23.571383,0.0]],[[120.685007,23.535111,0.0],[120.684626,23.534984,0.0],[120.684575,23.535127,0.0],[120.684274,23.53517,0.0],[120.684459,23.534918,0.0],[120.684269,23.534842,0.0],[120.683859,23.534932,0.0],[120.68381,23.535138,0.0],[120.684291,23.535335,0.0],[120.684806,23.535324,0.0],[120.68498,23.535428,0.0],[120.685007,23.535111,0.0]],[[120.683881,23.561744,0.0],[120.684074,23.561887,0.0],[120.68406,23.562081,0.0],[120.684363,23.56212,0.0],[120.684664,23.561915,0.0],[120.684539,23.561929,0.0],[120.684299,23.561738,0.0],[120.684008,23.561666,0.0],[120.683881,23.561744,0.0]],[[120.684336,23.53679,0.0],[120.684503,23.53668,0.0],[120.684469,23.536579,0.0],[120.684271,23.536449,0.0],[120.683558,23.536455,0.0],[120.683692,23.536749,0.0],[120.684336,23.53679,0.0]],[[120.683818,23.536152,0.0],[120.683774,23.535977,0.0],[120.683418,23.536127,0.0],[120.683565,23.536316,0.0],[120.683818,23.536152,0.0]],[[120.682912,23.570715,0.0],[120.683154,23.570635,0.0],[120.683367,23.570726,0.0],[120.683506,23.570434,0.0],[120.682585,23.570015,0.0],[120.682585,23.570083,0.0],[120.682449,23.570083,0.0],[120.682336,23.570329,0.0],[120.682219,23.570324,0.0],[120.682124,23.570497,0.0],[120.682912,23.570715,0.0]],[[120.682525,23.53688,0.0],[120.682844,23.536238,0.0],[120.683003,23.53622,0.0],[120.682946,23.536089,0.0],[120.683164,23.535533,0.0],[120.682796,23.535397,0.0],[120.682304,23.536085,0.0],[120.682297,23.536254,0.0],[120.682175,23.536401,0.0],[120.682338,23.536782,0.0],[120.682525,23.53688,0.0]],[[120.682112,23.534239,0.0],[120.682227,23.534327,0.0],[120.682538,23.534138,0.0],[120.682563,23.534218,0.0],[120.682634,23.53418,0.0],[120.682851,23.534301,0.0],[120.683105,23.534155,0.0],[120.68305,23.533941,0.0],[120.682606,23.533803,0.0],[120.682231,23.533938,0.0],[120.682112,23.534239,0.0]],[[120.682373,23.540661,0.0],[120.682655,23.540369,0.0],[120.682472,23.540081,0.0],[120.682524,23.539837,0.0],[120.682401,23.539683,0.0],[120.682062,23.539566,0.0],[120.68174,23.539711,0.0],[120.681538,23.54,0.0],[120.681973,23.540516,0.0],[120.682257,23.540695,0.0],[120.682373,23.540661,0.0]],[[120.680877,23.559329,0.0],[120.680817,23.559477,0.0],[120.680358,23.559712,0.0],[120.680534,23.559974,0.0],[120.680668,23.560022,0.0],[120.680971,23.559954,0.0],[120.681072,23.559384,0.0],[120.680877,23.559329,0.0]],[[120.678518,23.570535,0.0],[120.678525,23.570025,0.0],[120.678392,23.570014,0.0],[120.678239,23.570382,0.0],[120.677457,23.570311,0.0],[120.677534,23.570469,0.0],[120.678518,23.570535,0.0]],[[120.674999,23.529518,0.0],[120.674893,23.529403,0.0],[120.67457,23.529517,0.0],[120.674404,23.529426,0.0],[120.674398,23.529884,0.0],[120.674854,23.529702,0.0],[120.674999,23.529518,0.0]],[[120.674297,23.569953,0.0],[120.674298,23.570034,0.0],[120.674502,23.570171,0.0],[120.674693,23.570135,0.0],[120.674513,23.569873,0.0],[120.674528,23.569671,0.0],[120.674419,23.569597,0.0],[120.674279,23.569612,0.0],[120.67418,23.569458,0.0],[120.673943,23.56949,0.0],[120.673555,23.56938,0.0],[120.673046,23.569771,0.0],[120.672851,23.569748,0.0],[120.672746,23.569893,0.0],[120.673001,23.569911,0.0],[120.673147,23.57002,0.0],[120.673242,23.569985,0.0],[120.67375,23.570225,0.0],[120.673955,23.570072,0.0],[120.674003,23.570257,0.0],[120.674121,23.570275,0.0],[120.674215,23.570232,0.0],[120.67419,23.569941,0.0],[120.674297,23.569953,0.0]],[[120.67408,23.569088,0.0],[120.673971,23.56912,0.0],[120.673892,23.569328,0.0],[120.67403,23.569404,0.0],[120.67448,23.569346,0.0],[120.674561,23.56927,0.0],[120.67408,23.569088,0.0]],[[120.673918,23.546498,0.0],[120.674209,23.546377,0.0],[120.674118,23.545958,0.0],[120.674322,23.545845,0.0],[120.674141,23.545616,0.0],[120.67427,23.545421,0.0],[120.673739,23.545767,0.0],[120.673233,23.545326,0.0],[120.673185,23.545678,0.0],[120.673065,23.54574,0.0],[120.673061,23.545989,0.0],[120.673918,23.546498,0.0]],[[120.674022,23.530603,0.0],[120.673979,23.530965,0.0],[120.67414,23.531056,0.0],[120.674022,23.530603,0.0]],[[120.673897,23.527881,0.0],[120.673876,23.527692,0.0],[120.673767,23.527243,0.0],[120.673602,23.527306,0.0],[120.673462,23.527073,0.0],[120.67318,23.527236,0.0],[120.673356,23.527624,0.0],[120.673558,23.527665,0.0],[120.673667,23.527795,0.0],[120.673869,23.527726,0.0],[120.673897,23.527881,0.0]],[[120.673043,23.527166,0.0],[120.673107,23.527164,0.0],[120.673121,23.527019,0.0],[120.673043,23.527166,0.0]],[[120.666096,23.524533,0.0],[120.666096,23.524445,0.0],[120.665992,23.52446,0.0],[120.665922,23.524099,0.0],[120.665784,23.524111,0.0],[120.665495,23.523966,0.0],[120.665338,23.523992,0.0],[120.665349,23.524246,0.0],[120.664857,23.524155,0.0],[120.664921,23.523549,0.0],[120.664773,23.523373,0.0],[120.664741,23.522717,0.0],[120.664592,23.522271,0.0],[120.664292,23.522531,0.0],[120.663989,23.522659,0.0],[120.663966,23.522988,0.0],[120.663786,23.523189,0.0],[120.663716,23.523647,0.0],[120.663231,23.52426,0.0],[120.663195,23.524415,0.0],[120.663322,23.524743,0.0],[120.663723,23.525094,0.0],[120.663645,23.525631,0.0],[120.66391,23.525754,0.0],[120.664198,23.52603,0.0],[120.664196,23.525809,0.0],[120.664385,23.52564,0.0],[120.664581,23.525762,0.0],[120.664583,23.526158,0.0],[120.664914,23.526728,0.0],[120.664842,23.526891,0.0],[120.664601,23.526942,0.0],[120.664366,23.526547,0.0],[120.663647,23.52592,0.0],[120.663462,23.526402,0.0],[120.663281,23.526535,0.0],[120.663043,23.526564,0.0],[120.662831,23.526684,0.0],[120.662836,23.526916,0.0],[120.662593,23.526891,0.0],[120.662107,23.527368,0.0],[120.661847,23.527437,0.0],[120.661775,23.527538,0.0],[120.662034,23.528209,0.0],[120.662316,23.528675,0.0],[120.662901,23.529122,0.0],[120.663354,23.529204,0.0],[120.66322,23.529285,0.0],[120.663299,23.529423,0.0],[120.663439,23.52934,0.0],[120.66386,23.529292,0.0],[120.664091,23.528987,0.0],[120.664365,23.5291,0.0],[120.664437,23.52933,0.0],[120.664686,23.529574,0.0],[120.66495,23.529596,0.0],[120.665063,23.529467,0.0],[120.665329,23.529682,0.0],[120.665229,23.529923,0.0],[120.665267,23.530025,0.0],[120.665666,23.530078,0.0],[120.665626,23.530402,0.0],[120.665762,23.530531,0.0],[120.665994,23.530479,0.0],[120.666649,23.530606,0.0],[120.667249,23.53101,0.0],[120.667217,23.531147,0.0],[120.667334,23.53134,0.0],[120.667517,23.531452,0.0],[120.668346,23.531377,0.0],[120.668763,23.531535,0.0],[120.668513,23.531559,0.0],[120.668661,23.531654,0.0],[120.668465,23.531691,0.0],[120.668422,23.531809,0.0],[120.668532,23.531955,0.0],[120.668932,23.532128,0.0],[120.669088,23.532398,0.0],[120.669297,23.532566,0.0],[120.669503,23.532617,0.0],[120.669672,23.532547,0.0],[120.66997,23.532884,0.0],[120.669902,23.533001,0.0],[120.670003,23.53311,0.0],[120.670281,23.533023,0.0],[120.670455,23.532777,0.0],[120.671377,23.532312,0.0],[120.671738,23.532026,0.0],[120.672093,23.532169,0.0],[120.672078,23.531865,0.0],[120.671976,23.531625,0.0],[120.672176,23.531466,0.0],[120.672175,23.531138,0.0],[120.672374,23.530858,0.0],[120.672408,23.530658,0.0],[120.672377,23.530557,0.0],[120.672066,23.530548,0.0],[120.672138,23.530211,0.0],[120.671996,23.530157,0.0],[120.672031,23.52996,0.0],[120.672101,23.529928,0.0],[120.672114,23.52963,0.0],[120.672062,23.529561,0.0],[120.671882,23.529556,0.0],[120.671925,23.529422,0.0],[120.671805,23.529355,0.0],[120.671747,23.529188,0.0],[120.671751,23.52904,0.0],[120.671873,23.529025,0.0],[120.671864,23.528798,0.0],[120.671563,23.528722,0.0],[120.671062,23.528865,0.0],[120.671002,23.528812,0.0],[120.670718,23.528842,0.0],[120.670686,23.528587,0.0],[120.670379,23.528218,0.0],[120.670452,23.527979,0.0],[120.670403,23.527928,0.0],[120.670551,23.527856,0.0],[120.670556,23.527382,0.0],[120.670712,23.527253,0.0],[120.671,23.527361,0.0],[120.671152,23.527098,0.0],[120.670601,23.527011,0.0],[120.67044,23.526592,0.0],[120.670202,23.526527,0.0],[120.670391,23.52629,0.0],[120.670323,23.526204,0.0],[120.670107,23.526086,0.0],[120.669805,23.526151,0.0],[120.66984,23.526419,0.0],[120.669648,23.526418,0.0],[120.669633,23.526287,0.0],[120.669541,23.526287,0.0],[120.669524,23.525935,0.0],[120.669159,23.525802,0.0],[120.668989,23.525519,0.0],[120.668572,23.525444,0.0],[120.668203,23.525051,0.0],[120.667915,23.525011,0.0],[120.667504,23.524704,0.0],[120.66727,23.524682,0.0],[120.666648,23.524797,0.0],[120.666428,23.524563,0.0],[120.666096,23.524533,0.0]],[[120.670673,23.544768,0.0],[120.671125,23.545273,0.0],[120.670821,23.545578,0.0],[120.671175,23.545739,0.0],[120.671717,23.544717,0.0],[120.671331,23.544462,0.0],[120.670884,23.544606,0.0],[120.670673,23.544768,0.0]],[[120.670603,23.570938,0.0],[120.670353,23.570728,0.0],[120.670092,23.571103,0.0],[120.670328,23.571258,0.0],[120.670603,23.570938,0.0]],[[120.670342,23.550276,0.0],[120.669981,23.550161,0.0],[120.670075,23.550255,0.0],[120.670342,23.550276,0.0]],[[120.669336,23.565254,0.0],[120.669214,23.56488,0.0],[120.669056,23.564866,0.0],[120.669006,23.565025,0.0],[120.668946,23.564866,0.0],[120.668612,23.564824,0.0],[120.668513,23.565194,0.0],[120.668199,23.56515,0.0],[120.668134,23.565307,0.0],[120.667954,23.565347,0.0],[120.667793,23.565528,0.0],[120.667737,23.565758,0.0],[120.667528,23.565955,0.0],[120.667121,23.566763,0.0],[120.667094,23.566998,0.0],[120.667164,23.567059,0.0],[120.6673,23.567094,0.0],[120.667831,23.566754,0.0],[120.668126,23.566728,0.0],[120.668534,23.566519,0.0],[120.668717,23.566337,0.0],[120.668861,23.56641,0.0],[120.669394,23.566267,0.0],[120.669448,23.566154,0.0],[120.669129,23.566108,0.0],[120.669246,23.565456,0.0],[120.669766,23.565433,0.0],[120.669968,23.565222,0.0],[120.669772,23.564901,0.0],[120.66945,23.564958,0.0],[120.669336,23.565254,0.0]],[[120.669907,23.550101,0.0],[120.669531,23.549852,0.0],[120.669573,23.549945,0.0],[120.669907,23.550101,0.0]],[[120.669011,23.572329,0.0],[120.669434,23.572201,0.0],[120.669411,23.571796,0.0],[120.669515,23.571511,0.0],[120.669325,23.57144,0.0],[120.669006,23.571759,0.0],[120.668712,23.571835,0.0],[120.66873,23.571993,0.0],[120.668908,23.572238,0.0],[120.669011,23.572329,0.0]],[[120.669419,23.549677,0.0],[120.669376,23.549562,0.0],[120.669251,23.549552,0.0],[120.669296,23.549605,0.0],[120.669419,23.549677,0.0]],[[120.668695,23.549468,0.0],[120.668627,23.549327,0.0],[120.668662,23.549054,0.0],[120.669074,23.549459,0.0],[120.669234,23.5495,0.0],[120.668752,23.549009,0.0],[120.668794,23.548925,0.0],[120.668688,23.548763,0.0],[120.66843,23.54859,0.0],[120.668236,23.548056,0.0],[120.667952,23.547938,0.0],[120.667985,23.548224,0.0],[120.668225,23.548333,0.0],[120.66844,23.548835,0.0],[120.668294,23.548922,0.0],[120.66822,23.548871,0.0],[120.66808,23.549127,0.0],[120.668253,23.549529,0.0],[120.668533,23.549562,0.0],[120.668695,23.549468,0.0]],[[120.669075,23.572742,0.0],[120.669029,23.572547,0.0],[120.669093,23.572399,0.0],[120.668875,23.57227,0.0],[120.668819,23.572343,0.0],[120.668734,23.572324,0.0],[120.668754,23.572167,0.0],[120.668641,23.572172,0.0],[120.668371,23.571934,0.0],[120.668295,23.571929,0.0],[120.668206,23.572067,0.0],[120.66789,23.572158,0.0],[120.667942,23.572287,0.0],[120.667754,23.57226,0.0],[120.667748,23.572371,0.0],[120.667011,23.572545,0.0],[120.666706,23.572971,0.0],[120.666795,23.573029,0.0],[120.666668,23.573256,0.0],[120.666816,23.573332,0.0],[120.667443,23.573152,0.0],[120.667269,23.57286,0.0],[120.667829,23.572723,0.0],[120.667873,23.572793,0.0],[120.668244,23.57278,0.0],[120.668199,23.572988,0.0],[120.668592,23.572966,0.0],[120.6687,23.573127,0.0],[120.668929,23.573136,0.0],[120.669127,23.573005,0.0],[120.669163,23.572751,0.0],[120.669075,23.572742,0.0]],[[120.667943,23.544007,0.0],[120.667913,23.544075,0.0],[120.667998,23.544205,0.0],[120.668149,23.54424,0.0],[120.667943,23.544007,0.0]],[[120.667067,23.544113,0.0],[120.667264,23.544202,0.0],[120.667341,23.544121,0.0],[120.667715,23.544145,0.0],[120.667717,23.544081,0.0],[120.667865,23.544068,0.0],[120.667845,23.543962,0.0],[120.667429,23.543749,0.0],[120.667056,23.543696,0.0],[120.666924,23.543786,0.0],[120.666722,23.543797,0.0],[120.666438,23.544156,0.0],[120.667067,23.544113,0.0]],[[120.665945,23.549122,0.0],[120.666216,23.549076,0.0],[120.666325,23.549154,0.0],[120.666433,23.549079,0.0],[120.666512,23.549151,0.0],[120.666767,23.548907,0.0],[120.666462,23.549051,0.0],[120.666388,23.54899,0.0],[120.666492,23.548911,0.0],[120.6663,23.548933,0.0],[120.666244,23.548853,0.0],[120.666128,23.54887,0.0],[120.665945,23.549122,0.0]],[[120.665726,23.552937,0.0],[120.666237,23.552881,0.0],[120.665741,23.552646,0.0],[120.665605,23.552824,0.0],[120.665101,23.553012,0.0],[120.664783,23.553259,0.0],[120.664804,23.553308,0.0],[120.665021,23.553219,0.0],[120.665221,23.553241,0.0],[120.665469,23.553145,0.0],[120.665265,23.553336,0.0],[120.665427,23.553407,0.0],[120.666033,23.553312,0.0],[120.666241,23.553081,0.0],[120.665726,23.552937,0.0]],[[120.664867,23.549749,0.0],[120.664765,23.549958,0.0],[120.664772,23.550149,0.0],[120.665106,23.550266,0.0],[120.665305,23.550194,0.0],[120.665242,23.550111,0.0],[120.665668,23.549905,0.0],[120.665751,23.549792,0.0],[120.665748,23.549711,0.0],[120.665215,23.549233,0.0],[120.664716,23.549577,0.0],[120.664867,23.549749,0.0]],[[120.664645,23.572566,0.0],[120.664579,23.572371,0.0],[120.664392,23.572372,0.0],[120.663836,23.572726,0.0],[120.663918,23.572934,0.0],[120.664645,23.572566,0.0]],[[120.664083,23.511081,0.0],[120.663505,23.511263,0.0],[120.663851,23.511472,0.0],[120.664121,23.511427,0.0],[120.664163,23.511361,0.0],[120.664083,23.511081,0.0]],[[120.662277,23.54584,0.0],[120.66247,23.545621,0.0],[120.662657,23.545646,0.0],[120.662826,23.54593,0.0],[120.663206,23.545607,0.0],[120.663372,23.54546,0.0],[120.663483,23.544906,0.0],[120.66374,23.544561,0.0],[120.663632,23.544458,0.0],[120.663704,23.544443,0.0],[120.663683,23.544158,0.0],[120.663649,23.544341,0.0],[120.663321,23.544743,0.0],[120.663066,23.544771,0.0],[120.663055,23.544584,0.0],[120.662938,23.544681,0.0],[120.66289,23.544961,0.0],[120.662761,23.545169,0.0],[120.662665,23.545213,0.0],[120.662302,23.544889,0.0],[120.6622,23.54516,0.0],[120.661906,23.545495,0.0],[120.660992,23.545465,0.0],[120.660815,23.545621,0.0],[120.660435,23.545703,0.0],[120.660303,23.545703,0.0],[120.660268,23.545253,0.0],[120.659059,23.544492,0.0],[120.658778,23.544413,0.0],[120.658774,23.544537,0.0],[120.658508,23.544941,0.0],[120.658455,23.544733,0.0],[120.658262,23.544633,0.0],[120.657855,23.544696,0.0],[120.657825,23.544795,0.0],[120.658314,23.544966,0.0],[120.658072,23.545226,0.0],[120.657846,23.546023,0.0],[120.657634,23.546105,0.0],[120.657078,23.546057,0.0],[120.65691,23.546344,0.0],[120.656791,23.5464,0.0],[120.656702,23.546664,0.0],[120.656709,23.547017,0.0],[120.656577,23.547207,0.0],[120.656159,23.547657,0.0],[120.655687,23.547926,0.0],[120.655384,23.548236,0.0],[120.654751,23.548053,0.0],[120.654192,23.548044,0.0],[120.653429,23.548174,0.0],[120.653121,23.548309,0.0],[120.652454,23.548344,0.0],[120.652311,23.548473,0.0],[120.651985,23.548433,0.0],[120.651825,23.548678,0.0],[120.651812,23.549373,0.0],[120.651927,23.549337,0.0],[120.651969,23.549547,0.0],[120.652613,23.549456,0.0],[120.652769,23.549844,0.0],[120.652626,23.550011,0.0],[120.652381,23.550105,0.0],[120.651815,23.550007,0.0],[120.65166,23.550101,0.0],[120.651739,23.550493,0.0],[120.652065,23.550469,0.0],[120.652096,23.550576,0.0],[120.65247,23.55065,0.0],[120.652353,23.550884,0.0],[120.652036,23.551014,0.0],[120.65203,23.551414,0.0],[120.652188,23.551562,0.0],[120.652552,23.551483,0.0],[120.652574,23.551741,0.0],[120.652374,23.5519,0.0],[120.652136,23.552255,0.0],[120.651752,23.55249,0.0],[120.651954,23.552283,0.0],[120.651832,23.551734,0.0],[120.651736,23.551817,0.0],[120.651691,23.552057,0.0],[120.651616,23.551668,0.0],[120.651534,23.551685,0.0],[120.651421,23.551947,0.0],[120.650897,23.551867,0.0],[120.650847,23.551991,0.0],[120.651094,23.552119,0.0],[120.651336,23.552426,0.0],[120.651274,23.552771,0.0],[120.651398,23.552909,0.0],[120.650882,23.553372,0.0],[120.650828,23.553625,0.0],[120.650378,23.553924,0.0],[120.65033,23.554049,0.0],[120.651059,23.554053,0.0],[120.651112,23.554122,0.0],[120.651269,23.553997,0.0],[120.651221,23.55393,0.0],[120.651515,23.553731,0.0],[120.651776,23.55382,0.0],[120.652144,23.553671,0.0],[120.652349,23.553677,0.0],[120.652469,23.553491,0.0],[120.652397,23.553439,0.0],[120.652461,23.553355,0.0],[120.652344,23.55326,0.0],[120.652283,23.553313,0.0],[120.652251,23.553233,0.0],[120.652445,23.553153,0.0],[120.652647,23.553166,0.0],[120.652764,23.55302,0.0],[120.652903,23.552975,0.0],[120.653406,23.552941,0.0],[120.653311,23.553203,0.0],[120.653324,23.553657,0.0],[120.653758,23.553562,0.0],[120.653772,23.553431,0.0],[120.654333,23.553402,0.0],[120.654451,23.553124,0.0],[120.654645,23.553163,0.0],[120.654675,23.553057,0.0],[120.65452,23.552905,0.0],[120.654558,23.552796,0.0],[120.654608,23.552838,0.0],[120.654689,23.552752,0.0],[120.65472,23.552626,0.0],[120.654287,23.552293,0.0],[120.654434,23.552264,0.0],[120.654647,23.551848,0.0],[120.654799,23.551887,0.0],[120.654967,23.551702,0.0],[120.655116,23.551714,0.0],[120.655421,23.551141,0.0],[120.655099,23.550946,0.0],[120.654743,23.550897,0.0],[120.655307,23.550382,0.0],[120.655256,23.550273,0.0],[120.655513,23.550149,0.0],[120.65553,23.549709,0.0],[120.655681,23.549656,0.0],[120.65572,23.549458,0.0],[120.656185,23.549783,0.0],[120.6564,23.549751,0.0],[120.656574,23.549527,0.0],[120.656598,23.549398,0.0],[120.656373,23.549107,0.0],[120.656362,23.548918,0.0],[120.656075,23.548873,0.0],[120.656094,23.548819,0.0],[120.656225,23.548587,0.0],[120.656604,23.548368,0.0],[120.657009,23.547946,0.0],[120.657013,23.547771,0.0],[120.6572,23.547448,0.0],[120.657552,23.54704,0.0],[120.65813,23.546859,0.0],[120.65833,23.546974,0.0],[120.658808,23.546653,0.0],[120.659125,23.547241,0.0],[120.659304,23.547297,0.0],[120.659321,23.547147,0.0],[120.659466,23.54709,0.0],[120.659585,23.547193,0.0],[120.659764,23.547223,0.0],[120.660163,23.547201,0.0],[120.660288,23.547042,0.0],[120.660221,23.546607,0.0],[120.660692,23.546659,0.0],[120.66094,23.54655,0.0],[120.661281,23.546587,0.0],[120.66171,23.546286,0.0],[120.66199,23.545928,0.0],[120.662277,23.54584,0.0]],[[120.663232,23.510318,0.0],[120.662804,23.510149,0.0],[120.662949,23.51038,0.0],[120.66306,23.510377,0.0],[120.663232,23.510318,0.0]],[[120.662959,23.542114,0.0],[120.662742,23.541729,0.0],[120.662313,23.541623,0.0],[120.662215,23.541688,0.0],[120.662142,23.541782,0.0],[120.662185,23.542076,0.0],[120.662027,23.542194,0.0],[120.662073,23.542256,0.0],[120.662622,23.542315,0.0],[120.662959,23.542114,0.0]],[[120.662379,23.543466,0.0],[120.662728,23.543142,0.0],[120.662644,23.542922,0.0],[120.662485,23.542797,0.0],[120.661511,23.543047,0.0],[120.661605,23.543402,0.0],[120.662007,23.54332,0.0],[120.662379,23.543466,0.0]],[[120.662339,23.523276,0.0],[120.66215,23.523177,0.0],[120.661689,23.523221,0.0],[120.661695,23.523466,0.0],[120.661923,23.523768,0.0],[120.662185,23.523878,0.0],[120.66225,23.523842,0.0],[120.662394,23.523468,0.0],[120.662339,23.523276,0.0]],[[120.661716,23.54138,0.0],[120.661765,23.541527,0.0],[120.66207,23.541613,0.0],[120.662151,23.541559,0.0],[120.66208,23.541353,0.0],[120.661716,23.54138,0.0]],[[120.661578,23.517164,0.0],[120.661335,23.516928,0.0],[120.661182,23.51685,0.0],[120.66113,23.517428,0.0],[120.661459,23.517984,0.0],[120.661661,23.517926,0.0],[120.661701,23.517507,0.0],[120.661578,23.517164,0.0]],[[120.661127,23.518693,0.0],[120.661264,23.51856,0.0],[120.661267,23.518089,0.0],[120.66076,23.517666,0.0],[120.660758,23.517429,0.0],[120.660685,23.517388,0.0],[120.660724,23.517212,0.0],[120.660597,23.517084,0.0],[120.660457,23.516457,0.0],[120.660064,23.516197,0.0],[120.659713,23.516214,0.0],[120.659545,23.516324,0.0],[120.659826,23.516566,0.0],[120.659883,23.516831,0.0],[120.660024,23.517026,0.0],[120.659911,23.51757,0.0],[120.659967,23.518011,0.0],[120.659763,23.518119,0.0],[120.659776,23.518493,0.0],[120.660854,23.518988,0.0],[120.661093,23.518851,0.0],[120.661127,23.518693,0.0]],[[120.661178,23.543433,0.0],[120.661253,23.543442,0.0],[120.661241,23.543306,0.0],[120.661176,23.543312,0.0],[120.661178,23.543433,0.0]],[[120.661012,23.516087,0.0],[120.661225,23.515926,0.0],[120.661185,23.515884,0.0],[120.661012,23.516087,0.0]],[[120.660984,23.51616,0.0],[120.661012,23.516127,0.0],[120.660999,23.51612,0.0],[120.660984,23.51616,0.0]],[[120.6608,23.540438,0.0],[120.660871,23.540583,0.0],[120.660981,23.540532,0.0],[120.660963,23.540169,0.0],[120.660903,23.54032,0.0],[120.6608,23.540438,0.0]],[[120.660983,23.516232,0.0],[120.660728,23.516406,0.0],[120.660872,23.516541,0.0],[120.660983,23.516232,0.0]],[[120.660758,23.510148,0.0],[120.660677,23.510257,0.0],[120.660787,23.510256,0.0],[120.660797,23.510178,0.0],[120.660758,23.510148,0.0]],[[120.660605,23.539897,0.0],[120.660511,23.539988,0.0],[120.66056,23.540156,0.0],[120.660455,23.540167,0.0],[120.660464,23.5404,0.0],[120.660274,23.540673,0.0],[120.660296,23.540767,0.0],[120.66058,23.540667,0.0],[120.660602,23.540069,0.0],[120.660716,23.539978,0.0],[120.660605,23.539897,0.0]],[[120.660286,23.509246,0.0],[120.66036,23.509319,0.0],[120.660491,23.509179,0.0],[120.660468,23.509085,0.0],[120.660286,23.509246,0.0]],[[120.660499,23.51017,0.0],[120.66039,23.510099,0.0],[120.660299,23.510223,0.0],[120.660409,23.510295,0.0],[120.660499,23.51017,0.0]],[[120.660272,23.514141,0.0],[120.660262,23.513981,0.0],[120.660153,23.513961,0.0],[120.660255,23.513896,0.0],[120.660296,23.513335,0.0],[120.659883,23.513371,0.0],[120.659874,23.513481,0.0],[120.659614,23.513753,0.0],[120.659625,23.513824,0.0],[120.660119,23.513975,0.0],[120.660088,23.514106,0.0],[120.660162,23.514185,0.0],[120.660272,23.514141,0.0]],[[120.659542,23.552229,0.0],[120.659788,23.552284,0.0],[120.659899,23.552003,0.0],[120.659842,23.551913,0.0],[120.659552,23.552124,0.0],[120.659542,23.552229,0.0]],[[120.659794,23.504918,0.0],[120.659759,23.504707,0.0],[120.659653,23.504722,0.0],[120.659672,23.504874,0.0],[120.659794,23.504918,0.0]],[[120.658759,23.512934,0.0],[120.658359,23.512732,0.0],[120.658153,23.512859,0.0],[120.658972,23.513363,0.0],[120.658929,23.513431,0.0],[120.659014,23.513455,0.0],[120.658942,23.513571,0.0],[120.659043,23.513657,0.0],[120.659029,23.513452,0.0],[120.659157,23.513369,0.0],[120.658759,23.512934,0.0]],[[120.658682,23.513948,0.0],[120.658903,23.514108,0.0],[120.659073,23.514096,0.0],[120.659114,23.513905,0.0],[120.658773,23.513894,0.0],[120.658682,23.513948,0.0]],[[120.658865,23.529688,0.0],[120.658784,23.529607,0.0],[120.658648,23.52974,0.0],[120.658718,23.529819,0.0],[120.658865,23.529688,0.0]],[[120.658791,23.522943,0.0],[120.658792,23.522863,0.0],[120.658209,23.522722,0.0],[120.658149,23.523,0.0],[120.658643,23.523036,0.0],[120.658791,23.522943,0.0]],[[120.658388,23.529045,0.0],[120.658515,23.529056,0.0],[120.658577,23.529012,0.0],[120.658528,23.528603,0.0],[120.658325,23.52873,0.0],[120.658307,23.528922,0.0],[120.658388,23.529045,0.0]],[[120.65847,23.524735,0.0],[120.65838,23.524628,0.0],[120.658083,23.524604,0.0],[120.657966,23.524805,0.0],[120.658164,23.525086,0.0],[120.65847,23.524735,0.0]],[[120.658165,23.527497,0.0],[120.658412,23.527071,0.0],[120.657743,23.526783,0.0],[120.65751,23.526457,0.0],[120.656668,23.526366,0.0],[120.656557,23.526832,0.0],[120.657082,23.526946,0.0],[120.657495,23.527162,0.0],[120.657662,23.527125,0.0],[120.65776,23.527014,0.0],[120.657799,23.527237,0.0],[120.658165,23.527497,0.0]],[[120.658149,23.525867,0.0],[120.657693,23.526002,0.0],[120.657979,23.526265,0.0],[120.658385,23.526059,0.0],[120.658149,23.525867,0.0]],[[120.658162,23.529317,0.0],[120.658272,23.529058,0.0],[120.658198,23.528934,0.0],[120.658055,23.529041,0.0],[120.657982,23.52902,0.0],[120.657932,23.529136,0.0],[120.658042,23.529311,0.0],[120.658162,23.529317,0.0]],[[120.657502,23.556933,0.0],[120.657319,23.55687,0.0],[120.657168,23.557,0.0],[120.657115,23.557228,0.0],[120.657436,23.557518,0.0],[120.657664,23.557505,0.0],[120.657859,23.557741,0.0],[120.65812,23.557748,0.0],[120.658039,23.557373,0.0],[120.65776,23.557289,0.0],[120.657502,23.556933,0.0]],[[120.657536,23.513354,0.0],[120.657575,23.513594,0.0],[120.657689,23.513719,0.0],[120.657908,23.513793,0.0],[120.658002,23.513529,0.0],[120.657536,23.513354,0.0]],[[120.656922,23.523166,0.0],[120.657408,23.523459,0.0],[120.657843,23.52306,0.0],[120.657729,23.52302,0.0],[120.657329,23.523089,0.0],[120.6569,23.523043,0.0],[120.656922,23.523166,0.0]],[[120.657042,23.527433,0.0],[120.657186,23.527814,0.0],[120.657309,23.527922,0.0],[120.657601,23.527968,0.0],[120.657811,23.527838,0.0],[120.657822,23.527663,0.0],[120.657803,23.527604,0.0],[120.65747,23.527549,0.0],[120.657064,23.527208,0.0],[120.657042,23.527433,0.0]],[[120.656908,23.528562,0.0],[120.657008,23.528731,0.0],[120.657209,23.528799,0.0],[120.6575,23.528736,0.0],[120.657379,23.52846,0.0],[120.656908,23.528562,0.0]],[[120.657304,23.520114,0.0],[120.657168,23.520081,0.0],[120.657048,23.520082,0.0],[120.656944,23.52018,0.0],[120.657186,23.520273,0.0],[120.657304,23.520114,0.0]],[[120.656979,23.51348,0.0],[120.656739,23.513482,0.0],[120.656857,23.513957,0.0],[120.656968,23.513982,0.0],[120.656985,23.513711,0.0],[120.657102,23.513701,0.0],[120.656979,23.51348,0.0]],[[120.656789,23.512606,0.0],[120.656996,23.512514,0.0],[120.657004,23.512334,0.0],[120.656512,23.512278,0.0],[120.656273,23.512384,0.0],[120.65644,23.512614,0.0],[120.656628,23.512537,0.0],[120.656789,23.512606,0.0]],[[120.656749,23.558385,0.0],[120.656852,23.558336,0.0],[120.656907,23.558152,0.0],[120.656793,23.55812,0.0],[120.656605,23.558238,0.0],[120.656749,23.558385,0.0]],[[120.65533,23.529339,0.0],[120.655668,23.529866,0.0],[120.655883,23.529867,0.0],[120.656101,23.530129,0.0],[120.656533,23.530213,0.0],[120.65663,23.530167,0.0],[120.656733,23.530054,0.0],[120.656652,23.529831,0.0],[120.656288,23.52947,0.0],[120.655962,23.529352,0.0],[120.655793,23.529201,0.0],[120.655432,23.529217,0.0],[120.65533,23.529339,0.0]],[[120.656408,23.537925,0.0],[120.656367,23.53799,0.0],[120.656417,23.538025,0.0],[120.656408,23.537925,0.0]],[[120.655611,23.525343,0.0],[120.655576,23.525775,0.0],[120.655891,23.526054,0.0],[120.656077,23.525971,0.0],[120.656056,23.525306,0.0],[120.655611,23.525343,0.0]],[[120.655149,23.515415,0.0],[120.655101,23.515558,0.0],[120.655314,23.515697,0.0],[120.655773,23.515755,0.0],[120.655941,23.515373,0.0],[120.655451,23.515314,0.0],[120.655149,23.515415,0.0]],[[120.654443,23.56027,0.0],[120.654797,23.56046,0.0],[120.655225,23.5602,0.0],[120.655313,23.560232,0.0],[120.655178,23.559918,0.0],[120.655486,23.559694,0.0],[120.655537,23.55953,0.0],[120.655514,23.559142,0.0],[120.655382,23.559076,0.0],[120.655475,23.55892,0.0],[120.654933,23.558842,0.0],[120.654683,23.559432,0.0],[120.654966,23.559579,0.0],[120.655003,23.559445,0.0],[120.655144,23.559391,0.0],[120.655155,23.559481,0.0],[120.654991,23.559784,0.0],[120.654741,23.559903,0.0],[120.654443,23.56027,0.0]],[[120.654459,23.528367,0.0],[120.65539,23.528207,0.0],[120.655466,23.528065,0.0],[120.65503,23.528107,0.0],[120.654507,23.528024,0.0],[120.654459,23.528367,0.0]],[[120.655203,23.52693,0.0],[120.654484,23.526884,0.0],[120.654261,23.52703,0.0],[120.654434,23.527268,0.0],[120.654736,23.527292,0.0],[120.655028,23.527459,0.0],[120.655302,23.527736,0.0],[120.655417,23.527224,0.0],[120.655203,23.52693,0.0]],[[120.655325,23.547276,0.0],[120.654933,23.547441,0.0],[120.655405,23.547296,0.0],[120.655325,23.547276,0.0]],[[120.653629,23.536831,0.0],[120.653532,23.53667,0.0],[120.653475,23.536725,0.0],[120.653565,23.536864,0.0],[120.653629,23.536831,0.0]],[[120.652602,23.52694,0.0],[120.652685,23.527081,0.0],[120.65279,23.527019,0.0],[120.652658,23.526882,0.0],[120.652602,23.52694,0.0]],[[120.651867,23.527313,0.0],[120.651553,23.527073,0.0],[120.651339,23.527168,0.0],[120.651421,23.527282,0.0],[120.651562,23.527316,0.0],[120.651604,23.527482,0.0],[120.652076,23.527612,0.0],[120.652161,23.527367,0.0],[120.651867,23.527313,0.0]],[[120.650582,23.547528,0.0],[120.650522,23.54759,0.0],[120.650862,23.547604,0.0],[120.651386,23.547332,0.0],[120.651686,23.547406,0.0],[120.651696,23.547607,0.0],[120.651887,23.547634,0.0],[120.652025,23.547528,0.0],[120.652096,23.547327,0.0],[120.651969,23.547225,0.0],[120.65104,23.547255,0.0],[120.65096,23.547442,0.0],[120.6508,23.547557,0.0],[120.650582,23.547528,0.0]],[[120.65125,23.53682,0.0],[120.65132,23.536737,0.0],[120.651371,23.536568,0.0],[120.651221,23.536757,0.0],[120.65125,23.53682,0.0]],[[120.651045,23.537098,0.0],[120.651107,23.537048,0.0],[120.65098,23.536922,0.0],[120.650947,23.53698,0.0],[120.651045,23.537098,0.0]],[[120.649902,23.554053,0.0],[120.64962,23.554031,0.0],[120.649543,23.554062,0.0],[120.649559,23.554151,0.0],[120.649902,23.554053,0.0]],[[120.649353,23.554494,0.0],[120.648677,23.554349,0.0],[120.648683,23.554303,0.0],[120.648417,23.554463,0.0],[120.64839,23.554396,0.0],[120.648213,23.55438,0.0],[120.648107,23.554552,0.0],[120.648414,23.554558,0.0],[120.648579,23.554467,0.0],[120.648855,23.554445,0.0],[120.649431,23.554664,0.0],[120.649685,23.554559,0.0],[120.649368,23.554559,0.0],[120.649353,23.554494,0.0]],[[120.648568,23.55385,0.0],[120.648686,23.553752,0.0],[120.648143,23.553546,0.0],[120.647912,23.553878,0.0],[120.648081,23.553847,0.0],[120.648222,23.554181,0.0],[120.64848,23.554163,0.0],[120.648594,23.554056,0.0],[120.648568,23.55385,0.0]],[[120.647934,23.553892,0.0],[120.64767,23.553904,0.0],[120.647657,23.554063,0.0],[120.647948,23.554591,0.0],[120.648112,23.554409,0.0],[120.647934,23.553892,0.0]],[[120.647084,23.562029,0.0],[120.647098,23.562004,0.0],[120.6469,23.561927,0.0],[120.646992,23.562034,0.0],[120.647084,23.562029,0.0]],[[120.644419,23.528089,0.0],[120.644235,23.527394,0.0],[120.643857,23.52714,0.0],[120.643472,23.527434,0.0],[120.64319,23.528275,0.0],[120.643599,23.528575,0.0],[120.643671,23.528201,0.0],[120.644419,23.528089,0.0]],[[120.642751,23.526672,0.0],[120.64256,23.526395,0.0],[120.642522,23.525916,0.0],[120.64191,23.525931,0.0],[120.64154,23.526504,0.0],[120.642162,23.527381,0.0],[120.64269,23.52709,0.0],[120.642751,23.526672,0.0]],[[120.639653,23.561257,0.0],[120.639908,23.561512,0.0],[120.640968,23.562035,0.0],[120.640997,23.562146,0.0],[120.64138,23.562533,0.0],[120.641741,23.562301,0.0],[120.641751,23.562038,0.0],[120.641594,23.561567,0.0],[120.64166,23.561386,0.0],[120.641966,23.561025,0.0],[120.641106,23.559818,0.0],[120.640726,23.559886,0.0],[120.640363,23.560321,0.0],[120.639462,23.560654,0.0],[120.639653,23.561257,0.0]],[[120.624105,23.549933,0.0],[120.624136,23.549817,0.0],[120.623864,23.549735,0.0],[120.624138,23.549663,0.0],[120.624116,23.549573,0.0],[120.623945,23.549385,0.0],[120.623719,23.549337,0.0],[120.62354,23.54916,0.0],[120.623395,23.548744,0.0],[120.623091,23.548629,0.0],[120.622888,23.549199,0.0],[120.622605,23.549514,0.0],[120.622697,23.549979,0.0],[120.623022,23.550066,0.0],[120.623259,23.550036,0.0],[120.6235,23.55026,0.0],[120.624038,23.55032,0.0],[120.624051,23.550124,0.0],[120.624169,23.550013,0.0],[120.624105,23.549933,0.0]],[[120.624087,23.541951,0.0],[120.623946,23.541879,0.0],[120.623818,23.541953,0.0],[120.623969,23.542034,0.0],[120.624087,23.541951,0.0]],[[120.622389,23.541185,0.0],[120.622309,23.541246,0.0],[120.622445,23.541222,0.0],[120.622389,23.541185,0.0]],[[120.621869,23.54113,0.0],[120.622079,23.54108,0.0],[120.62222,23.540856,0.0],[120.622168,23.540778,0.0],[120.622016,23.540799,0.0],[120.621808,23.541009,0.0],[120.621869,23.54113,0.0]],[[120.622005,23.541494,0.0],[120.621754,23.54151,0.0],[120.622009,23.541723,0.0],[120.622005,23.541494,0.0]],[[120.615576,23.548059,0.0],[120.615378,23.548446,0.0],[120.61495,23.548606,0.0],[120.614752,23.548548,0.0],[120.614823,23.548804,0.0],[120.614665,23.549058,0.0],[120.614797,23.549291,0.0],[120.615479,23.549424,0.0],[120.615898,23.549821,0.0],[120.616439,23.549867,0.0],[120.616428,23.549711,0.0],[120.61682,23.549347,0.0],[120.616783,23.549035,0.0],[120.616613,23.548837,0.0],[120.616655,23.548494,0.0],[120.616552,23.548353,0.0],[120.616321,23.548373,0.0],[120.616151,23.548094,0.0],[120.61584,23.547961,0.0],[120.615576,23.548059,0.0]],[[120.613402,23.551906,0.0],[120.613355,23.551578,0.0],[120.613628,23.551363,0.0],[120.613595,23.551149,0.0],[120.613065,23.551115,0.0],[120.612899,23.551542,0.0],[120.612697,23.551704,0.0],[120.612737,23.55187,0.0],[120.612885,23.551927,0.0],[120.613402,23.551906,0.0]]],[[[120.64921,23.662472,0.0],[120.649063,23.66298,0.0],[120.649325,23.663018,0.0],[120.649137,23.663184,0.0],[120.649053,23.66353,0.0],[120.648997,23.664506,0.0],[120.64835,23.665034,0.0],[120.648238,23.664973,0.0],[120.64748,23.665624,0.0],[120.647123,23.665753,0.0],[120.646832,23.666296,0.0],[120.646597,23.666484,0.0],[120.646422,23.667177,0.0],[120.646735,23.667562,0.0],[120.644417,23.668209,0.0],[120.644331,23.667778,0.0],[120.644085,23.667341,0.0],[120.642906,23.6664,0.0],[120.642896,23.666186,0.0],[120.642357,23.666164,0.0],[120.642348,23.666036,0.0],[120.642046,23.666083,0.0],[120.641524,23.665919,0.0],[120.64135,23.665678,0.0],[120.641384,23.665442,0.0],[120.641017,23.665087,0.0],[120.640989,23.664973,0.0],[120.640712,23.664765,0.0],[120.640473,23.663629,0.0],[120.640385,23.662858,0.0],[120.640446,23.662674,0.0],[120.640017,23.661839,0.0],[120.640106,23.66124,0.0],[120.640028,23.661218,0.0],[120.639989,23.661025,0.0],[120.639587,23.660961,0.0],[120.639378,23.66082,0.0],[120.63922,23.660183,0.0],[120.639019,23.659882,0.0],[120.638641,23.659606,0.0],[120.638199,23.659114,0.0],[120.638028,23.65881,0.0],[120.638116,23.658433,0.0],[120.637849,23.658294,0.0],[120.637674,23.657673,0.0],[120.636844,23.656483,0.0],[120.637009,23.656406,0.0],[120.636771,23.656086,0.0],[120.6369,23.655955,0.0],[120.636928,23.655543,0.0],[120.63673,23.655423,0.0],[120.63676,23.65515,0.0],[120.636257,23.65427,0.0],[120.636296,23.654141,0.0],[120.636085,23.653651,0.0],[120.636025,23.653206,0.0],[120.635834,23.652934,0.0],[120.63564,23.653004,0.0],[120.63544,23.652698,0.0],[120.635465,23.652579,0.0],[120.635365,23.652504,0.0],[120.635293,23.652162,0.0],[120.635133,23.65212,0.0],[120.635076,23.651932,0.0],[120.634924,23.651782,0.0],[120.635256,23.650828,0.0],[120.635149,23.650694,0.0],[120.635161,23.650372,0.0],[120.635483,23.650386,0.0],[120.636183,23.650818,0.0],[120.636894,23.65095,0.0],[120.637056,23.651192,0.0],[120.637609,23.651184,0.0],[120.637668,23.651459,0.0],[120.637791,23.651541,0.0],[120.63799,23.651517,0.0],[120.638572,23.651643,0.0],[120.63895,23.651888,0.0],[120.639105,23.65211,0.0],[120.639181,23.652083,0.0],[120.639203,23.65221,0.0],[120.639401,23.652171,0.0],[120.639542,23.652241,0.0],[120.639947,23.651987,0.0],[120.640714,23.652432,0.0],[120.641242,23.65239,0.0],[120.641835,23.652543,0.0],[120.642043,23.652647,0.0],[120.642367,23.653083,0.0],[120.642694,23.653347,0.0],[120.642882,23.653209,0.0],[120.643315,23.653268,0.0],[120.643562,23.653524,0.0],[120.643441,23.653862,0.0],[120.644037,23.653857,0.0],[120.644181,23.653977,0.0],[120.645145,23.654065,0.0],[120.645372,23.65399,0.0],[120.646956,23.654665,0.0],[120.648452,23.654489,0.0],[120.649026,23.654503,0.0],[120.648887,23.655355,0.0],[120.649019,23.655827,0.0],[120.649359,23.656431,0.0],[120.6497,23.656828,0.0],[120.649658,23.657484,0.0],[120.649921,23.658047,0.0],[120.650161,23.658852,0.0],[120.65035,23.659109,0.0],[120.650671,23.659289,0.0],[120.650808,23.659922,0.0],[120.651471,23.660513,0.0],[120.651734,23.660863,0.0],[120.652033,23.661577,0.0],[120.651926,23.661928,0.0],[120.651293,23.662182,0.0],[120.650311,23.662399,0.0],[120.64921,23.662472,0.0]]],[[[120.655133,23.666268,0.0],[120.65517,23.666338,0.0],[120.655284,23.666436,0.0],[120.655498,23.666446,0.0],[120.655751,23.666669,0.0],[120.655251,23.666695,0.0],[120.655406,23.667557,0.0],[120.655494,23.66867,0.0],[120.65561,23.66884,0.0],[120.656334,23.669263,0.0],[120.656468,23.669639,0.0],[120.655765,23.669689,0.0],[120.655758,23.669599,0.0],[120.655272,23.669663,0.0],[120.654494,23.669621,0.0],[120.653542,23.669351,0.0],[120.653028,23.6694,0.0],[120.653056,23.668523,0.0],[120.652978,23.668104,0.0],[120.652464,23.667363,0.0],[120.652034,23.666939,0.0],[120.651834,23.666567,0.0],[120.65171,23.665337,0.0],[120.652105,23.663186,0.0],[120.652228,23.66314,0.0],[120.652583,23.663196,0.0],[120.652912,23.663333,0.0],[120.653212,23.664163,0.0],[120.653336,23.664225,0.0],[120.653854,23.664222,0.0],[120.653954,23.664582,0.0],[120.654179,23.664601,0.0],[120.655077,23.665796,0.0],[120.655127,23.666073,0.0],[120.65532,23.666169,0.0],[120.655133,23.666268,0.0]]],[[[120.646745,23.672522,0.0],[120.64675,23.672527,0.0],[120.64674,23.672523,0.0],[120.646745,23.672522,0.0]]],[[[120.646528,23.675885,0.0],[120.646434,23.67595,0.0],[120.646329,23.675719,0.0],[120.646528,23.675885,0.0]]],[[[120.647201,23.679252,0.0],[120.647601,23.679763,0.0],[120.647519,23.679854,0.0],[120.647127,23.67927,0.0],[120.647201,23.679252,0.0]]],[[[120.646352,23.685102,0.0],[120.646629,23.685399,0.0],[120.646601,23.685617,0.0],[120.646365,23.685318,0.0],[120.646352,23.685102,0.0]]],[[[120.646528,23.693262,0.0],[120.646409,23.693394,0.0],[120.646213,23.693413,0.0],[120.646428,23.692947,0.0],[120.646528,23.693262,0.0]]],[[[120.64559,23.695991,0.0],[120.645495,23.696061,0.0],[120.645565,23.695821,0.0],[120.64559,23.695991,0.0]]],[[[120.644765,23.697708,0.0],[120.644571,23.697946,0.0],[120.644409,23.698147,0.0],[120.644661,23.697658,0.0],[120.644765,23.697708,0.0]]],[[[120.644058,23.699119,0.0],[120.643916,23.699422,0.0],[120.643766,23.699356,0.0],[120.643605,23.699781,0.0],[120.643574,23.699674,0.0],[120.644063,23.698775,0.0],[120.643987,23.699072,0.0],[120.644058,23.699119,0.0]]],[[[120.64461,23.701378,0.0],[120.645064,23.701799,0.0],[120.64516,23.702019,0.0],[120.644465,23.701337,0.0],[120.64461,23.701378,0.0]]],[[[120.645037,23.704029,0.0],[120.644895,23.704152,0.0],[120.644564,23.704124,0.0],[120.645032,23.703818,0.0],[120.645037,23.704029,0.0]]],[[[120.643004,23.705321,0.0],[120.642886,23.705395,0.0],[120.643,23.705303,0.0],[120.643004,23.705321,0.0]]],[[[120.64093,23.70653,0.0],[120.640861,23.706573,0.0],[120.64092,23.706457,0.0],[120.64093,23.70653,0.0]]],[[[120.64034,23.708093,0.0],[120.640397,23.708183,0.0],[120.639989,23.70865,0.0],[120.640291,23.708242,0.0],[120.64034,23.708093,0.0]]],[[[120.640624,23.714351,0.0],[120.640449,23.71432,0.0],[120.640295,23.714378,0.0],[120.64007,23.714221,0.0],[120.640685,23.713893,0.0],[120.64052,23.71407,0.0],[120.640632,23.714224,0.0],[120.640624,23.714351,0.0]]],[[[120.639838,23.715011,0.0],[120.640413,23.715544,0.0],[120.640215,23.715776,0.0],[120.640086,23.715497,0.0],[120.639838,23.715011,0.0]]],[[[120.64036,23.717048,0.0],[120.64033,23.717077,0.0],[120.64032,23.716867,0.0],[120.64036,23.717048,0.0]]],[[[120.640338,23.71724,0.0],[120.640464,23.717415,0.0],[120.640477,23.717722,0.0],[120.640339,23.717281,0.0],[120.640338,23.71724,0.0]]],[[[120.640522,23.717777,0.0],[120.640494,23.717776,0.0],[120.640482,23.717737,0.0],[120.640522,23.717777,0.0]]],[[[120.640733,23.718375,0.0],[120.640705,23.718423,0.0],[120.640668,23.718237,0.0],[120.640733,23.718375,0.0]]],[[[120.641064,23.720484,0.0],[120.641026,23.720548,0.0],[120.640998,23.720412,0.0],[120.641064,23.720484,0.0]]],[[[120.64118,23.721857,0.0],[120.641359,23.722195,0.0],[120.641592,23.722435,0.0],[120.641349,23.723033,0.0],[120.64122,23.723089,0.0],[120.64139,23.72274,0.0],[120.64118,23.721857,0.0]]],[[[120.641074,23.72338,0.0],[120.641028,23.723654,0.0],[120.640967,23.723746,0.0],[120.640997,23.723533,0.0],[120.641074,23.72338,0.0]]],[[[120.640957,23.723851,0.0],[120.64095,23.723868,0.0],[120.640956,23.723825,0.0],[120.640957,23.723851,0.0]]],[[[120.640898,23.725069,0.0],[120.640752,23.725124,0.0],[120.640452,23.725067,0.0],[120.64091,23.724898,0.0],[120.640898,23.725069,0.0]]],[[[120.639955,23.725523,0.0],[120.639946,23.725897,0.0],[120.639537,23.726302,0.0],[120.639652,23.725941,0.0],[120.639955,23.725523,0.0]]],[[[120.639518,23.726371,0.0],[120.63963,23.726921,0.0],[120.639903,23.727302,0.0],[120.639962,23.72783,0.0],[120.639742,23.728135,0.0],[120.639811,23.728426,0.0],[120.639797,23.728607,0.0],[120.639697,23.728712,0.0],[120.639671,23.729097,0.0],[120.639894,23.729496,0.0],[120.639891,23.729717,0.0],[120.640022,23.730047,0.0],[120.639339,23.728412,0.0],[120.63915,23.727671,0.0],[120.639518,23.726371,0.0]]],[[[120.640844,23.730563,0.0],[120.640903,23.730479,0.0],[120.641666,23.730517,0.0],[120.641961,23.730718,0.0],[120.642036,23.730938,0.0],[120.641642,23.730639,0.0],[120.641229,23.73053,0.0],[120.640844,23.730563,0.0]]],[[[120.64653,23.764195,0.0],[120.646415,23.764504,0.0],[120.646357,23.765087,0.0],[120.64551,23.765846,0.0],[120.64457,23.768712,0.0],[120.64403,23.769833,0.0],[120.643502,23.770481,0.0],[120.642921,23.771429,0.0],[120.642396,23.772016,0.0],[120.64126,23.772508,0.0],[120.641123,23.772461,0.0],[120.641286,23.771421,0.0],[120.641174,23.770661,0.0],[120.64142,23.770736,0.0],[120.64143,23.770541,0.0],[120.641694,23.770093,0.0],[120.642072,23.769976,0.0],[120.642076,23.769638,0.0],[120.642194,23.769398,0.0],[120.642126,23.769129,0.0],[120.641948,23.76881,0.0],[120.641681,23.768714,0.0],[120.641286,23.768952,0.0],[120.640936,23.768949,0.0],[120.641009,23.768792,0.0],[120.6408,23.768542,0.0],[120.640826,23.768371,0.0],[120.64067,23.768295,0.0],[120.640529,23.768317,0.0],[120.640477,23.768489,0.0],[120.640223,23.768353,0.0],[120.640359,23.767907,0.0],[120.640313,23.767734,0.0],[120.640037,23.767587,0.0],[120.639931,23.767436,0.0],[120.639439,23.767575,0.0],[120.639349,23.76747,0.0],[120.639497,23.767058,0.0],[120.63943,23.767106,0.0],[120.639472,23.767019,0.0],[120.639351,23.767105,0.0],[120.639225,23.766965,0.0],[120.639293,23.76686,0.0],[120.63955,23.766744,0.0],[120.639067,23.766329,0.0],[120.638792,23.766199,0.0],[120.63903,23.766136,0.0],[120.639974,23.766383,0.0],[120.640026,23.766485,0.0],[120.640646,23.766713,0.0],[120.640701,23.766792,0.0],[120.640845,23.766796,0.0],[120.641449,23.767207,0.0],[120.641645,23.767101,0.0],[120.641553,23.766889,0.0],[120.6414,23.766857,0.0],[120.641136,23.766646,0.0],[120.640965,23.76668,0.0],[120.640692,23.766465,0.0],[120.640863,23.766247,0.0],[120.640745,23.765939,0.0],[120.640531,23.766075,0.0],[120.64034,23.766008,0.0],[120.640287,23.765803,0.0],[120.639978,23.765606,0.0],[120.639786,23.765621,0.0],[120.639449,23.765045,0.0],[120.638889,23.764627,0.0],[120.638766,23.764623,0.0],[120.638373,23.763951,0.0],[120.638543,23.763384,0.0],[120.638694,23.763165,0.0],[120.63873,23.763458,0.0],[120.638825,23.763548,0.0],[120.63921,23.762894,0.0],[120.639368,23.763,0.0],[120.639439,23.762971,0.0],[120.639352,23.76255,0.0],[120.639188,23.762426,0.0],[120.639803,23.76244,0.0],[120.639835,23.762122,0.0],[120.639446,23.761834,0.0],[120.639369,23.761903,0.0],[120.639259,23.761855,0.0],[120.639247,23.761278,0.0],[120.639561,23.761224,0.0],[120.640614,23.761938,0.0],[120.64101,23.761988,0.0],[120.641458,23.762187,0.0],[120.641613,23.762466,0.0],[120.642028,23.762465,0.0],[120.642229,23.762275,0.0],[120.642245,23.76209,0.0],[120.642118,23.761932,0.0],[120.641893,23.761893,0.0],[120.641931,23.761713,0.0],[120.641745,23.761525,0.0],[120.641772,23.761126,0.0],[120.641887,23.761009,0.0],[120.641984,23.760623,0.0],[120.641946,23.760248,0.0],[120.641795,23.760228,0.0],[120.641374,23.760365,0.0],[120.64145,23.760223,0.0],[120.641402,23.759675,0.0],[120.641492,23.759546,0.0],[120.641596,23.759553,0.0],[120.641683,23.759456,0.0],[120.641638,23.759408,0.0],[120.641778,23.75928,0.0],[120.641718,23.759214,0.0],[120.64193,23.759095,0.0],[120.642076,23.759153,0.0],[120.642311,23.759066,0.0],[120.642381,23.758959,0.0],[120.642911,23.759295,0.0],[120.643008,23.759466,0.0],[120.643075,23.759915,0.0],[120.643459,23.760056,0.0],[120.643696,23.759806,0.0],[120.643453,23.75955,0.0],[120.643362,23.75924,0.0],[120.643432,23.758759,0.0],[120.64363,23.758809,0.0],[120.643846,23.759012,0.0],[120.644113,23.759057,0.0],[120.644175,23.758922,0.0],[120.644017,23.758668,0.0],[120.643573,23.758478,0.0],[120.643417,23.758334,0.0],[120.643192,23.757982,0.0],[120.643092,23.75793,0.0],[120.642973,23.758203,0.0],[120.642017,23.757627,0.0],[120.641586,23.756778,0.0],[120.641182,23.756247,0.0],[120.641258,23.756139,0.0],[120.640889,23.755946,0.0],[120.63986,23.755908,0.0],[120.639852,23.755832,0.0],[120.63951,23.755661,0.0],[120.639294,23.755637,0.0],[120.63911,23.755353,0.0],[120.638874,23.755335,0.0],[120.638764,23.755174,0.0],[120.638837,23.755057,0.0],[120.638793,23.7549,0.0],[120.638891,23.754485,0.0],[120.639073,23.754219,0.0],[120.639023,23.754059,0.0],[120.639209,23.75401,0.0],[120.639158,23.753755,0.0],[120.63928,23.753382,0.0],[120.639411,23.75309,0.0],[120.639741,23.752683,0.0],[120.639778,23.752503,0.0],[120.63951,23.752189,0.0],[120.639291,23.752338,0.0],[120.639187,23.752241,0.0],[120.639206,23.752107,0.0],[120.639061,23.751802,0.0],[120.639598,23.751382,0.0],[120.639432,23.750867,0.0],[120.63961,23.750827,0.0],[120.64077,23.751036,0.0],[120.641264,23.751309,0.0],[120.641337,23.751252,0.0],[120.641281,23.750578,0.0],[120.640806,23.750311,0.0],[120.640491,23.749981,0.0],[120.64013,23.74975,0.0],[120.640024,23.749416,0.0],[120.639578,23.748964,0.0],[120.639501,23.748499,0.0],[120.639756,23.7481,0.0],[120.640636,23.747638,0.0],[120.640768,23.747693,0.0],[120.640713,23.747853,0.0],[120.640975,23.74804,0.0],[120.641,23.748001,0.0],[120.640973,23.74777,0.0],[120.640365,23.747113,0.0],[120.640104,23.74626,0.0],[120.640163,23.746123,0.0],[120.640681,23.745778,0.0],[120.640946,23.745697,0.0],[120.641305,23.745722,0.0],[120.64156,23.745466,0.0],[120.64174,23.744998,0.0],[120.641574,23.744965,0.0],[120.642056,23.744469,0.0],[120.642326,23.743619,0.0],[120.643084,23.743047,0.0],[120.643319,23.742745,0.0],[120.643529,23.74198,0.0],[120.644153,23.741442,0.0],[120.644439,23.739648,0.0],[120.644384,23.739237,0.0],[120.644746,23.738421,0.0],[120.644392,23.737253,0.0],[120.643939,23.736577,0.0],[120.64386,23.736173,0.0],[120.643977,23.735365,0.0],[120.643774,23.734967,0.0],[120.643199,23.734214,0.0],[120.643081,23.733909,0.0],[120.643343,23.733712,0.0],[120.643329,23.733841,0.0],[120.643452,23.73347,0.0],[120.643455,23.733271,0.0],[120.643335,23.733196,0.0],[120.643198,23.732872,0.0],[120.643264,23.732613,0.0],[120.642917,23.732069,0.0],[120.642682,23.73194,0.0],[120.642515,23.731528,0.0],[120.642154,23.731065,0.0],[120.64404,23.730971,0.0],[120.646834,23.730392,0.0],[120.648692,23.730767,0.0],[120.650209,23.730984,0.0],[120.650059,23.731754,0.0],[120.651429,23.732968,0.0],[120.65304,23.735187,0.0],[120.653063,23.735269,0.0],[120.652838,23.735252,0.0],[120.652767,23.7354,0.0],[120.65261,23.73623,0.0],[120.652578,23.737403,0.0],[120.652385,23.738865,0.0],[120.652499,23.740163,0.0],[120.652268,23.740519,0.0],[120.652237,23.740728,0.0],[120.652366,23.741144,0.0],[120.65221,23.741416,0.0],[120.652081,23.742026,0.0],[120.65191,23.742276,0.0],[120.652084,23.742831,0.0],[120.652113,23.743214,0.0],[120.652451,23.744193,0.0],[120.652608,23.746055,0.0],[120.652398,23.746465,0.0],[120.652059,23.747832,0.0],[120.651487,23.748058,0.0],[120.651357,23.748263,0.0],[120.651597,23.748444,0.0],[120.651485,23.748634,0.0],[120.651543,23.748688,0.0],[120.651415,23.74872,0.0],[120.651224,23.748919,0.0],[120.650593,23.749746,0.0],[120.649655,23.75163,0.0],[120.649347,23.751497,0.0],[120.648627,23.7508,0.0],[120.648414,23.750998,0.0],[120.649354,23.751849,0.0],[120.648939,23.751695,0.0],[120.648785,23.751482,0.0],[120.64852,23.751295,0.0],[120.648353,23.751379,0.0],[120.648521,23.751874,0.0],[120.648654,23.752023,0.0],[120.648904,23.751777,0.0],[120.649552,23.751979,0.0],[120.649294,23.753031,0.0],[120.649274,23.75328,0.0],[120.649371,23.753509,0.0],[120.649272,23.753667,0.0],[120.649225,23.754118,0.0],[120.649229,23.754493,0.0],[120.649408,23.754747,0.0],[120.649014,23.754984,0.0],[120.64856,23.755037,0.0],[120.648475,23.75538,0.0],[120.648988,23.755554,0.0],[120.648946,23.755793,0.0],[120.649206,23.756021,0.0],[120.649365,23.755995,0.0],[120.649434,23.756455,0.0],[120.649393,23.757005,0.0],[120.649235,23.757386,0.0],[120.64911,23.757334,0.0],[120.649004,23.758395,0.0],[120.648717,23.758901,0.0],[120.648907,23.759282,0.0],[120.64872,23.759782,0.0],[120.648209,23.759884,0.0],[120.647808,23.760168,0.0],[120.647201,23.761724,0.0],[120.646908,23.763171,0.0],[120.646384,23.76411,0.0],[120.64653,23.764195,0.0]],[[120.646827,23.746548,0.0],[120.646737,23.746452,0.0],[120.646697,23.746547,0.0],[120.647003,23.747034,0.0],[120.64716,23.746937,0.0],[120.647387,23.747175,0.0],[120.647306,23.747284,0.0],[120.647445,23.747649,0.0],[120.647408,23.74783,0.0],[120.647527,23.747849,0.0],[120.647676,23.748224,0.0],[120.648195,23.748505,0.0],[120.648392,23.748271,0.0],[120.648599,23.748186,0.0],[120.648498,23.748094,0.0],[120.649271,23.747857,0.0],[120.649071,23.747152,0.0],[120.649617,23.746941,0.0],[120.649309,23.746318,0.0],[120.648895,23.746477,0.0],[120.648895,23.746578,0.0],[120.648672,23.746488,0.0],[120.648623,23.746101,0.0],[120.64891,23.745422,0.0],[120.648906,23.744803,0.0],[120.649069,23.744599,0.0],[120.649225,23.744077,0.0],[120.64911,23.743826,0.0],[120.649223,23.743449,0.0],[120.649126,23.743315,0.0],[120.649307,23.743318,0.0],[120.649168,23.742931,0.0],[120.649212,23.74272,0.0],[120.649115,23.742704,0.0],[120.649447,23.74212,0.0],[120.649625,23.74132,0.0],[120.64976,23.741513,0.0],[120.649944,23.741514,0.0],[120.649957,23.741622,0.0],[120.650176,23.741763,0.0],[120.650268,23.741737,0.0],[120.650243,23.741383,0.0],[120.650008,23.741215,0.0],[120.650146,23.741048,0.0],[120.650296,23.741129,0.0],[120.650367,23.740874,0.0],[120.650009,23.740586,0.0],[120.650136,23.740433,0.0],[120.649847,23.740191,0.0],[120.649582,23.740181,0.0],[120.649046,23.74073,0.0],[120.648759,23.740926,0.0],[120.648559,23.741243,0.0],[120.64862,23.741347,0.0],[120.648454,23.741571,0.0],[120.648517,23.7416,0.0],[120.648118,23.742045,0.0],[120.647984,23.742005,0.0],[120.647839,23.741317,0.0],[120.646976,23.74146,0.0],[120.645758,23.743044,0.0],[120.646102,23.743435,0.0],[120.64614,23.7439,0.0],[120.646226,23.743967,0.0],[120.645841,23.744129,0.0],[120.645711,23.744044,0.0],[120.645651,23.743514,0.0],[120.64537,23.743716,0.0],[120.645349,23.744278,0.0],[120.645514,23.744482,0.0],[120.646607,23.744358,0.0],[120.646687,23.74426,0.0],[120.646853,23.744376,0.0],[120.646776,23.744596,0.0],[120.646948,23.744823,0.0],[120.646817,23.745009,0.0],[120.646969,23.745256,0.0],[120.647071,23.745202,0.0],[120.647266,23.745606,0.0],[120.647033,23.745785,0.0],[120.646992,23.745705,0.0],[120.646889,23.745792,0.0],[120.646956,23.746095,0.0],[120.647129,23.746182,0.0],[120.646901,23.746381,0.0],[120.646883,23.746511,0.0],[120.646827,23.746548,0.0]],[[120.645955,23.757889,0.0],[120.646136,23.75812,0.0],[120.647051,23.7583,0.0],[120.647373,23.758619,0.0],[120.647891,23.758757,0.0],[120.647949,23.758631,0.0],[120.647863,23.7585,0.0],[120.647904,23.758324,0.0],[120.646334,23.757317,0.0],[120.645955,23.757889,0.0]],[[120.645995,23.754126,0.0],[120.645918,23.75371,0.0],[120.64533,23.753095,0.0],[120.644709,23.753118,0.0],[120.644704,23.753554,0.0],[120.644816,23.753581,0.0],[120.644842,23.753709,0.0],[120.644965,23.753737,0.0],[120.645062,23.754145,0.0],[120.645301,23.754077,0.0],[120.645342,23.754639,0.0],[120.645437,23.75471,0.0],[120.6455,23.754619,0.0],[120.645586,23.754212,0.0],[120.645836,23.754252,0.0],[120.645788,23.754104,0.0],[120.645995,23.754126,0.0]],[[120.645979,23.752228,0.0],[120.645864,23.752923,0.0],[120.645709,23.753013,0.0],[120.645778,23.753058,0.0],[120.646031,23.75281,0.0],[120.646017,23.752694,0.0],[120.646139,23.752618,0.0],[120.646141,23.752292,0.0],[120.646268,23.752332,0.0],[120.646561,23.7526,0.0],[120.647077,23.753567,0.0],[120.647485,23.753335,0.0],[120.647425,23.753192,0.0],[120.647512,23.75311,0.0],[120.647514,23.752616,0.0],[120.647228,23.752185,0.0],[120.646698,23.752416,0.0],[120.646194,23.752216,0.0],[120.646109,23.752097,0.0],[120.646074,23.752222,0.0],[120.645979,23.752228,0.0]],[[120.644231,23.754055,0.0],[120.64427,23.753618,0.0],[120.644241,23.75349,0.0],[120.643882,23.753425,0.0],[120.643472,23.753176,0.0],[120.643488,23.752811,0.0],[120.643354,23.752783,0.0],[120.643356,23.752677,0.0],[120.643263,23.752852,0.0],[120.643251,23.753338,0.0],[120.64335,23.75391,0.0],[120.644231,23.754055,0.0]],[[120.640054,23.753852,0.0],[120.640335,23.753988,0.0],[120.640088,23.754003,0.0],[120.640078,23.754544,0.0],[120.640192,23.754509,0.0],[120.64029,23.754296,0.0],[120.640358,23.754287,0.0],[120.640416,23.754014,0.0],[120.640573,23.753964,0.0],[120.640771,23.753629,0.0],[120.640285,23.753348,0.0],[120.640156,23.753124,0.0],[120.63965,23.754164,0.0],[120.639697,23.754234,0.0],[120.640054,23.753852,0.0]],[[120.640217,23.762821,0.0],[120.64038,23.763348,0.0],[120.640658,23.763553,0.0],[120.640865,23.763609,0.0],[120.640845,23.763456,0.0],[120.641094,23.763363,0.0],[120.641242,23.7632,0.0],[120.640496,23.762566,0.0],[120.640217,23.762821,0.0]],[[120.642434,23.749964,0.0],[120.642518,23.750188,0.0],[120.642635,23.750153,0.0],[120.642656,23.74986,0.0],[120.641552,23.749942,0.0],[120.641255,23.749797,0.0],[120.641399,23.749662,0.0],[120.641156,23.749588,0.0],[120.640947,23.749659,0.0],[120.641281,23.750195,0.0],[120.641783,23.750199,0.0],[120.64176,23.750086,0.0],[120.642114,23.750005,0.0],[120.642388,23.750102,0.0],[120.642434,23.749964,0.0]],[[120.643423,23.752685,0.0],[120.643703,23.752578,0.0],[120.643864,23.752753,0.0],[120.64406,23.752536,0.0],[120.644372,23.751854,0.0],[120.643897,23.751928,0.0],[120.643523,23.752565,0.0],[120.643383,23.752637,0.0],[120.643423,23.752685,0.0]],[[120.645817,23.75516,0.0],[120.645834,23.755355,0.0],[120.646718,23.755659,0.0],[120.646835,23.755207,0.0],[120.646701,23.755021,0.0],[120.646611,23.755006,0.0],[120.646273,23.755262,0.0],[120.64593,23.755106,0.0],[120.645817,23.75516,0.0]],[[120.64502,23.761479,0.0],[120.645031,23.76124,0.0],[120.64485,23.761168,0.0],[120.644767,23.760854,0.0],[120.64441,23.760767,0.0],[120.644197,23.760504,0.0],[120.644016,23.760481,0.0],[120.643859,23.760627,0.0],[120.643986,23.760871,0.0],[120.644274,23.760865,0.0],[120.644423,23.760941,0.0],[120.644611,23.761208,0.0],[120.64502,23.761479,0.0]],[[120.641967,23.752519,0.0],[120.642198,23.752781,0.0],[120.642331,23.75253,0.0],[120.641513,23.751453,0.0],[120.641288,23.751612,0.0],[120.641853,23.752137,0.0],[120.641952,23.752273,0.0],[120.641967,23.752519,0.0]],[[120.643339,23.756261,0.0],[120.642321,23.75674,0.0],[120.64217,23.756951,0.0],[120.642489,23.757056,0.0],[120.642731,23.756747,0.0],[120.643258,23.756613,0.0],[120.643522,23.756425,0.0],[120.643339,23.756261,0.0]],[[120.639884,23.748763,0.0],[120.639986,23.749278,0.0],[120.640214,23.749289,0.0],[120.640572,23.749651,0.0],[120.640393,23.748934,0.0],[120.640007,23.748593,0.0],[120.639884,23.748763,0.0]],[[120.64042,23.755542,0.0],[120.64028,23.75567,0.0],[120.640283,23.755701,0.0],[120.641285,23.756036,0.0],[120.641204,23.755642,0.0],[120.641101,23.755547,0.0],[120.640766,23.755695,0.0],[120.64042,23.755542,0.0]],[[120.64304,23.757329,0.0],[120.643053,23.75742,0.0],[120.643416,23.757391,0.0],[120.643349,23.757019,0.0],[120.643212,23.757078,0.0],[120.643001,23.75697,0.0],[120.642723,23.757019,0.0],[120.6428,23.757336,0.0],[120.64304,23.757329,0.0]],[[120.641196,23.749143,0.0],[120.641013,23.748975,0.0],[120.640793,23.749204,0.0],[120.640955,23.749503,0.0],[120.641172,23.749361,0.0],[120.641504,23.749401,0.0],[120.641518,23.749325,0.0],[120.641268,23.749123,0.0],[120.641196,23.749143,0.0]],[[120.64569,23.752125,0.0],[120.645795,23.75211,0.0],[120.645906,23.751842,0.0],[120.646239,23.751979,0.0],[120.646503,23.751624,0.0],[120.646406,23.75154,0.0],[120.64629,23.751673,0.0],[120.645795,23.751638,0.0],[120.645821,23.751796,0.0],[120.64569,23.752125,0.0]],[[120.649441,23.74562,0.0],[120.649013,23.744829,0.0],[120.648914,23.74489,0.0],[120.649355,23.745861,0.0],[120.649441,23.74562,0.0]],[[120.64065,23.753151,0.0],[120.640774,23.752889,0.0],[120.640768,23.752653,0.0],[120.640709,23.752634,0.0],[120.640609,23.752786,0.0],[120.640602,23.753207,0.0],[120.640706,23.753457,0.0],[120.640871,23.753576,0.0],[120.64065,23.753151,0.0]],[[120.649868,23.745791,0.0],[120.64971,23.745125,0.0],[120.649572,23.745149,0.0],[120.649743,23.745797,0.0],[120.649868,23.745791,0.0]],[[120.642622,23.753804,0.0],[120.642669,23.753702,0.0],[120.642958,23.753618,0.0],[120.643214,23.753675,0.0],[120.642943,23.753548,0.0],[120.642521,23.75364,0.0],[120.642459,23.753752,0.0],[120.642622,23.753804,0.0]],[[120.641115,23.750087,0.0],[120.64087,23.749799,0.0],[120.641037,23.75008,0.0],[120.641115,23.750087,0.0]]],[[[120.877791,23.467942,0.0],[120.87775,23.467958,0.0],[120.877514,23.467945,0.0],[120.877635,23.467937,0.0],[120.877791,23.467942,0.0]]],[[[120.875008,23.468647,0.0],[120.874357,23.468575,0.0],[120.873985,23.468761,0.0],[120.873493,23.468722,0.0],[120.87414,23.468623,0.0],[120.875995,23.468129,0.0],[120.875506,23.46829,0.0],[120.875008,23.468647,0.0]]],[[[120.871131,23.469964,0.0],[120.870738,23.470083,0.0],[120.870544,23.469993,0.0],[120.870053,23.470007,0.0],[120.872767,23.469041,0.0],[120.872326,23.469488,0.0],[120.871669,23.469657,0.0],[120.871131,23.469964,0.0]]],[[[120.882646,23.471591,0.0],[120.883376,23.47237,0.0],[120.883146,23.47218,0.0],[120.88284,23.472132,0.0],[120.882584,23.472,0.0],[120.882446,23.471741,0.0],[120.882547,23.471329,0.0],[120.88236,23.470716,0.0],[120.881969,23.470052,0.0],[120.882139,23.469068,0.0],[120.882093,23.468642,0.0],[120.882463,23.469282,0.0],[120.882646,23.471591,0.0]]],[[[120.869404,23.470248,0.0],[120.868489,23.470948,0.0],[120.8681,23.471031,0.0],[120.868645,23.470569,0.0],[120.869404,23.470248,0.0]]],[[[120.839398,23.471261,0.0],[120.839485,23.471333,0.0],[120.839034,23.471361,0.0],[120.838559,23.471784,0.0],[120.838054,23.471784,0.0],[120.838899,23.471277,0.0],[120.839398,23.471261,0.0]]],[[[120.867134,23.472342,0.0],[120.866947,23.47248,0.0],[120.866461,23.472478,0.0],[120.867423,23.471824,0.0],[120.867134,23.472342,0.0]]],[[[120.848872,23.472168,0.0],[120.848783,23.472395,0.0],[120.848062,23.472594,0.0],[120.848774,23.472183,0.0],[120.848872,23.472168,0.0]]],[[[120.883789,23.47288,0.0],[120.883614,23.472691,0.0],[120.88345,23.472445,0.0],[120.883647,23.472646,0.0],[120.883789,23.47288,0.0]]],[[[120.853197,23.473313,0.0],[120.852691,23.473371,0.0],[120.851152,23.473212,0.0],[120.850739,23.472433,0.0],[120.85125,23.472616,0.0],[120.851827,23.472721,0.0],[120.852599,23.473168,0.0],[120.853197,23.473313,0.0]]],[[[120.841347,23.473723,0.0],[120.841064,23.473079,0.0],[120.840446,23.472625,0.0],[120.840241,23.472297,0.0],[120.841188,23.472974,0.0],[120.841974,23.473372,0.0],[120.842235,23.473416,0.0],[120.841347,23.473723,0.0]]],[[[120.84718,23.472954,0.0],[120.84695,23.473239,0.0],[120.846274,23.473361,0.0],[120.845962,23.473264,0.0],[120.845366,23.472889,0.0],[120.84691,23.473048,0.0],[120.84718,23.472954,0.0]]],[[[120.835878,23.472535,0.0],[120.836242,23.472346,0.0],[120.837074,23.472125,0.0],[120.836108,23.472463,0.0],[120.83568,23.472997,0.0],[120.835436,23.47304,0.0],[120.83475,23.473403,0.0],[120.834486,23.473725,0.0],[120.834398,23.474096,0.0],[120.833934,23.474149,0.0],[120.833608,23.474073,0.0],[120.835024,23.473042,0.0],[120.835878,23.472535,0.0]]],[[[120.843503,23.473318,0.0],[120.843277,23.473392,0.0],[120.842627,23.473389,0.0],[120.843686,23.473145,0.0],[120.843503,23.473318,0.0]]],[[[120.859701,23.4733,0.0],[120.859231,23.473369,0.0],[120.859072,23.473181,0.0],[120.859541,23.473157,0.0],[120.860111,23.47323,0.0],[120.861021,23.473492,0.0],[120.862183,23.473663,0.0],[120.861107,23.473546,0.0],[120.860375,23.473602,0.0],[120.859701,23.4733,0.0]]],[[[120.856177,23.47337,0.0],[120.856596,23.473443,0.0],[120.856391,23.473466,0.0],[120.856122,23.473512,0.0],[120.856177,23.47337,0.0]]],[[[120.86335,23.473702,0.0],[120.863177,23.473806,0.0],[120.862864,23.473703,0.0],[120.862936,23.473704,0.0],[120.86335,23.473702,0.0]]],[[[120.85579,23.474646,0.0],[120.854993,23.474019,0.0],[120.854658,23.473557,0.0],[120.854429,23.473426,0.0],[120.855473,23.473514,0.0],[120.855891,23.473711,0.0],[120.855985,23.474229,0.0],[120.85579,23.474646,0.0]]],[[[120.884514,23.47473,0.0],[120.88427,23.474321,0.0],[120.884226,23.473982,0.0],[120.884337,23.474344,0.0],[120.884514,23.47473,0.0]]],[[[120.831076,23.478625,0.0],[120.830959,23.478722,0.0],[120.831113,23.478494,0.0],[120.831076,23.478625,0.0]]],[[[120.82994,23.48402,0.0],[120.830156,23.484094,0.0],[120.830208,23.484339,0.0],[120.830381,23.484408,0.0],[120.830065,23.486419,0.0],[120.83002,23.487622,0.0],[120.829127,23.487084,0.0],[120.82837,23.48725,0.0],[120.827643,23.487293,0.0],[120.827377,23.487405,0.0],[120.825752,23.488525,0.0],[120.826304,23.487337,0.0],[120.82687,23.484574,0.0],[120.827222,23.483389,0.0],[120.827412,23.483003,0.0],[120.827884,23.482282,0.0],[120.828248,23.481873,0.0],[120.82928,23.481046,0.0],[120.830152,23.480133,0.0],[120.830406,23.479517,0.0],[120.830364,23.4801,0.0],[120.830554,23.480638,0.0],[120.829965,23.481056,0.0],[120.829593,23.481471,0.0],[120.829389,23.482135,0.0],[120.829477,23.483181,0.0],[120.830025,23.483709,0.0],[120.82994,23.48402,0.0]]],[[[120.825371,23.493076,0.0],[120.825384,23.492206,0.0],[120.825403,23.493256,0.0],[120.825371,23.493076,0.0]]],[[[120.825807,23.495028,0.0],[120.825758,23.495131,0.0],[120.825742,23.494939,0.0],[120.825807,23.495028,0.0]]],[[[120.824049,23.49725,0.0],[120.823924,23.497726,0.0],[120.823458,23.498585,0.0],[120.823474,23.498379,0.0],[120.824049,23.49725,0.0]]],[[[120.823948,23.501698,0.0],[120.823372,23.500619,0.0],[120.823281,23.500145,0.0],[120.823315,23.499643,0.0],[120.823496,23.499883,0.0],[120.823539,23.500384,0.0],[120.823803,23.501211,0.0],[120.824319,23.501962,0.0],[120.824151,23.502768,0.0],[120.824261,23.502992,0.0],[120.824215,23.503148,0.0],[120.824011,23.502514,0.0],[120.823948,23.501698,0.0]]],[[[120.824297,23.504923,0.0],[120.824201,23.505791,0.0],[120.824089,23.505896,0.0],[120.823989,23.505568,0.0],[120.824297,23.504923,0.0]]],[[[120.797057,23.506693,0.0],[120.796558,23.506785,0.0],[120.795562,23.506402,0.0],[120.795144,23.506388,0.0],[120.794983,23.506303,0.0],[120.794607,23.506363,0.0],[120.793524,23.505621,0.0],[120.79355,23.505467,0.0],[120.793271,23.505382,0.0],[120.79291,23.504841,0.0],[120.792827,23.504564,0.0],[120.794008,23.504423,0.0],[120.795294,23.504465,0.0],[120.796109,23.504308,0.0],[120.79697,23.504264,0.0],[120.797185,23.504748,0.0],[120.797609,23.505353,0.0],[120.797688,23.505681,0.0],[120.79761,23.506145,0.0],[120.797869,23.506614,0.0],[120.798231,23.506788,0.0],[120.798909,23.506887,0.0],[120.800316,23.507288,0.0],[120.800252,23.50742,0.0],[120.800564,23.507655,0.0],[120.800736,23.507606,0.0],[120.800668,23.507312,0.0],[120.800907,23.507339,0.0],[120.801264,23.507576,0.0],[120.801184,23.507871,0.0],[120.800948,23.507983,0.0],[120.800758,23.507978,0.0],[120.799968,23.507413,0.0],[120.799637,23.507279,0.0],[120.798622,23.507277,0.0],[120.797392,23.506759,0.0],[120.797057,23.506693,0.0]]],[[[120.87546,23.807518,0.0],[120.875061,23.807459,0.0],[120.875044,23.807507,0.0],[120.874348,23.807328,0.0],[120.873912,23.807392,0.0],[120.872782,23.807859,0.0],[120.872589,23.807787,0.0],[120.872504,23.80762,0.0],[120.872201,23.807508,0.0],[120.871974,23.807605,0.0],[120.87165,23.80804,0.0],[120.871404,23.808133,0.0],[120.871199,23.808037,0.0],[120.870824,23.807687,0.0],[120.870661,23.807716,0.0],[120.870447,23.807597,0.0],[120.870453,23.807523,0.0],[120.871045,23.807489,0.0],[120.871371,23.807894,0.0],[120.87179,23.806214,0.0],[120.871799,23.805736,0.0],[120.872024,23.805734,0.0],[120.872361,23.805585,0.0],[120.872929,23.805987,0.0],[120.873153,23.806029,0.0],[120.874283,23.805615,0.0],[120.874304,23.805798,0.0],[120.874054,23.806752,0.0],[120.874525,23.806089,0.0],[120.874988,23.806159,0.0],[120.875245,23.806089,0.0],[120.87531,23.80593,0.0],[120.875064,23.805529,0.0],[120.875491,23.805456,0.0],[120.876002,23.805568,0.0],[120.876208,23.805983,0.0],[120.876398,23.805935,0.0],[120.876396,23.805603,0.0],[120.876632,23.805607,0.0],[120.877274,23.805863,0.0],[120.87726,23.80544,0.0],[120.877537,23.805409,0.0],[120.877569,23.805825,0.0],[120.877729,23.805755,0.0],[120.877943,23.805944,0.0],[120.878081,23.805947,0.0],[120.87803,23.806145,0.0],[120.878865,23.806266,0.0],[120.878485,23.806585,0.0],[120.878259,23.806497,0.0],[120.877637,23.806458,0.0],[120.877353,23.806693,0.0],[120.877086,23.806706,0.0],[120.876444,23.807769,0.0],[120.876295,23.80773,0.0],[120.876081,23.807413,0.0],[120.875956,23.807363,0.0],[120.87546,23.807518,0.0]]],[[[120.870767,23.80924,0.0],[120.870408,23.809194,0.0],[120.870175,23.808966,0.0],[120.869752,23.808957,0.0],[120.86969,23.808891,0.0],[120.869516,23.808982,0.0],[120.869334,23.808682,0.0],[120.868833,23.808454,0.0],[120.868614,23.808496,0.0],[120.868481,23.808673,0.0],[120.868514,23.809339,0.0],[120.867943,23.809263,0.0],[120.867797,23.808996,0.0],[120.867668,23.808943,0.0],[120.867768,23.808848,0.0],[120.868164,23.809185,0.0],[120.86846,23.809243,0.0],[120.868475,23.808673,0.0],[120.868688,23.808388,0.0],[120.868929,23.808335,0.0],[120.869152,23.808417,0.0],[120.869508,23.808881,0.0],[120.870014,23.808862,0.0],[120.870227,23.808911,0.0],[120.870463,23.809119,0.0],[120.870842,23.809139,0.0],[120.871927,23.808959,0.0],[120.872231,23.809062,0.0],[120.87291,23.808814,0.0],[120.873405,23.808525,0.0],[120.872803,23.808271,0.0],[120.872627,23.808021,0.0],[120.873253,23.807911,0.0],[120.873408,23.808524,0.0],[120.874183,23.808313,0.0],[120.874553,23.808575,0.0],[120.875122,23.808556,0.0],[120.875312,23.808454,0.0],[120.876317,23.808705,0.0],[120.876862,23.808553,0.0],[120.877222,23.808716,0.0],[120.877689,23.808672,0.0],[120.877766,23.808501,0.0],[120.877949,23.808278,0.0],[120.878189,23.808257,0.0],[120.878572,23.808082,0.0],[120.878998,23.808139,0.0],[120.879027,23.808228,0.0],[120.87871,23.80819,0.0],[120.87808,23.808372,0.0],[120.877906,23.808336,0.0],[120.87769,23.808675,0.0],[120.877245,23.808824,0.0],[120.876422,23.808801,0.0],[120.875986,23.8087,0.0],[120.87604,23.808868,0.0],[120.875932,23.809033,0.0],[120.875748,23.808951,0.0],[120.875393,23.808573,0.0],[120.875025,23.808665,0.0],[120.874802,23.80859,0.0],[120.874448,23.808785,0.0],[120.874075,23.808421,0.0],[120.873435,23.808606,0.0],[120.87271,23.808973,0.0],[120.872176,23.809148,0.0],[120.871844,23.80903,0.0],[120.870767,23.80924,0.0]]],[[[120.858799,23.814796,0.0],[120.860169,23.815312,0.0],[120.860305,23.815449,0.0],[120.859771,23.815342,0.0],[120.85855,23.815383,0.0],[120.858171,23.815631,0.0],[120.857978,23.816062,0.0],[120.857777,23.816256,0.0],[120.857778,23.816408,0.0],[120.857832,23.816359,0.0],[120.857833,23.816408,0.0],[120.857776,23.816489,0.0],[120.857359,23.816593,0.0],[120.857363,23.816652,0.0],[120.857246,23.816637,0.0],[120.856478,23.815887,0.0],[120.856456,23.815792,0.0],[120.856672,23.815792,0.0],[120.856667,23.815703,0.0],[120.856411,23.815117,0.0],[120.856342,23.815129,0.0],[120.856171,23.814848,0.0],[120.856109,23.814447,0.0],[120.856598,23.814143,0.0],[120.856676,23.814145,0.0],[120.856615,23.814464,0.0],[120.856902,23.814467,0.0],[120.85753,23.814126,0.0],[120.857425,23.814268,0.0],[120.857437,23.814489,0.0],[120.857899,23.814833,0.0],[120.858799,23.814796,0.0]]],[[[120.907549,23.876062,0.0],[120.908986,23.878245,0.0],[120.909431,23.879045,0.0],[120.909608,23.879145,0.0],[120.909535,23.880109,0.0],[120.909149,23.88015,0.0],[120.908638,23.880785,0.0],[120.908387,23.880922,0.0],[120.908357,23.88098,0.0],[120.908497,23.88115,0.0],[120.908365,23.88121,0.0],[120.908361,23.881321,0.0],[120.908178,23.881526,0.0],[120.908409,23.882197,0.0],[120.90852,23.88301,0.0],[120.908532,23.883829,0.0],[120.908673,23.884168,0.0],[120.908628,23.884556,0.0],[120.908348,23.885202,0.0],[120.908349,23.886405,0.0],[120.908527,23.887195,0.0],[120.908472,23.887597,0.0],[120.907674,23.888418,0.0],[120.907431,23.889145,0.0],[120.907488,23.889953,0.0],[120.907394,23.890314,0.0],[120.907401,23.890716,0.0],[120.907527,23.891084,0.0],[120.90798,23.89151,0.0],[120.907313,23.891448,0.0],[120.906781,23.891848,0.0],[120.906289,23.891963,0.0],[120.905779,23.892197,0.0],[120.905348,23.892239,0.0],[120.904767,23.892796,0.0],[120.904607,23.89323,0.0],[120.904201,23.893591,0.0],[120.90359,23.893652,0.0],[120.902626,23.893942,0.0],[120.902501,23.894096,0.0],[120.90252,23.89477,0.0],[120.902842,23.895363,0.0],[120.902991,23.895488,0.0],[120.902941,23.895974,0.0],[120.90223,23.895683,0.0],[120.9021,23.895761,0.0],[120.901563,23.895715,0.0],[120.901283,23.895618,0.0],[120.901041,23.895693,0.0],[120.901029,23.895769,0.0],[120.900562,23.8958,0.0],[120.900256,23.895774,0.0],[120.900088,23.895668,0.0],[120.900019,23.895569,0.0],[120.900039,23.895132,0.0],[120.900142,23.895016,0.0],[120.900217,23.894444,0.0],[120.900069,23.894295,0.0],[120.900117,23.893995,0.0],[120.89979,23.893287,0.0],[120.899547,23.893112,0.0],[120.898848,23.892191,0.0],[120.898871,23.891975,0.0],[120.899455,23.890901,0.0],[120.899665,23.890075,0.0],[120.899596,23.889668,0.0],[120.899383,23.889243,0.0],[120.899338,23.888672,0.0],[120.89923,23.888489,0.0],[120.898678,23.888234,0.0],[120.897173,23.888,0.0],[120.895812,23.887651,0.0],[120.895167,23.886784,0.0],[120.89517,23.886454,0.0],[120.895709,23.886053,0.0],[120.895616,23.885658,0.0],[120.8951,23.885314,0.0],[120.895089,23.885225,0.0],[120.894594,23.885145,0.0],[120.894221,23.884815,0.0],[120.894277,23.884765,0.0],[120.894172,23.884661,0.0],[120.893165,23.884307,0.0],[120.892861,23.884365,0.0],[120.892366,23.884153,0.0],[120.892011,23.884099,0.0],[120.890229,23.884079,0.0],[120.889765,23.884182,0.0],[120.88951,23.884381,0.0],[120.88878,23.885215,0.0],[120.888586,23.885001,0.0],[120.888202,23.885307,0.0],[120.888078,23.885206,0.0],[120.888008,23.885418,0.0],[120.887897,23.884544,0.0],[120.887563,23.88404,0.0],[120.887737,23.88413,0.0],[120.888242,23.883966,0.0],[120.887797,23.883424,0.0],[120.887736,23.883155,0.0],[120.887777,23.882914,0.0],[120.88737,23.88292,0.0],[120.887604,23.882485,0.0],[120.887443,23.882422,0.0],[120.884355,23.884125,0.0],[120.884067,23.883893,0.0],[120.883769,23.88378,0.0],[120.883,23.883071,0.0],[120.882543,23.882839,0.0],[120.882244,23.883281,0.0],[120.882216,23.883679,0.0],[120.882093,23.884035,0.0],[120.881957,23.884146,0.0],[120.882233,23.885086,0.0],[120.882149,23.886246,0.0],[120.881664,23.886873,0.0],[120.881552,23.887832,0.0],[120.881405,23.888335,0.0],[120.881375,23.888836,0.0],[120.881426,23.889182,0.0],[120.88168,23.889655,0.0],[120.881708,23.890462,0.0],[120.88096,23.890038,0.0],[120.879841,23.88957,0.0],[120.879512,23.888964,0.0],[120.879549,23.888818,0.0],[120.879452,23.888672,0.0],[120.879339,23.888665,0.0],[120.879418,23.888511,0.0],[120.879312,23.888563,0.0],[120.879367,23.888097,0.0],[120.879227,23.887699,0.0],[120.878693,23.887444,0.0],[120.87791,23.886848,0.0],[120.877948,23.886768,0.0],[120.877857,23.886665,0.0],[120.877477,23.886551,0.0],[120.877471,23.886411,0.0],[120.877259,23.886208,0.0],[120.877236,23.885935,0.0],[120.877009,23.885672,0.0],[120.876696,23.885485,0.0],[120.876444,23.885443,0.0],[120.876364,23.885637,0.0],[120.875107,23.885477,0.0],[120.874694,23.885333,0.0],[120.874556,23.885214,0.0],[120.874493,23.884797,0.0],[120.87474,23.883777,0.0],[120.874718,23.883435,0.0],[120.874828,23.883156,0.0],[120.874874,23.88167,0.0],[120.874815,23.881432,0.0],[120.87465,23.881234,0.0],[120.874466,23.881158,0.0],[120.873903,23.881117,0.0],[120.873827,23.881003,0.0],[120.873563,23.880255,0.0],[120.873678,23.879493,0.0],[120.873824,23.879258,0.0],[120.87421,23.879106,0.0],[120.874559,23.879078,0.0],[120.875956,23.879206,0.0],[120.876355,23.87917,0.0],[120.876926,23.878982,0.0],[120.877554,23.8785,0.0],[120.877666,23.877851,0.0],[120.877557,23.877429,0.0],[120.877405,23.877233,0.0],[120.876505,23.876481,0.0],[120.876342,23.876239,0.0],[120.876263,23.875698,0.0],[120.876105,23.875335,0.0],[120.875756,23.874926,0.0],[120.876022,23.874392,0.0],[120.875905,23.874374,0.0],[120.87595,23.874254,0.0],[120.875595,23.874227,0.0],[120.875498,23.874396,0.0],[120.874994,23.873774,0.0],[120.874918,23.873377,0.0],[120.874796,23.873162,0.0],[120.874599,23.87307,0.0],[120.874552,23.873121,0.0],[120.874703,23.873369,0.0],[120.87455,23.873299,0.0],[120.874413,23.873058,0.0],[120.873752,23.872718,0.0],[120.873381,23.872261,0.0],[120.872983,23.872012,0.0],[120.872416,23.871479,0.0],[120.872847,23.871437,0.0],[120.872859,23.871374,0.0],[120.873737,23.871366,0.0],[120.87382,23.870876,0.0],[120.874152,23.870745,0.0],[120.87449,23.870437,0.0],[120.874655,23.869829,0.0],[120.874364,23.869171,0.0],[120.874487,23.868604,0.0],[120.873839,23.867138,0.0],[120.873291,23.866515,0.0],[120.87314,23.86624,0.0],[120.873098,23.866027,0.0],[120.873173,23.865411,0.0],[120.872787,23.864821,0.0],[120.872768,23.862623,0.0],[120.872823,23.862396,0.0],[120.872991,23.862352,0.0],[120.87285,23.862083,0.0],[120.872883,23.861019,0.0],[120.872781,23.860625,0.0],[120.872271,23.859884,0.0],[120.872776,23.859912,0.0],[120.873119,23.859838,0.0],[120.873323,23.859888,0.0],[120.87379,23.85946,0.0],[120.874126,23.859415,0.0],[120.874289,23.859692,0.0],[120.873953,23.860141,0.0],[120.874036,23.860154,0.0],[120.874082,23.860282,0.0],[120.874463,23.860395,0.0],[120.874347,23.86047,0.0],[120.874268,23.86073,0.0],[120.874286,23.860983,0.0],[120.874406,23.861068,0.0],[120.874885,23.861102,0.0],[120.875023,23.861094,0.0],[120.875298,23.86074,0.0],[120.875195,23.860462,0.0],[120.874632,23.86019,0.0],[120.875034,23.860012,0.0],[120.875124,23.859884,0.0],[120.875449,23.860682,0.0],[120.87564,23.860555,0.0],[120.875993,23.860661,0.0],[120.876311,23.860855,0.0],[120.876412,23.860792,0.0],[120.876694,23.860231,0.0],[120.876747,23.859861,0.0],[120.877348,23.86012,0.0],[120.877671,23.859887,0.0],[120.878083,23.859378,0.0],[120.878182,23.859044,0.0],[120.878632,23.858487,0.0],[120.878901,23.858379,0.0],[120.879024,23.858463,0.0],[120.879191,23.858372,0.0],[120.879265,23.858232,0.0],[120.879214,23.858053,0.0],[120.879478,23.85779,0.0],[120.879391,23.857295,0.0],[120.879285,23.85729,0.0],[120.8793,23.85706,0.0],[120.879206,23.856978,0.0],[120.879268,23.856924,0.0],[120.878491,23.856143,0.0],[120.878196,23.855639,0.0],[120.878231,23.855394,0.0],[120.878528,23.855071,0.0],[120.878923,23.855044,0.0],[120.879381,23.855405,0.0],[120.880594,23.85575,0.0],[120.881342,23.856074,0.0],[120.882131,23.856745,0.0],[120.882251,23.856613,0.0],[120.881655,23.854452,0.0],[120.879485,23.853493,0.0],[120.878401,23.851665,0.0],[120.877637,23.84984,0.0],[120.877168,23.849823,0.0],[120.875509,23.849971,0.0],[120.875123,23.848011,0.0],[120.874682,23.847582,0.0],[120.874384,23.84745,0.0],[120.872108,23.846994,0.0],[120.871854,23.847501,0.0],[120.870843,23.846803,0.0],[120.870736,23.846871,0.0],[120.870345,23.846867,0.0],[120.869435,23.847166,0.0],[120.868842,23.84702,0.0],[120.86863,23.847043,0.0],[120.868058,23.847321,0.0],[120.867795,23.847638,0.0],[120.867062,23.847066,0.0],[120.86748,23.846667,0.0],[120.868071,23.846284,0.0],[120.868861,23.845433,0.0],[120.869058,23.845074,0.0],[120.868898,23.84453,0.0],[120.868374,23.844096,0.0],[120.867871,23.843964,0.0],[120.86758,23.843951,0.0],[120.866849,23.844212,0.0],[120.866626,23.844206,0.0],[120.866461,23.844015,0.0],[120.866113,23.843283,0.0],[120.865725,23.842914,0.0],[120.865417,23.842384,0.0],[120.864803,23.84171,0.0],[120.863909,23.84096,0.0],[120.863447,23.840738,0.0],[120.862728,23.840566,0.0],[120.86224,23.840155,0.0],[120.862093,23.839638,0.0],[120.862131,23.838915,0.0],[120.862246,23.838665,0.0],[120.862655,23.838363,0.0],[120.863665,23.83788,0.0],[120.864264,23.837442,0.0],[120.864544,23.837366,0.0],[120.865363,23.83758,0.0],[120.864983,23.837579,0.0],[120.864905,23.837797,0.0],[120.865444,23.838028,0.0],[120.865451,23.838106,0.0],[120.865807,23.838079,0.0],[120.865764,23.838176,0.0],[120.865848,23.838325,0.0],[120.865922,23.838356,0.0],[120.865966,23.838266,0.0],[120.866541,23.838513,0.0],[120.866418,23.838674,0.0],[120.866502,23.838693,0.0],[120.866473,23.83879,0.0],[120.86676,23.838769,0.0],[120.866819,23.83865,0.0],[120.867701,23.839096,0.0],[120.867797,23.839365,0.0],[120.86814,23.839862,0.0],[120.868115,23.840622,0.0],[120.868214,23.840839,0.0],[120.868774,23.8414,0.0],[120.869154,23.841563,0.0],[120.869194,23.841329,0.0],[120.870038,23.841522,0.0],[120.870345,23.841667,0.0],[120.870863,23.841651,0.0],[120.871103,23.841901,0.0],[120.871987,23.841616,0.0],[120.871939,23.840971,0.0],[120.871232,23.840809,0.0],[120.870659,23.840446,0.0],[120.870326,23.840039,0.0],[120.870259,23.83966,0.0],[120.870036,23.839286,0.0],[120.869751,23.839065,0.0],[120.869557,23.83846,0.0],[120.869584,23.837692,0.0],[120.869453,23.837766,0.0],[120.869606,23.837364,0.0],[120.869714,23.835944,0.0],[120.86951,23.835211,0.0],[120.869226,23.834651,0.0],[120.868542,23.833698,0.0],[120.867224,23.832515,0.0],[120.867034,23.832232,0.0],[120.866961,23.831746,0.0],[120.867425,23.830891,0.0],[120.867662,23.830199,0.0],[120.867703,23.829919,0.0],[120.867595,23.829647,0.0],[120.866988,23.828948,0.0],[120.866223,23.828777,0.0],[120.86542,23.82842,0.0],[120.864183,23.828205,0.0],[120.863894,23.828072,0.0],[120.863724,23.827851,0.0],[120.863694,23.827668,0.0],[120.863755,23.827482,0.0],[120.864486,23.826526,0.0],[120.86455,23.826239,0.0],[120.864446,23.825655,0.0],[120.863858,23.825193,0.0],[120.863282,23.824939,0.0],[120.862652,23.824896,0.0],[120.861804,23.825232,0.0],[120.861682,23.825102,0.0],[120.860959,23.824981,0.0],[120.860616,23.82482,0.0],[120.859521,23.823955,0.0],[120.858848,23.82265,0.0],[120.858562,23.822299,0.0],[120.858125,23.821938,0.0],[120.857889,23.821559,0.0],[120.858008,23.820391,0.0],[120.858124,23.819939,0.0],[120.858115,23.819576,0.0],[120.858181,23.81949,0.0],[120.858085,23.819253,0.0],[120.857948,23.819239,0.0],[120.857904,23.819145,0.0],[120.85777,23.818773,0.0],[120.85786,23.81873,0.0],[120.85774,23.818383,0.0],[120.857415,23.818044,0.0],[120.857919,23.817993,0.0],[120.859719,23.818195,0.0],[120.859806,23.818168,0.0],[120.859886,23.817958,0.0],[120.859772,23.817956,0.0],[120.859769,23.81788,0.0],[120.859584,23.817955,0.0],[120.859439,23.817827,0.0],[120.859315,23.818009,0.0],[120.857381,23.817817,0.0],[120.857146,23.817169,0.0],[120.857503,23.817275,0.0],[120.85773,23.817118,0.0],[120.857863,23.817125,0.0],[120.857957,23.817018,0.0],[120.858055,23.817064,0.0],[120.858171,23.817014,0.0],[120.858579,23.816678,0.0],[120.858649,23.816733,0.0],[120.858962,23.816404,0.0],[120.858761,23.816377,0.0],[120.858732,23.816306,0.0],[120.858534,23.816354,0.0],[120.858843,23.816164,0.0],[120.858652,23.815971,0.0],[120.859221,23.81567,0.0],[120.859152,23.81543,0.0],[120.859787,23.815407,0.0],[120.86028,23.815572,0.0],[120.860428,23.815524,0.0],[120.860147,23.815183,0.0],[120.859092,23.814847,0.0],[120.858843,23.814688,0.0],[120.857876,23.814732,0.0],[120.857798,23.814671,0.0],[120.858153,23.814449,0.0],[120.858127,23.814368,0.0],[120.858756,23.814262,0.0],[120.858736,23.814162,0.0],[120.858913,23.814231,0.0],[120.859342,23.814168,0.0],[120.859317,23.813956,0.0],[120.85946,23.813985,0.0],[120.859417,23.814178,0.0],[120.860709,23.81455,0.0],[120.860736,23.813891,0.0],[120.86102,23.813965,0.0],[120.861571,23.814293,0.0],[120.862371,23.814181,0.0],[120.862555,23.814361,0.0],[120.862344,23.814554,0.0],[120.862657,23.814678,0.0],[120.862924,23.814561,0.0],[120.862993,23.81462,0.0],[120.863358,23.814265,0.0],[120.86371,23.814238,0.0],[120.86391,23.81406,0.0],[120.864452,23.814147,0.0],[120.864779,23.813964,0.0],[120.864915,23.813596,0.0],[120.865339,23.813838,0.0],[120.865721,23.813858,0.0],[120.865898,23.813714,0.0],[120.866255,23.814014,0.0],[120.866677,23.81392,0.0],[120.866764,23.813696,0.0],[120.867406,23.81432,0.0],[120.867508,23.814259,0.0],[120.867794,23.814352,0.0],[120.868455,23.814855,0.0],[120.869182,23.815173,0.0],[120.869568,23.815555,0.0],[120.869814,23.816,0.0],[120.870168,23.816118,0.0],[120.86987,23.816123,0.0],[120.870015,23.816203,0.0],[120.869501,23.816236,0.0],[120.869586,23.817859,0.0],[120.869424,23.817832,0.0],[120.86853,23.820236,0.0],[120.868279,23.821275,0.0],[120.868051,23.821403,0.0],[120.867524,23.82239,0.0],[120.868462,23.823606,0.0],[120.868856,23.82394,0.0],[120.869307,23.824098,0.0],[120.869738,23.824608,0.0],[120.870899,23.825018,0.0],[120.871145,23.825722,0.0],[120.871032,23.825936,0.0],[120.8711,23.82609,0.0],[120.871615,23.826037,0.0],[120.871989,23.826431,0.0],[120.872126,23.82717,0.0],[120.871942,23.827192,0.0],[120.871883,23.827379,0.0],[120.871922,23.82761,0.0],[120.871772,23.827702,0.0],[120.8719,23.827999,0.0],[120.872213,23.828143,0.0],[120.872351,23.82834,0.0],[120.873033,23.828915,0.0],[120.873126,23.830257,0.0],[120.873235,23.830676,0.0],[120.87369,23.831529,0.0],[120.873904,23.831721,0.0],[120.87425,23.832669,0.0],[120.874964,23.833739,0.0],[120.875174,23.83377,0.0],[120.875495,23.833693,0.0],[120.876077,23.834222,0.0],[120.8761,23.834689,0.0],[120.875788,23.835302,0.0],[120.877053,23.83609,0.0],[120.878159,23.836622,0.0],[120.879048,23.836592,0.0],[120.881284,23.837655,0.0],[120.881476,23.837619,0.0],[120.881932,23.837181,0.0],[120.88245,23.836488,0.0],[120.882636,23.836384,0.0],[120.882885,23.836396,0.0],[120.883629,23.836152,0.0],[120.884518,23.836353,0.0],[120.886534,23.836605,0.0],[120.886593,23.836522,0.0],[120.887684,23.836753,0.0],[120.888504,23.836794,0.0],[120.888898,23.837013,0.0],[120.889543,23.8377,0.0],[120.889702,23.838012,0.0],[120.889674,23.838125,0.0],[120.890222,23.838052,0.0],[120.89062,23.838158,0.0],[120.891666,23.838091,0.0],[120.892246,23.838514,0.0],[120.892372,23.838451,0.0],[120.893271,23.838879,0.0],[120.893342,23.839028,0.0],[120.893229,23.839122,0.0],[120.893378,23.839339,0.0],[120.893308,23.839522,0.0],[120.893074,23.839748,0.0],[120.89325,23.840013,0.0],[120.893452,23.840072,0.0],[120.894212,23.840773,0.0],[120.894321,23.840806,0.0],[120.894378,23.840713,0.0],[120.894751,23.840646,0.0],[120.895094,23.840733,0.0],[120.895241,23.840691,0.0],[120.895501,23.841039,0.0],[120.895456,23.841201,0.0],[120.895788,23.841137,0.0],[120.896137,23.840966,0.0],[120.896265,23.840979,0.0],[120.896347,23.841054,0.0],[120.896977,23.841209,0.0],[120.897162,23.841491,0.0],[120.897371,23.841593,0.0],[120.8976,23.841357,0.0],[120.897727,23.840935,0.0],[120.897944,23.840778,0.0],[120.897991,23.840436,0.0],[120.897891,23.840161,0.0],[120.897782,23.840199,0.0],[120.897766,23.84012,0.0],[120.897885,23.839922,0.0],[120.897792,23.839495,0.0],[120.897861,23.839375,0.0],[120.898164,23.839395,0.0],[120.898522,23.839156,0.0],[120.899429,23.839586,0.0],[120.899472,23.839511,0.0],[120.900428,23.839737,0.0],[120.900406,23.839867,0.0],[120.901095,23.84006,0.0],[120.901519,23.840447,0.0],[120.90177,23.840521,0.0],[120.902368,23.839899,0.0],[120.902611,23.840045,0.0],[120.902762,23.84002,0.0],[120.902765,23.839953,0.0],[120.902997,23.840062,0.0],[120.903234,23.839879,0.0],[120.903318,23.839885,0.0],[120.903339,23.839807,0.0],[120.903433,23.839912,0.0],[120.903559,23.839819,0.0],[120.90364,23.839502,0.0],[120.903741,23.839594,0.0],[120.903808,23.839855,0.0],[120.903286,23.840352,0.0],[120.903333,23.840431,0.0],[120.90311,23.841098,0.0],[120.903181,23.841382,0.0],[120.903386,23.84149,0.0],[120.902748,23.842006,0.0],[120.902664,23.842833,0.0],[120.903654,23.843247,0.0],[120.90321,23.843807,0.0],[120.903218,23.844137,0.0],[120.904949,23.844213,0.0],[120.905756,23.84505,0.0],[120.905902,23.845012,0.0],[120.906288,23.845094,0.0],[120.906712,23.845308,0.0],[120.906924,23.845309,0.0],[120.907154,23.845637,0.0],[120.906972,23.845792,0.0],[120.90664,23.846377,0.0],[120.906352,23.84655,0.0],[120.906335,23.847269,0.0],[120.906157,23.847516,0.0],[120.905572,23.847391,0.0],[120.904541,23.847509,0.0],[120.904261,23.848648,0.0],[120.905675,23.848967,0.0],[120.906,23.849113,0.0],[120.906139,23.849641,0.0],[120.90624,23.849719,0.0],[120.906526,23.850321,0.0],[120.906683,23.85039,0.0],[120.906776,23.850343,0.0],[120.906873,23.850234,0.0],[120.906863,23.849861,0.0],[120.907057,23.849834,0.0],[120.907165,23.849901,0.0],[120.907582,23.850754,0.0],[120.907388,23.851209,0.0],[120.90711,23.851531,0.0],[120.907036,23.851778,0.0],[120.906931,23.851809,0.0],[120.906389,23.851686,0.0],[120.906299,23.851743,0.0],[120.906085,23.852532,0.0],[120.906006,23.853578,0.0],[120.90551,23.854005,0.0],[120.905432,23.854538,0.0],[120.905538,23.854936,0.0],[120.905474,23.85504,0.0],[120.905265,23.855131,0.0],[120.905161,23.854845,0.0],[120.90503,23.85471,0.0],[120.90443,23.854367,0.0],[120.90405,23.853953,0.0],[120.903437,23.853569,0.0],[120.903375,23.853372,0.0],[120.902903,23.852747,0.0],[120.902835,23.852373,0.0],[120.902921,23.852201,0.0],[120.903128,23.850531,0.0],[120.903016,23.850117,0.0],[120.903103,23.849739,0.0],[120.903522,23.84952,0.0],[120.903644,23.849521,0.0],[120.903963,23.849887,0.0],[120.904314,23.849322,0.0],[120.904233,23.848687,0.0],[120.90295,23.848213,0.0],[120.902649,23.848225,0.0],[120.90211,23.849044,0.0],[120.902241,23.849232,0.0],[120.902149,23.849308,0.0],[120.901945,23.849379,0.0],[120.901326,23.849285,0.0],[120.901229,23.849168,0.0],[120.900766,23.848971,0.0],[120.900671,23.849144,0.0],[120.901014,23.849889,0.0],[120.900819,23.849937,0.0],[120.900073,23.849815,0.0],[120.900086,23.85008,0.0],[120.900304,23.850237,0.0],[120.900556,23.850809,0.0],[120.900955,23.85099,0.0],[120.901051,23.851116,0.0],[120.900849,23.851403,0.0],[120.900846,23.851659,0.0],[120.900995,23.851824,0.0],[120.901338,23.851986,0.0],[120.901663,23.852336,0.0],[120.901934,23.852307,0.0],[120.902139,23.852962,0.0],[120.902047,23.853003,0.0],[120.902087,23.85314,0.0],[120.901703,23.852961,0.0],[120.901655,23.853074,0.0],[120.901721,23.853391,0.0],[120.902006,23.853599,0.0],[120.901806,23.853719,0.0],[120.902012,23.853733,0.0],[120.902048,23.853792,0.0],[120.901971,23.853826,0.0],[120.901949,23.853738,0.0],[120.901642,23.853826,0.0],[120.901384,23.853706,0.0],[120.900741,23.854005,0.0],[120.900727,23.854066,0.0],[120.90082,23.854076,0.0],[120.900753,23.854155,0.0],[120.902001,23.85392,0.0],[120.902016,23.853988,0.0],[120.902202,23.853967,0.0],[120.90232,23.854072,0.0],[120.902306,23.854202,0.0],[120.902096,23.854358,0.0],[120.902109,23.85446,0.0],[120.902012,23.854495,0.0],[120.901733,23.854969,0.0],[120.901631,23.85484,0.0],[120.901446,23.855051,0.0],[120.901474,23.855139,0.0],[120.90162,23.855272,0.0],[120.901833,23.855155,0.0],[120.901838,23.855069,0.0],[120.902087,23.855008,0.0],[120.902252,23.854795,0.0],[120.902844,23.854635,0.0],[120.903207,23.855007,0.0],[120.903239,23.855181,0.0],[120.903085,23.855407,0.0],[120.902563,23.855662,0.0],[120.902623,23.85581,0.0],[120.902951,23.855884,0.0],[120.902496,23.856004,0.0],[120.902435,23.85592,0.0],[120.902355,23.855935,0.0],[120.902512,23.856829,0.0],[120.902121,23.857079,0.0],[120.901532,23.85702,0.0],[120.901373,23.857147,0.0],[120.901233,23.857442,0.0],[120.90064,23.857651,0.0],[120.90048,23.858332,0.0],[120.900564,23.858779,0.0],[120.900908,23.859001,0.0],[120.900895,23.859343,0.0],[120.899745,23.859964,0.0],[120.898491,23.86088,0.0],[120.898604,23.861123,0.0],[120.898715,23.86116,0.0],[120.899089,23.86167,0.0],[120.899317,23.861827,0.0],[120.8994,23.86239,0.0],[120.899306,23.8638,0.0],[120.899383,23.865011,0.0],[120.899968,23.86565,0.0],[120.899799,23.86582,0.0],[120.89984,23.865987,0.0],[120.899692,23.866216,0.0],[120.899589,23.86672,0.0],[120.899597,23.866992,0.0],[120.899836,23.867326,0.0],[120.899925,23.867261,0.0],[120.899966,23.867079,0.0],[120.899772,23.866666,0.0],[120.899854,23.866415,0.0],[120.900001,23.866307,0.0],[120.899946,23.866118,0.0],[120.900094,23.866036,0.0],[120.900229,23.866099,0.0],[120.90087,23.867198,0.0],[120.901572,23.867548,0.0],[120.902135,23.86836,0.0],[120.902287,23.86827,0.0],[120.902725,23.868402,0.0],[120.902865,23.868376,0.0],[120.903459,23.867905,0.0],[120.904516,23.868051,0.0],[120.904941,23.867233,0.0],[120.906294,23.867255,0.0],[120.906683,23.867456,0.0],[120.907123,23.867843,0.0],[120.9072,23.868125,0.0],[120.907403,23.868276,0.0],[120.908007,23.868401,0.0],[120.908557,23.86903,0.0],[120.909185,23.869109,0.0],[120.909966,23.870041,0.0],[120.910608,23.87154,0.0],[120.910369,23.872191,0.0],[120.909568,23.872206,0.0],[120.90884,23.87259,0.0],[120.908151,23.873585,0.0],[120.907787,23.874346,0.0],[120.907761,23.874805,0.0],[120.907603,23.875061,0.0],[120.907845,23.87559,0.0],[120.907769,23.875833,0.0],[120.907549,23.876062,0.0]],[[120.89962,23.868218,0.0],[120.899665,23.868057,0.0],[120.899327,23.867992,0.0],[120.898694,23.868106,0.0],[120.898544,23.868828,0.0],[120.898611,23.869013,0.0],[120.898762,23.869013,0.0],[120.89962,23.868218,0.0]],[[120.889128,23.855284,0.0],[120.889499,23.855824,0.0],[120.889752,23.855946,0.0],[120.889924,23.855941,0.0],[120.890125,23.856077,0.0],[120.890895,23.856934,0.0],[120.891041,23.856936,0.0],[120.891071,23.857037,0.0],[120.891452,23.857268,0.0],[120.891979,23.857756,0.0],[120.892036,23.858398,0.0],[120.892958,23.85891,0.0],[120.893625,23.859742,0.0],[120.894349,23.859009,0.0],[120.894948,23.858868,0.0],[120.895664,23.858895,0.0],[120.896111,23.858651,0.0],[120.895081,23.857598,0.0],[120.894818,23.857619,0.0],[120.894516,23.857845,0.0],[120.894078,23.857953,0.0],[120.89292,23.856651,0.0],[120.892537,23.855241,0.0],[120.892653,23.855003,0.0],[120.891849,23.853327,0.0],[120.890469,23.851458,0.0],[120.889729,23.84976,0.0],[120.889897,23.848983,0.0],[120.889827,23.848627,0.0],[120.889944,23.84811,0.0],[120.88955,23.847896,0.0],[120.889206,23.847251,0.0],[120.888415,23.847133,0.0],[120.887202,23.846013,0.0],[120.886699,23.845828,0.0],[120.88613,23.845272,0.0],[120.885884,23.845361,0.0],[120.885908,23.846944,0.0],[120.886578,23.847766,0.0],[120.887051,23.849896,0.0],[120.887894,23.850577,0.0],[120.88806,23.851047,0.0],[120.88857,23.851343,0.0],[120.88892,23.851646,0.0],[120.888811,23.852121,0.0],[120.888447,23.852898,0.0],[120.888894,23.853781,0.0],[120.888913,23.854086,0.0],[120.888806,23.854492,0.0],[120.889087,23.854966,0.0],[120.889128,23.855284,0.0]],[[120.879678,23.851891,0.0],[120.88008,23.85223,0.0],[120.880583,23.852345,0.0],[120.880873,23.852324,0.0],[120.881408,23.852872,0.0],[120.882149,23.853201,0.0],[120.882283,23.85317,0.0],[120.882199,23.852757,0.0],[120.881781,23.85257,0.0],[120.881785,23.852472,0.0],[120.882029,23.852481,0.0],[120.881885,23.851599,0.0],[120.881369,23.850799,0.0],[120.87991,23.851193,0.0],[120.879662,23.851372,0.0],[120.879678,23.851891,0.0]],[[120.880896,23.867868,0.0],[120.880584,23.868241,0.0],[120.880502,23.868468,0.0],[120.880664,23.868475,0.0],[120.880781,23.868679,0.0],[120.881158,23.868054,0.0],[120.880896,23.867868,0.0]],[[120.878728,23.886892,0.0],[120.878847,23.88696,0.0],[120.878937,23.886844,0.0],[120.878805,23.886806,0.0],[120.878728,23.886892,0.0]],[[120.878567,23.886348,0.0],[120.878698,23.886165,0.0],[120.87863,23.886048,0.0],[120.878482,23.886159,0.0],[120.878482,23.88625,0.0],[120.878567,23.886348,0.0]],[[120.864573,23.82801,0.0],[120.864763,23.827861,0.0],[120.864923,23.827899,0.0],[120.864951,23.827664,0.0],[120.8651,23.82746,0.0],[120.865576,23.827548,0.0],[120.865639,23.827241,0.0],[120.865598,23.827087,0.0],[120.865083,23.827043,0.0],[120.864409,23.82711,0.0],[120.864303,23.827001,0.0],[120.864117,23.827276,0.0],[120.864573,23.82801,0.0]],[[120.863259,23.81633,0.0],[120.863386,23.816141,0.0],[120.863537,23.816095,0.0],[120.863528,23.816032,0.0],[120.863398,23.816051,0.0],[120.863306,23.81581,0.0],[120.863089,23.815623,0.0],[120.863311,23.815854,0.0],[120.86337,23.81605,0.0],[120.86317,23.816043,0.0],[120.862771,23.816308,0.0],[120.862711,23.816548,0.0],[120.862821,23.816599,0.0],[120.863259,23.81633,0.0]],[[120.862848,23.815763,0.0],[120.862888,23.815816,0.0],[120.862927,23.81576,0.0],[120.862868,23.815716,0.0],[120.862848,23.815763,0.0]],[[120.85855,23.821285,0.0],[120.858615,23.821248,0.0],[120.858571,23.821177,0.0],[120.858498,23.821215,0.0],[120.85855,23.821285,0.0]]],[[[120.878115,23.905923,0.0],[120.87803,23.906068,0.0],[120.877941,23.906305,0.0],[120.878184,23.906784,0.0],[120.877899,23.907384,0.0],[120.877969,23.907724,0.0],[120.877769,23.908564,0.0],[120.8775,23.908767,0.0],[120.877423,23.908962,0.0],[120.877489,23.909403,0.0],[120.87721,23.910142,0.0],[120.876644,23.909994,0.0],[120.876245,23.909994,0.0],[120.875123,23.909666,0.0],[120.874209,23.909298,0.0],[120.87377,23.909261,0.0],[120.873398,23.90904,0.0],[120.873099,23.909148,0.0],[120.872517,23.908994,0.0],[120.872172,23.908988,0.0],[120.871985,23.908847,0.0],[120.870638,23.908419,0.0],[120.869995,23.908356,0.0],[120.869,23.908402,0.0],[120.868771,23.908301,0.0],[120.867708,23.908282,0.0],[120.866796,23.907916,0.0],[120.866636,23.907974,0.0],[120.866368,23.907695,0.0],[120.865723,23.907586,0.0],[120.86557,23.907411,0.0],[120.865553,23.907503,0.0],[120.864796,23.907107,0.0],[120.863973,23.906843,0.0],[120.863905,23.906718,0.0],[120.863909,23.906387,0.0],[120.863607,23.905841,0.0],[120.863708,23.90535,0.0],[120.863342,23.904924,0.0],[120.863433,23.90463,0.0],[120.862718,23.904308,0.0],[120.862536,23.90404,0.0],[120.862489,23.903868,0.0],[120.862582,23.903693,0.0],[120.862597,23.903266,0.0],[120.862507,23.903028,0.0],[120.862475,23.902485,0.0],[120.862374,23.902367,0.0],[120.862495,23.901828,0.0],[120.862308,23.901361,0.0],[120.862323,23.901115,0.0],[120.862112,23.900804,0.0],[120.861986,23.900228,0.0],[120.861912,23.90009,0.0],[120.861281,23.899716,0.0],[120.861081,23.899466,0.0],[120.860918,23.898619,0.0],[120.860937,23.898312,0.0],[120.860746,23.897744,0.0],[120.860408,23.897519,0.0],[120.860164,23.896897,0.0],[120.859856,23.896555,0.0],[120.859342,23.896425,0.0],[120.859203,23.896466,0.0],[120.85879,23.896267,0.0],[120.858622,23.896136,0.0],[120.858662,23.895853,0.0],[120.85835,23.895707,0.0],[120.857965,23.895881,0.0],[120.857697,23.895714,0.0],[120.856775,23.895603,0.0],[120.856315,23.895449,0.0],[120.856155,23.895322,0.0],[120.855903,23.894795,0.0],[120.855205,23.894286,0.0],[120.855144,23.894171,0.0],[120.854798,23.89403,0.0],[120.85373,23.893306,0.0],[120.853393,23.892999,0.0],[120.853192,23.892485,0.0],[120.853414,23.892353,0.0],[120.853251,23.891916,0.0],[120.853427,23.891734,0.0],[120.853448,23.891407,0.0],[120.853951,23.891061,0.0],[120.854023,23.890796,0.0],[120.853847,23.890618,0.0],[120.852954,23.890219,0.0],[120.852861,23.890016,0.0],[120.852103,23.889634,0.0],[120.851685,23.889229,0.0],[120.851423,23.888648,0.0],[120.851703,23.888387,0.0],[120.851687,23.887874,0.0],[120.851999,23.886783,0.0],[120.852108,23.886637,0.0],[120.851896,23.88607,0.0],[120.851992,23.885685,0.0],[120.851919,23.885197,0.0],[120.852092,23.884491,0.0],[120.852068,23.884161,0.0],[120.851689,23.883724,0.0],[120.851538,23.883416,0.0],[120.85198,23.883154,0.0],[120.851845,23.882829,0.0],[120.851434,23.882709,0.0],[120.850426,23.882055,0.0],[120.849922,23.881825,0.0],[120.849345,23.881222,0.0],[120.848696,23.880864,0.0],[120.848374,23.880551,0.0],[120.84803,23.880552,0.0],[120.847704,23.880397,0.0],[120.847419,23.880111,0.0],[120.846992,23.880013,0.0],[120.847041,23.879687,0.0],[120.847704,23.878062,0.0],[120.84779,23.877635,0.0],[120.847541,23.876892,0.0],[120.847641,23.87635,0.0],[120.847924,23.87557,0.0],[120.847979,23.875141,0.0],[120.847893,23.874719,0.0],[120.847506,23.87438,0.0],[120.84742,23.874025,0.0],[120.846955,23.873505,0.0],[120.846951,23.873318,0.0],[120.847045,23.873183,0.0],[120.847263,23.871975,0.0],[120.848083,23.870899,0.0],[120.848747,23.870178,0.0],[120.848783,23.869792,0.0],[120.849146,23.86869,0.0],[120.84898,23.867829,0.0],[120.848859,23.867594,0.0],[120.848864,23.867072,0.0],[120.848946,23.866904,0.0],[120.848803,23.866739,0.0],[120.848324,23.864005,0.0],[120.847805,23.863156,0.0],[120.847638,23.863088,0.0],[120.847708,23.86115,0.0],[120.847836,23.861047,0.0],[120.848113,23.860378,0.0],[120.848008,23.859776,0.0],[120.848024,23.859387,0.0],[120.84781,23.858972,0.0],[120.847553,23.858831,0.0],[120.847302,23.858566,0.0],[120.847219,23.858028,0.0],[120.847063,23.857811,0.0],[120.846546,23.857581,0.0],[120.84565,23.857724,0.0],[120.844659,23.857713,0.0],[120.844386,23.857591,0.0],[120.843918,23.857562,0.0],[120.843735,23.857419,0.0],[120.843531,23.857027,0.0],[120.843517,23.856549,0.0],[120.843393,23.856166,0.0],[120.842538,23.85585,0.0],[120.84204,23.855429,0.0],[120.841897,23.855619,0.0],[120.841465,23.855655,0.0],[120.840803,23.856004,0.0],[120.840426,23.856096,0.0],[120.839985,23.855962,0.0],[120.839591,23.855747,0.0],[120.83958,23.855642,0.0],[120.838726,23.855484,0.0],[120.838339,23.855192,0.0],[120.838156,23.854947,0.0],[120.83778,23.855031,0.0],[120.837457,23.855623,0.0],[120.836894,23.855742,0.0],[120.836693,23.855885,0.0],[120.836454,23.855928,0.0],[120.836243,23.856188,0.0],[120.836104,23.856236,0.0],[120.835788,23.856089,0.0],[120.835466,23.856339,0.0],[120.835308,23.85634,0.0],[120.834789,23.856548,0.0],[120.834062,23.856411,0.0],[120.833707,23.856426,0.0],[120.833397,23.85626,0.0],[120.83285,23.856194,0.0],[120.83254,23.85607,0.0],[120.831636,23.855982,0.0],[120.830812,23.856391,0.0],[120.830587,23.856378,0.0],[120.830413,23.856466,0.0],[120.830415,23.856564,0.0],[120.83025,23.856572,0.0],[120.829483,23.856251,0.0],[120.828598,23.856124,0.0],[120.827785,23.855678,0.0],[120.827475,23.855608,0.0],[120.827065,23.855219,0.0],[120.826462,23.854251,0.0],[120.826452,23.854109,0.0],[120.825733,23.853552,0.0],[120.825309,23.85335,0.0],[120.824861,23.853276,0.0],[120.824531,23.853096,0.0],[120.824039,23.853292,0.0],[120.822996,23.853463,0.0],[120.822399,23.853302,0.0],[120.82193,23.85395,0.0],[120.821581,23.854214,0.0],[120.821166,23.854404,0.0],[120.820678,23.854459,0.0],[120.820199,23.854766,0.0],[120.819823,23.854896,0.0],[120.819125,23.855044,0.0],[120.818428,23.854616,0.0],[120.818005,23.854118,0.0],[120.817773,23.854019,0.0],[120.817243,23.853591,0.0],[120.816888,23.853441,0.0],[120.815575,23.853291,0.0],[120.815037,23.85313,0.0],[120.814231,23.852519,0.0],[120.813561,23.851702,0.0],[120.813425,23.851432,0.0],[120.812863,23.850969,0.0],[120.812464,23.850768,0.0],[120.811867,23.850653,0.0],[120.810917,23.850153,0.0],[120.81014,23.849383,0.0],[120.810315,23.849431,0.0],[120.810229,23.849137,0.0],[120.809721,23.848933,0.0],[120.809317,23.848572,0.0],[120.809532,23.848402,0.0],[120.809777,23.848481,0.0],[120.810194,23.848447,0.0],[120.810471,23.848625,0.0],[120.810983,23.848664,0.0],[120.811497,23.848486,0.0],[120.811551,23.848584,0.0],[120.81205,23.848075,0.0],[120.812167,23.847762,0.0],[120.81244,23.847613,0.0],[120.812661,23.84691,0.0],[120.812668,23.84659,0.0],[120.812942,23.846167,0.0],[120.813038,23.846268,0.0],[120.813555,23.845885,0.0],[120.813905,23.845275,0.0],[120.813936,23.844966,0.0],[120.814258,23.844709,0.0],[120.814708,23.844502,0.0],[120.815414,23.843724,0.0],[120.816339,23.842959,0.0],[120.816731,23.842494,0.0],[120.817019,23.841193,0.0],[120.817191,23.841248,0.0],[120.818049,23.840476,0.0],[120.818713,23.840155,0.0],[120.819752,23.839991,0.0],[120.820826,23.840367,0.0],[120.821014,23.840371,0.0],[120.821363,23.8402,0.0],[120.821517,23.840273,0.0],[120.821661,23.840184,0.0],[120.822118,23.840479,0.0],[120.821706,23.83997,0.0],[120.821775,23.839717,0.0],[120.821616,23.839621,0.0],[120.821721,23.839413,0.0],[120.822203,23.838974,0.0],[120.823226,23.838539,0.0],[120.823584,23.838312,0.0],[120.824415,23.838294,0.0],[120.824651,23.837988,0.0],[120.824751,23.837174,0.0],[120.825354,23.835426,0.0],[120.825689,23.83514,0.0],[120.826187,23.835103,0.0],[120.826588,23.834229,0.0],[120.82676,23.833569,0.0],[120.826837,23.83288,0.0],[120.825135,23.832834,0.0],[120.824977,23.832716,0.0],[120.824514,23.832608,0.0],[120.824229,23.832284,0.0],[120.823941,23.832126,0.0],[120.823458,23.832013,0.0],[120.823232,23.832064,0.0],[120.822753,23.831993,0.0],[120.822498,23.831794,0.0],[120.821646,23.831597,0.0],[120.821587,23.831509,0.0],[120.821209,23.831433,0.0],[120.820858,23.831229,0.0],[120.820506,23.831191,0.0],[120.820251,23.831018,0.0],[120.820122,23.831047,0.0],[120.819592,23.831688,0.0],[120.819367,23.831853,0.0],[120.818979,23.832399,0.0],[120.818942,23.832284,0.0],[120.818677,23.832149,0.0],[120.818639,23.831976,0.0],[120.818539,23.831961,0.0],[120.818409,23.83179,0.0],[120.818021,23.831764,0.0],[120.81749,23.831856,0.0],[120.817348,23.831797,0.0],[120.817244,23.831668,0.0],[120.816932,23.831508,0.0],[120.816868,23.831311,0.0],[120.816637,23.831242,0.0],[120.816474,23.831091,0.0],[120.815975,23.830374,0.0],[120.816054,23.830396,0.0],[120.816347,23.829135,0.0],[120.816368,23.828674,0.0],[120.81628,23.828267,0.0],[120.816084,23.828161,0.0],[120.816646,23.82808,0.0],[120.81717,23.827779,0.0],[120.818452,23.82826,0.0],[120.818595,23.828105,0.0],[120.818625,23.827975,0.0],[120.818536,23.827943,0.0],[120.818561,23.827896,0.0],[120.819148,23.827978,0.0],[120.819302,23.828178,0.0],[120.819401,23.828177,0.0],[120.819379,23.828059,0.0],[120.818988,23.827717,0.0],[120.818484,23.827658,0.0],[120.818142,23.827524,0.0],[120.818072,23.827408,0.0],[120.817859,23.827315,0.0],[120.817028,23.827242,0.0],[120.816821,23.827362,0.0],[120.816632,23.827369,0.0],[120.816378,23.827561,0.0],[120.816409,23.82766,0.0],[120.816496,23.827612,0.0],[120.816552,23.82771,0.0],[120.816339,23.827914,0.0],[120.816041,23.827842,0.0],[120.815706,23.827992,0.0],[120.815729,23.828051,0.0],[120.81553,23.828157,0.0],[120.815252,23.828156,0.0],[120.815117,23.827989,0.0],[120.815026,23.827989,0.0],[120.814999,23.827497,0.0],[120.814936,23.827511,0.0],[120.81485,23.827351,0.0],[120.814772,23.827372,0.0],[120.814574,23.827239,0.0],[120.8142,23.827298,0.0],[120.814159,23.827353,0.0],[120.814242,23.827452,0.0],[120.814075,23.827486,0.0],[120.814112,23.827589,0.0],[120.814052,23.827634,0.0],[120.81395,23.827481,0.0],[120.81362,23.827413,0.0],[120.813706,23.827417,0.0],[120.813338,23.827222,0.0],[120.813441,23.826859,0.0],[120.814128,23.825952,0.0],[120.814233,23.825947,0.0],[120.814291,23.826068,0.0],[120.81448,23.826103,0.0],[120.81468,23.826642,0.0],[120.815075,23.826552,0.0],[120.815531,23.826637,0.0],[120.815621,23.826186,0.0],[120.816081,23.826238,0.0],[120.816092,23.826406,0.0],[120.816179,23.82641,0.0],[120.816184,23.826084,0.0],[120.816479,23.826083,0.0],[120.816582,23.825972,0.0],[120.816707,23.826101,0.0],[120.816872,23.82591,0.0],[120.81705,23.826086,0.0],[120.817166,23.826044,0.0],[120.817166,23.826304,0.0],[120.817599,23.826284,0.0],[120.817661,23.826192,0.0],[120.817968,23.826267,0.0],[120.817922,23.826343,0.0],[120.817986,23.826413,0.0],[120.818287,23.826435,0.0],[120.818669,23.826214,0.0],[120.819435,23.826273,0.0],[120.819759,23.826176,0.0],[120.820147,23.825891,0.0],[120.819922,23.825841,0.0],[120.819853,23.825622,0.0],[120.819525,23.825371,0.0],[120.819421,23.825405,0.0],[120.819311,23.825255,0.0],[120.8194,23.825,0.0],[120.819514,23.82495,0.0],[120.822435,23.825075,0.0],[120.822696,23.825169,0.0],[120.823139,23.825821,0.0],[120.82376,23.826008,0.0],[120.823991,23.826202,0.0],[120.824049,23.826723,0.0],[120.824306,23.827109,0.0],[120.824762,23.827108,0.0],[120.824884,23.827168,0.0],[120.825294,23.827703,0.0],[120.826618,23.828282,0.0],[120.826891,23.828482,0.0],[120.827587,23.829761,0.0],[120.828186,23.830194,0.0],[120.828452,23.831036,0.0],[120.828509,23.831035,0.0],[120.828796,23.831544,0.0],[120.829452,23.831834,0.0],[120.829767,23.831847,0.0],[120.830169,23.832063,0.0],[120.830566,23.832149,0.0],[120.831046,23.832715,0.0],[120.831351,23.832846,0.0],[120.831507,23.83272,0.0],[120.831667,23.831618,0.0],[120.83143,23.831374,0.0],[120.830893,23.831075,0.0],[120.830867,23.830741,0.0],[120.831054,23.830598,0.0],[120.831212,23.830329,0.0],[120.831223,23.829696,0.0],[120.831559,23.82928,0.0],[120.831648,23.82901,0.0],[120.831598,23.828694,0.0],[120.831818,23.828105,0.0],[120.831996,23.827067,0.0],[120.832089,23.826875,0.0],[120.832663,23.826735,0.0],[120.833299,23.827016,0.0],[120.833568,23.827006,0.0],[120.833752,23.826716,0.0],[120.833693,23.826148,0.0],[120.833849,23.826006,0.0],[120.834183,23.826113,0.0],[120.834353,23.826259,0.0],[120.834476,23.826576,0.0],[120.834631,23.826676,0.0],[120.835695,23.826616,0.0],[120.835897,23.826791,0.0],[120.836124,23.827303,0.0],[120.836375,23.827426,0.0],[120.836787,23.827452,0.0],[120.837578,23.827856,0.0],[120.837772,23.827863,0.0],[120.837926,23.827723,0.0],[120.838125,23.827313,0.0],[120.83834,23.826672,0.0],[120.838491,23.826555,0.0],[120.838521,23.826711,0.0],[120.838653,23.826637,0.0],[120.838683,23.826591,0.0],[120.838553,23.826537,0.0],[120.838677,23.826518,0.0],[120.839538,23.825435,0.0],[120.839779,23.824913,0.0],[120.840034,23.824813,0.0],[120.840401,23.824929,0.0],[120.840544,23.824871,0.0],[120.840742,23.824595,0.0],[120.841681,23.823864,0.0],[120.842106,23.82382,0.0],[120.84247,23.823592,0.0],[120.842699,23.823575,0.0],[120.842773,23.823455,0.0],[120.84388,23.824199,0.0],[120.844452,23.825001,0.0],[120.844522,23.82536,0.0],[120.844464,23.825957,0.0],[120.844353,23.826597,0.0],[120.844106,23.826783,0.0],[120.84409,23.826996,0.0],[120.843933,23.827318,0.0],[120.843664,23.827697,0.0],[120.843366,23.827914,0.0],[120.842985,23.828451,0.0],[120.842515,23.829167,0.0],[120.842373,23.829583,0.0],[120.841743,23.83011,0.0],[120.841706,23.830928,0.0],[120.841782,23.831619,0.0],[120.841676,23.832337,0.0],[120.841831,23.832865,0.0],[120.841795,23.833173,0.0],[120.841907,23.833499,0.0],[120.842923,23.83439,0.0],[120.843546,23.834296,0.0],[120.843523,23.834715,0.0],[120.843603,23.834799,0.0],[120.84331,23.835266,0.0],[120.843253,23.83549,0.0],[120.843327,23.835979,0.0],[120.843218,23.836755,0.0],[120.84374,23.837462,0.0],[120.84402,23.837562,0.0],[120.844102,23.837729,0.0],[120.844477,23.837741,0.0],[120.845272,23.838277,0.0],[120.845565,23.838706,0.0],[120.845762,23.839232,0.0],[120.846613,23.839532,0.0],[120.846845,23.839799,0.0],[120.847448,23.839522,0.0],[120.848118,23.839471,0.0],[120.848414,23.838917,0.0],[120.848932,23.838534,0.0],[120.850005,23.838415,0.0],[120.850802,23.83852,0.0],[120.851075,23.83824,0.0],[120.851268,23.837793,0.0],[120.851407,23.837163,0.0],[120.851277,23.836813,0.0],[120.851757,23.835938,0.0],[120.852308,23.83595,0.0],[120.852688,23.83588,0.0],[120.853323,23.835556,0.0],[120.854646,23.834702,0.0],[120.855947,23.83458,0.0],[120.856397,23.834399,0.0],[120.856968,23.834276,0.0],[120.857456,23.833991,0.0],[120.857686,23.833969,0.0],[120.857927,23.833986,0.0],[120.858295,23.834159,0.0],[120.858797,23.83517,0.0],[120.859624,23.835089,0.0],[120.860451,23.834908,0.0],[120.860768,23.834755,0.0],[120.861574,23.834737,0.0],[120.861697,23.834673,0.0],[120.861807,23.834381,0.0],[120.861963,23.834296,0.0],[120.862363,23.833594,0.0],[120.86342,23.832831,0.0],[120.86376,23.832461,0.0],[120.863932,23.832053,0.0],[120.864156,23.831872,0.0],[120.86488,23.832583,0.0],[120.864804,23.832908,0.0],[120.864432,23.833412,0.0],[120.864185,23.83354,0.0],[120.864283,23.833835,0.0],[120.864657,23.83425,0.0],[120.864581,23.834432,0.0],[120.864634,23.834629,0.0],[120.86483,23.834542,0.0],[120.865063,23.834804,0.0],[120.865209,23.834806,0.0],[120.865251,23.834591,0.0],[120.865365,23.83461,0.0],[120.865442,23.834858,0.0],[120.865424,23.835207,0.0],[120.865502,23.835271,0.0],[120.866096,23.835225,0.0],[120.866296,23.835279,0.0],[120.866293,23.835137,0.0],[120.866532,23.835021,0.0],[120.866437,23.834589,0.0],[120.866729,23.834378,0.0],[120.86731,23.834782,0.0],[120.86742,23.834725,0.0],[120.867815,23.834759,0.0],[120.867953,23.834687,0.0],[120.868562,23.836057,0.0],[120.868484,23.836219,0.0],[120.868269,23.836329,0.0],[120.868277,23.836486,0.0],[120.868368,23.83652,0.0],[120.867876,23.836999,0.0],[120.867269,23.837253,0.0],[120.866821,23.837246,0.0],[120.866872,23.837124,0.0],[120.866695,23.837019,0.0],[120.866438,23.837122,0.0],[120.865082,23.836543,0.0],[120.864345,23.836605,0.0],[120.86387,23.836725,0.0],[120.861684,23.837728,0.0],[120.861109,23.838367,0.0],[120.860947,23.838742,0.0],[120.860111,23.83947,0.0],[120.860372,23.839719,0.0],[120.860212,23.840138,0.0],[120.860453,23.840266,0.0],[120.860786,23.839838,0.0],[120.861106,23.839755,0.0],[120.861929,23.840821,0.0],[120.863162,23.841614,0.0],[120.863351,23.841811,0.0],[120.863517,23.842489,0.0],[120.863775,23.842887,0.0],[120.864184,23.843134,0.0],[120.8648,23.843273,0.0],[120.865857,23.844403,0.0],[120.866093,23.84482,0.0],[120.86618,23.84527,0.0],[120.865873,23.845071,0.0],[120.865536,23.84535,0.0],[120.865371,23.845831,0.0],[120.865459,23.845921,0.0],[120.865246,23.846344,0.0],[120.865635,23.846544,0.0],[120.865411,23.846969,0.0],[120.865302,23.84735,0.0],[120.865385,23.847384,0.0],[120.865335,23.847484,0.0],[120.864772,23.847736,0.0],[120.864638,23.847932,0.0],[120.864363,23.848026,0.0],[120.864084,23.848266,0.0],[120.863863,23.848927,0.0],[120.863837,23.84938,0.0],[120.864057,23.849779,0.0],[120.864353,23.850069,0.0],[120.865025,23.850356,0.0],[120.865736,23.850336,0.0],[120.866226,23.850057,0.0],[120.866487,23.85002,0.0],[120.866963,23.85044,0.0],[120.867136,23.850765,0.0],[120.867278,23.851628,0.0],[120.867083,23.85198,0.0],[120.867233,23.852306,0.0],[120.867754,23.852749,0.0],[120.868313,23.852724,0.0],[120.868888,23.852586,0.0],[120.868634,23.852727,0.0],[120.86862,23.852883,0.0],[120.868733,23.852875,0.0],[120.868807,23.853088,0.0],[120.868595,23.853642,0.0],[120.868377,23.853632,0.0],[120.868067,23.853456,0.0],[120.868044,23.853526,0.0],[120.867888,23.853558,0.0],[120.867971,23.85401,0.0],[120.867712,23.85411,0.0],[120.867516,23.854325,0.0],[120.867429,23.854866,0.0],[120.867776,23.854851,0.0],[120.867813,23.854352,0.0],[120.868027,23.854338,0.0],[120.868937,23.854838,0.0],[120.86866,23.856076,0.0],[120.868352,23.856567,0.0],[120.868655,23.856707,0.0],[120.868995,23.856381,0.0],[120.869552,23.856416,0.0],[120.869564,23.857547,0.0],[120.86964,23.857626,0.0],[120.869729,23.857399,0.0],[120.869828,23.857537,0.0],[120.869302,23.857996,0.0],[120.869233,23.85903,0.0],[120.869668,23.859727,0.0],[120.87107,23.861291,0.0],[120.871223,23.861681,0.0],[120.871342,23.862415,0.0],[120.871584,23.862579,0.0],[120.871321,23.863477,0.0],[120.871284,23.864087,0.0],[120.871308,23.865087,0.0],[120.87151,23.865601,0.0],[120.871613,23.86641,0.0],[120.871326,23.86651,0.0],[120.871352,23.866953,0.0],[120.871862,23.867946,0.0],[120.872846,23.868883,0.0],[120.872837,23.869542,0.0],[120.872737,23.870026,0.0],[120.872117,23.870154,0.0],[120.87207,23.869847,0.0],[120.872571,23.869803,0.0],[120.872498,23.8696,0.0],[120.871636,23.869683,0.0],[120.872024,23.869371,0.0],[120.872055,23.869416,0.0],[120.872349,23.869368,0.0],[120.872548,23.869494,0.0],[120.872641,23.869471,0.0],[120.87279,23.869261,0.0],[120.872698,23.869068,0.0],[120.872349,23.868724,0.0],[120.872423,23.868648,0.0],[120.872263,23.868497,0.0],[120.871149,23.869239,0.0],[120.871095,23.8694,0.0],[120.871416,23.869609,0.0],[120.871391,23.869864,0.0],[120.8713,23.869962,0.0],[120.871475,23.870393,0.0],[120.871576,23.870372,0.0],[120.871602,23.870717,0.0],[120.871339,23.870935,0.0],[120.87118,23.871194,0.0],[120.871102,23.871587,0.0],[120.871157,23.871845,0.0],[120.871297,23.871985,0.0],[120.871227,23.871961,0.0],[120.871108,23.872133,0.0],[120.871553,23.872993,0.0],[120.871737,23.873052,0.0],[120.872316,23.872806,0.0],[120.871839,23.873154,0.0],[120.872026,23.873351,0.0],[120.87209,23.873849,0.0],[120.872008,23.874086,0.0],[120.871683,23.874356,0.0],[120.871319,23.874928,0.0],[120.871035,23.875152,0.0],[120.871035,23.87528,0.0],[120.870319,23.876198,0.0],[120.868771,23.876455,0.0],[120.867907,23.877263,0.0],[120.868163,23.87889,0.0],[120.868314,23.878997,0.0],[120.868367,23.879184,0.0],[120.868569,23.879432,0.0],[120.868265,23.879309,0.0],[120.868106,23.879441,0.0],[120.867865,23.879443,0.0],[120.867888,23.879726,0.0],[120.867759,23.880158,0.0],[120.867161,23.880072,0.0],[120.866449,23.879869,0.0],[120.866322,23.88011,0.0],[120.865718,23.880646,0.0],[120.866035,23.881509,0.0],[120.86586,23.881609,0.0],[120.865532,23.881484,0.0],[120.865097,23.881497,0.0],[120.865097,23.881726,0.0],[120.865548,23.881705,0.0],[120.865732,23.881767,0.0],[120.865785,23.881946,0.0],[120.86564,23.882206,0.0],[120.865819,23.882224,0.0],[120.865785,23.882294,0.0],[120.865665,23.882294,0.0],[120.865736,23.883368,0.0],[120.865689,23.883636,0.0],[120.86537,23.883608,0.0],[120.86568,23.883684,0.0],[120.865661,23.883947,0.0],[120.86576,23.884203,0.0],[120.865304,23.884925,0.0],[120.864963,23.885737,0.0],[120.865033,23.885854,0.0],[120.865149,23.885824,0.0],[120.865121,23.885975,0.0],[120.864915,23.885977,0.0],[120.864855,23.887083,0.0],[120.865019,23.888135,0.0],[120.864849,23.888887,0.0],[120.864793,23.888896,0.0],[120.864779,23.889248,0.0],[120.86436,23.88923,0.0],[120.864233,23.889322,0.0],[120.863976,23.889682,0.0],[120.863981,23.889796,0.0],[120.863876,23.889816,0.0],[120.863864,23.890123,0.0],[120.863764,23.890134,0.0],[120.863776,23.890295,0.0],[120.863572,23.890558,0.0],[120.863558,23.890733,0.0],[120.862859,23.891181,0.0],[120.862997,23.891294,0.0],[120.862911,23.89143,0.0],[120.863133,23.891612,0.0],[120.862904,23.892584,0.0],[120.863281,23.89266,0.0],[120.862952,23.892911,0.0],[120.863103,23.893048,0.0],[120.863074,23.893241,0.0],[120.862882,23.893336,0.0],[120.86232,23.894181,0.0],[120.862455,23.894212,0.0],[120.86218,23.894335,0.0],[120.862022,23.89456,0.0],[120.862235,23.894734,0.0],[120.86228,23.895062,0.0],[120.862629,23.895155,0.0],[120.862661,23.895422,0.0],[120.862501,23.895423,0.0],[120.862524,23.895657,0.0],[120.862828,23.895862,0.0],[120.863092,23.895827,0.0],[120.863101,23.896109,0.0],[120.864169,23.896471,0.0],[120.86403,23.897373,0.0],[120.863642,23.89752,0.0],[120.8639,23.897887,0.0],[120.864546,23.898395,0.0],[120.86446,23.898477,0.0],[120.864349,23.898426,0.0],[120.864239,23.898527,0.0],[120.864268,23.898675,0.0],[120.864657,23.898826,0.0],[120.864773,23.898681,0.0],[120.864918,23.898926,0.0],[120.864169,23.899699,0.0],[120.864306,23.899757,0.0],[120.864449,23.899663,0.0],[120.864548,23.899699,0.0],[120.864671,23.900705,0.0],[120.864791,23.900672,0.0],[120.86485,23.900933,0.0],[120.864871,23.901469,0.0],[120.864241,23.901572,0.0],[120.864262,23.901945,0.0],[120.864519,23.902003,0.0],[120.864634,23.902129,0.0],[120.864581,23.902271,0.0],[120.864734,23.902436,0.0],[120.864651,23.902628,0.0],[120.86505,23.90283,0.0],[120.86503,23.904358,0.0],[120.864608,23.904668,0.0],[120.864943,23.905789,0.0],[120.864992,23.906357,0.0],[120.866227,23.906419,0.0],[120.866845,23.905509,0.0],[120.86718,23.905205,0.0],[120.868246,23.904627,0.0],[120.868425,23.904827,0.0],[120.86875,23.904523,0.0],[120.868432,23.903715,0.0],[120.868208,23.903775,0.0],[120.868011,23.90352,0.0],[120.868094,23.903104,0.0],[120.868452,23.902809,0.0],[120.868565,23.902529,0.0],[120.868932,23.902484,0.0],[120.869065,23.902145,0.0],[120.869251,23.901965,0.0],[120.870587,23.901984,0.0],[120.870493,23.901693,0.0],[120.869664,23.901411,0.0],[120.869372,23.901162,0.0],[120.86877,23.900968,0.0],[120.868756,23.900892,0.0],[120.869,23.900773,0.0],[120.869426,23.900373,0.0],[120.869792,23.900294,0.0],[120.869728,23.90012,0.0],[120.869564,23.900158,0.0],[120.869547,23.900083,0.0],[120.869953,23.899974,0.0],[120.870004,23.899815,0.0],[120.870465,23.899497,0.0],[120.8708,23.899646,0.0],[120.870844,23.899603,0.0],[120.870488,23.899465,0.0],[120.870221,23.899464,0.0],[120.869506,23.89996,0.0],[120.869218,23.899645,0.0],[120.869243,23.898899,0.0],[120.868883,23.898628,0.0],[120.868995,23.898439,0.0],[120.869216,23.898459,0.0],[120.869268,23.898348,0.0],[120.869394,23.89837,0.0],[120.869458,23.898151,0.0],[120.869267,23.898088,0.0],[120.869357,23.897948,0.0],[120.869071,23.897816,0.0],[120.868598,23.898298,0.0],[120.86853,23.898277,0.0],[120.869121,23.89752,0.0],[120.869601,23.897209,0.0],[120.869634,23.89692,0.0],[120.869184,23.896741,0.0],[120.869005,23.896074,0.0],[120.869102,23.895977,0.0],[120.869609,23.895803,0.0],[120.869851,23.895487,0.0],[120.869846,23.895123,0.0],[120.870031,23.894844,0.0],[120.870131,23.89435,0.0],[120.869626,23.89431,0.0],[120.869542,23.894068,0.0],[120.869666,23.893861,0.0],[120.870172,23.893517,0.0],[120.870175,23.892615,0.0],[120.870547,23.892372,0.0],[120.870703,23.892175,0.0],[120.870683,23.891887,0.0],[120.870406,23.891078,0.0],[120.871325,23.88929,0.0],[120.871362,23.888895,0.0],[120.871259,23.888129,0.0],[120.871429,23.887659,0.0],[120.871444,23.88721,0.0],[120.871823,23.886829,0.0],[120.872189,23.886606,0.0],[120.872676,23.886659,0.0],[120.872869,23.886596,0.0],[120.873166,23.886068,0.0],[120.873474,23.886217,0.0],[120.873738,23.886194,0.0],[120.873741,23.886264,0.0],[120.874562,23.886425,0.0],[120.87456,23.88649,0.0],[120.874982,23.886557,0.0],[120.875301,23.886494,0.0],[120.876114,23.886637,0.0],[120.876417,23.886897,0.0],[120.876877,23.887134,0.0],[120.87762,23.888,0.0],[120.877597,23.888548,0.0],[120.877936,23.888975,0.0],[120.878102,23.888936,0.0],[120.878223,23.889169,0.0],[120.878152,23.889456,0.0],[120.877914,23.889622,0.0],[120.878109,23.889628,0.0],[120.878374,23.889914,0.0],[120.878539,23.89027,0.0],[120.878732,23.890429,0.0],[120.878702,23.890805,0.0],[120.878916,23.891046,0.0],[120.879549,23.891241,0.0],[120.879643,23.891209,0.0],[120.879683,23.891299,0.0],[120.879942,23.891379,0.0],[120.879997,23.891289,0.0],[120.880367,23.891611,0.0],[120.880521,23.891637,0.0],[120.880718,23.891176,0.0],[120.880859,23.891149,0.0],[120.881463,23.891452,0.0],[120.881963,23.891605,0.0],[120.882583,23.89166,0.0],[120.882968,23.891564,0.0],[120.883095,23.891771,0.0],[120.883374,23.891608,0.0],[120.883679,23.891732,0.0],[120.883735,23.891625,0.0],[120.884035,23.891587,0.0],[120.884732,23.891241,0.0],[120.884689,23.891151,0.0],[120.885055,23.890926,0.0],[120.886127,23.890769,0.0],[120.885993,23.891381,0.0],[120.88573,23.891634,0.0],[120.885893,23.892046,0.0],[120.885887,23.892219,0.0],[120.885612,23.894081,0.0],[120.885496,23.894163,0.0],[120.88526,23.894653,0.0],[120.884888,23.89489,0.0],[120.885122,23.895887,0.0],[120.885011,23.896117,0.0],[120.88516,23.89661,0.0],[120.884701,23.897024,0.0],[120.884635,23.897369,0.0],[120.883475,23.895971,0.0],[120.882769,23.895479,0.0],[120.881944,23.895175,0.0],[120.88041,23.895298,0.0],[120.880345,23.89578,0.0],[120.880517,23.896506,0.0],[120.880342,23.898164,0.0],[120.881558,23.898626,0.0],[120.882698,23.898688,0.0],[120.882811,23.898729,0.0],[120.882781,23.89894,0.0],[120.882556,23.899425,0.0],[120.882475,23.89983,0.0],[120.882234,23.900097,0.0],[120.8813,23.900678,0.0],[120.881074,23.900897,0.0],[120.880701,23.901576,0.0],[120.880196,23.902148,0.0],[120.880071,23.902445,0.0],[120.880211,23.902696,0.0],[120.880243,23.903041,0.0],[120.880004,23.903329,0.0],[120.879774,23.904036,0.0],[120.880233,23.904199,0.0],[120.880329,23.904474,0.0],[120.880236,23.905072,0.0],[120.879989,23.905176,0.0],[120.879703,23.905571,0.0],[120.879289,23.905728,0.0],[120.878495,23.90566,0.0],[120.878347,23.905897,0.0],[120.878115,23.905923,0.0]],[[120.87095,23.865484,0.0],[120.870832,23.865403,0.0],[120.870768,23.865114,0.0],[120.870632,23.865043,0.0],[120.870344,23.864551,0.0],[120.869559,23.864392,0.0],[120.868944,23.865189,0.0],[120.869254,23.865361,0.0],[120.869531,23.86564,0.0],[120.869451,23.865717,0.0],[120.86995,23.866168,0.0],[120.870505,23.866356,0.0],[120.870606,23.866233,0.0],[120.870572,23.866131,0.0],[120.87071,23.8659,0.0],[120.870763,23.865558,0.0],[120.87095,23.865484,0.0]],[[120.869988,23.898716,0.0],[120.869886,23.898667,0.0],[120.869749,23.899037,0.0],[120.869866,23.899046,0.0],[120.869988,23.898716,0.0]],[[120.869105,23.864674,0.0],[120.869514,23.864368,0.0],[120.869888,23.864298,0.0],[120.869923,23.863931,0.0],[120.869545,23.863521,0.0],[120.8688,23.863649,0.0],[120.868608,23.864135,0.0],[120.868796,23.864413,0.0],[120.868926,23.864402,0.0],[120.869105,23.864674,0.0]],[[120.868499,23.863429,0.0],[120.869077,23.862757,0.0],[120.869065,23.861993,0.0],[120.868586,23.861641,0.0],[120.868135,23.861645,0.0],[120.868101,23.86342,0.0],[120.868499,23.863429,0.0]],[[120.866354,23.879689,0.0],[120.866283,23.879673,0.0],[120.866251,23.879802,0.0],[120.86633,23.87982,0.0],[120.866354,23.879689,0.0]],[[120.864208,23.878557,0.0],[120.864206,23.878293,0.0],[120.864357,23.878293,0.0],[120.864397,23.878428,0.0],[120.864681,23.878454,0.0],[120.865002,23.878361,0.0],[120.864845,23.878209,0.0],[120.864758,23.877907,0.0],[120.864445,23.877889,0.0],[120.864325,23.878052,0.0],[120.863822,23.878009,0.0],[120.863517,23.878169,0.0],[120.863477,23.878373,0.0],[120.863346,23.878481,0.0],[120.863412,23.878525,0.0],[120.863382,23.87863,0.0],[120.863472,23.878656,0.0],[120.863459,23.878863,0.0],[120.86386,23.878921,0.0],[120.864033,23.878719,0.0],[120.864313,23.878615,0.0],[120.864208,23.878557,0.0]],[[120.864187,23.846362,0.0],[120.864171,23.846476,0.0],[120.864812,23.846359,0.0],[120.864976,23.845893,0.0],[120.864863,23.845724,0.0],[120.864654,23.845665,0.0],[120.864476,23.84614,0.0],[120.864284,23.846302,0.0],[120.864323,23.846374,0.0],[120.864187,23.846362,0.0]],[[120.864638,23.878716,0.0],[120.864589,23.87859,0.0],[120.864524,23.878606,0.0],[120.86458,23.878721,0.0],[120.864638,23.878716,0.0]],[[120.863339,23.865669,0.0],[120.863261,23.86565,0.0],[120.863263,23.865795,0.0],[120.863365,23.86579,0.0],[120.863339,23.865669,0.0]],[[120.863193,23.865363,0.0],[120.86294,23.865412,0.0],[120.862793,23.865366,0.0],[120.862686,23.865682,0.0],[120.862988,23.865751,0.0],[120.863193,23.865363,0.0]],[[120.862566,23.865432,0.0],[120.862375,23.865358,0.0],[120.862305,23.865541,0.0],[120.862456,23.865591,0.0],[120.862566,23.865432,0.0]],[[120.861502,23.850498,0.0],[120.861022,23.850049,0.0],[120.860347,23.850458,0.0],[120.860227,23.851317,0.0],[120.86075,23.851335,0.0],[120.860796,23.850701,0.0],[120.861105,23.850765,0.0],[120.861502,23.850498,0.0]],[[120.860324,23.855832,0.0],[120.860154,23.855829,0.0],[120.860185,23.855962,0.0],[120.860041,23.856048,0.0],[120.860111,23.856345,0.0],[120.860604,23.856244,0.0],[120.860626,23.856055,0.0],[120.860536,23.855876,0.0],[120.860371,23.855902,0.0],[120.860324,23.855832,0.0]],[[120.859927,23.842816,0.0],[120.859699,23.842564,0.0],[120.858956,23.843193,0.0],[120.85874,23.843298,0.0],[120.85868,23.843824,0.0],[120.85915,23.84464,0.0],[120.859475,23.844683,0.0],[120.859422,23.844044,0.0],[120.859927,23.842816,0.0]],[[120.857999,23.839849,0.0],[120.858069,23.839969,0.0],[120.85797,23.840003,0.0],[120.859109,23.840426,0.0],[120.859213,23.839809,0.0],[120.858692,23.839711,0.0],[120.858581,23.839351,0.0],[120.858439,23.839405,0.0],[120.858441,23.839505,0.0],[120.858282,23.839524,0.0],[120.857999,23.839849,0.0]],[[120.8416,23.837595,0.0],[120.841175,23.837519,0.0],[120.841004,23.838328,0.0],[120.841146,23.838488,0.0],[120.841817,23.838691,0.0],[120.841961,23.838869,0.0],[120.842595,23.838753,0.0],[120.842761,23.837567,0.0],[120.8416,23.837595,0.0]],[[120.824994,23.832367,0.0],[120.825349,23.832498,0.0],[120.825678,23.832411,0.0],[120.825739,23.832059,0.0],[120.825334,23.83176,0.0],[120.824253,23.83145,0.0],[120.823949,23.831647,0.0],[120.823845,23.832061,0.0],[120.824622,23.832386,0.0],[120.824994,23.832367,0.0]],[[120.821008,23.83038,0.0],[120.820823,23.830606,0.0],[120.820678,23.830566,0.0],[120.820571,23.830617,0.0],[120.820181,23.830451,0.0],[120.820129,23.830628,0.0],[120.820483,23.830791,0.0],[120.82052,23.830747,0.0],[120.820737,23.830901,0.0],[120.820724,23.831001,0.0],[120.821059,23.831164,0.0],[120.821212,23.831111,0.0],[120.821451,23.830964,0.0],[120.821495,23.831001,0.0],[120.821744,23.830753,0.0],[120.821578,23.830527,0.0],[120.821491,23.830641,0.0],[120.821272,23.830515,0.0],[120.821204,23.830589,0.0],[120.821008,23.83038,0.0]],[[120.819772,23.827174,0.0],[120.819648,23.827075,0.0],[120.819543,23.827066,0.0],[120.819542,23.827284,0.0],[120.819772,23.827174,0.0]],[[120.818977,23.827637,0.0],[120.819065,23.827446,0.0],[120.81947,23.827143,0.0],[120.819213,23.826696,0.0],[120.818823,23.826639,0.0],[120.818642,23.826846,0.0],[120.818604,23.827068,0.0],[120.818514,23.827065,0.0],[120.818457,23.827155,0.0],[120.818603,23.827413,0.0],[120.818977,23.827637,0.0]],[[120.81498,23.82672,0.0],[120.814953,23.826881,0.0],[120.815132,23.826869,0.0],[120.815152,23.826746,0.0],[120.81498,23.82672,0.0]]],[[[120.949122,23.4672,0.0],[120.950795,23.467668,0.0],[120.949376,23.467383,0.0],[120.949077,23.467421,0.0],[120.948244,23.467187,0.0],[120.948705,23.467144,0.0],[120.949122,23.4672,0.0]]],[[[120.947003,23.467382,0.0],[120.946449,23.467556,0.0],[120.946273,23.467489,0.0],[120.946636,23.467425,0.0],[120.947003,23.467382,0.0]]],[[[120.944576,23.468381,0.0],[120.94356,23.468855,0.0],[120.943124,23.469169,0.0],[120.942714,23.469207,0.0],[120.944542,23.468312,0.0],[120.945064,23.467978,0.0],[120.944992,23.468105,0.0],[120.944576,23.468381,0.0]]],[[[120.95573,23.471839,0.0],[120.955763,23.471249,0.0],[120.956107,23.470768,0.0],[120.956903,23.470339,0.0],[120.956595,23.470149,0.0],[120.956115,23.470142,0.0],[120.955908,23.469982,0.0],[120.954252,23.469506,0.0],[120.953377,23.468926,0.0],[120.952963,23.46845,0.0],[120.951885,23.467909,0.0],[120.952356,23.468012,0.0],[120.953321,23.468412,0.0],[120.954665,23.46941,0.0],[120.955102,23.469652,0.0],[120.955913,23.469972,0.0],[120.956535,23.470076,0.0],[120.957066,23.470284,0.0],[120.956559,23.470614,0.0],[120.955849,23.4716,0.0],[120.955797,23.471914,0.0],[120.95573,23.471839,0.0]]],[[[120.939782,23.472039,0.0],[120.940754,23.471193,0.0],[120.94166,23.469981,0.0],[120.942021,23.469664,0.0],[120.940313,23.471781,0.0],[120.939782,23.472039,0.0]]],[[[120.932492,23.470997,0.0],[120.932203,23.47105,0.0],[120.931996,23.470887,0.0],[120.932277,23.47091,0.0],[120.932492,23.470997,0.0]]],[[[120.932912,23.471292,0.0],[120.932639,23.471057,0.0],[120.933238,23.471434,0.0],[120.932912,23.471292,0.0]]],[[[120.930961,23.471075,0.0],[120.930597,23.471315,0.0],[120.929613,23.471526,0.0],[120.930287,23.471259,0.0],[120.930961,23.471075,0.0]]],[[[120.93696,23.472928,0.0],[120.937996,23.472793,0.0],[120.938936,23.472502,0.0],[120.93964,23.472134,0.0],[120.938957,23.472696,0.0],[120.938742,23.473048,0.0],[120.93848,23.472994,0.0],[120.935448,23.473023,0.0],[120.934949,23.472881,0.0],[120.934455,23.472572,0.0],[120.933367,23.471513,0.0],[120.934532,23.47224,0.0],[120.934868,23.472699,0.0],[120.935961,23.472921,0.0],[120.93696,23.472928,0.0]]],[[[120.928342,23.472293,0.0],[120.928272,23.472438,0.0],[120.927992,23.472532,0.0],[120.92831,23.472312,0.0],[120.928342,23.472293,0.0]]],[[[120.927876,23.472599,0.0],[120.927592,23.472915,0.0],[120.926974,23.472968,0.0],[120.927576,23.472772,0.0],[120.927876,23.472599,0.0]]],[[[120.920477,23.47498,0.0],[120.922198,23.474984,0.0],[120.922052,23.475083,0.0],[120.921852,23.47509,0.0],[120.920599,23.47506,0.0],[120.920477,23.47498,0.0]]],[[[120.885318,23.475335,0.0],[120.884861,23.475114,0.0],[120.884583,23.47482,0.0],[120.884913,23.475112,0.0],[120.885318,23.475335,0.0]]],[[[120.918182,23.475172,0.0],[120.917685,23.47559,0.0],[120.916784,23.475165,0.0],[120.917542,23.475224,0.0],[120.918182,23.475172,0.0]]],[[[120.885732,23.475514,0.0],[120.885526,23.475434,0.0],[120.88546,23.475401,0.0],[120.885732,23.475514,0.0]]],[[[120.889866,23.475726,0.0],[120.888697,23.475808,0.0],[120.889531,23.475719,0.0],[120.890991,23.475738,0.0],[120.890348,23.475933,0.0],[120.889866,23.475726,0.0]]],[[[120.898605,23.475958,0.0],[120.898328,23.476048,0.0],[120.89784,23.47601,0.0],[120.898858,23.475682,0.0],[120.898605,23.475958,0.0]]],[[[120.888064,23.475869,0.0],[120.88748,23.476179,0.0],[120.886058,23.475623,0.0],[120.887226,23.475848,0.0],[120.888064,23.475869,0.0]]],[[[120.896237,23.475964,0.0],[120.895189,23.476283,0.0],[120.894736,23.475923,0.0],[120.894204,23.475756,0.0],[120.897498,23.476055,0.0],[120.897301,23.476119,0.0],[120.896454,23.476057,0.0],[120.896237,23.475964,0.0]]],[[[120.904479,23.476238,0.0],[120.901756,23.476254,0.0],[120.90033,23.475909,0.0],[120.90134,23.476038,0.0],[120.904479,23.476238,0.0]]],[[[120.912428,23.476641,0.0],[120.913839,23.475703,0.0],[120.912752,23.476838,0.0],[120.912608,23.477133,0.0],[120.912411,23.477245,0.0],[120.911719,23.477175,0.0],[120.911432,23.477327,0.0],[120.911026,23.477163,0.0],[120.910345,23.477152,0.0],[120.909329,23.476756,0.0],[120.908759,23.476282,0.0],[120.910157,23.476411,0.0],[120.911049,23.476726,0.0],[120.911636,23.477119,0.0],[120.911831,23.476719,0.0],[120.912428,23.476641,0.0]]],[[[120.958868,23.478762,0.0],[120.958765,23.478593,0.0],[120.958657,23.478075,0.0],[120.958303,23.477818,0.0],[120.958053,23.477448,0.0],[120.95777,23.477352,0.0],[120.957664,23.47702,0.0],[120.95761,23.476392,0.0],[120.957034,23.475856,0.0],[120.956773,23.47534,0.0],[120.956312,23.473868,0.0],[120.95699,23.47533,0.0],[120.957598,23.476231,0.0],[120.958456,23.477308,0.0],[120.959018,23.47855,0.0],[120.959392,23.481141,0.0],[120.959922,23.482927,0.0],[120.959998,23.483476,0.0],[120.959486,23.486521,0.0],[120.959698,23.487126,0.0],[120.96064,23.487343,0.0],[120.959265,23.487274,0.0],[120.959107,23.486591,0.0],[120.959269,23.484727,0.0],[120.959705,23.483673,0.0],[120.959425,23.482236,0.0],[120.959002,23.481672,0.0],[120.959154,23.481256,0.0],[120.958982,23.48083,0.0],[120.958865,23.479878,0.0],[120.958974,23.479491,0.0],[120.958868,23.478762,0.0]]],[[[120.962941,23.487267,0.0],[120.962001,23.487368,0.0],[120.960852,23.487347,0.0],[120.961522,23.487282,0.0],[120.962941,23.487267,0.0]]],[[[120.966754,23.488008,0.0],[120.966463,23.488109,0.0],[120.965839,23.488152,0.0],[120.964869,23.48785,0.0],[120.964186,23.487422,0.0],[120.965175,23.487597,0.0],[120.966754,23.488008,0.0]]],[[[120.968439,23.488654,0.0],[120.968962,23.488763,0.0],[120.971338,23.488786,0.0],[120.973236,23.489124,0.0],[120.971664,23.48894,0.0],[120.971036,23.489009,0.0],[120.970466,23.48894,0.0],[120.969972,23.488996,0.0],[120.968346,23.488825,0.0],[120.96792,23.488631,0.0],[120.967662,23.488339,0.0],[120.968439,23.488654,0.0]]],[[[120.975416,23.489936,0.0],[120.974232,23.489547,0.0],[120.974139,23.489406,0.0],[120.975896,23.489954,0.0],[120.975416,23.489936,0.0]]],[[[120.979508,23.489876,0.0],[120.979208,23.490034,0.0],[120.97809,23.489917,0.0],[120.978835,23.4899,0.0],[120.979508,23.489876,0.0]]],[[[120.978034,23.489918,0.0],[120.977535,23.490014,0.0],[120.977143,23.489999,0.0],[120.977512,23.489956,0.0],[120.978034,23.489918,0.0]]],[[[120.903512,23.837617,0.0],[120.903881,23.83813,0.0],[120.903687,23.838284,0.0],[120.903319,23.838372,0.0],[120.903342,23.838507,0.0],[120.903255,23.838568,0.0],[120.903084,23.838445,0.0],[120.903245,23.838341,0.0],[120.903048,23.83791,0.0],[120.903512,23.837617,0.0]]],[[[120.911203,23.863784,0.0],[120.910866,23.863714,0.0],[120.910995,23.864039,0.0],[120.910702,23.864737,0.0],[120.910823,23.864871,0.0],[120.910571,23.864982,0.0],[120.909997,23.865024,0.0],[120.910027,23.86456,0.0],[120.909796,23.864461,0.0],[120.909336,23.864827,0.0],[120.908137,23.865048,0.0],[120.907639,23.864795,0.0],[120.907515,23.864617,0.0],[120.907529,23.864409,0.0],[120.907377,23.864331,0.0],[120.907129,23.864485,0.0],[120.90677,23.864511,0.0],[120.90629,23.86433,0.0],[120.906189,23.864174,0.0],[120.906138,23.863944,0.0],[120.906246,23.863578,0.0],[120.90621,23.863247,0.0],[120.90634,23.86209,0.0],[120.906759,23.861841,0.0],[120.907072,23.861754,0.0],[120.90731,23.8615,0.0],[120.907435,23.861503,0.0],[120.907546,23.86164,0.0],[120.907554,23.861782,0.0],[120.907747,23.861965,0.0],[120.908208,23.862069,0.0],[120.908279,23.862195,0.0],[120.909399,23.862576,0.0],[120.909607,23.862713,0.0],[120.90975,23.862666,0.0],[120.909976,23.862714,0.0],[120.910347,23.862951,0.0],[120.910736,23.86343,0.0],[120.911145,23.863617,0.0],[120.911272,23.863817,0.0],[120.911235,23.864045,0.0],[120.9113,23.864285,0.0],[120.911158,23.86416,0.0],[120.911203,23.863784,0.0]],[[120.909196,23.864162,0.0],[120.909293,23.864182,0.0],[120.909996,23.863866,0.0],[120.910832,23.863626,0.0],[120.910567,23.86337,0.0],[120.910328,23.863485,0.0],[120.910343,23.863295,0.0],[120.909888,23.863377,0.0],[120.910048,23.86343,0.0],[120.910086,23.863598,0.0],[120.909661,23.863883,0.0],[120.909211,23.864055,0.0],[120.909196,23.864162,0.0]],[[120.908538,23.863423,0.0],[120.908752,23.863758,0.0],[120.909365,23.86382,0.0],[120.909676,23.863445,0.0],[120.908803,23.863132,0.0],[120.908644,23.863134,0.0],[120.908538,23.863423,0.0]],[[120.906618,23.862664,0.0],[120.906744,23.862668,0.0],[120.906753,23.862065,0.0],[120.906678,23.862048,0.0],[120.906652,23.862302,0.0],[120.906618,23.862664,0.0]]],[[[120.907749,23.865631,0.0],[120.90799,23.865549,0.0],[120.90799,23.865646,0.0],[120.908498,23.865808,0.0],[120.908954,23.865844,0.0],[120.910321,23.866195,0.0],[120.910839,23.866179,0.0],[120.910584,23.866439,0.0],[120.910468,23.866894,0.0],[120.909117,23.867489,0.0],[120.908488,23.867546,0.0],[120.908395,23.867687,0.0],[120.908155,23.867425,0.0],[120.907823,23.867296,0.0],[120.907697,23.867112,0.0],[120.907789,23.866875,0.0],[120.907712,23.866588,0.0],[120.907895,23.866384,0.0],[120.907465,23.865848,0.0],[120.907581,23.865829,0.0],[120.907749,23.865631,0.0]]],[[[120.90995,23.892643,0.0],[120.910371,23.893055,0.0],[120.910194,23.892985,0.0],[120.909782,23.892543,0.0],[120.90995,23.892643,0.0]]],[[[120.910698,23.893544,0.0],[120.910834,23.893893,0.0],[120.910642,23.893646,0.0],[120.910473,23.893157,0.0],[120.910698,23.893544,0.0]]],[[[120.900025,23.923578,0.0],[120.899799,23.924176,0.0],[120.89982,23.924489,0.0],[120.899713,23.924768,0.0],[120.899771,23.924884,0.0],[120.899692,23.926166,0.0],[120.899698,23.92655,0.0],[120.900157,23.928045,0.0],[120.90018,23.928271,0.0],[120.900071,23.928209,0.0],[120.899951,23.928265,0.0],[120.899661,23.928209,0.0],[120.898333,23.928366,0.0],[120.896867,23.928979,0.0],[120.896524,23.929166,0.0],[120.896281,23.929442,0.0],[120.896262,23.929787,0.0],[120.896375,23.93016,0.0],[120.895818,23.929652,0.0],[120.89574,23.929427,0.0],[120.895906,23.9294,0.0],[120.895873,23.929255,0.0],[120.895982,23.929198,0.0],[120.895705,23.929134,0.0],[120.895532,23.928867,0.0],[120.895383,23.928812,0.0],[120.895056,23.928994,0.0],[120.895014,23.928849,0.0],[120.894645,23.928859,0.0],[120.894449,23.928703,0.0],[120.893792,23.928433,0.0],[120.893902,23.927813,0.0],[120.893672,23.927492,0.0],[120.893492,23.927478,0.0],[120.893297,23.927316,0.0],[120.893271,23.927139,0.0],[120.893086,23.92698,0.0],[120.89313,23.926837,0.0],[120.893037,23.926718,0.0],[120.893043,23.926352,0.0],[120.893266,23.926136,0.0],[120.893184,23.925823,0.0],[120.893614,23.925714,0.0],[120.893314,23.925381,0.0],[120.893832,23.924943,0.0],[120.893944,23.925218,0.0],[120.894524,23.925041,0.0],[120.894464,23.924524,0.0],[120.894884,23.924054,0.0],[120.894939,23.923717,0.0],[120.895326,23.923435,0.0],[120.895552,23.923061,0.0],[120.895218,23.922119,0.0],[120.894864,23.921955,0.0],[120.894917,23.921651,0.0],[120.895061,23.921426,0.0],[120.894815,23.921124,0.0],[120.89554,23.919759,0.0],[120.895815,23.919459,0.0],[120.895803,23.919081,0.0],[120.896047,23.918786,0.0],[120.896566,23.918539,0.0],[120.896787,23.918091,0.0],[120.896767,23.917417,0.0],[120.897164,23.91715,0.0],[120.897343,23.916905,0.0],[120.897304,23.916751,0.0],[120.897491,23.916778,0.0],[120.897535,23.916862,0.0],[120.897663,23.916768,0.0],[120.897988,23.916736,0.0],[120.898488,23.916883,0.0],[120.89852,23.916797,0.0],[120.89831,23.916704,0.0],[120.898238,23.916518,0.0],[120.897002,23.916072,0.0],[120.896595,23.915993,0.0],[120.896581,23.916258,0.0],[120.896266,23.915735,0.0],[120.896612,23.915551,0.0],[120.896862,23.915246,0.0],[120.896834,23.914814,0.0],[120.896781,23.914744,0.0],[120.896638,23.91477,0.0],[120.896299,23.914032,0.0],[120.896406,23.913871,0.0],[120.896654,23.914227,0.0],[120.896961,23.914431,0.0],[120.897596,23.914559,0.0],[120.898019,23.914476,0.0],[120.898043,23.914644,0.0],[120.898328,23.914558,0.0],[120.897585,23.912615,0.0],[120.897801,23.912556,0.0],[120.897858,23.912464,0.0],[120.897499,23.911886,0.0],[120.897518,23.911432,0.0],[120.897744,23.910764,0.0],[120.897523,23.910723,0.0],[120.897422,23.910794,0.0],[120.89717,23.910725,0.0],[120.89691,23.910904,0.0],[120.896773,23.910912,0.0],[120.896686,23.910875,0.0],[120.896733,23.910768,0.0],[120.896601,23.91061,0.0],[120.896325,23.910471,0.0],[120.89636,23.910261,0.0],[120.89753,23.90976,0.0],[120.897521,23.909647,0.0],[120.897724,23.909346,0.0],[120.897566,23.909391,0.0],[120.897553,23.908667,0.0],[120.896965,23.908456,0.0],[120.895555,23.908354,0.0],[120.893929,23.907177,0.0],[120.894113,23.906957,0.0],[120.894127,23.906314,0.0],[120.893929,23.906125,0.0],[120.89312,23.905758,0.0],[120.893022,23.905553,0.0],[120.893212,23.904952,0.0],[120.893178,23.904747,0.0],[120.893106,23.90458,0.0],[120.892937,23.904448,0.0],[120.89296,23.904372,0.0],[120.892764,23.904237,0.0],[120.892998,23.903998,0.0],[120.892983,23.903898,0.0],[120.892812,23.903724,0.0],[120.892698,23.903802,0.0],[120.892613,23.903649,0.0],[120.892696,23.903619,0.0],[120.892586,23.903252,0.0],[120.892382,23.903167,0.0],[120.892227,23.902945,0.0],[120.8919,23.902824,0.0],[120.892164,23.902718,0.0],[120.891978,23.902594,0.0],[120.892246,23.902642,0.0],[120.892156,23.902488,0.0],[120.891965,23.902445,0.0],[120.891958,23.90234,0.0],[120.892304,23.90182,0.0],[120.892263,23.90178,0.0],[120.892593,23.901538,0.0],[120.893049,23.901721,0.0],[120.893206,23.901648,0.0],[120.893287,23.901515,0.0],[120.893432,23.901558,0.0],[120.894124,23.901401,0.0],[120.893804,23.900984,0.0],[120.893919,23.900721,0.0],[120.893309,23.900863,0.0],[120.893173,23.900739,0.0],[120.892324,23.900685,0.0],[120.8923,23.900434,0.0],[120.89221,23.900405,0.0],[120.89225,23.90021,0.0],[120.892101,23.900185,0.0],[120.892088,23.899922,0.0],[120.891991,23.899918,0.0],[120.891951,23.899155,0.0],[120.891823,23.899135,0.0],[120.891716,23.898986,0.0],[120.8917,23.898492,0.0],[120.891602,23.89833,0.0],[120.890501,23.897935,0.0],[120.889754,23.897457,0.0],[120.889814,23.896709,0.0],[120.889686,23.896188,0.0],[120.889782,23.895262,0.0],[120.889708,23.895063,0.0],[120.889784,23.894839,0.0],[120.889649,23.894709,0.0],[120.889767,23.894607,0.0],[120.889809,23.894436,0.0],[120.889471,23.894422,0.0],[120.889463,23.894616,0.0],[120.889301,23.89427,0.0],[120.889406,23.894098,0.0],[120.889482,23.894112,0.0],[120.889634,23.893823,0.0],[120.889947,23.893721,0.0],[120.889719,23.894334,0.0],[120.89064,23.894467,0.0],[120.89072,23.894195,0.0],[120.89067,23.893813,0.0],[120.890721,23.893162,0.0],[120.89062,23.89284,0.0],[120.890335,23.892546,0.0],[120.890377,23.892232,0.0],[120.890503,23.892008,0.0],[120.890474,23.891744,0.0],[120.890376,23.891741,0.0],[120.890592,23.89162,0.0],[120.890502,23.891397,0.0],[120.890241,23.891266,0.0],[120.889595,23.890487,0.0],[120.889812,23.890187,0.0],[120.890493,23.889837,0.0],[120.890708,23.889512,0.0],[120.89106,23.889233,0.0],[120.891417,23.888154,0.0],[120.891305,23.887679,0.0],[120.891371,23.887047,0.0],[120.891002,23.886889,0.0],[120.891121,23.885474,0.0],[120.891031,23.885103,0.0],[120.891076,23.884821,0.0],[120.89184,23.885401,0.0],[120.892045,23.88574,0.0],[120.892515,23.885953,0.0],[120.892809,23.886339,0.0],[120.892635,23.88701,0.0],[120.892557,23.887829,0.0],[120.893507,23.889866,0.0],[120.894199,23.89066,0.0],[120.894748,23.891063,0.0],[120.894963,23.891139,0.0],[120.895269,23.891532,0.0],[120.895735,23.891879,0.0],[120.895931,23.891937,0.0],[120.895921,23.89319,0.0],[120.895783,23.893642,0.0],[120.896177,23.893689,0.0],[120.89638,23.893936,0.0],[120.89636,23.894319,0.0],[120.896968,23.895207,0.0],[120.896788,23.895228,0.0],[120.896564,23.895488,0.0],[120.896714,23.896105,0.0],[120.896829,23.896282,0.0],[120.897434,23.896713,0.0],[120.897646,23.896969,0.0],[120.897833,23.897648,0.0],[120.898032,23.897893,0.0],[120.898383,23.898113,0.0],[120.898414,23.898474,0.0],[120.898622,23.898723,0.0],[120.89874,23.899072,0.0],[120.898871,23.898993,0.0],[120.899067,23.899277,0.0],[120.899032,23.899509,0.0],[120.899103,23.899662,0.0],[120.898984,23.89969,0.0],[120.899118,23.900069,0.0],[120.899345,23.900373,0.0],[120.899467,23.900729,0.0],[120.899456,23.901045,0.0],[120.899846,23.901454,0.0],[120.90025,23.901323,0.0],[120.900879,23.901514,0.0],[120.901752,23.901576,0.0],[120.902217,23.901367,0.0],[120.902643,23.902059,0.0],[120.902683,23.902405,0.0],[120.903298,23.903453,0.0],[120.903516,23.903611,0.0],[120.904232,23.905085,0.0],[120.904688,23.905641,0.0],[120.905219,23.905976,0.0],[120.905178,23.906111,0.0],[120.904961,23.906174,0.0],[120.904682,23.906615,0.0],[120.904382,23.906897,0.0],[120.904428,23.907636,0.0],[120.90474,23.90809,0.0],[120.905694,23.907887,0.0],[120.906088,23.908807,0.0],[120.905806,23.908861,0.0],[120.905133,23.909297,0.0],[120.904196,23.90959,0.0],[120.904104,23.910018,0.0],[120.903885,23.910323,0.0],[120.902626,23.911004,0.0],[120.902376,23.911302,0.0],[120.902376,23.911686,0.0],[120.90257,23.912453,0.0],[120.902413,23.913742,0.0],[120.902433,23.914186,0.0],[120.902621,23.914881,0.0],[120.902688,23.914906,0.0],[120.901471,23.916094,0.0],[120.901291,23.916816,0.0],[120.901307,23.917194,0.0],[120.900897,23.91869,0.0],[120.900997,23.919046,0.0],[120.901168,23.920992,0.0],[120.901087,23.921576,0.0],[120.900736,23.922218,0.0],[120.90015,23.922753,0.0],[120.899988,23.922998,0.0],[120.89995,23.922917,0.0],[120.900025,23.923578,0.0]],[[120.897134,23.899235,0.0],[120.89667,23.899306,0.0],[120.8967,23.899373,0.0],[120.896615,23.8994,0.0],[120.896723,23.8997,0.0],[120.897142,23.900009,0.0],[120.89721,23.900192,0.0],[120.897588,23.900536,0.0],[120.897594,23.900373,0.0],[120.897754,23.900319,0.0],[120.897711,23.899986,0.0],[120.897718,23.899681,0.0],[120.897589,23.899414,0.0],[120.897477,23.899438,0.0],[120.897134,23.899235,0.0]],[[120.897799,23.899845,0.0],[120.897711,23.899986,0.0],[120.897835,23.900052,0.0],[120.89792,23.899885,0.0],[120.897799,23.899845,0.0]],[[120.897918,23.904204,0.0],[120.89773,23.904132,0.0],[120.897692,23.904186,0.0],[120.897837,23.904381,0.0],[120.897918,23.904204,0.0]],[[120.896493,23.927944,0.0],[120.897236,23.928253,0.0],[120.89762,23.928097,0.0],[120.897902,23.92789,0.0],[120.897769,23.927672,0.0],[120.896939,23.92786,0.0],[120.896546,23.927783,0.0],[120.896362,23.92761,0.0],[120.896127,23.927533,0.0],[120.895987,23.927293,0.0],[120.895761,23.927245,0.0],[120.896069,23.927605,0.0],[120.896493,23.927944,0.0]],[[120.896441,23.927512,0.0],[120.89669,23.927584,0.0],[120.896697,23.927709,0.0],[120.897447,23.927536,0.0],[120.897369,23.927296,0.0],[120.897101,23.927412,0.0],[120.896485,23.927392,0.0],[120.896441,23.927512,0.0]],[[120.897234,23.907797,0.0],[120.897071,23.907551,0.0],[120.896967,23.907608,0.0],[120.897111,23.907907,0.0],[120.897234,23.907797,0.0]],[[120.89709,23.919051,0.0],[120.897171,23.919003,0.0],[120.897095,23.918759,0.0],[120.896989,23.918723,0.0],[120.896929,23.918762,0.0],[120.89709,23.919051,0.0]],[[120.896673,23.903673,0.0],[120.896746,23.903972,0.0],[120.896968,23.903996,0.0],[120.896955,23.903851,0.0],[120.897132,23.903688,0.0],[120.89715,23.903583,0.0],[120.89702,23.903385,0.0],[120.89676,23.903441,0.0],[120.896673,23.903673,0.0]],[[120.897008,23.919162,0.0],[120.896962,23.918978,0.0],[120.896627,23.919006,0.0],[120.896639,23.919123,0.0],[120.897008,23.919162,0.0]],[[120.896632,23.918891,0.0],[120.8967,23.918954,0.0],[120.896971,23.918865,0.0],[120.896719,23.918641,0.0],[120.896632,23.918891,0.0]],[[120.89649,23.901237,0.0],[120.89636,23.901125,0.0],[120.896182,23.901381,0.0],[120.896298,23.901421,0.0],[120.89649,23.901237,0.0]],[[120.894759,23.904556,0.0],[120.894743,23.904414,0.0],[120.894537,23.904416,0.0],[120.894246,23.90406,0.0],[120.893514,23.904568,0.0],[120.893295,23.905004,0.0],[120.893388,23.905281,0.0],[120.8937,23.904997,0.0],[120.89389,23.904967,0.0],[120.894492,23.905136,0.0],[120.895345,23.90571,0.0],[120.895804,23.905687,0.0],[120.89569,23.905485,0.0],[120.895737,23.905427,0.0],[120.895436,23.905092,0.0],[120.895457,23.904785,0.0],[120.89527,23.904834,0.0],[120.895115,23.904781,0.0],[120.89498,23.904578,0.0],[120.89487,23.904613,0.0],[120.894759,23.904556,0.0]],[[120.895269,23.900156,0.0],[120.895374,23.900291,0.0],[120.895427,23.90029,0.0],[120.895342,23.90012,0.0],[120.895269,23.900156,0.0]],[[120.89506,23.901717,0.0],[120.894968,23.901615,0.0],[120.894871,23.901753,0.0],[120.894769,23.901774,0.0],[120.894644,23.901704,0.0],[120.894481,23.901788,0.0],[120.893897,23.901677,0.0],[120.893559,23.902206,0.0],[120.893383,23.902357,0.0],[120.893434,23.902605,0.0],[120.894596,23.902854,0.0],[120.894613,23.90246,0.0],[120.89498,23.901996,0.0],[120.89506,23.901717,0.0]],[[120.893041,23.899579,0.0],[120.892916,23.899763,0.0],[120.893048,23.899836,0.0],[120.893154,23.899666,0.0],[120.893041,23.899579,0.0]],[[120.891706,23.89765,0.0],[120.891541,23.897604,0.0],[120.891487,23.897727,0.0],[120.891585,23.897871,0.0],[120.891706,23.89765,0.0]],[[120.890034,23.895217,0.0],[120.889876,23.894966,0.0],[120.889758,23.895036,0.0],[120.889881,23.895258,0.0],[120.890034,23.895217,0.0]]],[[[121.000801,23.489191,0.0],[120.999808,23.48895,0.0],[120.999327,23.48891,0.0],[120.998369,23.48905,0.0],[120.999534,23.488843,0.0],[121.001447,23.48906,0.0],[121.001267,23.489155,0.0],[121.000801,23.489191,0.0]]],[[[121.003383,23.489482,0.0],[121.002935,23.489572,0.0],[121.002681,23.489549,0.0],[121.002339,23.489452,0.0],[121.001911,23.48917,0.0],[121.002985,23.489457,0.0],[121.003383,23.489482,0.0]]],[[[120.983494,23.490118,0.0],[120.983211,23.490078,0.0],[120.98288,23.49003,0.0],[120.98302,23.490038,0.0],[120.983494,23.490118,0.0]]],[[[120.982565,23.490281,0.0],[120.982103,23.490296,0.0],[120.981291,23.489949,0.0],[120.982868,23.49003,0.0],[120.982565,23.490281,0.0]]],[[[120.984685,23.490481,0.0],[120.984408,23.490491,0.0],[120.983923,23.490242,0.0],[120.98421,23.490323,0.0],[120.984685,23.490481,0.0]]],[[[120.987333,23.490714,0.0],[120.989029,23.490264,0.0],[120.990071,23.490122,0.0],[120.992869,23.490134,0.0],[120.992506,23.49028,0.0],[120.99183,23.490355,0.0],[120.990537,23.490286,0.0],[120.988722,23.490421,0.0],[120.987675,23.490695,0.0],[120.986569,23.490851,0.0],[120.986348,23.490783,0.0],[120.987333,23.490714,0.0]]],[[[120.985521,23.490693,0.0],[120.985945,23.490748,0.0],[120.985916,23.49075,0.0],[120.985521,23.490693,0.0]]],[[[120.988171,23.780681,0.0],[120.988213,23.78088,0.0],[120.988617,23.781042,0.0],[120.989091,23.781601,0.0],[120.989575,23.781751,0.0],[120.989696,23.7816,0.0],[120.99047,23.782249,0.0],[120.990795,23.782276,0.0],[120.991018,23.782386,0.0],[120.99129,23.782168,0.0],[120.991768,23.782803,0.0],[120.991993,23.783716,0.0],[120.991737,23.783869,0.0],[120.991145,23.783537,0.0],[120.990893,23.783252,0.0],[120.990563,23.783025,0.0],[120.990227,23.782991,0.0],[120.989623,23.782685,0.0],[120.98932,23.782679,0.0],[120.988752,23.782334,0.0],[120.988456,23.782364,0.0],[120.988384,23.782269,0.0],[120.988164,23.782222,0.0],[120.987819,23.781916,0.0],[120.988022,23.781822,0.0],[120.988064,23.781366,0.0],[120.987843,23.781112,0.0],[120.987384,23.781249,0.0],[120.987322,23.781752,0.0],[120.986821,23.78171,0.0],[120.98592,23.78128,0.0],[120.985529,23.781307,0.0],[120.985076,23.781688,0.0],[120.984928,23.781665,0.0],[120.984501,23.781434,0.0],[120.984311,23.781171,0.0],[120.983522,23.780951,0.0],[120.983367,23.781074,0.0],[120.983258,23.781047,0.0],[120.983152,23.781275,0.0],[120.982574,23.781481,0.0],[120.982039,23.781279,0.0],[120.981117,23.781123,0.0],[120.980916,23.781146,0.0],[120.980798,23.781318,0.0],[120.980475,23.781517,0.0],[120.980039,23.781462,0.0],[120.979979,23.780985,0.0],[120.980021,23.780497,0.0],[120.979895,23.779509,0.0],[120.979949,23.779028,0.0],[120.979901,23.778354,0.0],[120.980009,23.77827,0.0],[120.980023,23.777972,0.0],[120.980269,23.777242,0.0],[120.98018,23.776852,0.0],[120.98044,23.776538,0.0],[120.980497,23.776125,0.0],[120.981225,23.77601,0.0],[120.981679,23.776095,0.0],[120.98305,23.776012,0.0],[120.983891,23.776236,0.0],[120.983992,23.776322,0.0],[120.984108,23.776648,0.0],[120.984396,23.776849,0.0],[120.984491,23.776876,0.0],[120.984662,23.776756,0.0],[120.984985,23.776678,0.0],[120.985129,23.777441,0.0],[120.985556,23.77787,0.0],[120.986295,23.778036,0.0],[120.98631,23.778296,0.0],[120.985954,23.778357,0.0],[120.985745,23.77883,0.0],[120.9863,23.778997,0.0],[120.986405,23.779345,0.0],[120.986282,23.779626,0.0],[120.98564,23.779555,0.0],[120.985463,23.779757,0.0],[120.985425,23.779862,0.0],[120.985672,23.780282,0.0],[120.986008,23.780554,0.0],[120.986679,23.780566,0.0],[120.987124,23.780448,0.0],[120.987834,23.780516,0.0],[120.988171,23.780681,0.0]]],[[[120.98802,23.792559,0.0],[120.987029,23.792363,0.0],[120.986625,23.792188,0.0],[120.986706,23.791721,0.0],[120.986882,23.791651,0.0],[120.988604,23.791609,0.0],[120.989211,23.791839,0.0],[120.989389,23.79212,0.0],[120.989488,23.792517,0.0],[120.989497,23.793055,0.0],[120.988697,23.794,0.0],[120.988381,23.794766,0.0],[120.98826,23.796357,0.0],[120.988409,23.797313,0.0],[120.987392,23.797353,0.0],[120.986858,23.796437,0.0],[120.986805,23.796168,0.0],[120.986966,23.795844,0.0],[120.986825,23.795418,0.0],[120.986808,23.794981,0.0],[120.986998,23.794527,0.0],[120.98737,23.794048,0.0],[120.987597,23.793345,0.0],[120.988066,23.792942,0.0],[120.988116,23.792734,0.0],[120.98802,23.792559,0.0]]],[[[120.995088,23.491903,0.0],[120.996161,23.49099,0.0],[120.99734,23.490807,0.0],[120.997952,23.49092,0.0],[120.99898,23.491298,0.0],[120.99961,23.491343,0.0],[121.000422,23.491629,0.0],[121.002208,23.491542,0.0],[121.002513,23.491362,0.0],[121.003789,23.489735,0.0],[121.003479,23.489487,0.0],[121.004459,23.489535,0.0],[121.005895,23.489477,0.0],[121.007211,23.489323,0.0],[121.009397,23.49012,0.0],[121.010043,23.49021,0.0],[121.010738,23.49021,0.0],[121.011438,23.490341,0.0],[121.01259,23.491127,0.0],[121.015018,23.491623,0.0],[121.016716,23.491864,0.0],[121.018167,23.491747,0.0],[121.021443,23.492205,0.0],[121.022671,23.492245,0.0],[121.023063,23.492209,0.0],[121.024814,23.491777,0.0],[121.026945,23.491863,0.0],[121.027959,23.49224,0.0],[121.028861,23.492754,0.0],[121.029528,23.492957,0.0],[121.030602,23.493126,0.0],[121.031388,23.492903,0.0],[121.032329,23.493029,0.0],[121.033188,23.4929,0.0],[121.034769,23.492394,0.0],[121.0379,23.491219,0.0],[121.03828,23.491143,0.0],[121.039714,23.491111,0.0],[121.042288,23.49122,0.0],[121.043758,23.491653,0.0],[121.046186,23.491768,0.0],[121.046929,23.491876,0.0],[121.048212,23.492311,0.0],[121.048851,23.492632,0.0],[121.050485,23.493767,0.0],[121.051458,23.494058,0.0],[121.052326,23.49403,0.0],[121.052748,23.494093,0.0],[121.053455,23.495256,0.0],[121.054002,23.495784,0.0],[121.054353,23.495985,0.0],[121.055105,23.496262,0.0],[121.056321,23.496284,0.0],[121.057726,23.496773,0.0],[121.058077,23.49701,0.0],[121.058761,23.497272,0.0],[121.060254,23.498475,0.0],[121.061633,23.49898,0.0],[121.062002,23.499043,0.0],[121.062262,23.499329,0.0],[121.062522,23.499995,0.0],[121.062803,23.501379,0.0],[121.062845,23.501835,0.0],[121.062772,23.502822,0.0],[121.062941,23.504106,0.0],[121.063252,23.504467,0.0],[121.064584,23.505085,0.0],[121.06493,23.505331,0.0],[121.065617,23.505909,0.0],[121.065934,23.506283,0.0],[121.065989,23.506717,0.0],[121.065898,23.507265,0.0],[121.066545,23.510539,0.0],[121.066932,23.511577,0.0],[121.067673,23.512999,0.0],[121.068169,23.514376,0.0],[121.068323,23.51594,0.0],[121.068537,23.516827,0.0],[121.068549,23.517798,0.0],[121.068792,23.518143,0.0],[121.068589,23.518595,0.0],[121.070974,23.518133,0.0],[121.071918,23.518135,0.0],[121.07379,23.518365,0.0],[121.074787,23.518238,0.0],[121.075623,23.517912,0.0],[121.076432,23.517487,0.0],[121.078588,23.516886,0.0],[121.079698,23.516481,0.0],[121.080988,23.515792,0.0],[121.081948,23.515556,0.0],[121.084248,23.51528,0.0],[121.085287,23.51506,0.0],[121.087299,23.514264,0.0],[121.087843,23.514145,0.0],[121.088384,23.514241,0.0],[121.089752,23.514852,0.0],[121.090827,23.515035,0.0],[121.091832,23.515023,0.0],[121.092326,23.515323,0.0],[121.092862,23.516501,0.0],[121.092776,23.517438,0.0],[121.092862,23.517966,0.0],[121.093132,23.518458,0.0],[121.094136,23.518825,0.0],[121.094508,23.519155,0.0],[121.094868,23.520035,0.0],[121.095673,23.520691,0.0],[121.096661,23.521257,0.0],[121.097051,23.52158,0.0],[121.097188,23.52218,0.0],[121.097704,23.52185,0.0],[121.100665,23.521431,0.0],[121.101062,23.521309,0.0],[121.103397,23.519415,0.0],[121.103867,23.519246,0.0],[121.105469,23.51945,0.0],[121.106548,23.519456,0.0],[121.107515,23.51939,0.0],[121.110096,23.518997,0.0],[121.110613,23.519171,0.0],[121.111659,23.519983,0.0],[121.112083,23.520007,0.0],[121.113079,23.519794,0.0],[121.113614,23.519948,0.0],[121.11467,23.52059,0.0],[121.115559,23.520569,0.0],[121.115934,23.520707,0.0],[121.117256,23.521493,0.0],[121.117617,23.521895,0.0],[121.118035,23.521563,0.0],[121.118443,23.521357,0.0],[121.119827,23.521281,0.0],[121.120334,23.521107,0.0],[121.12162,23.520129,0.0],[121.122492,23.519733,0.0],[121.122892,23.519401,0.0],[121.123428,23.518703,0.0],[121.123847,23.518416,0.0],[121.124783,23.517302,0.0],[121.125196,23.517067,0.0],[121.126151,23.516967,0.0],[121.126574,23.516996,0.0],[121.127043,23.517235,0.0],[121.127881,23.518019,0.0],[121.12822,23.518213,0.0],[121.128609,23.5184,0.0],[121.129147,23.518301,0.0],[121.130588,23.517918,0.0],[121.131154,23.517619,0.0],[121.131572,23.517256,0.0],[121.131837,23.516885,0.0],[121.132242,23.51549,0.0],[121.132587,23.515155,0.0],[121.133086,23.514913,0.0],[121.133637,23.514956,0.0],[121.134771,23.514799,0.0],[121.135535,23.514891,0.0],[121.135796,23.515419,0.0],[121.136118,23.516407,0.0],[121.137214,23.518675,0.0],[121.13742,23.519296,0.0],[121.138231,23.520494,0.0],[121.139113,23.521461,0.0],[121.139639,23.521863,0.0],[121.142618,23.523382,0.0],[121.143111,23.523959,0.0],[121.144979,23.525459,0.0],[121.146966,23.52596,0.0],[121.149329,23.526768,0.0],[121.150007,23.526802,0.0],[121.150674,23.526629,0.0],[121.15117,23.526843,0.0],[121.151115,23.527473,0.0],[121.150871,23.528446,0.0],[121.15053,23.529092,0.0],[121.148856,23.531546,0.0],[121.147362,23.533324,0.0],[121.147585,23.534258,0.0],[121.148225,23.535856,0.0],[121.14836,23.538597,0.0],[121.148286,23.539245,0.0],[121.15007,23.541814,0.0],[121.15095,23.543746,0.0],[121.151027,23.544286,0.0],[121.150741,23.545934,0.0],[121.150421,23.546975,0.0],[121.149459,23.548365,0.0],[121.149112,23.549008,0.0],[121.147955,23.5521,0.0],[121.146534,23.553339,0.0],[121.146203,23.554007,0.0],[121.14632,23.554461,0.0],[121.146753,23.554912,0.0],[121.148118,23.555981,0.0],[121.148487,23.556506,0.0],[121.149772,23.556855,0.0],[121.150366,23.557283,0.0],[121.150723,23.558502,0.0],[121.151092,23.558946,0.0],[121.15162,23.559799,0.0],[121.15214,23.560106,0.0],[121.152811,23.560116,0.0],[121.153399,23.559815,0.0],[121.154152,23.559754,0.0],[121.155252,23.559096,0.0],[121.155905,23.559032,0.0],[121.156944,23.559073,0.0],[121.1573,23.559637,0.0],[121.157727,23.56061,0.0],[121.157771,23.561292,0.0],[121.157707,23.562258,0.0],[121.157776,23.563023,0.0],[121.158284,23.564086,0.0],[121.158515,23.56475,0.0],[121.158589,23.56637,0.0],[121.159104,23.567268,0.0],[121.159256,23.567765,0.0],[121.15904,23.568321,0.0],[121.158399,23.569159,0.0],[121.15744,23.570022,0.0],[121.156614,23.570601,0.0],[121.155129,23.570487,0.0],[121.154119,23.57075,0.0],[121.15355,23.571089,0.0],[121.152921,23.571916,0.0],[121.15199,23.574066,0.0],[121.151829,23.57466,0.0],[121.151806,23.57525,0.0],[121.151975,23.57594,0.0],[121.152136,23.579895,0.0],[121.152463,23.583358,0.0],[121.152801,23.584649,0.0],[121.152991,23.584994,0.0],[121.153417,23.585353,0.0],[121.153614,23.58619,0.0],[121.153468,23.586926,0.0],[121.154059,23.586856,0.0],[121.157756,23.585827,0.0],[121.158459,23.585752,0.0],[121.15923,23.585855,0.0],[121.160291,23.586276,0.0],[121.161193,23.586941,0.0],[121.16189,23.586992,0.0],[121.162276,23.586989,0.0],[121.163709,23.586728,0.0],[121.164771,23.586849,0.0],[121.166284,23.58678,0.0],[121.167604,23.5866,0.0],[121.169532,23.586559,0.0],[121.170082,23.586281,0.0],[121.170545,23.585861,0.0],[121.17096,23.585336,0.0],[121.171269,23.584765,0.0],[121.171794,23.584441,0.0],[121.176042,23.5838,0.0],[121.176673,23.582734,0.0],[121.177995,23.582357,0.0],[121.178636,23.582253,0.0],[121.179024,23.58276,0.0],[121.178938,23.583476,0.0],[121.179008,23.584045,0.0],[121.179376,23.585543,0.0],[121.180092,23.587897,0.0],[121.179968,23.58855,0.0],[121.179596,23.589196,0.0],[121.179724,23.589627,0.0],[121.180637,23.589788,0.0],[121.181256,23.590102,0.0],[121.181819,23.590552,0.0],[121.182245,23.591119,0.0],[121.182734,23.592107,0.0],[121.183104,23.592608,0.0],[121.183944,23.593331,0.0],[121.184596,23.593559,0.0],[121.185971,23.593541,0.0],[121.186844,23.594086,0.0],[121.18903,23.594537,0.0],[121.189556,23.594966,0.0],[121.189765,23.59527,0.0],[121.189922,23.59588,0.0],[121.190492,23.596272,0.0],[121.191099,23.596569,0.0],[121.191764,23.596661,0.0],[121.193225,23.598436,0.0],[121.193913,23.598746,0.0],[121.195646,23.599236,0.0],[121.195964,23.598978,0.0],[121.196939,23.59848,0.0],[121.197415,23.598008,0.0],[121.198756,23.597492,0.0],[121.199483,23.596777,0.0],[121.200115,23.596305,0.0],[121.20085,23.596157,0.0],[121.201995,23.59611,0.0],[121.203336,23.595734,0.0],[121.204716,23.595725,0.0],[121.20643,23.595334,0.0],[121.206888,23.595718,0.0],[121.207182,23.596309,0.0],[121.207742,23.597098,0.0],[121.20852,23.597792,0.0],[121.209362,23.598383,0.0],[121.210091,23.598237,0.0],[121.210878,23.597841,0.0],[121.211238,23.597935,0.0],[121.211657,23.598461,0.0],[121.211936,23.599413,0.0],[121.21243,23.599887,0.0],[121.212919,23.6002,0.0],[121.2134,23.600696,0.0],[121.213515,23.601219,0.0],[121.214035,23.602341,0.0],[121.214158,23.604291,0.0],[121.214371,23.604893,0.0],[121.215282,23.60633,0.0],[121.216142,23.608776,0.0],[121.216456,23.610972,0.0],[121.216737,23.611839,0.0],[121.217085,23.613739,0.0],[121.217204,23.614917,0.0],[121.217753,23.615343,0.0],[121.219214,23.615653,0.0],[121.219854,23.61588,0.0],[121.220404,23.616403,0.0],[121.220543,23.616999,0.0],[121.220567,23.618037,0.0],[121.22157,23.620754,0.0],[121.221858,23.621404,0.0],[121.22326,23.623122,0.0],[121.223662,23.623868,0.0],[121.223987,23.624714,0.0],[121.224776,23.627687,0.0],[121.22487,23.629088,0.0],[121.224813,23.629806,0.0],[121.224435,23.630821,0.0],[121.224251,23.632293,0.0],[121.223991,23.633329,0.0],[121.223962,23.633984,0.0],[121.22404,23.63544,0.0],[121.224191,23.636447,0.0],[121.224116,23.637533,0.0],[121.224445,23.638503,0.0],[121.224964,23.638999,0.0],[121.225388,23.640332,0.0],[121.225712,23.64095,0.0],[121.226023,23.641857,0.0],[121.226423,23.642344,0.0],[121.227233,23.642955,0.0],[121.227558,23.643478,0.0],[121.227451,23.644356,0.0],[121.227639,23.644939,0.0],[121.228687,23.646296,0.0],[121.230384,23.647964,0.0],[121.23038,23.648587,0.0],[121.23022,23.649177,0.0],[121.230259,23.649816,0.0],[121.230831,23.650779,0.0],[121.231038,23.651377,0.0],[121.230971,23.651989,0.0],[121.230631,23.652572,0.0],[121.230584,23.653098,0.0],[121.230774,23.653578,0.0],[121.231378,23.654384,0.0],[121.231691,23.655026,0.0],[121.231975,23.65729,0.0],[121.232195,23.657904,0.0],[121.232971,23.659253,0.0],[121.233607,23.660076,0.0],[121.234467,23.660736,0.0],[121.235113,23.660999,0.0],[121.235583,23.661425,0.0],[121.235779,23.662057,0.0],[121.235991,23.662948,0.0],[121.23608,23.663729,0.0],[121.235925,23.665922,0.0],[121.235941,23.668631,0.0],[121.235486,23.671182,0.0],[121.235209,23.671749,0.0],[121.233709,23.674142,0.0],[121.232801,23.675112,0.0],[121.232113,23.67559,0.0],[121.231791,23.676516,0.0],[121.231888,23.677073,0.0],[121.232319,23.677942,0.0],[121.233642,23.679637,0.0],[121.233614,23.680233,0.0],[121.234022,23.680759,0.0],[121.235125,23.681694,0.0],[121.23554,23.682165,0.0],[121.235952,23.683264,0.0],[121.236661,23.684482,0.0],[121.237769,23.685783,0.0],[121.239016,23.686639,0.0],[121.239412,23.687128,0.0],[121.239454,23.688514,0.0],[121.239136,23.689727,0.0],[121.239305,23.690899,0.0],[121.238999,23.692148,0.0],[121.238974,23.694757,0.0],[121.239051,23.695441,0.0],[121.239137,23.69578,0.0],[121.239482,23.696382,0.0],[121.240756,23.698091,0.0],[121.241084,23.698804,0.0],[121.24051,23.69918,0.0],[121.239985,23.699636,0.0],[121.239526,23.700351,0.0],[121.239406,23.700728,0.0],[121.239845,23.701558,0.0],[121.240149,23.701754,0.0],[121.240558,23.70225,0.0],[121.240868,23.703674,0.0],[121.240957,23.704649,0.0],[121.241306,23.705875,0.0],[121.241396,23.706586,0.0],[121.241406,23.708566,0.0],[121.241272,23.709166,0.0],[121.24084,23.709682,0.0],[121.239935,23.710182,0.0],[121.239472,23.710628,0.0],[121.239119,23.712879,0.0],[121.239138,23.714188,0.0],[121.239267,23.714511,0.0],[121.239776,23.714914,0.0],[121.239904,23.715523,0.0],[121.239827,23.716095,0.0],[121.239429,23.717292,0.0],[121.238016,23.719687,0.0],[121.237971,23.720041,0.0],[121.238106,23.720621,0.0],[121.238829,23.721749,0.0],[121.238894,23.722403,0.0],[121.239181,23.723697,0.0],[121.239502,23.724231,0.0],[121.238991,23.724442,0.0],[121.237633,23.724439,0.0],[121.236505,23.724628,0.0],[121.236042,23.725081,0.0],[121.235284,23.726161,0.0],[121.234282,23.727174,0.0],[121.233968,23.727711,0.0],[121.233779,23.728296,0.0],[121.233597,23.728606,0.0],[121.232941,23.728986,0.0],[121.231706,23.729496,0.0],[121.231193,23.729971,0.0],[121.230281,23.731801,0.0],[121.229823,23.73379,0.0],[121.22904,23.734852,0.0],[121.228674,23.735712,0.0],[121.228945,23.737605,0.0],[121.229081,23.739247,0.0],[121.229085,23.743618,0.0],[121.229151,23.744309,0.0],[121.229958,23.745991,0.0],[121.231115,23.747685,0.0],[121.232596,23.749042,0.0],[121.232718,23.749672,0.0],[121.232485,23.749938,0.0],[121.230665,23.751135,0.0],[121.230123,23.751475,0.0],[121.229532,23.751685,0.0],[121.22889,23.751732,0.0],[121.227565,23.751679,0.0],[121.226109,23.75186,0.0],[121.224225,23.752332,0.0],[121.223503,23.752327,0.0],[121.22242,23.752599,0.0],[121.221193,23.753064,0.0],[121.220651,23.753401,0.0],[121.220165,23.753905,0.0],[121.219566,23.755732,0.0],[121.21908,23.756191,0.0],[121.218531,23.756546,0.0],[121.216674,23.757274,0.0],[121.216026,23.757198,0.0],[121.215421,23.756882,0.0],[121.214911,23.756533,0.0],[121.213541,23.755201,0.0],[121.21293,23.755172,0.0],[121.212444,23.755613,0.0],[121.21099,23.758363,0.0],[121.209668,23.760559,0.0],[121.209256,23.761045,0.0],[121.207112,23.76212,0.0],[121.206626,23.762509,0.0],[121.206613,23.763141,0.0],[121.206887,23.763737,0.0],[121.207023,23.764877,0.0],[121.207042,23.765398,0.0],[121.20686,23.765979,0.0],[121.206286,23.767149,0.0],[121.205582,23.768157,0.0],[121.204671,23.769072,0.0],[121.203761,23.770706,0.0],[121.204041,23.771152,0.0],[121.204396,23.771296,0.0],[121.204791,23.771894,0.0],[121.205237,23.771882,0.0],[121.206146,23.772707,0.0],[121.206327,23.773687,0.0],[121.20665,23.774244,0.0],[121.207167,23.77464,0.0],[121.209728,23.775431,0.0],[121.212276,23.775972,0.0],[121.212887,23.776174,0.0],[121.214263,23.778376,0.0],[121.214743,23.778793,0.0],[121.215341,23.778932,0.0],[121.216644,23.778988,0.0],[121.217311,23.77915,0.0],[121.217921,23.779413,0.0],[121.218451,23.779805,0.0],[121.218856,23.780315,0.0],[121.219136,23.780881,0.0],[121.219647,23.781277,0.0],[121.220905,23.781713,0.0],[121.222232,23.781915,0.0],[121.224606,23.782564,0.0],[121.226775,23.783746,0.0],[121.227865,23.784572,0.0],[121.228781,23.78542,0.0],[121.229198,23.785932,0.0],[121.229995,23.787323,0.0],[121.231353,23.788631,0.0],[121.231465,23.789204,0.0],[121.230936,23.78964,0.0],[121.229169,23.790083,0.0],[121.228334,23.790559,0.0],[121.227424,23.791492,0.0],[121.227031,23.792053,0.0],[121.226826,23.792678,0.0],[121.226806,23.79336,0.0],[121.226594,23.79434,0.0],[121.226345,23.794982,0.0],[121.225951,23.797165,0.0],[121.225857,23.798879,0.0],[121.226199,23.800398,0.0],[121.226212,23.802168,0.0],[121.226286,23.802838,0.0],[121.226809,23.804363,0.0],[121.227077,23.805406,0.0],[121.227108,23.805939,0.0],[121.226952,23.806892,0.0],[121.226945,23.80751,0.0],[121.227107,23.808135,0.0],[121.227518,23.808616,0.0],[121.228048,23.809001,0.0],[121.228727,23.809248,0.0],[121.229356,23.80931,0.0],[121.230721,23.809633,0.0],[121.231662,23.810079,0.0],[121.232747,23.810836,0.0],[121.23332,23.811072,0.0],[121.233918,23.811211,0.0],[121.234498,23.811578,0.0],[121.234891,23.812047,0.0],[121.235015,23.812627,0.0],[121.23504,23.813268,0.0],[121.234926,23.815756,0.0],[121.234702,23.816908,0.0],[121.234484,23.817452,0.0],[121.234876,23.817905,0.0],[121.235985,23.818684,0.0],[121.236777,23.819665,0.0],[121.238067,23.821047,0.0],[121.239083,23.821786,0.0],[121.239145,23.822348,0.0],[121.238628,23.822719,0.0],[121.237169,23.823028,0.0],[121.23672,23.823435,0.0],[121.236626,23.824088,0.0],[121.236726,23.824765,0.0],[121.237006,23.825419,0.0],[121.237436,23.827012,0.0],[121.238227,23.8286,0.0],[121.238439,23.829196,0.0],[121.238383,23.829722,0.0],[121.237896,23.831843,0.0],[121.237914,23.832434,0.0],[121.238282,23.833752,0.0],[121.239566,23.836676,0.0],[121.239783,23.838382,0.0],[121.240151,23.839873,0.0],[121.241578,23.842339,0.0],[121.24242,23.84329,0.0],[121.243959,23.845335,0.0],[121.244264,23.846935,0.0],[121.244195,23.84752,0.0],[121.244825,23.848621,0.0],[121.24566,23.849721,0.0],[121.246165,23.850151,0.0],[121.247324,23.850759,0.0],[121.247879,23.851155,0.0],[121.248465,23.851396,0.0],[121.248808,23.851894,0.0],[121.248751,23.853563,0.0],[121.24887,23.854111,0.0],[121.249331,23.854611,0.0],[121.250241,23.85712,0.0],[121.250372,23.857786,0.0],[121.250671,23.858456,0.0],[121.251326,23.859518,0.0],[121.251769,23.860445,0.0],[121.252866,23.862107,0.0],[121.253084,23.862773,0.0],[121.253396,23.86333,0.0],[121.253552,23.864328,0.0],[121.253427,23.864946,0.0],[121.253177,23.86554,0.0],[121.252872,23.866029,0.0],[121.25284,23.866532,0.0],[121.253202,23.867414,0.0],[121.253545,23.867931,0.0],[121.256363,23.869289,0.0],[121.258176,23.869842,0.0],[121.259905,23.871072,0.0],[121.260935,23.871589,0.0],[121.262453,23.872192,0.0],[121.265409,23.872785,0.0],[121.265525,23.873446,0.0],[121.265115,23.87346,0.0],[121.264987,23.874023,0.0],[121.264925,23.875296,0.0],[121.264584,23.876418,0.0],[121.264126,23.876898,0.0],[121.263599,23.877698,0.0],[121.263088,23.878829,0.0],[121.263024,23.879362,0.0],[121.263194,23.880251,0.0],[121.263372,23.880845,0.0],[121.263681,23.881447,0.0],[121.264468,23.88266,0.0],[121.265121,23.883006,0.0],[121.265775,23.883251,0.0],[121.267812,23.883638,0.0],[121.268428,23.883843,0.0],[121.268413,23.884391,0.0],[121.267997,23.885484,0.0],[121.267575,23.886327,0.0],[121.267376,23.888957,0.0],[121.266986,23.889649,0.0],[121.265632,23.891231,0.0],[121.265442,23.891843,0.0],[121.265525,23.892841,0.0],[121.265635,23.893186,0.0],[121.266174,23.894036,0.0],[121.266004,23.894391,0.0],[121.265845,23.89505,0.0],[121.265862,23.8954,0.0],[121.265622,23.896046,0.0],[121.265027,23.896532,0.0],[121.263653,23.89704,0.0],[121.263065,23.8974,0.0],[121.262715,23.897764,0.0],[121.26255,23.898275,0.0],[121.262566,23.900259,0.0],[121.262251,23.900779,0.0],[121.261907,23.900967,0.0],[121.261375,23.901435,0.0],[121.260961,23.901914,0.0],[121.260808,23.902567,0.0],[121.261547,23.903288,0.0],[121.262132,23.903691,0.0],[121.262616,23.904214,0.0],[121.263847,23.904898,0.0],[121.265277,23.905895,0.0],[121.266625,23.907209,0.0],[121.267248,23.907269,0.0],[121.268416,23.906991,0.0],[121.269408,23.906847,0.0],[121.270131,23.906821,0.0],[121.271965,23.906881,0.0],[121.274607,23.907283,0.0],[121.275029,23.907767,0.0],[121.275331,23.908634,0.0],[121.275534,23.909654,0.0],[121.275639,23.910918,0.0],[121.275434,23.912029,0.0],[121.275325,23.914137,0.0],[121.276016,23.915648,0.0],[121.275425,23.916816,0.0],[121.27521,23.917422,0.0],[121.274993,23.918609,0.0],[121.275152,23.919286,0.0],[121.275875,23.920768,0.0],[121.275963,23.921881,0.0],[121.276128,23.922718,0.0],[121.276095,23.923131,0.0],[121.275598,23.924046,0.0],[121.274418,23.925628,0.0],[121.274185,23.926058,0.0],[121.274001,23.926751,0.0],[121.273912,23.92858,0.0],[121.274095,23.929543,0.0],[121.274577,23.930445,0.0],[121.274661,23.931208,0.0],[121.274627,23.931748,0.0],[121.274388,23.932303,0.0],[121.27383,23.932724,0.0],[121.273586,23.933038,0.0],[121.273452,23.933714,0.0],[121.273541,23.934718,0.0],[121.273541,23.936043,0.0],[121.2731,23.936902,0.0],[121.272266,23.937928,0.0],[121.2723,23.938456,0.0],[121.272729,23.938945,0.0],[121.272906,23.939681,0.0],[121.273748,23.941232,0.0],[121.27392,23.941753,0.0],[121.273943,23.942167,0.0],[121.273684,23.942894,0.0],[121.273523,23.943978,0.0],[121.27367,23.944614,0.0],[121.274297,23.945159,0.0],[121.27399,23.945613,0.0],[121.273314,23.945908,0.0],[121.272457,23.94649,0.0],[121.271736,23.947272,0.0],[121.270808,23.948569,0.0],[121.272539,23.949092,0.0],[121.273205,23.949446,0.0],[121.27461,23.950502,0.0],[121.275119,23.951013,0.0],[121.275224,23.951347,0.0],[121.275233,23.953365,0.0],[121.2754,23.953699,0.0],[121.275834,23.954193,0.0],[121.276156,23.954779,0.0],[121.276101,23.95596,0.0],[121.275636,23.958017,0.0],[121.275688,23.960184,0.0],[121.275826,23.961594,0.0],[121.276292,23.963386,0.0],[121.276539,23.963925,0.0],[121.277428,23.964635,0.0],[121.277791,23.965347,0.0],[121.277628,23.965822,0.0],[121.276938,23.966703,0.0],[121.276643,23.966993,0.0],[121.275723,23.96762,0.0],[121.275503,23.967907,0.0],[121.275444,23.968519,0.0],[121.275651,23.96978,0.0],[121.275208,23.970995,0.0],[121.274944,23.972885,0.0],[121.274754,23.973549,0.0],[121.274288,23.97443,0.0],[121.273692,23.975226,0.0],[121.273385,23.975448,0.0],[121.271425,23.975524,0.0],[121.269741,23.975328,0.0],[121.267695,23.975198,0.0],[121.265573,23.975224,0.0],[121.264849,23.975341,0.0],[121.26453,23.975517,0.0],[121.264223,23.97571,0.0],[121.263589,23.976463,0.0],[121.26372,23.977842,0.0],[121.263587,23.978316,0.0],[121.262947,23.97915,0.0],[121.261646,23.981112,0.0],[121.261456,23.981701,0.0],[121.261466,23.983563,0.0],[121.26121,23.987566,0.0],[121.261006,23.988521,0.0],[121.260389,23.989676,0.0],[121.259878,23.991034,0.0],[121.259806,23.991499,0.0],[121.26039,23.993272,0.0],[121.26107,23.994628,0.0],[121.262616,23.996379,0.0],[121.262994,23.996992,0.0],[121.26314,23.99759,0.0],[121.263834,23.997497,0.0],[121.26446,23.998114,0.0],[121.264688,23.998511,0.0],[121.265135,23.998846,0.0],[121.265305,23.999203,0.0],[121.265632,24.000988,0.0],[121.266027,24.001558,0.0],[121.266952,24.002065,0.0],[121.267458,24.002495,0.0],[121.268805,24.004113,0.0],[121.269033,24.004691,0.0],[121.269163,24.005334,0.0],[121.270156,24.006398,0.0],[121.2705,24.006953,0.0],[121.27054,24.007725,0.0],[121.270668,24.008277,0.0],[121.270977,24.008844,0.0],[121.271105,24.009717,0.0],[121.271469,24.011156,0.0],[121.272206,24.012866,0.0],[121.273783,24.015062,0.0],[121.274464,24.016463,0.0],[121.275367,24.017944,0.0],[121.276378,24.019405,0.0],[121.276678,24.019996,0.0],[121.276749,24.020741,0.0],[121.276636,24.022619,0.0],[121.27683,24.023192,0.0],[121.276829,24.02356,0.0],[121.27668,24.024136,0.0],[121.276793,24.024746,0.0],[121.279403,24.027475,0.0],[121.279723,24.028036,0.0],[121.279973,24.029582,0.0],[121.280104,24.029911,0.0],[121.28174,24.031811,0.0],[121.282377,24.033731,0.0],[121.282635,24.034286,0.0],[121.283419,24.035432,0.0],[121.284046,24.036523,0.0],[121.284524,24.036978,0.0],[121.284945,24.037524,0.0],[121.285626,24.039114,0.0],[121.285783,24.039707,0.0],[121.285878,24.041922,0.0],[121.285611,24.0432,0.0],[121.285917,24.044168,0.0],[121.285969,24.044727,0.0],[121.285786,24.046129,0.0],[121.285569,24.046737,0.0],[121.285189,24.047322,0.0],[121.285245,24.047995,0.0],[121.285156,24.048406,0.0],[121.284832,24.049014,0.0],[121.284162,24.049794,0.0],[121.284012,24.050462,0.0],[121.283074,24.052898,0.0],[121.282954,24.053261,0.0],[121.282992,24.053909,0.0],[121.283098,24.054238,0.0],[121.283444,24.054764,0.0],[121.283922,24.055219,0.0],[121.284596,24.05555,0.0],[121.285694,24.056622,0.0],[121.285925,24.056929,0.0],[121.286109,24.057443,0.0],[121.286658,24.057808,0.0],[121.288981,24.058796,0.0],[121.289605,24.059134,0.0],[121.290417,24.060137,0.0],[121.290783,24.060285,0.0],[121.292143,24.061576,0.0],[121.29287,24.061491,0.0],[121.29384,24.062065,0.0],[121.295071,24.063352,0.0],[121.295571,24.063646,0.0],[121.296137,24.063124,0.0],[121.296855,24.062784,0.0],[121.298014,24.061919,0.0],[121.299016,24.062064,0.0],[121.299964,24.062453,0.0],[121.300481,24.062874,0.0],[121.300713,24.063164,0.0],[121.301056,24.06415,0.0],[121.301558,24.064795,0.0],[121.301748,24.065336,0.0],[121.301742,24.065686,0.0],[121.301936,24.066004,0.0],[121.302798,24.066691,0.0],[121.303532,24.067529,0.0],[121.304547,24.068322,0.0],[121.305721,24.069062,0.0],[121.305965,24.069335,0.0],[121.306086,24.069876,0.0],[121.30717,24.071723,0.0],[121.307333,24.072321,0.0],[121.307643,24.072849,0.0],[121.30821,24.073267,0.0],[121.308776,24.074049,0.0],[121.309621,24.074962,0.0],[121.310196,24.075297,0.0],[121.311634,24.075536,0.0],[121.312132,24.075968,0.0],[121.312466,24.076484,0.0],[121.313035,24.076813,0.0],[121.313656,24.077001,0.0],[121.314224,24.077395,0.0],[121.314582,24.077914,0.0],[121.31491,24.078084,0.0],[121.315589,24.078198,0.0],[121.316844,24.079335,0.0],[121.317849,24.079718,0.0],[121.318474,24.080069,0.0],[121.318781,24.080366,0.0],[121.318918,24.0807,0.0],[121.319962,24.082058,0.0],[121.320251,24.082297,0.0],[121.321395,24.082947,0.0],[121.323371,24.085177,0.0],[121.323391,24.08583,0.0],[121.323491,24.08617,0.0],[121.323348,24.086796,0.0],[121.321897,24.087926,0.0],[121.321432,24.088446,0.0],[121.321238,24.088776,0.0],[121.320399,24.090981,0.0],[121.319687,24.092296,0.0],[121.319475,24.092895,0.0],[121.319431,24.093256,0.0],[121.319072,24.094083,0.0],[121.319167,24.094697,0.0],[121.320034,24.096555,0.0],[121.32085,24.097382,0.0],[121.321476,24.098304,0.0],[121.322792,24.099836,0.0],[121.323075,24.10007,0.0],[121.324393,24.100835,0.0],[121.324829,24.101265,0.0],[121.325989,24.103139,0.0],[121.326551,24.105939,0.0],[121.326505,24.107163,0.0],[121.326249,24.107861,0.0],[121.326394,24.108477,0.0],[121.326802,24.109465,0.0],[121.327178,24.110103,0.0],[121.328587,24.111018,0.0],[121.328106,24.112769,0.0],[121.328403,24.113328,0.0],[121.329283,24.114432,0.0],[121.329435,24.115272,0.0],[121.328576,24.114829,0.0],[121.327949,24.114939,0.0],[121.326604,24.115371,0.0],[121.323348,24.115933,0.0],[121.321593,24.116452,0.0],[121.320822,24.116512,0.0],[121.319727,24.116487,0.0],[121.318691,24.116607,0.0],[121.317364,24.116576,0.0],[121.315393,24.116795,0.0],[121.314866,24.117135,0.0],[121.313927,24.118024,0.0],[121.313374,24.118441,0.0],[121.312809,24.118781,0.0],[121.312145,24.119066,0.0],[121.311852,24.119313,0.0],[121.311232,24.119601,0.0],[121.310149,24.119901,0.0],[121.309218,24.120382,0.0],[121.307651,24.12146,0.0],[121.30666,24.121906,0.0],[121.305338,24.12232,0.0],[121.304782,24.122655,0.0],[121.304385,24.123035,0.0],[121.302922,24.125435,0.0],[121.302207,24.126272,0.0],[121.299165,24.129008,0.0],[121.297553,24.130282,0.0],[121.296406,24.131508,0.0],[121.295577,24.13255,0.0],[121.294677,24.133073,0.0],[121.294154,24.133189,0.0],[121.291181,24.133466,0.0],[121.287225,24.134148,0.0],[121.284702,24.134383,0.0],[121.283656,24.134561,0.0],[121.282696,24.134843,0.0],[121.281727,24.135303,0.0],[121.281478,24.135879,0.0],[121.280841,24.135758,0.0],[121.279458,24.135785,0.0],[121.278852,24.135818,0.0],[121.278301,24.135948,0.0],[121.277534,24.136479,0.0],[121.274558,24.137855,0.0],[121.272996,24.138984,0.0],[121.27215,24.139139,0.0],[121.272243,24.137965,0.0],[121.271421,24.133659,0.0],[121.271148,24.132732,0.0],[121.27089,24.132342,0.0],[121.270141,24.131607,0.0],[121.27,24.131093,0.0],[121.269732,24.129213,0.0],[121.269591,24.127263,0.0],[121.269087,24.12597,0.0],[121.268916,24.125054,0.0],[121.268978,24.12453,0.0],[121.2685,24.124021,0.0],[121.267063,24.123509,0.0],[121.265042,24.122196,0.0],[121.262914,24.121579,0.0],[121.260585,24.121477,0.0],[121.2584,24.120869,0.0],[121.257846,24.120457,0.0],[121.257235,24.119783,0.0],[121.256861,24.119592,0.0],[121.253551,24.118378,0.0],[121.253051,24.118282,0.0],[121.250858,24.118288,0.0],[121.249066,24.118514,0.0],[121.247874,24.118814,0.0],[121.246701,24.119455,0.0],[121.245779,24.120163,0.0],[121.244537,24.120639,0.0],[121.244282,24.120899,0.0],[121.243476,24.121072,0.0],[121.24302,24.121084,0.0],[121.242602,24.120947,0.0],[121.240721,24.120668,0.0],[121.239459,24.120334,0.0],[121.239103,24.12016,0.0],[121.23822,24.119211,0.0],[121.237032,24.118791,0.0],[121.236325,24.118226,0.0],[121.235969,24.118037,0.0],[121.234045,24.117672,0.0],[121.233694,24.11753,0.0],[121.232437,24.116661,0.0],[121.231299,24.116042,0.0],[121.229494,24.115861,0.0],[121.229094,24.11546,0.0],[121.22866,24.11428,0.0],[121.228397,24.113879,0.0],[121.227602,24.113049,0.0],[121.227154,24.11284,0.0],[121.226377,24.105484,0.0],[121.225203,24.104812,0.0],[121.225308,24.104591,0.0],[121.22725,24.103823,0.0],[121.227996,24.103316,0.0],[121.227896,24.10198,0.0],[121.228545,24.101381,0.0],[121.228685,24.100854,0.0],[121.229955,24.099621,0.0],[121.230242,24.099557,0.0],[121.230293,24.099253,0.0],[121.230796,24.098533,0.0],[121.231076,24.098276,0.0],[121.231057,24.098089,0.0],[121.23234,24.096669,0.0],[121.232539,24.095961,0.0],[121.232927,24.095465,0.0],[121.232787,24.094264,0.0],[121.233203,24.094052,0.0],[121.233653,24.09395,0.0],[121.234685,24.093173,0.0],[121.235084,24.093078,0.0],[121.235285,24.093266,0.0],[121.23565,24.09202,0.0],[121.23575,24.091358,0.0],[121.235688,24.091245,0.0],[121.236026,24.09065,0.0],[121.236305,24.08955,0.0],[121.237206,24.088835,0.0],[121.237253,24.088227,0.0],[121.237746,24.087976,0.0],[121.238326,24.087994,0.0],[121.238875,24.087301,0.0],[121.238648,24.086474,0.0],[121.238203,24.08645,0.0],[121.237761,24.086006,0.0],[121.237775,24.0859,0.0],[121.237934,24.085775,0.0],[121.23818,24.085129,0.0],[121.238535,24.084972,0.0],[121.239366,24.084834,0.0],[121.239556,24.084715,0.0],[121.239743,24.084802,0.0],[121.240018,24.084726,0.0],[121.240214,24.08458,0.0],[121.240416,24.084603,0.0],[121.240873,24.082849,0.0],[121.239474,24.081131,0.0],[121.238817,24.080665,0.0],[121.238048,24.07972,0.0],[121.237481,24.078753,0.0],[121.237377,24.077642,0.0],[121.236931,24.076761,0.0],[121.237131,24.076576,0.0],[121.237172,24.076351,0.0],[121.23683,24.07598,0.0],[121.236469,24.076076,0.0],[121.235642,24.075964,0.0],[121.233482,24.073661,0.0],[121.232671,24.073226,0.0],[121.23197,24.072711,0.0],[121.231518,24.072717,0.0],[121.231259,24.073214,0.0],[121.231113,24.073329,0.0],[121.230934,24.073757,0.0],[121.230484,24.073985,0.0],[121.229838,24.074179,0.0],[121.229395,24.074187,0.0],[121.229014,24.07434,0.0],[121.229018,24.074109,0.0],[121.228754,24.073886,0.0],[121.228792,24.072625,0.0],[121.228633,24.070618,0.0],[121.228521,24.070564,0.0],[121.228367,24.070144,0.0],[121.228459,24.069707,0.0],[121.22827,24.069394,0.0],[121.228311,24.068933,0.0],[121.228287,24.068713,0.0],[121.228198,24.068623,0.0],[121.227769,24.068355,0.0],[121.227259,24.068199,0.0],[121.226607,24.067693,0.0],[121.225811,24.068137,0.0],[121.224546,24.068424,0.0],[121.224547,24.068316,0.0],[121.224055,24.068142,0.0],[121.223106,24.067356,0.0],[121.223102,24.067141,0.0],[121.222792,24.066815,0.0],[121.222602,24.066756,0.0],[121.222242,24.066283,0.0],[121.221505,24.06559,0.0],[121.220842,24.064743,0.0],[121.220789,24.06442,0.0],[121.220198,24.063697,0.0],[121.219667,24.063309,0.0],[121.219019,24.06305,0.0],[121.218519,24.062964,0.0],[121.2179,24.062441,0.0],[121.217459,24.062229,0.0],[121.215521,24.061975,0.0],[121.214233,24.062244,0.0],[121.213832,24.062449,0.0],[121.213378,24.062849,0.0],[121.212701,24.062915,0.0],[121.212722,24.06241,0.0],[121.213178,24.061149,0.0],[121.213088,24.060309,0.0],[121.213153,24.059779,0.0],[121.213209,24.059643,0.0],[121.213565,24.059369,0.0],[121.213719,24.059152,0.0],[121.213728,24.05863,0.0],[121.213901,24.058194,0.0],[121.213522,24.057463,0.0],[121.213324,24.056356,0.0],[121.212704,24.055196,0.0],[121.211586,24.054108,0.0],[121.21105,24.053328,0.0],[121.210856,24.053181,0.0],[121.210245,24.052955,0.0],[121.209913,24.052963,0.0],[121.209079,24.05233,0.0],[121.208,24.051923,0.0],[121.207736,24.051482,0.0],[121.207519,24.051277,0.0],[121.207714,24.05034,0.0],[121.208008,24.049876,0.0],[121.208019,24.049511,0.0],[121.208958,24.048647,0.0],[121.209025,24.048359,0.0],[121.208832,24.047441,0.0],[121.208919,24.047039,0.0],[121.20889,24.046264,0.0],[121.208727,24.046001,0.0],[121.208241,24.045911,0.0],[121.208064,24.045497,0.0],[121.207349,24.045378,0.0],[121.206679,24.044787,0.0],[121.205965,24.043731,0.0],[121.205591,24.043315,0.0],[121.204761,24.04101,0.0],[121.204887,24.040917,0.0],[121.204873,24.040642,0.0],[121.204984,24.040365,0.0],[121.205224,24.040169,0.0],[121.206217,24.03983,0.0],[121.206441,24.03956,0.0],[121.205616,24.038632,0.0],[121.205522,24.038415,0.0],[121.204774,24.036102,0.0],[121.204607,24.035073,0.0],[121.204146,24.034066,0.0],[121.203784,24.033854,0.0],[121.203782,24.033482,0.0],[121.203616,24.03309,0.0],[121.20375,24.032983,0.0],[121.203344,24.032774,0.0],[121.203243,24.032847,0.0],[121.203461,24.032188,0.0],[121.2037,24.031874,0.0],[121.203935,24.030893,0.0],[121.204356,24.030628,0.0],[121.204465,24.029919,0.0],[121.204374,24.029265,0.0],[121.204589,24.028641,0.0],[121.204736,24.02767,0.0],[121.204301,24.027547,0.0],[121.204641,24.02666,0.0],[121.204306,24.026535,0.0],[121.204384,24.026166,0.0],[121.203939,24.026074,0.0],[121.20358,24.026122,0.0],[121.203336,24.026068,0.0],[121.202838,24.025824,0.0],[121.202808,24.025555,0.0],[121.202387,24.025592,0.0],[121.201561,24.025248,0.0],[121.201431,24.02512,0.0],[121.201421,24.024723,0.0],[121.201082,24.024723,0.0],[121.200684,24.024249,0.0],[121.200057,24.023031,0.0],[121.200196,24.022143,0.0],[121.199296,24.021757,0.0],[121.198391,24.021218,0.0],[121.19812,24.020964,0.0],[121.19739,24.020614,0.0],[121.197118,24.019737,0.0],[121.196677,24.018914,0.0],[121.196793,24.018619,0.0],[121.196729,24.018515,0.0],[121.196531,24.018493,0.0],[121.196309,24.017847,0.0],[121.19605,24.01758,0.0],[121.196077,24.017114,0.0],[121.194271,24.016846,0.0],[121.194252,24.015914,0.0],[121.19395,24.015623,0.0],[121.193515,24.015514,0.0],[121.192581,24.015873,0.0],[121.192242,24.015707,0.0],[121.191746,24.015088,0.0],[121.192208,24.015256,0.0],[121.192504,24.015267,0.0],[121.193439,24.014956,0.0],[121.194729,24.014292,0.0],[121.194008,24.013112,0.0],[121.194106,24.011952,0.0],[121.193924,24.010122,0.0],[121.192845,24.009469,0.0],[121.192021,24.009129,0.0],[121.19125,24.008637,0.0],[121.191071,24.008397,0.0],[121.190747,24.007635,0.0],[121.190293,24.007001,0.0],[121.190229,24.006456,0.0],[121.189897,24.006068,0.0],[121.18977,24.005779,0.0],[121.189548,24.005646,0.0],[121.188891,24.00488,0.0],[121.188586,24.004787,0.0],[121.187974,24.004394,0.0],[121.187361,24.004142,0.0],[121.186459,24.00412,0.0],[121.185915,24.00389,0.0],[121.185617,24.003936,0.0],[121.184511,24.003637,0.0],[121.184302,24.00343,0.0],[121.18409,24.003382,0.0],[121.183796,24.003043,0.0],[121.182956,24.003223,0.0],[121.182405,24.003149,0.0],[121.181403,24.002679,0.0],[121.181499,24.002145,0.0],[121.181213,24.001722,0.0],[121.180807,24.001461,0.0],[121.180396,24.001638,0.0],[121.180298,24.001773,0.0],[121.180256,24.001678,0.0],[121.180405,24.00204,0.0],[121.180179,24.002376,0.0],[121.180407,24.003242,0.0],[121.179985,24.003645,0.0],[121.179852,24.003968,0.0],[121.179917,24.004172,0.0],[121.179623,24.004405,0.0],[121.179465,24.004928,0.0],[121.179124,24.005375,0.0],[121.17901,24.005252,0.0],[121.178964,24.005324,0.0],[121.179396,24.0058,0.0],[121.179454,24.006344,0.0],[121.179335,24.006464,0.0],[121.179722,24.006905,0.0],[121.179977,24.007609,0.0],[121.179852,24.008596,0.0],[121.17947,24.008837,0.0],[121.17898,24.008909,0.0],[121.178404,24.009221,0.0],[121.177326,24.010035,0.0],[121.177392,24.010309,0.0],[121.17716,24.010483,0.0],[121.17725,24.010758,0.0],[121.17711,24.011139,0.0],[121.177285,24.011592,0.0],[121.176955,24.011909,0.0],[121.176893,24.012434,0.0],[121.176498,24.013054,0.0],[121.176053,24.013435,0.0],[121.17472,24.013201,0.0],[121.173767,24.013217,0.0],[121.172796,24.014361,0.0],[121.17271,24.014188,0.0],[121.172636,24.014222,0.0],[121.172669,24.0145,0.0],[121.172603,24.014306,0.0],[121.171944,24.013903,0.0],[121.171243,24.012816,0.0],[121.171449,24.012505,0.0],[121.171807,24.011563,0.0],[121.171843,24.011085,0.0],[121.172414,24.010419,0.0],[121.172356,24.009583,0.0],[121.17201,24.009354,0.0],[121.171636,24.009283,0.0],[121.171144,24.009378,0.0],[121.169782,24.008432,0.0],[121.169579,24.007926,0.0],[121.169408,24.007726,0.0],[121.168793,24.007448,0.0],[121.168444,24.007004,0.0],[121.168323,24.006219,0.0],[121.167825,24.0055,0.0],[121.167349,24.004574,0.0],[121.166593,24.003969,0.0],[121.166598,24.003773,0.0],[121.166903,24.0034,0.0],[121.166841,24.002452,0.0],[121.166537,24.001747,0.0],[121.165419,24.000957,0.0],[121.16276,24.00015,0.0],[121.160687,24.000018,0.0],[121.158432,23.99998,0.0],[121.157667,24.000296,0.0],[121.157428,24.00023,0.0],[121.156572,24.000546,0.0],[121.156186,24.001421,0.0],[121.155662,24.001735,0.0],[121.155202,24.002125,0.0],[121.154203,24.00258,0.0],[121.153955,24.002507,0.0],[121.152982,24.003068,0.0],[121.152517,24.004116,0.0],[121.1524,24.004764,0.0],[121.152444,24.005471,0.0],[121.153165,24.006668,0.0],[121.153344,24.007101,0.0],[121.15329,24.007819,0.0],[121.153786,24.008623,0.0],[121.153756,24.008956,0.0],[121.153914,24.009533,0.0],[121.153647,24.010161,0.0],[121.153784,24.011205,0.0],[121.154143,24.011521,0.0],[121.154663,24.012699,0.0],[121.154731,24.01314,0.0],[121.155029,24.013924,0.0],[121.155426,24.014647,0.0],[121.155755,24.015089,0.0],[121.156038,24.015173,0.0],[121.155602,24.016507,0.0],[121.155622,24.016699,0.0],[121.15578,24.016727,0.0],[121.155327,24.017014,0.0],[121.154832,24.017723,0.0],[121.154683,24.018537,0.0],[121.15373,24.018751,0.0],[121.153042,24.018682,0.0],[121.152382,24.019088,0.0],[121.15112,24.019541,0.0],[121.149717,24.01975,0.0],[121.148666,24.019771,0.0],[121.147404,24.019955,0.0],[121.147099,24.020069,0.0],[121.146533,24.020434,0.0],[121.146064,24.020371,0.0],[121.145346,24.020564,0.0],[121.14444,24.020575,0.0],[121.143944,24.020751,0.0],[121.143435,24.02134,0.0],[121.143115,24.021383,0.0],[121.14279,24.021329,0.0],[121.14191,24.020875,0.0],[121.141627,24.020376,0.0],[121.141623,24.020119,0.0],[121.141851,24.019541,0.0],[121.141794,24.019178,0.0],[121.142063,24.018801,0.0],[121.141814,24.017947,0.0],[121.141716,24.016937,0.0],[121.141432,24.016311,0.0],[121.141417,24.01592,0.0],[121.140878,24.014943,0.0],[121.140978,24.014142,0.0],[121.14032,24.01358,0.0],[121.139606,24.013302,0.0],[121.13941,24.013012,0.0],[121.139526,24.012492,0.0],[121.139849,24.011831,0.0],[121.139476,24.011674,0.0],[121.139409,24.011575,0.0],[121.139549,24.01129,0.0],[121.139485,24.010734,0.0],[121.139738,24.010423,0.0],[121.139477,24.010244,0.0],[121.139137,24.01015,0.0],[121.139008,24.010009,0.0],[121.13904,24.009831,0.0],[121.139222,24.009809,0.0],[121.139331,24.009675,0.0],[121.139332,24.0089,0.0],[121.139434,24.008617,0.0],[121.138955,24.007888,0.0],[121.138799,24.007761,0.0],[121.138795,24.007419,0.0],[121.138392,24.006717,0.0],[121.138468,24.00625,0.0],[121.138403,24.005634,0.0],[121.138619,24.004722,0.0],[121.138619,24.00437,0.0],[121.138916,24.003477,0.0],[121.138964,24.002985,0.0],[121.139086,24.002739,0.0],[121.139415,24.001237,0.0],[121.139545,24.001103,0.0],[121.139872,24.001089,0.0],[121.14005,24.000995,0.0],[121.139832,24.000681,0.0],[121.139549,24.000554,0.0],[121.139429,24.000346,0.0],[121.13969,23.999273,0.0],[121.139725,23.998705,0.0],[121.139861,23.998597,0.0],[121.140162,23.99857,0.0],[121.139687,23.998099,0.0],[121.139647,23.997658,0.0],[121.139534,23.997357,0.0],[121.139405,23.997292,0.0],[121.139402,23.99697,0.0],[121.139243,23.996708,0.0],[121.139423,23.996726,0.0],[121.139551,23.996655,0.0],[121.139575,23.996552,0.0],[121.139396,23.996172,0.0],[121.139625,23.996019,0.0],[121.139633,23.995932,0.0],[121.139448,23.99574,0.0],[121.139346,23.995471,0.0],[121.139138,23.995371,0.0],[121.139028,23.995121,0.0],[121.13907,23.994719,0.0],[121.139322,23.994124,0.0],[121.139086,23.994004,0.0],[121.139071,23.993774,0.0],[121.138969,23.993678,0.0],[121.138998,23.993546,0.0],[121.138765,23.993311,0.0],[121.138728,23.993006,0.0],[121.139648,23.992109,0.0],[121.140224,23.992176,0.0],[121.140447,23.992134,0.0],[121.140673,23.991829,0.0],[121.141003,23.991657,0.0],[121.141079,23.991495,0.0],[121.14156,23.991478,0.0],[121.142738,23.991041,0.0],[121.142902,23.990887,0.0],[121.14199,23.990998,0.0],[121.141401,23.990943,0.0],[121.140559,23.991154,0.0],[121.139964,23.991477,0.0],[121.139516,23.991194,0.0],[121.138936,23.991132,0.0],[121.138903,23.990776,0.0],[121.138688,23.990447,0.0],[121.138804,23.990128,0.0],[121.139042,23.989807,0.0],[121.13914,23.9894,0.0],[121.139397,23.989055,0.0],[121.139269,23.988822,0.0],[121.139236,23.988515,0.0],[121.139293,23.987828,0.0],[121.138899,23.986755,0.0],[121.138597,23.986244,0.0],[121.13867,23.985828,0.0],[121.138613,23.985554,0.0],[121.138746,23.985312,0.0],[121.138621,23.984885,0.0],[121.138484,23.984764,0.0],[121.138639,23.984295,0.0],[121.138632,23.98308,0.0],[121.138776,23.982794,0.0],[121.138853,23.982049,0.0],[121.139155,23.981617,0.0],[121.139136,23.981375,0.0],[121.139578,23.981105,0.0],[121.139169,23.980411,0.0],[121.139111,23.9796,0.0],[121.138779,23.979463,0.0],[121.138685,23.979707,0.0],[121.138555,23.979792,0.0],[121.13745,23.979649,0.0],[121.13651,23.979955,0.0],[121.136092,23.979754,0.0],[121.135794,23.979956,0.0],[121.13569,23.97979,0.0],[121.135571,23.979915,0.0],[121.134686,23.980001,0.0],[121.1343,23.980211,0.0],[121.133571,23.981088,0.0],[121.133304,23.981781,0.0],[121.133191,23.982811,0.0],[121.132732,23.982965,0.0],[121.132621,23.983301,0.0],[121.13212,23.983699,0.0],[121.131588,23.983869,0.0],[121.131599,23.98395,0.0],[121.131757,23.984044,0.0],[121.132011,23.983991,0.0],[121.132683,23.984127,0.0],[121.132611,23.984563,0.0],[121.132724,23.984903,0.0],[121.132491,23.985775,0.0],[121.132225,23.986021,0.0],[121.132042,23.98602,0.0],[121.131968,23.98642,0.0],[121.131876,23.986482,0.0],[121.131668,23.987067,0.0],[121.131549,23.987873,0.0],[121.131708,23.988104,0.0],[121.131714,23.988501,0.0],[121.131477,23.988678,0.0],[121.131214,23.988717,0.0],[121.130586,23.988429,0.0],[121.130893,23.988812,0.0],[121.130886,23.989064,0.0],[121.131099,23.98925,0.0],[121.13138,23.989358,0.0],[121.131639,23.989169,0.0],[121.131813,23.989208,0.0],[121.131762,23.989429,0.0],[121.131551,23.989688,0.0],[121.131698,23.989881,0.0],[121.131705,23.990063,0.0],[121.131585,23.990344,0.0],[121.131734,23.990695,0.0],[121.131706,23.991318,0.0],[121.131904,23.991975,0.0],[121.131804,23.992133,0.0],[121.131375,23.99225,0.0],[121.130555,23.992086,0.0],[121.130284,23.99222,0.0],[121.13039,23.992323,0.0],[121.13061,23.992363,0.0],[121.131084,23.992605,0.0],[121.131389,23.992552,0.0],[121.13185,23.99267,0.0],[121.132364,23.99256,0.0],[121.132638,23.99269,0.0],[121.132829,23.993013,0.0],[121.132792,23.993371,0.0],[121.132866,23.99356,0.0],[121.133145,23.993777,0.0],[121.133311,23.994087,0.0],[121.13395,23.994577,0.0],[121.134125,23.994875,0.0],[121.134006,23.995112,0.0],[121.134041,23.995606,0.0],[121.133942,23.995985,0.0],[121.133787,23.996219,0.0],[121.133641,23.99624,0.0],[121.133292,23.996513,0.0],[121.132574,23.996614,0.0],[121.132966,23.997067,0.0],[121.132867,23.997335,0.0],[121.132884,23.998069,0.0],[121.132673,23.998476,0.0],[121.132582,23.999171,0.0],[121.133181,23.999907,0.0],[121.13333,24.000287,0.0],[121.133216,24.000366,0.0],[121.13298,24.000328,0.0],[121.132599,24.000412,0.0],[121.132357,24.000828,0.0],[121.132841,24.000897,0.0],[121.133524,24.001324,0.0],[121.133672,24.001934,0.0],[121.133448,24.003277,0.0],[121.133,24.003645,0.0],[121.132955,24.003984,0.0],[121.132682,24.004353,0.0],[121.132713,24.004561,0.0],[121.132641,24.004703,0.0],[121.132427,24.004772,0.0],[121.132157,24.005071,0.0],[121.132528,24.005091,0.0],[121.132714,24.005181,0.0],[121.132925,24.005594,0.0],[121.132925,24.005956,0.0],[121.133163,24.006115,0.0],[121.133574,24.006712,0.0],[121.133764,24.006857,0.0],[121.133996,24.007323,0.0],[121.133929,24.007767,0.0],[121.133584,24.007903,0.0],[121.133479,24.008061,0.0],[121.133464,24.008142,0.0],[121.133722,24.008327,0.0],[121.133735,24.008446,0.0],[121.133591,24.008626,0.0],[121.133503,24.008921,0.0],[121.133171,24.009269,0.0],[121.133188,24.00995,0.0],[121.13333,24.010387,0.0],[121.133788,24.010889,0.0],[121.134171,24.011575,0.0],[121.134051,24.011771,0.0],[121.134047,24.011956,0.0],[121.133829,24.012178,0.0],[121.13379,24.012355,0.0],[121.133926,24.012368,0.0],[121.134627,24.012022,0.0],[121.134852,24.012016,0.0],[121.134948,24.012181,0.0],[121.134977,24.012514,0.0],[121.134344,24.012861,0.0],[121.133944,24.013342,0.0],[121.133853,24.014043,0.0],[121.134059,24.014857,0.0],[121.133785,24.015548,0.0],[121.134245,24.016235,0.0],[121.134311,24.016503,0.0],[121.134689,24.016908,0.0],[121.135088,24.017579,0.0],[121.133703,24.017677,0.0],[121.133659,24.018141,0.0],[121.133453,24.018615,0.0],[121.132686,24.019,0.0],[121.132011,24.019545,0.0],[121.131648,24.019521,0.0],[121.130801,24.017191,0.0],[121.130225,24.015885,0.0],[121.129612,24.014757,0.0],[121.129373,24.014324,0.0],[121.128181,24.012787,0.0],[121.126655,24.010064,0.0],[121.125601,24.008511,0.0],[121.125009,24.006841,0.0],[121.124719,24.004936,0.0],[121.124266,24.003568,0.0],[121.123745,24.002746,0.0],[121.122909,24.00174,0.0],[121.122469,24.000957,0.0],[121.12234,24.00053,0.0],[121.122205,23.998713,0.0],[121.122304,23.997704,0.0],[121.122636,23.996896,0.0],[121.122599,23.996704,0.0],[121.122451,23.99643,0.0],[121.121346,23.995807,0.0],[121.120812,23.995332,0.0],[121.120434,23.994916,0.0],[121.120218,23.994484,0.0],[121.119876,23.994247,0.0],[121.119011,23.992869,0.0],[121.119082,23.993058,0.0],[121.118794,23.993226,0.0],[121.11792,23.992514,0.0],[121.117896,23.991805,0.0],[121.118062,23.990479,0.0],[121.117955,23.990003,0.0],[121.117956,23.989175,0.0],[121.117737,23.98881,0.0],[121.117228,23.988324,0.0],[121.117327,23.988368,0.0],[121.119182,23.987683,0.0],[121.119449,23.987741,0.0],[121.119892,23.987119,0.0],[121.12045,23.986938,0.0],[121.120564,23.986687,0.0],[121.121311,23.986143,0.0],[121.121558,23.985815,0.0],[121.121808,23.985263,0.0],[121.122443,23.984639,0.0],[121.123268,23.983532,0.0],[121.123984,23.983137,0.0],[121.124763,23.983171,0.0],[121.125542,23.983441,0.0],[121.126279,23.983272,0.0],[121.126613,23.983327,0.0],[121.12718,23.982994,0.0],[121.127768,23.982885,0.0],[121.129365,23.981979,0.0],[121.129991,23.981075,0.0],[121.130595,23.980566,0.0],[121.131537,23.979987,0.0],[121.133571,23.979194,0.0],[121.134062,23.979295,0.0],[121.133988,23.979749,0.0],[121.134067,23.979717,0.0],[121.133981,23.979981,0.0],[121.134222,23.979659,0.0],[121.135579,23.97937,0.0],[121.13569,23.979271,0.0],[121.137228,23.978823,0.0],[121.139705,23.978904,0.0],[121.139744,23.978957,0.0],[121.139753,23.978879,0.0],[121.140729,23.978193,0.0],[121.140519,23.977501,0.0],[121.141446,23.977115,0.0],[121.141827,23.976831,0.0],[121.14229,23.976767,0.0],[121.142434,23.976827,0.0],[121.142855,23.976584,0.0],[121.143653,23.976337,0.0],[121.143976,23.976165,0.0],[121.144753,23.975681,0.0],[121.144912,23.975651,0.0],[121.145598,23.974977,0.0],[121.146299,23.974516,0.0],[121.146572,23.973949,0.0],[121.146846,23.973705,0.0],[121.147645,23.97335,0.0],[121.147962,23.973279,0.0],[121.148415,23.972988,0.0],[121.148895,23.972989,0.0],[121.149289,23.972795,0.0],[121.149741,23.972747,0.0],[121.149938,23.972582,0.0],[121.149961,23.972395,0.0],[121.150213,23.972184,0.0],[121.15056,23.972122,0.0],[121.151046,23.9716,0.0],[121.151228,23.971545,0.0],[121.151298,23.971432,0.0],[121.151372,23.970839,0.0],[121.15192,23.969937,0.0],[121.151957,23.969622,0.0],[121.152183,23.969328,0.0],[121.152176,23.968998,0.0],[121.152722,23.967697,0.0],[121.152758,23.967256,0.0],[121.153081,23.966994,0.0],[121.153192,23.96654,0.0],[121.153221,23.965283,0.0],[121.153373,23.964689,0.0],[121.153552,23.964462,0.0],[121.15373,23.963885,0.0],[121.153667,23.963576,0.0],[121.153711,23.963122,0.0],[121.153508,23.96178,0.0],[121.153945,23.961039,0.0],[121.154766,23.960414,0.0],[121.155026,23.959862,0.0],[121.155254,23.959271,0.0],[121.155212,23.959048,0.0],[121.155654,23.957548,0.0],[121.155735,23.957584,0.0],[121.155666,23.957507,0.0],[121.155724,23.957498,0.0],[121.155684,23.957442,0.0],[121.15588,23.956558,0.0],[121.153575,23.956975,0.0],[121.15108,23.957179,0.0],[121.149341,23.956696,0.0],[121.146747,23.957858,0.0],[121.146147,23.958432,0.0],[121.145475,23.958826,0.0],[121.143705,23.959622,0.0],[121.142908,23.959519,0.0],[121.142434,23.959069,0.0],[121.142073,23.958382,0.0],[121.141832,23.95827,0.0],[121.140345,23.958733,0.0],[121.139416,23.95877,0.0],[121.138974,23.958342,0.0],[121.138975,23.958562,0.0],[121.138601,23.957703,0.0],[121.137811,23.957822,0.0],[121.136706,23.958916,0.0],[121.136462,23.95969,0.0],[121.133772,23.96004,0.0],[121.13295,23.959188,0.0],[121.132608,23.958461,0.0],[121.132844,23.956672,0.0],[121.132189,23.956391,0.0],[121.132042,23.956141,0.0],[121.132586,23.955175,0.0],[121.132519,23.954599,0.0],[121.131977,23.954495,0.0],[121.130251,23.955072,0.0],[121.130139,23.955888,0.0],[121.128671,23.956238,0.0],[121.126335,23.954559,0.0],[121.125923,23.953785,0.0],[121.125595,23.952704,0.0],[121.126252,23.951222,0.0],[121.127677,23.95099,0.0],[121.128166,23.951726,0.0],[121.129883,23.951187,0.0],[121.130423,23.950771,0.0],[121.130318,23.949887,0.0],[121.130476,23.949609,0.0],[121.130941,23.949668,0.0],[121.132338,23.949029,0.0],[121.132472,23.948019,0.0],[121.13215,23.947471,0.0],[121.131753,23.947857,0.0],[121.130951,23.947368,0.0],[121.130485,23.947599,0.0],[121.130167,23.94747,0.0],[121.129776,23.947083,0.0],[121.129267,23.947035,0.0],[121.129086,23.9475,0.0],[121.128642,23.947562,0.0],[121.128418,23.947483,0.0],[121.127235,23.945523,0.0],[121.125891,23.94513,0.0],[121.123564,23.946378,0.0],[121.122735,23.946548,0.0],[121.120783,23.946028,0.0],[121.119859,23.945914,0.0],[121.119185,23.946014,0.0],[121.118665,23.946671,0.0],[121.117413,23.946673,0.0],[121.116359,23.946536,0.0],[121.11546,23.94718,0.0],[121.11446,23.947395,0.0],[121.11339,23.94684,0.0],[121.112437,23.946924,0.0],[121.112009,23.947329,0.0],[121.111539,23.948694,0.0],[121.110996,23.949023,0.0],[121.109339,23.948829,0.0],[121.10692,23.948784,0.0],[121.106131,23.949292,0.0],[121.106108,23.948891,0.0],[121.105858,23.948517,0.0],[121.105769,23.948205,0.0],[121.105205,23.947394,0.0],[121.105097,23.947102,0.0],[121.104819,23.946893,0.0],[121.104544,23.946837,0.0],[121.104093,23.946611,0.0],[121.103382,23.945972,0.0],[121.100167,23.945222,0.0],[121.099068,23.944108,0.0],[121.098783,23.943926,0.0],[121.098838,23.943537,0.0],[121.098278,23.943058,0.0],[121.098032,23.942706,0.0],[121.097962,23.94206,0.0],[121.097089,23.941851,0.0],[121.09677,23.941256,0.0],[121.096712,23.941304,0.0],[121.095827,23.940758,0.0],[121.095199,23.939981,0.0],[121.093901,23.93913,0.0],[121.09425,23.93885,0.0],[121.094463,23.938514,0.0],[121.095034,23.938002,0.0],[121.095196,23.937166,0.0],[121.095075,23.935309,0.0],[121.094908,23.935033,0.0],[121.094216,23.934571,0.0],[121.093838,23.933871,0.0],[121.093729,23.933875,0.0],[121.093586,23.933379,0.0],[121.093339,23.933159,0.0],[121.093042,23.932415,0.0],[121.093153,23.932108,0.0],[121.093095,23.93172,0.0],[121.092165,23.929904,0.0],[121.091975,23.928989,0.0],[121.091595,23.928238,0.0],[121.090798,23.927801,0.0],[121.090206,23.927982,0.0],[121.089912,23.928179,0.0],[121.088809,23.92852,0.0],[121.088419,23.928446,0.0],[121.088234,23.928243,0.0],[121.087705,23.926933,0.0],[121.086682,23.926326,0.0],[121.086229,23.925896,0.0],[121.085922,23.925728,0.0],[121.08604,23.92544,0.0],[121.085873,23.925076,0.0],[121.085247,23.924306,0.0],[121.084739,23.923924,0.0],[121.0841,23.921615,0.0],[121.084494,23.920686,0.0],[121.084772,23.920732,0.0],[121.085065,23.920652,0.0],[121.085054,23.920511,0.0],[121.084239,23.920502,0.0],[121.083931,23.920229,0.0],[121.08416,23.920077,0.0],[121.084022,23.919853,0.0],[121.08365,23.920059,0.0],[121.082243,23.920469,0.0],[121.082002,23.920627,0.0],[121.081579,23.920675,0.0],[121.080593,23.921246,0.0],[121.078842,23.921227,0.0],[121.077782,23.921349,0.0],[121.077428,23.921089,0.0],[121.076885,23.920948,0.0],[121.076397,23.920516,0.0],[121.076188,23.920066,0.0],[121.076011,23.919874,0.0],[121.075785,23.919841,0.0],[121.075947,23.91867,0.0],[121.074635,23.917722,0.0],[121.073907,23.917637,0.0],[121.073318,23.917956,0.0],[121.07218,23.918409,0.0],[121.070693,23.919202,0.0],[121.070347,23.919682,0.0],[121.070166,23.920294,0.0],[121.069623,23.921241,0.0],[121.069745,23.922482,0.0],[121.069659,23.923119,0.0],[121.069427,23.923275,0.0],[121.069062,23.922865,0.0],[121.068914,23.922834,0.0],[121.068813,23.922703,0.0],[121.067703,23.922039,0.0],[121.067101,23.920574,0.0],[121.066849,23.920331,0.0],[121.065823,23.918207,0.0],[121.065613,23.918087,0.0],[121.065458,23.917274,0.0],[121.064484,23.91627,0.0],[121.06447,23.916071,0.0],[121.063933,23.91605,0.0],[121.063758,23.915908,0.0],[121.063493,23.915977,0.0],[121.063313,23.91593,0.0],[121.062086,23.91488,0.0],[121.061818,23.915031,0.0],[121.061566,23.914961,0.0],[121.061251,23.915189,0.0],[121.060861,23.915312,0.0],[121.060529,23.915277,0.0],[121.060279,23.914731,0.0],[121.06051,23.914683,0.0],[121.061348,23.914202,0.0],[121.062135,23.913325,0.0],[121.06068,23.912559,0.0],[121.06016,23.912489,0.0],[121.05954,23.912468,0.0],[121.058227,23.913731,0.0],[121.058242,23.91484,0.0],[121.05813,23.914878,0.0],[121.058077,23.914736,0.0],[121.05789,23.914963,0.0],[121.056423,23.915045,0.0],[121.055479,23.915257,0.0],[121.055204,23.915493,0.0],[121.054785,23.916311,0.0],[121.054763,23.916929,0.0],[121.054066,23.916148,0.0],[121.054226,23.915209,0.0],[121.054031,23.914456,0.0],[121.056067,23.913091,0.0],[121.056425,23.912996,0.0],[121.056811,23.912464,0.0],[121.05705,23.912254,0.0],[121.057829,23.911048,0.0],[121.058104,23.910869,0.0],[121.058187,23.910634,0.0],[121.058473,23.910337,0.0],[121.058793,23.910296,0.0],[121.059408,23.91047,0.0],[121.059922,23.910063,0.0],[121.060207,23.90955,0.0],[121.060208,23.909116,0.0],[121.060639,23.908112,0.0],[121.060619,23.90789,0.0],[121.060708,23.907592,0.0],[121.061495,23.906693,0.0],[121.061605,23.906625,0.0],[121.061952,23.906701,0.0],[121.062397,23.906441,0.0],[121.062716,23.906432,0.0],[121.063186,23.906109,0.0],[121.063445,23.906021,0.0],[121.064288,23.906047,0.0],[121.064808,23.905616,0.0],[121.065722,23.904405,0.0],[121.066307,23.903815,0.0],[121.066365,23.903612,0.0],[121.066307,23.903249,0.0],[121.066599,23.902231,0.0],[121.067209,23.901929,0.0],[121.06772,23.901149,0.0],[121.068222,23.900808,0.0],[121.06884,23.900227,0.0],[121.069399,23.89993,0.0],[121.070127,23.899341,0.0],[121.070505,23.898932,0.0],[121.071013,23.897865,0.0],[121.071471,23.897753,0.0],[121.071686,23.897298,0.0],[121.071397,23.89716,0.0],[121.071327,23.89701,0.0],[121.070864,23.896882,0.0],[121.06878,23.895233,0.0],[121.068411,23.894627,0.0],[121.066221,23.894752,0.0],[121.06507,23.894515,0.0],[121.06434,23.894251,0.0],[121.064296,23.893747,0.0],[121.063782,23.893107,0.0],[121.059797,23.89273,0.0],[121.059594,23.892925,0.0],[121.058397,23.89249,0.0],[121.056999,23.892318,0.0],[121.056947,23.892154,0.0],[121.057143,23.891945,0.0],[121.057367,23.891893,0.0],[121.057436,23.891808,0.0],[121.057494,23.891222,0.0],[121.057669,23.891035,0.0],[121.057288,23.890977,0.0],[121.056832,23.891081,0.0],[121.056577,23.890734,0.0],[121.056305,23.890532,0.0],[121.055789,23.890394,0.0],[121.055416,23.890464,0.0],[121.055107,23.890341,0.0],[121.054577,23.890664,0.0],[121.054062,23.890486,0.0],[121.053813,23.89047,0.0],[121.053673,23.89016,0.0],[121.053267,23.889707,0.0],[121.052833,23.88962,0.0],[121.052163,23.889855,0.0],[121.051645,23.890273,0.0],[121.051089,23.890368,0.0],[121.048758,23.890178,0.0],[121.047197,23.890364,0.0],[121.046258,23.890168,0.0],[121.046057,23.88971,0.0],[121.045131,23.889099,0.0],[121.044784,23.888761,0.0],[121.045023,23.888774,0.0],[121.045071,23.888671,0.0],[121.043839,23.888806,0.0],[121.043332,23.888776,0.0],[121.043107,23.888673,0.0],[121.041134,23.889394,0.0],[121.041686,23.889619,0.0],[121.040964,23.890162,0.0],[121.040413,23.890138,0.0],[121.040096,23.89026,0.0],[121.039851,23.890258,0.0],[121.039399,23.890609,0.0],[121.039364,23.890935,0.0],[121.03908,23.891019,0.0],[121.039,23.891142,0.0],[121.038656,23.891274,0.0],[121.038603,23.891411,0.0],[121.038212,23.891398,0.0],[121.038073,23.891464,0.0],[121.037921,23.891715,0.0],[121.037525,23.89191,0.0],[121.036738,23.892025,0.0],[121.036563,23.892378,0.0],[121.03613,23.892672,0.0],[121.036081,23.89266,0.0],[121.036153,23.892604,0.0],[121.034997,23.892324,0.0],[121.034469,23.892346,0.0],[121.033989,23.892259,0.0],[121.033656,23.892416,0.0],[121.032729,23.892322,0.0],[121.032096,23.892538,0.0],[121.031912,23.89265,0.0],[121.032018,23.892795,0.0],[121.031761,23.893088,0.0],[121.031263,23.893471,0.0],[121.030871,23.894367,0.0],[121.030291,23.89535,0.0],[121.030118,23.895379,0.0],[121.02979,23.895877,0.0],[121.029561,23.895941,0.0],[121.028907,23.896615,0.0],[121.028835,23.896728,0.0],[121.028813,23.89715,0.0],[121.028636,23.897454,0.0],[121.028091,23.897966,0.0],[121.027006,23.898742,0.0],[121.026689,23.898842,0.0],[121.026112,23.899338,0.0],[121.025133,23.900364,0.0],[121.025092,23.900238,0.0],[121.024764,23.900338,0.0],[121.022759,23.900392,0.0],[121.022792,23.900314,0.0],[121.022105,23.899158,0.0],[121.021848,23.898459,0.0],[121.021636,23.898109,0.0],[121.020913,23.897612,0.0],[121.020525,23.896788,0.0],[121.019993,23.894813,0.0],[121.019942,23.893998,0.0],[121.019836,23.893581,0.0],[121.019922,23.892734,0.0],[121.019803,23.891938,0.0],[121.01875,23.891904,0.0],[121.017453,23.891687,0.0],[121.016992,23.891683,0.0],[121.016681,23.891888,0.0],[121.016065,23.89253,0.0],[121.015641,23.892801,0.0],[121.014396,23.893397,0.0],[121.013617,23.893598,0.0],[121.013,23.894119,0.0],[121.01262,23.894198,0.0],[121.012227,23.894108,0.0],[121.01062,23.894104,0.0],[121.010712,23.893598,0.0],[121.010531,23.893192,0.0],[121.009945,23.892506,0.0],[121.009533,23.891783,0.0],[121.008996,23.891142,0.0],[121.00869,23.890937,0.0],[121.008283,23.890827,0.0],[121.007966,23.890508,0.0],[121.007236,23.890052,0.0],[121.006879,23.889933,0.0],[121.00671,23.889733,0.0],[121.006203,23.889466,0.0],[121.006004,23.889278,0.0],[121.005343,23.88822,0.0],[121.003979,23.886683,0.0],[121.003855,23.8859,0.0],[121.003282,23.884836,0.0],[121.003,23.884044,0.0],[121.002863,23.883227,0.0],[121.00282,23.881916,0.0],[121.002185,23.880489,0.0],[121.002029,23.879148,0.0],[121.002172,23.878726,0.0],[121.002297,23.877787,0.0],[121.00246,23.877408,0.0],[121.002923,23.876774,0.0],[121.003396,23.875557,0.0],[121.003991,23.874514,0.0],[121.004026,23.873783,0.0],[121.004652,23.873135,0.0],[121.004754,23.872785,0.0],[121.006189,23.871717,0.0],[121.006856,23.87104,0.0],[121.007267,23.870789,0.0],[121.007907,23.870164,0.0],[121.008613,23.869798,0.0],[121.009,23.869735,0.0],[121.008805,23.869116,0.0],[121.008102,23.868342,0.0],[121.007813,23.867742,0.0],[121.007314,23.866275,0.0],[121.00673,23.865489,0.0],[121.005823,23.864618,0.0],[121.004832,23.863426,0.0],[121.00417,23.862873,0.0],[121.002391,23.862208,0.0],[121.001964,23.861955,0.0],[121.000997,23.861045,0.0],[121.000711,23.860626,0.0],[121.000419,23.860375,0.0],[120.999603,23.859176,0.0],[120.999256,23.858899,0.0],[120.997586,23.85817,0.0],[120.996946,23.858107,0.0],[120.995169,23.858597,0.0],[120.994332,23.856391,0.0],[120.993505,23.855235,0.0],[120.993499,23.854743,0.0],[120.993003,23.853463,0.0],[120.992946,23.85289,0.0],[120.993002,23.851901,0.0],[120.992924,23.851454,0.0],[120.993163,23.85026,0.0],[120.992981,23.849382,0.0],[120.99299,23.849009,0.0],[120.993299,23.847339,0.0],[120.993223,23.846544,0.0],[120.993256,23.846108,0.0],[120.993493,23.845226,0.0],[120.993488,23.844783,0.0],[120.99336,23.844237,0.0],[120.992972,23.843469,0.0],[120.992853,23.842503,0.0],[120.992942,23.841568,0.0],[120.992901,23.841149,0.0],[120.992653,23.840273,0.0],[120.99268,23.839896,0.0],[120.992603,23.839778,0.0],[120.992939,23.839293,0.0],[120.993402,23.839107,0.0],[120.994082,23.838547,0.0],[120.994361,23.838458,0.0],[120.994535,23.838277,0.0],[120.995139,23.838065,0.0],[120.995536,23.838023,0.0],[120.995927,23.8378,0.0],[120.996084,23.837409,0.0],[120.99641,23.837285,0.0],[120.996644,23.837067,0.0],[120.996799,23.836732,0.0],[120.997205,23.836198,0.0],[120.99737,23.835582,0.0],[120.997536,23.835422,0.0],[120.99771,23.834689,0.0],[120.997915,23.83458,0.0],[120.998045,23.834367,0.0],[120.998097,23.833925,0.0],[120.998957,23.833792,0.0],[120.999233,23.833205,0.0],[120.999917,23.832394,0.0],[121.000098,23.832297,0.0],[121.000364,23.831581,0.0],[121.000341,23.831176,0.0],[121.000544,23.830768,0.0],[121.000707,23.830677,0.0],[121.000815,23.830387,0.0],[121.001398,23.829997,0.0],[121.001704,23.829484,0.0],[121.001771,23.828898,0.0],[121.002374,23.828193,0.0],[121.002626,23.827785,0.0],[121.003419,23.826961,0.0],[121.003589,23.826589,0.0],[121.003469,23.826042,0.0],[121.003614,23.825818,0.0],[121.003845,23.825833,0.0],[121.004111,23.825651,0.0],[121.005095,23.825324,0.0],[121.005717,23.825273,0.0],[121.005942,23.825101,0.0],[121.006116,23.82516,0.0],[121.006986,23.825171,0.0],[121.007544,23.825007,0.0],[121.007769,23.825035,0.0],[121.00807,23.824905,0.0],[121.009249,23.824754,0.0],[121.009481,23.824504,0.0],[121.01027,23.824233,0.0],[121.010873,23.824437,0.0],[121.011235,23.824431,0.0],[121.011354,23.823306,0.0],[121.011512,23.823113,0.0],[121.011574,23.822846,0.0],[121.012195,23.822179,0.0],[121.012284,23.821718,0.0],[121.012494,23.821365,0.0],[121.012677,23.820454,0.0],[121.013562,23.820498,0.0],[121.014228,23.82081,0.0],[121.014737,23.820486,0.0],[121.015342,23.820285,0.0],[121.016114,23.820599,0.0],[121.016484,23.820458,0.0],[121.016982,23.820653,0.0],[121.017655,23.820584,0.0],[121.018162,23.820808,0.0],[121.019196,23.820454,0.0],[121.019816,23.819979,0.0],[121.020346,23.819744,0.0],[121.021182,23.819632,0.0],[121.021867,23.819277,0.0],[121.022739,23.819119,0.0],[121.023566,23.818833,0.0],[121.024692,23.818379,0.0],[121.02504,23.818078,0.0],[121.026139,23.817985,0.0],[121.026895,23.81773,0.0],[121.027442,23.817843,0.0],[121.027528,23.817696,0.0],[121.027819,23.817561,0.0],[121.028331,23.815852,0.0],[121.029567,23.813651,0.0],[121.028822,23.812612,0.0],[121.028715,23.812297,0.0],[121.02875,23.812047,0.0],[121.029289,23.811855,0.0],[121.029965,23.81147,0.0],[121.03165,23.810313,0.0],[121.030893,23.809823,0.0],[121.030619,23.809838,0.0],[121.03039,23.809658,0.0],[121.029628,23.809591,0.0],[121.028453,23.809322,0.0],[121.028148,23.80935,0.0],[121.027436,23.80981,0.0],[121.027221,23.809847,0.0],[121.026601,23.809664,0.0],[121.026461,23.809468,0.0],[121.026076,23.809224,0.0],[121.026206,23.808669,0.0],[121.025948,23.80836,0.0],[121.025916,23.80795,0.0],[121.026032,23.807775,0.0],[121.025933,23.807433,0.0],[121.026012,23.807151,0.0],[121.025585,23.806993,0.0],[121.024838,23.806384,0.0],[121.024314,23.805642,0.0],[121.023741,23.804546,0.0],[121.023467,23.804284,0.0],[121.023048,23.804456,0.0],[121.022887,23.804625,0.0],[121.022736,23.804983,0.0],[121.022757,23.805763,0.0],[121.022948,23.806277,0.0],[121.022791,23.805372,0.0],[121.022799,23.80495,0.0],[121.023252,23.804388,0.0],[121.023369,23.804368,0.0],[121.02373,23.804634,0.0],[121.023673,23.804715,0.0],[121.023915,23.805058,0.0],[121.023769,23.805065,0.0],[121.023636,23.805222,0.0],[121.023653,23.805334,0.0],[121.023779,23.80542,0.0],[121.024029,23.805367,0.0],[121.024249,23.805724,0.0],[121.024157,23.805729,0.0],[121.023923,23.806051,0.0],[121.023742,23.806154,0.0],[121.023832,23.806387,0.0],[121.023909,23.80622,0.0],[121.024105,23.806328,0.0],[121.024163,23.806259,0.0],[121.024082,23.806109,0.0],[121.024363,23.805953,0.0],[121.025074,23.806688,0.0],[121.02508,23.806848,0.0],[121.024768,23.807401,0.0],[121.023979,23.80742,0.0],[121.024119,23.807688,0.0],[121.023397,23.808429,0.0],[121.023516,23.809096,0.0],[121.023925,23.80976,0.0],[121.023786,23.810153,0.0],[121.023743,23.811139,0.0],[121.022961,23.809939,0.0],[121.020935,23.808421,0.0],[121.019991,23.808398,0.0],[121.018898,23.807829,0.0],[121.018655,23.807611,0.0],[121.01861,23.807685,0.0],[121.018394,23.80639,0.0],[121.018478,23.805828,0.0],[121.018901,23.805103,0.0],[121.018949,23.804664,0.0],[121.018769,23.804359,0.0],[121.018321,23.804425,0.0],[121.01645,23.805704,0.0],[121.015932,23.805674,0.0],[121.014881,23.805378,0.0],[121.014166,23.804976,0.0],[121.013682,23.805147,0.0],[121.013264,23.805521,0.0],[121.013214,23.805997,0.0],[121.012763,23.806522,0.0],[121.012179,23.80692,0.0],[121.011178,23.806938,0.0],[121.009465,23.80728,0.0],[121.009244,23.807676,0.0],[121.007666,23.807717,0.0],[121.007513,23.807637,0.0],[121.006081,23.807404,0.0],[121.006066,23.80724,0.0],[121.003547,23.806759,0.0],[121.0031,23.806712,0.0],[121.002804,23.806781,0.0],[121.002494,23.806607,0.0],[121.002271,23.806356,0.0],[121.002198,23.806009,0.0],[121.00271,23.804181,0.0],[121.003406,23.803596,0.0],[121.004539,23.803034,0.0],[121.005206,23.802792,0.0],[121.007351,23.802412,0.0],[121.008439,23.801982,0.0],[121.008619,23.801694,0.0],[121.008614,23.801411,0.0],[121.007811,23.800621,0.0],[121.007727,23.800355,0.0],[121.006627,23.800405,0.0],[121.004914,23.801294,0.0],[121.004563,23.801138,0.0],[121.004354,23.800896,0.0],[121.004237,23.800869,0.0],[121.00395,23.800338,0.0],[121.003458,23.799815,0.0],[121.003456,23.799637,0.0],[121.003105,23.799351,0.0],[121.002329,23.798263,0.0],[121.001918,23.797875,0.0],[121.002071,23.797828,0.0],[121.002302,23.797599,0.0],[121.002505,23.797286,0.0],[121.002786,23.797131,0.0],[121.00282,23.796592,0.0],[121.002904,23.796592,0.0],[121.003119,23.794522,0.0],[121.003247,23.794318,0.0],[121.003561,23.793184,0.0],[121.004438,23.792646,0.0],[121.004587,23.792343,0.0],[121.005287,23.791746,0.0],[121.005751,23.791564,0.0],[121.006288,23.79116,0.0],[121.006506,23.791164,0.0],[121.006616,23.791043,0.0],[121.006618,23.790921,0.0],[121.00704,23.790519,0.0],[121.00774,23.790098,0.0],[121.007715,23.790036,0.0],[121.007863,23.789912,0.0],[121.007855,23.789497,0.0],[121.008029,23.789076,0.0],[121.007975,23.788498,0.0],[121.008068,23.788278,0.0],[121.0088,23.788036,0.0],[121.01008,23.787091,0.0],[121.010476,23.787076,0.0],[121.010903,23.786916,0.0],[121.011016,23.787274,0.0],[121.010934,23.786889,0.0],[121.011154,23.786786,0.0],[121.010911,23.786611,0.0],[121.010821,23.786239,0.0],[121.009658,23.786035,0.0],[121.009236,23.785785,0.0],[121.008636,23.785627,0.0],[121.007252,23.785,0.0],[121.005778,23.784059,0.0],[121.004545,23.783502,0.0],[121.003174,23.783064,0.0],[121.001222,23.783416,0.0],[121.000578,23.783693,0.0],[120.999255,23.784554,0.0],[120.999052,23.784718,0.0],[120.997772,23.786383,0.0],[120.997407,23.787001,0.0],[120.997105,23.787183,0.0],[120.996313,23.786262,0.0],[120.995873,23.785302,0.0],[120.995331,23.785003,0.0],[120.994925,23.785013,0.0],[120.9938,23.783703,0.0],[120.993428,23.783658,0.0],[120.993326,23.783556,0.0],[120.993234,23.783312,0.0],[120.993034,23.783095,0.0],[120.99298,23.782648,0.0],[120.992259,23.782152,0.0],[120.992019,23.781858,0.0],[120.991211,23.781438,0.0],[120.99095,23.780684,0.0],[120.990944,23.780273,0.0],[120.990705,23.779828,0.0],[120.990626,23.7793,0.0],[120.990271,23.778764,0.0],[120.989668,23.778559,0.0],[120.989166,23.778042,0.0],[120.988961,23.77727,0.0],[120.988778,23.777061,0.0],[120.988641,23.776945,0.0],[120.98835,23.776891,0.0],[120.987609,23.776549,0.0],[120.987526,23.776413,0.0],[120.987698,23.776254,0.0],[120.987465,23.776059,0.0],[120.986499,23.775713,0.0],[120.986308,23.775514,0.0],[120.986291,23.775359,0.0],[120.985865,23.774969,0.0],[120.985025,23.774521,0.0],[120.984514,23.773775,0.0],[120.984594,23.773705,0.0],[120.98456,23.773318,0.0],[120.984064,23.77192,0.0],[120.983541,23.77079,0.0],[120.982421,23.770268,0.0],[120.980856,23.769773,0.0],[120.980433,23.769951,0.0],[120.980093,23.77,0.0],[120.979751,23.769477,0.0],[120.979416,23.769495,0.0],[120.979011,23.769374,0.0],[120.978435,23.768854,0.0],[120.978136,23.768799,0.0],[120.978263,23.768732,0.0],[120.978226,23.76866,0.0],[120.978068,23.768777,0.0],[120.977846,23.768735,0.0],[120.978018,23.769414,0.0],[120.978142,23.770455,0.0],[120.977454,23.772283,0.0],[120.977378,23.772771,0.0],[120.977545,23.773751,0.0],[120.977932,23.774157,0.0],[120.978062,23.77453,0.0],[120.977916,23.774819,0.0],[120.97746,23.775029,0.0],[120.977419,23.775226,0.0],[120.977536,23.775375,0.0],[120.978031,23.775553,0.0],[120.978058,23.775781,0.0],[120.977662,23.775961,0.0],[120.97709,23.775855,0.0],[120.976922,23.775888,0.0],[120.976628,23.776184,0.0],[120.976564,23.776483,0.0],[120.976182,23.776888,0.0],[120.976236,23.777093,0.0],[120.976857,23.77739,0.0],[120.977052,23.777588,0.0],[120.977136,23.777796,0.0],[120.976864,23.777995,0.0],[120.976461,23.778639,0.0],[120.976026,23.779638,0.0],[120.975614,23.779943,0.0],[120.97559,23.78008,0.0],[120.975794,23.780646,0.0],[120.975799,23.780857,0.0],[120.975615,23.781584,0.0],[120.974968,23.782187,0.0],[120.974286,23.783305,0.0],[120.973703,23.783925,0.0],[120.973209,23.784035,0.0],[120.972362,23.783748,0.0],[120.972225,23.78379,0.0],[120.972251,23.783906,0.0],[120.972034,23.784525,0.0],[120.971876,23.784629,0.0],[120.971692,23.784594,0.0],[120.971352,23.784898,0.0],[120.971289,23.785053,0.0],[120.971449,23.784925,0.0],[120.97591,23.785821,0.0],[120.976144,23.786088,0.0],[120.976242,23.786729,0.0],[120.976358,23.786723,0.0],[120.977137,23.787164,0.0],[120.977512,23.787531,0.0],[120.977685,23.787854,0.0],[120.978018,23.788215,0.0],[120.978517,23.789113,0.0],[120.978725,23.789324,0.0],[120.979118,23.789608,0.0],[120.980371,23.789589,0.0],[120.980874,23.789738,0.0],[120.981208,23.790026,0.0],[120.981309,23.790593,0.0],[120.981568,23.790892,0.0],[120.981764,23.790985,0.0],[120.98202,23.791394,0.0],[120.982196,23.791517,0.0],[120.980918,23.793211,0.0],[120.980839,23.793699,0.0],[120.980673,23.794048,0.0],[120.980824,23.794201,0.0],[120.981032,23.794249,0.0],[120.981211,23.795101,0.0],[120.980215,23.794329,0.0],[120.978979,23.793916,0.0],[120.978853,23.793927,0.0],[120.978364,23.794094,0.0],[120.976253,23.795597,0.0],[120.975739,23.795429,0.0],[120.974925,23.795619,0.0],[120.972238,23.796957,0.0],[120.971897,23.796973,0.0],[120.971275,23.796175,0.0],[120.970639,23.794799,0.0],[120.970463,23.794063,0.0],[120.970434,23.79267,0.0],[120.970194,23.792046,0.0],[120.968962,23.790598,0.0],[120.968371,23.790018,0.0],[120.968371,23.790017,0.0],[120.966462,23.788118,0.0],[120.965903,23.788627,0.0],[120.965378,23.789249,0.0],[120.964343,23.789642,0.0],[120.964393,23.789698,0.0],[120.964249,23.789753,0.0],[120.964484,23.790009,0.0],[120.964809,23.79067,0.0],[120.964889,23.790927,0.0],[120.964805,23.791292,0.0],[120.963855,23.79197,0.0],[120.963542,23.792496,0.0],[120.963727,23.792782,0.0],[120.963566,23.792923,0.0],[120.963711,23.792831,0.0],[120.96364,23.793661,0.0],[120.962828,23.794173,0.0],[120.962272,23.794418,0.0],[120.961853,23.794984,0.0],[120.961431,23.795242,0.0],[120.961029,23.796122,0.0],[120.960937,23.796573,0.0],[120.960587,23.797209,0.0],[120.960824,23.79748,0.0],[120.961106,23.797634,0.0],[120.961769,23.797743,0.0],[120.962012,23.79786,0.0],[120.962082,23.797988,0.0],[120.962161,23.798382,0.0],[120.962151,23.799571,0.0],[120.962275,23.800868,0.0],[120.962548,23.802411,0.0],[120.962905,23.802649,0.0],[120.963089,23.803093,0.0],[120.96297,23.80347,0.0],[120.963062,23.803743,0.0],[120.963111,23.803816,0.0],[120.963708,23.803767,0.0],[120.964324,23.803937,0.0],[120.964729,23.803711,0.0],[120.965066,23.8038,0.0],[120.965674,23.803466,0.0],[120.965986,23.802859,0.0],[120.966461,23.802729,0.0],[120.966754,23.802477,0.0],[120.96668,23.802125,0.0],[120.966875,23.801798,0.0],[120.966832,23.80133,0.0],[120.966991,23.801128,0.0],[120.967042,23.800846,0.0],[120.967614,23.800578,0.0],[120.967704,23.800471,0.0],[120.968125,23.799439,0.0],[120.968337,23.799157,0.0],[120.969383,23.796967,0.0],[120.969586,23.79695,0.0],[120.970942,23.796198,0.0],[120.970929,23.796282,0.0],[120.971453,23.796953,0.0],[120.971935,23.797252,0.0],[120.972938,23.797309,0.0],[120.973071,23.797391,0.0],[120.972654,23.797613,0.0],[120.972595,23.797724,0.0],[120.97252,23.798461,0.0],[120.971493,23.799328,0.0],[120.971466,23.799938,0.0],[120.971368,23.799966,0.0],[120.971307,23.800323,0.0],[120.97116,23.800327,0.0],[120.97115,23.800374,0.0],[120.971353,23.800354,0.0],[120.9714,23.800646,0.0],[120.971312,23.802247,0.0],[120.971179,23.802336,0.0],[120.971406,23.802755,0.0],[120.971312,23.803359,0.0],[120.97137,23.803392,0.0],[120.971368,23.803802,0.0],[120.971307,23.804309,0.0],[120.972093,23.804129,0.0],[120.972874,23.804249,0.0],[120.97326,23.804614,0.0],[120.973943,23.80492,0.0],[120.973846,23.805079,0.0],[120.97493,23.80573,0.0],[120.97523,23.806004,0.0],[120.975362,23.806242,0.0],[120.975474,23.806844,0.0],[120.976171,23.807668,0.0],[120.975905,23.807939,0.0],[120.97622,23.809253,0.0],[120.976565,23.809944,0.0],[120.976669,23.810376,0.0],[120.976782,23.810512,0.0],[120.977141,23.810693,0.0],[120.977678,23.810639,0.0],[120.978761,23.810287,0.0],[120.978963,23.810376,0.0],[120.97959,23.810084,0.0],[120.979628,23.809273,0.0],[120.980283,23.80872,0.0],[120.980404,23.808537,0.0],[120.98089,23.808381,0.0],[120.981728,23.807911,0.0],[120.982176,23.80753,0.0],[120.982802,23.807443,0.0],[120.983936,23.806709,0.0],[120.98426,23.806393,0.0],[120.984614,23.805437,0.0],[120.986531,23.802485,0.0],[120.98656,23.801836,0.0],[120.985899,23.799764,0.0],[120.986662,23.800098,0.0],[120.987003,23.800133,0.0],[120.987243,23.801276,0.0],[120.987529,23.801697,0.0],[120.988028,23.80215,0.0],[120.988168,23.802912,0.0],[120.988196,23.803646,0.0],[120.988865,23.804996,0.0],[120.989194,23.804953,0.0],[120.988917,23.806245,0.0],[120.988934,23.807688,0.0],[120.989131,23.808041,0.0],[120.989,23.80853,0.0],[120.988484,23.809611,0.0],[120.988419,23.810119,0.0],[120.987944,23.81097,0.0],[120.987561,23.811411,0.0],[120.986372,23.812023,0.0],[120.986385,23.812069,0.0],[120.985561,23.812265,0.0],[120.984792,23.813009,0.0],[120.984607,23.813572,0.0],[120.982977,23.815469,0.0],[120.982125,23.816112,0.0],[120.981613,23.81629,0.0],[120.981251,23.816552,0.0],[120.980657,23.816737,0.0],[120.97767,23.818499,0.0],[120.977161,23.81896,0.0],[120.97631,23.820003,0.0],[120.976399,23.820421,0.0],[120.976059,23.821328,0.0],[120.975336,23.822414,0.0],[120.975071,23.82302,0.0],[120.974373,23.823504,0.0],[120.973975,23.824563,0.0],[120.973728,23.824872,0.0],[120.973733,23.82506,0.0],[120.973558,23.825302,0.0],[120.973325,23.82533,0.0],[120.973582,23.825669,0.0],[120.97337,23.825721,0.0],[120.973174,23.825875,0.0],[120.972972,23.826212,0.0],[120.97308,23.827655,0.0],[120.972791,23.828391,0.0],[120.972754,23.828748,0.0],[120.972633,23.828811,0.0],[120.972456,23.829221,0.0],[120.972111,23.829582,0.0],[120.971877,23.829969,0.0],[120.97129,23.830617,0.0],[120.97148,23.831251,0.0],[120.972127,23.83177,0.0],[120.972236,23.832398,0.0],[120.972439,23.83261,0.0],[120.972677,23.832998,0.0],[120.9728,23.833373,0.0],[120.972914,23.833463,0.0],[120.97293,23.833852,0.0],[120.973057,23.834032,0.0],[120.973089,23.834388,0.0],[120.973348,23.83482,0.0],[120.973325,23.835044,0.0],[120.973414,23.835139,0.0],[120.97327,23.835362,0.0],[120.973328,23.835755,0.0],[120.973077,23.836205,0.0],[120.973196,23.83644,0.0],[120.972212,23.838697,0.0],[120.972497,23.839309,0.0],[120.972095,23.839319,0.0],[120.971243,23.839732,0.0],[120.970158,23.84058,0.0],[120.968707,23.841253,0.0],[120.968001,23.841874,0.0],[120.967472,23.841871,0.0],[120.96707,23.841616,0.0],[120.966187,23.840553,0.0],[120.966,23.840228,0.0],[120.965288,23.839704,0.0],[120.964702,23.838907,0.0],[120.963915,23.838225,0.0],[120.963454,23.83815,0.0],[120.962993,23.838177,0.0],[120.962528,23.838362,0.0],[120.961645,23.838556,0.0],[120.960837,23.838913,0.0],[120.960358,23.839012,0.0],[120.960103,23.839296,0.0],[120.959216,23.839653,0.0],[120.958929,23.83987,0.0],[120.958749,23.840312,0.0],[120.958658,23.841068,0.0],[120.958472,23.841531,0.0],[120.957994,23.842341,0.0],[120.957683,23.84261,0.0],[120.957211,23.842732,0.0],[120.956685,23.842978,0.0],[120.956001,23.844079,0.0],[120.955538,23.844483,0.0],[120.953874,23.845302,0.0],[120.953353,23.845426,0.0],[120.952739,23.845438,0.0],[120.951721,23.845659,0.0],[120.951286,23.845821,0.0],[120.950551,23.846155,0.0],[120.950048,23.846539,0.0],[120.949541,23.847749,0.0],[120.948894,23.848841,0.0],[120.948109,23.851001,0.0],[120.948243,23.851453,0.0],[120.948883,23.852794,0.0],[120.949468,23.853523,0.0],[120.949693,23.853955,0.0],[120.949367,23.85518,0.0],[120.949528,23.855986,0.0],[120.949508,23.856465,0.0],[120.949202,23.857799,0.0],[120.948059,23.859106,0.0],[120.947754,23.859966,0.0],[120.947475,23.860352,0.0],[120.946633,23.861036,0.0],[120.946056,23.86174,0.0],[120.945726,23.862627,0.0],[120.944871,23.863864,0.0],[120.94456,23.864668,0.0],[120.944243,23.864997,0.0],[120.943202,23.865378,0.0],[120.942811,23.865692,0.0],[120.942106,23.866525,0.0],[120.941758,23.866748,0.0],[120.940751,23.866843,0.0],[120.939163,23.866623,0.0],[120.93767,23.867347,0.0],[120.937143,23.867458,0.0],[120.936746,23.867681,0.0],[120.936167,23.868227,0.0],[120.935739,23.868518,0.0],[120.935292,23.868658,0.0],[120.934657,23.868728,0.0],[120.93437,23.86868,0.0],[120.933856,23.868172,0.0],[120.932972,23.867717,0.0],[120.931831,23.868333,0.0],[120.930118,23.868762,0.0],[120.929478,23.869315,0.0],[120.928585,23.869779,0.0],[120.928219,23.870091,0.0],[120.927336,23.872201,0.0],[120.92731,23.873192,0.0],[120.926844,23.873192,0.0],[120.9265,23.872919,0.0],[120.926117,23.872905,0.0],[120.925803,23.872406,0.0],[120.925244,23.872299,0.0],[120.923843,23.872906,0.0],[120.92304,23.873389,0.0],[120.92263,23.873318,0.0],[120.922309,23.873043,0.0],[120.921284,23.872636,0.0],[120.920633,23.87248,0.0],[120.919695,23.872419,0.0],[120.919672,23.872253,0.0],[120.919731,23.872229,0.0],[120.919603,23.872201,0.0],[120.918793,23.872179,0.0],[120.918789,23.872498,0.0],[120.917998,23.872686,0.0],[120.91777,23.872453,0.0],[120.91736,23.872403,0.0],[120.917264,23.872698,0.0],[120.916809,23.872702,0.0],[120.916392,23.87334,0.0],[120.915541,23.875293,0.0],[120.915218,23.875461,0.0],[120.913835,23.875137,0.0],[120.91263,23.872519,0.0],[120.911712,23.872237,0.0],[120.911222,23.871825,0.0],[120.910758,23.871269,0.0],[120.910773,23.870947,0.0],[120.910637,23.870398,0.0],[120.91203,23.868619,0.0],[120.912078,23.868292,0.0],[120.911954,23.868218,0.0],[120.912631,23.867485,0.0],[120.912055,23.866589,0.0],[120.912118,23.866586,0.0],[120.91233,23.865711,0.0],[120.912164,23.865493,0.0],[120.912343,23.865402,0.0],[120.912796,23.865372,0.0],[120.91277,23.865203,0.0],[120.914125,23.86493,0.0],[120.914753,23.865137,0.0],[120.915037,23.865483,0.0],[120.915137,23.865854,0.0],[120.91504,23.866483,0.0],[120.915143,23.866772,0.0],[120.915045,23.866842,0.0],[120.91571,23.867328,0.0],[120.915709,23.867477,0.0],[120.916172,23.868316,0.0],[120.916235,23.868297,0.0],[120.916295,23.868474,0.0],[120.91649,23.86852,0.0],[120.916639,23.868718,0.0],[120.916575,23.869578,0.0],[120.916683,23.870089,0.0],[120.916726,23.87104,0.0],[120.916572,23.87137,0.0],[120.916403,23.871538,0.0],[120.916444,23.871718,0.0],[120.916812,23.871744,0.0],[120.917048,23.87163,0.0],[120.917229,23.871711,0.0],[120.917461,23.8716,0.0],[120.917802,23.871667,0.0],[120.91806,23.871929,0.0],[120.918309,23.872038,0.0],[120.918667,23.871971,0.0],[120.918881,23.872028,0.0],[120.919234,23.871941,0.0],[120.919426,23.87208,0.0],[120.920358,23.872003,0.0],[120.920993,23.871249,0.0],[120.921118,23.871221,0.0],[120.921378,23.871394,0.0],[120.92124,23.871683,0.0],[120.921415,23.872188,0.0],[120.921782,23.871992,0.0],[120.922016,23.872199,0.0],[120.922446,23.872138,0.0],[120.922584,23.87235,0.0],[120.923036,23.872477,0.0],[120.923142,23.872398,0.0],[120.923272,23.872407,0.0],[120.923266,23.872338,0.0],[120.922986,23.872005,0.0],[120.922923,23.871495,0.0],[120.922459,23.871036,0.0],[120.922402,23.870856,0.0],[120.92247,23.870498,0.0],[120.922651,23.870518,0.0],[120.92293,23.870365,0.0],[120.922728,23.869756,0.0],[120.92284,23.86952,0.0],[120.922987,23.869503,0.0],[120.923524,23.869831,0.0],[120.923657,23.869814,0.0],[120.923853,23.869651,0.0],[120.924136,23.869759,0.0],[120.924525,23.870122,0.0],[120.924403,23.8704,0.0],[120.92448,23.870588,0.0],[120.924921,23.870785,0.0],[120.925377,23.871279,0.0],[120.92559,23.871389,0.0],[120.925651,23.871052,0.0],[120.925569,23.870524,0.0],[120.925268,23.870015,0.0],[120.925505,23.868647,0.0],[120.926018,23.868281,0.0],[120.926244,23.868277,0.0],[120.926474,23.868564,0.0],[120.926994,23.868252,0.0],[120.927383,23.868391,0.0],[120.927722,23.86812,0.0],[120.92767,23.867708,0.0],[120.927343,23.867489,0.0],[120.927334,23.867326,0.0],[120.927475,23.866972,0.0],[120.927947,23.866292,0.0],[120.927967,23.866108,0.0],[120.927899,23.865938,0.0],[120.927603,23.865723,0.0],[120.927493,23.865367,0.0],[120.926489,23.865081,0.0],[120.92637,23.86467,0.0],[120.926492,23.864486,0.0],[120.92702,23.864837,0.0],[120.927603,23.864885,0.0],[120.927998,23.865049,0.0],[120.928441,23.864909,0.0],[120.928823,23.864968,0.0],[120.929263,23.864589,0.0],[120.929516,23.864589,0.0],[120.92969,23.86491,0.0],[120.930465,23.865705,0.0],[120.930593,23.866114,0.0],[120.930981,23.866404,0.0],[120.931283,23.866784,0.0],[120.931411,23.866748,0.0],[120.931617,23.866513,0.0],[120.931862,23.86648,0.0],[120.932031,23.866294,0.0],[120.932197,23.865882,0.0],[120.932456,23.865785,0.0],[120.932844,23.866267,0.0],[120.933184,23.866384,0.0],[120.933235,23.866547,0.0],[120.933499,23.866671,0.0],[120.933731,23.86691,0.0],[120.934863,23.866941,0.0],[120.935211,23.866772,0.0],[120.935375,23.866379,0.0],[120.935542,23.866278,0.0],[120.935275,23.865776,0.0],[120.935575,23.865287,0.0],[120.935703,23.865242,0.0],[120.93604,23.865423,0.0],[120.936097,23.865325,0.0],[120.936645,23.865252,0.0],[120.93693,23.864943,0.0],[120.937108,23.864455,0.0],[120.937129,23.864149,0.0],[120.937051,23.863821,0.0],[120.936857,23.863605,0.0],[120.936855,23.863444,0.0],[120.936758,23.863325,0.0],[120.936818,23.863021,0.0],[120.936647,23.862882,0.0],[120.936687,23.862753,0.0],[120.937077,23.862577,0.0],[120.937202,23.862601,0.0],[120.937232,23.862665,0.0],[120.937551,23.862746,0.0],[120.937579,23.862934,0.0],[120.93774,23.863127,0.0],[120.938008,23.863119,0.0],[120.938426,23.863246,0.0],[120.939016,23.863147,0.0],[120.939591,23.863479,0.0],[120.940125,23.863472,0.0],[120.940724,23.863299,0.0],[120.940812,23.863395,0.0],[120.940817,23.863188,0.0],[120.940953,23.863075,0.0],[120.941683,23.862908,0.0],[120.94198,23.862748,0.0],[120.942079,23.86258,0.0],[120.942115,23.86208,0.0],[120.942498,23.861773,0.0],[120.942662,23.861415,0.0],[120.942322,23.861496,0.0],[120.942074,23.861198,0.0],[120.942213,23.86087,0.0],[120.9425,23.860534,0.0],[120.942496,23.860391,0.0],[120.94204,23.859713,0.0],[120.94189,23.85959,0.0],[120.94183,23.859629,0.0],[120.941796,23.859518,0.0],[120.941733,23.859584,0.0],[120.941626,23.859481,0.0],[120.941693,23.859441,0.0],[120.94149,23.859151,0.0],[120.941527,23.858983,0.0],[120.941101,23.858825,0.0],[120.941042,23.858713,0.0],[120.940908,23.85871,0.0],[120.940392,23.858346,0.0],[120.940115,23.858313,0.0],[120.939646,23.8585,0.0],[120.939441,23.858329,0.0],[120.939031,23.858661,0.0],[120.938738,23.858755,0.0],[120.938417,23.858673,0.0],[120.937884,23.858334,0.0],[120.937314,23.858263,0.0],[120.937118,23.858288,0.0],[120.936843,23.858524,0.0],[120.93639,23.858649,0.0],[120.936073,23.858863,0.0],[120.935671,23.858762,0.0],[120.935629,23.858671,0.0],[120.935695,23.858563,0.0],[120.935899,23.858351,0.0],[120.936019,23.858346,0.0],[120.936354,23.857805,0.0],[120.936456,23.857122,0.0],[120.937052,23.856928,0.0],[120.937155,23.856307,0.0],[120.937068,23.855976,0.0],[120.936853,23.855764,0.0],[120.936264,23.855519,0.0],[120.936023,23.85549,0.0],[120.93493,23.855887,0.0],[120.934318,23.85599,0.0],[120.934005,23.855717,0.0],[120.933993,23.855446,0.0],[120.933869,23.855357,0.0],[120.933746,23.855353,0.0],[120.933336,23.855552,0.0],[120.932956,23.855444,0.0],[120.932868,23.855296,0.0],[120.93291,23.855041,0.0],[120.932979,23.855015,0.0],[120.932969,23.854475,0.0],[120.932619,23.854206,0.0],[120.932448,23.853919,0.0],[120.931762,23.853745,0.0],[120.931631,23.853642,0.0],[120.932288,23.852496,0.0],[120.933337,23.852692,0.0],[120.933468,23.852559,0.0],[120.934023,23.85234,0.0],[120.93499,23.853178,0.0],[120.935274,23.853045,0.0],[120.935898,23.852999,0.0],[120.936211,23.852904,0.0],[120.936033,23.85146,0.0],[120.935865,23.850803,0.0],[120.935405,23.850872,0.0],[120.934937,23.850823,0.0],[120.934797,23.851465,0.0],[120.934566,23.851405,0.0],[120.934526,23.85148,0.0],[120.93445,23.851466,0.0],[120.934624,23.85106,0.0],[120.934711,23.850423,0.0],[120.934662,23.850099,0.0],[120.933796,23.849689,0.0],[120.933125,23.849696,0.0],[120.932799,23.849573,0.0],[120.93183,23.849637,0.0],[120.931999,23.84961,0.0],[120.93284,23.849135,0.0],[120.933111,23.848762,0.0],[120.933139,23.84876,0.0],[120.933099,23.848869,0.0],[120.933542,23.848906,0.0],[120.935485,23.848947,0.0],[120.935964,23.848646,0.0],[120.936098,23.848429,0.0],[120.936217,23.847894,0.0],[120.934659,23.847916,0.0],[120.934205,23.84729,0.0],[120.935159,23.846328,0.0],[120.935338,23.846308,0.0],[120.935392,23.84606,0.0],[120.935324,23.845756,0.0],[120.934189,23.845569,0.0],[120.93409,23.845618,0.0],[120.934044,23.845851,0.0],[120.933875,23.845997,0.0],[120.933664,23.846008,0.0],[120.933646,23.846163,0.0],[120.933454,23.846404,0.0],[120.933175,23.845761,0.0],[120.931995,23.846031,0.0],[120.931809,23.846116,0.0],[120.931645,23.846342,0.0],[120.931462,23.846373,0.0],[120.930582,23.847432,0.0],[120.930377,23.847288,0.0],[120.930283,23.847405,0.0],[120.929242,23.846977,0.0],[120.928944,23.847024,0.0],[120.928908,23.846431,0.0],[120.928621,23.845468,0.0],[120.928981,23.844863,0.0],[120.928995,23.844666,0.0],[120.928791,23.84432,0.0],[120.928788,23.844173,0.0],[120.928615,23.844112,0.0],[120.928403,23.843999,0.0],[120.928387,23.843668,0.0],[120.928251,23.843604,0.0],[120.928251,23.843507,0.0],[120.927608,23.843281,0.0],[120.927717,23.843147,0.0],[120.927489,23.843013,0.0],[120.927275,23.843362,0.0],[120.92781,23.843718,0.0],[120.927977,23.844191,0.0],[120.927667,23.844375,0.0],[120.927156,23.843991,0.0],[120.9269,23.844395,0.0],[120.926653,23.844548,0.0],[120.926734,23.845114,0.0],[120.926627,23.845208,0.0],[120.926418,23.845228,0.0],[120.926408,23.845566,0.0],[120.92552,23.846384,0.0],[120.925412,23.846582,0.0],[120.925361,23.846984,0.0],[120.925443,23.847211,0.0],[120.925147,23.847623,0.0],[120.925248,23.848133,0.0],[120.925174,23.848271,0.0],[120.924986,23.848367,0.0],[120.924958,23.848505,0.0],[120.925203,23.84915,0.0],[120.925149,23.849325,0.0],[120.924931,23.849592,0.0],[120.924488,23.849533,0.0],[120.924377,23.850079,0.0],[120.924248,23.85011,0.0],[120.924011,23.849961,0.0],[120.923683,23.850015,0.0],[120.923613,23.850098,0.0],[120.923715,23.850235,0.0],[120.923951,23.851122,0.0],[120.923844,23.851527,0.0],[120.92324,23.852103,0.0],[120.923131,23.852435,0.0],[120.923177,23.852702,0.0],[120.923107,23.85336,0.0],[120.923299,23.853504,0.0],[120.92335,23.853661,0.0],[120.923068,23.854597,0.0],[120.922922,23.854612,0.0],[120.922817,23.854732,0.0],[120.922654,23.854704,0.0],[120.922372,23.854411,0.0],[120.922358,23.853981,0.0],[120.921498,23.853305,0.0],[120.921041,23.852757,0.0],[120.921146,23.852226,0.0],[120.921066,23.851895,0.0],[120.921537,23.851442,0.0],[120.920936,23.850715,0.0],[120.920837,23.850182,0.0],[120.920466,23.84981,0.0],[120.920325,23.849237,0.0],[120.920336,23.849067,0.0],[120.920596,23.848857,0.0],[120.921112,23.848965,0.0],[120.92129,23.848819,0.0],[120.921287,23.848647,0.0],[120.921116,23.848381,0.0],[120.921356,23.847723,0.0],[120.921238,23.847342,0.0],[120.920726,23.847402,0.0],[120.92052,23.847773,0.0],[120.920051,23.848317,0.0],[120.919085,23.848895,0.0],[120.918874,23.849538,0.0],[120.918491,23.850011,0.0],[120.918349,23.850535,0.0],[120.917837,23.850208,0.0],[120.917426,23.85013,0.0],[120.917198,23.850159,0.0],[120.916879,23.84997,0.0],[120.916412,23.85025,0.0],[120.916086,23.850118,0.0],[120.915893,23.849945,0.0],[120.915528,23.849823,0.0],[120.914934,23.850014,0.0],[120.91472,23.849912,0.0],[120.914514,23.850591,0.0],[120.914509,23.851196,0.0],[120.914363,23.851763,0.0],[120.914457,23.852009,0.0],[120.914388,23.852145,0.0],[120.914633,23.852192,0.0],[120.914668,23.852372,0.0],[120.914432,23.852589,0.0],[120.913951,23.853317,0.0],[120.913782,23.853238,0.0],[120.913461,23.852726,0.0],[120.912253,23.852297,0.0],[120.912253,23.852211,0.0],[120.912489,23.852114,0.0],[120.912614,23.851913,0.0],[120.912782,23.851923,0.0],[120.912801,23.851735,0.0],[120.91268,23.851698,0.0],[120.912629,23.851438,0.0],[120.912618,23.850996,0.0],[120.912728,23.850842,0.0],[120.91306,23.850675,0.0],[120.913244,23.850468,0.0],[120.913293,23.850234,0.0],[120.913254,23.849891,0.0],[120.91307,23.849394,0.0],[120.91258,23.848723,0.0],[120.912515,23.848504,0.0],[120.912535,23.847939,0.0],[120.91247,23.847709,0.0],[120.912546,23.847445,0.0],[120.91246,23.847009,0.0],[120.912668,23.846229,0.0],[120.912875,23.845987,0.0],[120.913201,23.846187,0.0],[120.91332,23.846376,0.0],[120.913351,23.84678,0.0],[120.913516,23.846931,0.0],[120.913572,23.847112,0.0],[120.91374,23.847123,0.0],[120.913801,23.846722,0.0],[120.914214,23.845578,0.0],[120.914912,23.845642,0.0],[120.91541,23.845437,0.0],[120.915562,23.845214,0.0],[120.916203,23.844747,0.0],[120.916652,23.843931,0.0],[120.916538,23.843521,0.0],[120.916266,23.843324,0.0],[120.916317,23.843286,0.0],[120.9155,23.843295,0.0],[120.915153,23.84347,0.0],[120.914972,23.843464,0.0],[120.914773,23.843319,0.0],[120.914381,23.842613,0.0],[120.914119,23.842523,0.0],[120.913829,23.842711,0.0],[120.913609,23.84308,0.0],[120.913238,23.843199,0.0],[120.912998,23.843018,0.0],[120.912911,23.842601,0.0],[120.913426,23.84175,0.0],[120.913704,23.841783,0.0],[120.914001,23.84199,0.0],[120.9145,23.841716,0.0],[120.914595,23.841568,0.0],[120.914939,23.841412,0.0],[120.914917,23.840946,0.0],[120.915465,23.840131,0.0],[120.915929,23.839893,0.0],[120.916339,23.839805,0.0],[120.916866,23.839963,0.0],[120.916831,23.839769,0.0],[120.916946,23.83961,0.0],[120.916855,23.839414,0.0],[120.916032,23.839159,0.0],[120.916014,23.838959,0.0],[120.9162,23.838794,0.0],[120.916964,23.838976,0.0],[120.917165,23.838892,0.0],[120.917128,23.83853,0.0],[120.916776,23.838246,0.0],[120.916563,23.837964,0.0],[120.916556,23.837824,0.0],[120.916936,23.837206,0.0],[120.917378,23.836949,0.0],[120.91736,23.83637,0.0],[120.917688,23.836041,0.0],[120.917623,23.835767,0.0],[120.91765,23.834955,0.0],[120.91755,23.834634,0.0],[120.916917,23.834597,0.0],[120.916781,23.834499,0.0],[120.916826,23.833854,0.0],[120.917045,23.833519,0.0],[120.916665,23.832604,0.0],[120.916613,23.832309,0.0],[120.916294,23.832254,0.0],[120.916227,23.832404,0.0],[120.915953,23.832588,0.0],[120.915501,23.83249,0.0],[120.915473,23.832804,0.0],[120.915331,23.832887,0.0],[120.914628,23.832553,0.0],[120.914552,23.832775,0.0],[120.914726,23.833082,0.0],[120.914718,23.83335,0.0],[120.914399,23.833448,0.0],[120.914198,23.833169,0.0],[120.914067,23.833105,0.0],[120.913686,23.833281,0.0],[120.913474,23.833542,0.0],[120.912953,23.833655,0.0],[120.913024,23.834236,0.0],[120.91289,23.83463,0.0],[120.912753,23.834747,0.0],[120.912548,23.834477,0.0],[120.912283,23.834281,0.0],[120.911897,23.83432,0.0],[120.911591,23.834198,0.0],[120.911504,23.834271,0.0],[120.911434,23.834549,0.0],[120.911229,23.83479,0.0],[120.910972,23.834738,0.0],[120.910598,23.835272,0.0],[120.910857,23.835782,0.0],[120.910857,23.83596,0.0],[120.910308,23.835897,0.0],[120.910127,23.836062,0.0],[120.90978,23.836677,0.0],[120.909655,23.836718,0.0],[120.909489,23.836543,0.0],[120.909291,23.83646,0.0],[120.909158,23.83615,0.0],[120.909176,23.836027,0.0],[120.908922,23.835983,0.0],[120.908452,23.836055,0.0],[120.908384,23.836256,0.0],[120.90847,23.836591,0.0],[120.908313,23.836958,0.0],[120.908399,23.837123,0.0],[120.908406,23.837608,0.0],[120.908608,23.837837,0.0],[120.909362,23.838391,0.0],[120.909387,23.838486,0.0],[120.908924,23.839104,0.0],[120.908795,23.839065,0.0],[120.90882,23.838722,0.0],[120.907274,23.837317,0.0],[120.906255,23.838852,0.0],[120.906193,23.838713,0.0],[120.905852,23.838554,0.0],[120.905626,23.838896,0.0],[120.90487,23.838699,0.0],[120.904287,23.83887,0.0],[120.904181,23.839176,0.0],[120.904059,23.839248,0.0],[120.903929,23.839209,0.0],[120.904056,23.839077,0.0],[120.903851,23.838841,0.0],[120.903806,23.838291,0.0],[120.903884,23.838131,0.0],[120.904381,23.838168,0.0],[120.904187,23.837566,0.0],[120.903941,23.837532,0.0],[120.904142,23.837513,0.0],[120.904179,23.837378,0.0],[120.904266,23.837354,0.0],[120.904306,23.837407,0.0],[120.904521,23.837384,0.0],[120.904794,23.837626,0.0],[120.904694,23.837672,0.0],[120.90472,23.837863,0.0],[120.905088,23.837792,0.0],[120.905001,23.837618,0.0],[120.905679,23.837409,0.0],[120.905425,23.836473,0.0],[120.905226,23.83654,0.0],[120.90536,23.83628,0.0],[120.90527,23.836177,0.0],[120.905208,23.836257,0.0],[120.904929,23.836258,0.0],[120.904963,23.836108,0.0],[120.905239,23.835858,0.0],[120.905087,23.835731,0.0],[120.905489,23.835227,0.0],[120.905196,23.835089,0.0],[120.905123,23.835242,0.0],[120.904991,23.834874,0.0],[120.905331,23.834352,0.0],[120.905301,23.834267,0.0],[120.905462,23.834293,0.0],[120.905404,23.834226,0.0],[120.905582,23.834116,0.0],[120.905832,23.834108,0.0],[120.906087,23.833893,0.0],[120.906244,23.833937,0.0],[120.906328,23.833756,0.0],[120.906407,23.833857,0.0],[120.906559,23.833807,0.0],[120.906752,23.833886,0.0],[120.907403,23.833746,0.0],[120.90786,23.833802,0.0],[120.907922,23.833822,0.0],[120.907819,23.834018,0.0],[120.908193,23.834057,0.0],[120.908315,23.833654,0.0],[120.908564,23.833855,0.0],[120.908908,23.834384,0.0],[120.910016,23.835449,0.0],[120.910227,23.834951,0.0],[120.910985,23.834234,0.0],[120.911126,23.83396,0.0],[120.91146,23.833684,0.0],[120.912105,23.833372,0.0],[120.912203,23.833082,0.0],[120.912409,23.832805,0.0],[120.912468,23.832261,0.0],[120.9123,23.832098,0.0],[120.912296,23.831508,0.0],[120.91206,23.831188,0.0],[120.911804,23.830563,0.0],[120.912221,23.829412,0.0],[120.912433,23.829239,0.0],[120.91248,23.828894,0.0],[120.912765,23.828102,0.0],[120.912978,23.827918,0.0],[120.91307,23.827482,0.0],[120.913701,23.826543,0.0],[120.913616,23.826038,0.0],[120.913693,23.825716,0.0],[120.913594,23.825385,0.0],[120.913683,23.825042,0.0],[120.913908,23.824704,0.0],[120.914032,23.824239,0.0],[120.913539,23.823129,0.0],[120.9134,23.822272,0.0],[120.913024,23.82114,0.0],[120.913019,23.820918,0.0],[120.912399,23.820406,0.0],[120.912297,23.820227,0.0],[120.911439,23.820016,0.0],[120.911201,23.819858,0.0],[120.910881,23.819405,0.0],[120.910708,23.818868,0.0],[120.910811,23.818601,0.0],[120.9108,23.818192,0.0],[120.911013,23.817567,0.0],[120.911024,23.817208,0.0],[120.910959,23.816903,0.0],[120.910747,23.816558,0.0],[120.911947,23.81457,0.0],[120.912633,23.813958,0.0],[120.912984,23.813759,0.0],[120.913964,23.813681,0.0],[120.914905,23.813227,0.0],[120.915139,23.812493,0.0],[120.915365,23.812117,0.0],[120.914971,23.81169,0.0],[120.914981,23.811059,0.0],[120.915458,23.810299,0.0],[120.916337,23.809923,0.0],[120.917209,23.809264,0.0],[120.917413,23.80922,0.0],[120.917522,23.809068,0.0],[120.917577,23.808651,0.0],[120.917774,23.808492,0.0],[120.918317,23.808453,0.0],[120.919516,23.807785,0.0],[120.919935,23.807339,0.0],[120.92028,23.806824,0.0],[120.920378,23.8063,0.0],[120.920306,23.806138,0.0],[120.920341,23.806007,0.0],[120.920522,23.805896,0.0],[120.920731,23.805555,0.0],[120.920925,23.805604,0.0],[120.921036,23.805556,0.0],[120.921309,23.80508,0.0],[120.921929,23.804741,0.0],[120.922144,23.804465,0.0],[120.922234,23.803685,0.0],[120.922194,23.803419,0.0],[120.922348,23.802618,0.0],[120.922007,23.801764,0.0],[120.922152,23.801435,0.0],[120.922074,23.801445,0.0],[120.922252,23.800531,0.0],[120.922328,23.80062,0.0],[120.922307,23.799963,0.0],[120.922497,23.799555,0.0],[120.922759,23.799911,0.0],[120.923282,23.800095,0.0],[120.923415,23.800354,0.0],[120.923717,23.800652,0.0],[120.925388,23.802078,0.0],[120.925521,23.802358,0.0],[120.925379,23.803209,0.0],[120.925832,23.803526,0.0],[120.925704,23.80417,0.0],[120.92545,23.804845,0.0],[120.925648,23.804961,0.0],[120.925701,23.8051,0.0],[120.925195,23.806505,0.0],[120.925201,23.80681,0.0],[120.925133,23.806853,0.0],[120.925103,23.807111,0.0],[120.925255,23.807259,0.0],[120.925377,23.808069,0.0],[120.92481,23.80855,0.0],[120.924676,23.809273,0.0],[120.92498,23.809872,0.0],[120.924856,23.810201,0.0],[120.924939,23.810678,0.0],[120.924855,23.811487,0.0],[120.92469,23.811759,0.0],[120.924694,23.811911,0.0],[120.92486,23.812045,0.0],[120.925015,23.812651,0.0],[120.925285,23.813133,0.0],[120.925288,23.813429,0.0],[120.925574,23.813444,0.0],[120.925973,23.81361,0.0],[120.926537,23.813726,0.0],[120.926667,23.813885,0.0],[120.926955,23.8139,0.0],[120.927505,23.81351,0.0],[120.927772,23.813429,0.0],[120.929263,23.813597,0.0],[120.92968,23.813834,0.0],[120.929801,23.81414,0.0],[120.930247,23.814456,0.0],[120.930526,23.814416,0.0],[120.930952,23.814759,0.0],[120.93121,23.814783,0.0],[120.931922,23.814351,0.0],[120.932449,23.81374,0.0],[120.93275,23.813513,0.0],[120.932968,23.813188,0.0],[120.932874,23.812637,0.0],[120.933535,23.812165,0.0],[120.933844,23.811978,0.0],[120.934447,23.812626,0.0],[120.933826,23.815318,0.0],[120.933098,23.816616,0.0],[120.933086,23.817581,0.0],[120.933109,23.817898,0.0],[120.933254,23.818138,0.0],[120.933242,23.819073,0.0],[120.933215,23.819258,0.0],[120.933001,23.819257,0.0],[120.932972,23.820165,0.0],[120.932701,23.821144,0.0],[120.93282,23.821868,0.0],[120.932941,23.821977,0.0],[120.933202,23.822638,0.0],[120.933386,23.823729,0.0],[120.933693,23.824339,0.0],[120.933785,23.824872,0.0],[120.933724,23.825202,0.0],[120.933557,23.825476,0.0],[120.933152,23.82579,0.0],[120.932504,23.826616,0.0],[120.932437,23.826815,0.0],[120.932751,23.828002,0.0],[120.932864,23.828837,0.0],[120.933009,23.829185,0.0],[120.933466,23.829633,0.0],[120.933801,23.830172,0.0],[120.933848,23.830791,0.0],[120.933951,23.830948,0.0],[120.933925,23.83152,0.0],[120.93442,23.832556,0.0],[120.934463,23.832836,0.0],[120.93487,23.833372,0.0],[120.935113,23.833529,0.0],[120.935283,23.834202,0.0],[120.935237,23.834432,0.0],[120.934716,23.835497,0.0],[120.934748,23.835567,0.0],[120.934218,23.836244,0.0],[120.934281,23.836767,0.0],[120.93485,23.836936,0.0],[120.935244,23.836905,0.0],[120.935978,23.837073,0.0],[120.93758,23.837962,0.0],[120.93773,23.838199,0.0],[120.937841,23.838767,0.0],[120.937796,23.839187,0.0],[120.93792,23.839449,0.0],[120.938124,23.83967,0.0],[120.938343,23.839657,0.0],[120.938568,23.839795,0.0],[120.938793,23.840338,0.0],[120.93882,23.841338,0.0],[120.939113,23.841751,0.0],[120.939048,23.843262,0.0],[120.93985,23.843341,0.0],[120.940084,23.843484,0.0],[120.940716,23.843257,0.0],[120.94183,23.843926,0.0],[120.942687,23.844856,0.0],[120.944068,23.84497,0.0],[120.944888,23.845357,0.0],[120.945242,23.845328,0.0],[120.947156,23.843868,0.0],[120.947272,23.843443,0.0],[120.94765,23.842626,0.0],[120.948456,23.842022,0.0],[120.948512,23.841437,0.0],[120.948401,23.840585,0.0],[120.948515,23.840193,0.0],[120.948217,23.839531,0.0],[120.946952,23.83762,0.0],[120.946507,23.836739,0.0],[120.946696,23.835775,0.0],[120.947118,23.834724,0.0],[120.947642,23.83373,0.0],[120.947774,23.833265,0.0],[120.948074,23.832901,0.0],[120.948549,23.832502,0.0],[120.949154,23.831622,0.0],[120.949541,23.831301,0.0],[120.949979,23.83074,0.0],[120.950299,23.830459,0.0],[120.950679,23.829719,0.0],[120.951478,23.829232,0.0],[120.952654,23.828736,0.0],[120.952948,23.828543,0.0],[120.953023,23.828744,0.0],[120.953136,23.828691,0.0],[120.953077,23.828531,0.0],[120.953236,23.828518,0.0],[120.953381,23.827939,0.0],[120.953556,23.827957,0.0],[120.953594,23.827751,0.0],[120.953361,23.827727,0.0],[120.952784,23.827833,0.0],[120.952792,23.82752,0.0],[120.952018,23.827386,0.0],[120.951704,23.827173,0.0],[120.951625,23.82693,0.0],[120.952177,23.826584,0.0],[120.952229,23.826074,0.0],[120.951505,23.826028,0.0],[120.951238,23.826125,0.0],[120.951104,23.826075,0.0],[120.951287,23.82594,0.0],[120.950618,23.825494,0.0],[120.950331,23.82514,0.0],[120.949841,23.824957,0.0],[120.94979,23.824866,0.0],[120.950251,23.824416,0.0],[120.950436,23.823995,0.0],[120.950307,23.823748,0.0],[120.950318,23.82347,0.0],[120.950408,23.823244,0.0],[120.950589,23.823089,0.0],[120.949477,23.82183,0.0],[120.9507,23.821354,0.0],[120.950653,23.820376,0.0],[120.950889,23.819024,0.0],[120.950788,23.818261,0.0],[120.950952,23.817911,0.0],[120.951647,23.817929,0.0],[120.952745,23.816232,0.0],[120.95258,23.815646,0.0],[120.9527,23.8153,0.0],[120.952626,23.814876,0.0],[120.9521,23.814718,0.0],[120.95197,23.814857,0.0],[120.95169,23.814477,0.0],[120.95131,23.814442,0.0],[120.95137,23.813832,0.0],[120.951182,23.813767,0.0],[120.951142,23.813502,0.0],[120.95133,23.813287,0.0],[120.950339,23.81247,0.0],[120.950928,23.811709,0.0],[120.951383,23.811633,0.0],[120.951862,23.811003,0.0],[120.951968,23.8108,0.0],[120.951759,23.810514,0.0],[120.953457,23.809995,0.0],[120.954906,23.809737,0.0],[120.955261,23.809823,0.0],[120.955495,23.809802,0.0],[120.955842,23.809644,0.0],[120.956775,23.809533,0.0],[120.956781,23.808938,0.0],[120.956657,23.808601,0.0],[120.957756,23.806753,0.0],[120.958042,23.805865,0.0],[120.958568,23.805465,0.0],[120.95888,23.804949,0.0],[120.958836,23.804725,0.0],[120.958225,23.803975,0.0],[120.957965,23.802887,0.0],[120.956848,23.800987,0.0],[120.956077,23.798579,0.0],[120.955378,23.797871,0.0],[120.955285,23.79693,0.0],[120.955361,23.796436,0.0],[120.955481,23.796264,0.0],[120.955549,23.795647,0.0],[120.955264,23.795181,0.0],[120.955211,23.794916,0.0],[120.954812,23.794283,0.0],[120.954696,23.793662,0.0],[120.95534,23.790516,0.0],[120.955183,23.790503,0.0],[120.955351,23.789622,0.0],[120.954806,23.789572,0.0],[120.954088,23.789253,0.0],[120.953092,23.789325,0.0],[120.952188,23.789266,0.0],[120.951415,23.789376,0.0],[120.950976,23.789353,0.0],[120.950819,23.789261,0.0],[120.950904,23.789224,0.0],[120.951042,23.788723,0.0],[120.951294,23.788534,0.0],[120.952018,23.788347,0.0],[120.952473,23.788057,0.0],[120.952915,23.787586,0.0],[120.952812,23.786698,0.0],[120.952942,23.786251,0.0],[120.952931,23.785841,0.0],[120.952396,23.785057,0.0],[120.952725,23.784605,0.0],[120.953604,23.784094,0.0],[120.953759,23.783927,0.0],[120.953969,23.783606,0.0],[120.953777,23.783659,0.0],[120.95378,23.783548,0.0],[120.954002,23.783535,0.0],[120.953896,23.783309,0.0],[120.953321,23.782944,0.0],[120.953052,23.782482,0.0],[120.952988,23.782046,0.0],[120.953049,23.781442,0.0],[120.952919,23.781284,0.0],[120.952675,23.780659,0.0],[120.952501,23.780571,0.0],[120.952264,23.780628,0.0],[120.952087,23.780535,0.0],[120.95174,23.780211,0.0],[120.951405,23.779726,0.0],[120.951374,23.779498,0.0],[120.951205,23.779442,0.0],[120.950964,23.779163,0.0],[120.950964,23.778359,0.0],[120.951085,23.778185,0.0],[120.951484,23.777981,0.0],[120.951005,23.777222,0.0],[120.950619,23.776992,0.0],[120.950622,23.776658,0.0],[120.950529,23.776406,0.0],[120.95003,23.775587,0.0],[120.949588,23.775318,0.0],[120.949588,23.775159,0.0],[120.949438,23.775025,0.0],[120.948124,23.774335,0.0],[120.947769,23.77426,0.0],[120.947248,23.773896,0.0],[120.947273,23.77377,0.0],[120.947656,23.773503,0.0],[120.947773,23.773226,0.0],[120.947837,23.772738,0.0],[120.948019,23.772515,0.0],[120.947967,23.772357,0.0],[120.947174,23.772239,0.0],[120.947007,23.772123,0.0],[120.946951,23.771053,0.0],[120.947098,23.770637,0.0],[120.947054,23.770339,0.0],[120.947466,23.770183,0.0],[120.947804,23.770162,0.0],[120.948048,23.770287,0.0],[120.948331,23.770176,0.0],[120.948657,23.769688,0.0],[120.94872,23.769334,0.0],[120.949553,23.76826,0.0],[120.949548,23.767854,0.0],[120.949177,23.767686,0.0],[120.948978,23.767458,0.0],[120.94866,23.766588,0.0],[120.948234,23.766069,0.0],[120.948127,23.765791,0.0],[120.948293,23.765485,0.0],[120.948275,23.765352,0.0],[120.94817,23.765256,0.0],[120.947708,23.76524,0.0],[120.947301,23.765349,0.0],[120.947212,23.765285,0.0],[120.947487,23.764936,0.0],[120.947435,23.764639,0.0],[120.947613,23.76423,0.0],[120.9481,23.763736,0.0],[120.948366,23.763352,0.0],[120.948165,23.762794,0.0],[120.946722,23.762971,0.0],[120.945666,23.762635,0.0],[120.943681,23.761663,0.0],[120.943062,23.761581,0.0],[120.942113,23.761643,0.0],[120.941396,23.761272,0.0],[120.940902,23.761357,0.0],[120.940626,23.761485,0.0],[120.939584,23.761639,0.0],[120.937564,23.762656,0.0],[120.936667,23.763416,0.0],[120.936066,23.764361,0.0],[120.9358,23.764527,0.0],[120.934636,23.764894,0.0],[120.934545,23.765132,0.0],[120.934347,23.765162,0.0],[120.934207,23.765333,0.0],[120.9336,23.765426,0.0],[120.93358,23.76557,0.0],[120.933241,23.765506,0.0],[120.932542,23.765915,0.0],[120.93208,23.765987,0.0],[120.931634,23.766235,0.0],[120.930811,23.766474,0.0],[120.929986,23.76693,0.0],[120.929722,23.767498,0.0],[120.928597,23.76755,0.0],[120.928026,23.767999,0.0],[120.927741,23.768114,0.0],[120.927437,23.767717,0.0],[120.926282,23.768023,0.0],[120.926097,23.767981,0.0],[120.9259,23.767523,0.0],[120.925915,23.767193,0.0],[120.9256,23.766711,0.0],[120.925589,23.766365,0.0],[120.925449,23.766086,0.0],[120.925538,23.766017,0.0],[120.925505,23.765958,0.0],[120.92544,23.765997,0.0],[120.924433,23.765226,0.0],[120.924072,23.765054,0.0],[120.923692,23.765055,0.0],[120.923216,23.765237,0.0],[120.923016,23.765217,0.0],[120.921207,23.764472,0.0],[120.920717,23.764347,0.0],[120.920422,23.764145,0.0],[120.920522,23.763839,0.0],[120.920537,23.763441,0.0],[120.920772,23.762724,0.0],[120.920874,23.761452,0.0],[120.921123,23.760152,0.0],[120.921507,23.759092,0.0],[120.921319,23.758612,0.0],[120.920504,23.759059,0.0],[120.920232,23.759141,0.0],[120.919946,23.759126,0.0],[120.919542,23.759265,0.0],[120.917026,23.760632,0.0],[120.916954,23.760598,0.0],[120.917171,23.760107,0.0],[120.917329,23.758663,0.0],[120.917276,23.757754,0.0],[120.916953,23.756954,0.0],[120.917018,23.756278,0.0],[120.916911,23.755973,0.0],[120.916038,23.754857,0.0],[120.915006,23.754422,0.0],[120.914283,23.754497,0.0],[120.911532,23.756177,0.0],[120.911092,23.756921,0.0],[120.91078,23.757226,0.0],[120.913351,23.757877,0.0],[120.913687,23.758026,0.0],[120.914203,23.758466,0.0],[120.915019,23.759012,0.0],[120.915776,23.759231,0.0],[120.915723,23.759741,0.0],[120.915166,23.760527,0.0],[120.914375,23.760026,0.0],[120.91396,23.76,0.0],[120.912184,23.758802,0.0],[120.909906,23.758378,0.0],[120.906082,23.757315,0.0],[120.904459,23.756745,0.0],[120.903842,23.756633,0.0],[120.903473,23.756644,0.0],[120.902068,23.75612,0.0],[120.901199,23.756205,0.0],[120.900939,23.756308,0.0],[120.900652,23.756639,0.0],[120.900323,23.756875,0.0],[120.899892,23.757144,0.0],[120.899388,23.757328,0.0],[120.898613,23.757359,0.0],[120.898273,23.757511,0.0],[120.897743,23.757503,0.0],[120.897623,23.757414,0.0],[120.897912,23.757116,0.0],[120.898784,23.756853,0.0],[120.898665,23.756714,0.0],[120.899486,23.756132,0.0],[120.90017,23.755401,0.0],[120.901046,23.754909,0.0],[120.90323,23.754424,0.0],[120.903703,23.754421,0.0],[120.906166,23.752345,0.0],[120.906332,23.75067,0.0],[120.906118,23.749901,0.0],[120.906389,23.748138,0.0],[120.906334,23.747881,0.0],[120.906527,23.747652,0.0],[120.906557,23.747137,0.0],[120.90615,23.746007,0.0],[120.906134,23.745598,0.0],[120.906307,23.744759,0.0],[120.906206,23.74452,0.0],[120.906646,23.744176,0.0],[120.906768,23.744188,0.0],[120.907021,23.744424,0.0],[120.908229,23.744608,0.0],[120.909181,23.745284,0.0],[120.909513,23.744534,0.0],[120.909805,23.744125,0.0],[120.909861,23.743822,0.0],[120.910734,23.743053,0.0],[120.911225,23.742478,0.0],[120.911772,23.742137,0.0],[120.91202,23.740703,0.0],[120.911117,23.74035,0.0],[120.91064,23.740067,0.0],[120.910139,23.739907,0.0],[120.909802,23.739648,0.0],[120.910014,23.739305,0.0],[120.910354,23.739239,0.0],[120.910262,23.738983,0.0],[120.910474,23.738868,0.0],[120.910589,23.738634,0.0],[120.910153,23.738292,0.0],[120.909942,23.737873,0.0],[120.909656,23.737686,0.0],[120.909573,23.737261,0.0],[120.909707,23.736628,0.0],[120.910396,23.736487,0.0],[120.910534,23.736309,0.0],[120.910883,23.736099,0.0],[120.911527,23.735201,0.0],[120.911678,23.734652,0.0],[120.911437,23.733752,0.0],[120.911178,23.733405,0.0],[120.911265,23.732915,0.0],[120.9114,23.732789,0.0],[120.911852,23.732639,0.0],[120.91179,23.731853,0.0],[120.912033,23.731578,0.0],[120.911831,23.731062,0.0],[120.911948,23.730489,0.0],[120.911831,23.729699,0.0],[120.911469,23.729286,0.0],[120.91155,23.729012,0.0],[120.911837,23.728837,0.0],[120.911916,23.728283,0.0],[120.911617,23.727632,0.0],[120.910589,23.726227,0.0],[120.910246,23.725875,0.0],[120.910225,23.725298,0.0],[120.910091,23.72469,0.0],[120.910187,23.724268,0.0],[120.910004,23.723816,0.0],[120.909955,23.723249,0.0],[120.909615,23.722897,0.0],[120.909528,23.722257,0.0],[120.908739,23.721505,0.0],[120.908288,23.720677,0.0],[120.908196,23.720364,0.0],[120.908181,23.720111,0.0],[120.908432,23.719584,0.0],[120.908531,23.719097,0.0],[120.908865,23.718748,0.0],[120.908842,23.718443,0.0],[120.909046,23.717785,0.0],[120.909068,23.717407,0.0],[120.909583,23.716892,0.0],[120.90967,23.716679,0.0],[120.909794,23.716638,0.0],[120.909773,23.716341,0.0],[120.909538,23.716127,0.0],[120.909269,23.716003,0.0],[120.908593,23.71595,0.0],[120.907529,23.716121,0.0],[120.90706,23.716444,0.0],[120.90647,23.716633,0.0],[120.906314,23.716998,0.0],[120.905931,23.717071,0.0],[120.905875,23.717399,0.0],[120.905593,23.717515,0.0],[120.905351,23.71775,0.0],[120.905463,23.718048,0.0],[120.905129,23.718835,0.0],[120.904878,23.719101,0.0],[120.90445,23.719376,0.0],[120.904715,23.720157,0.0],[120.9048,23.720866,0.0],[120.904729,23.720996,0.0],[120.904956,23.721694,0.0],[120.904611,23.72216,0.0],[120.90429,23.722442,0.0],[120.903829,23.722784,0.0],[120.903529,23.722908,0.0],[120.903426,23.724168,0.0],[120.903949,23.724673,0.0],[120.903994,23.725919,0.0],[120.903912,23.726101,0.0],[120.904088,23.726249,0.0],[120.904429,23.72633,0.0],[120.90332,23.727511,0.0],[120.903537,23.728987,0.0],[120.90342,23.729326,0.0],[120.903385,23.730181,0.0],[120.902088,23.730964,0.0],[120.901812,23.731281,0.0],[120.901502,23.731401,0.0],[120.901398,23.731889,0.0],[120.901047,23.732203,0.0],[120.900332,23.732614,0.0],[120.900084,23.732933,0.0],[120.899933,23.73375,0.0],[120.898493,23.735605,0.0],[120.896887,23.736973,0.0],[120.896161,23.737223,0.0],[120.895438,23.737618,0.0],[120.894579,23.738674,0.0],[120.893994,23.739622,0.0],[120.893699,23.73996,0.0],[120.893212,23.740838,0.0],[120.892438,23.741632,0.0],[120.892531,23.74334,0.0],[120.892255,23.743813,0.0],[120.891516,23.745911,0.0],[120.891293,23.746306,0.0],[120.89151,23.747382,0.0],[120.891561,23.747769,0.0],[120.891504,23.747861,0.0],[120.892186,23.748618,0.0],[120.888298,23.750623,0.0],[120.887372,23.751907,0.0],[120.886841,23.752395,0.0],[120.885401,23.754001,0.0],[120.885205,23.754193,0.0],[120.885046,23.754243,0.0],[120.885035,23.754588,0.0],[120.885281,23.754733,0.0],[120.885826,23.756163,0.0],[120.886516,23.758351,0.0],[120.887049,23.759743,0.0],[120.887041,23.760235,0.0],[120.887247,23.760397,0.0],[120.887339,23.760978,0.0],[120.887427,23.7612,0.0],[120.887535,23.761275,0.0],[120.887401,23.761527,0.0],[120.887387,23.762002,0.0],[120.888485,23.762883,0.0],[120.889173,23.764868,0.0],[120.889155,23.765519,0.0],[120.888802,23.766721,0.0],[120.889726,23.768616,0.0],[120.889322,23.76899,0.0],[120.888433,23.768919,0.0],[120.888253,23.768754,0.0],[120.887481,23.768653,0.0],[120.88731,23.768525,0.0],[120.887229,23.768557,0.0],[120.887317,23.768653,0.0],[120.886742,23.769099,0.0],[120.8841,23.768676,0.0],[120.884204,23.768567,0.0],[120.884156,23.768514,0.0],[120.883981,23.768565,0.0],[120.883319,23.767982,0.0],[120.883013,23.76783,0.0],[120.882668,23.767763,0.0],[120.881065,23.768999,0.0],[120.880298,23.771509,0.0],[120.880146,23.771577,0.0],[120.879759,23.771186,0.0],[120.879387,23.771786,0.0],[120.879119,23.771963,0.0],[120.878718,23.772084,0.0],[120.87833,23.772418,0.0],[120.877362,23.772969,0.0],[120.877223,23.773263,0.0],[120.876702,23.773886,0.0],[120.877237,23.774663,0.0],[120.877599,23.775978,0.0],[120.877536,23.77605,0.0],[120.877621,23.776055,0.0],[120.877685,23.77848,0.0],[120.877624,23.778641,0.0],[120.876893,23.778996,0.0],[120.875707,23.778991,0.0],[120.87425,23.779935,0.0],[120.874196,23.780333,0.0],[120.874104,23.780334,0.0],[120.873821,23.779181,0.0],[120.873601,23.778789,0.0],[120.873371,23.77848,0.0],[120.87207,23.777292,0.0],[120.871627,23.777167,0.0],[120.871322,23.777181,0.0],[120.87055,23.777676,0.0],[120.869882,23.7778,0.0],[120.869389,23.778088,0.0],[120.869063,23.778085,0.0],[120.869268,23.777753,0.0],[120.869437,23.7779,0.0],[120.869498,23.777848,0.0],[120.868654,23.777112,0.0],[120.869212,23.77733,0.0],[120.869161,23.777403,0.0],[120.869541,23.77749,0.0],[120.870232,23.777298,0.0],[120.870212,23.776833,0.0],[120.869903,23.776492,0.0],[120.87133,23.774473,0.0],[120.871561,23.774239,0.0],[120.872223,23.773911,0.0],[120.873314,23.773976,0.0],[120.873433,23.773924,0.0],[120.873619,23.773608,0.0],[120.872968,23.773305,0.0],[120.875789,23.772826,0.0],[120.877192,23.772077,0.0],[120.877955,23.772054,0.0],[120.87819,23.771947,0.0],[120.878378,23.772057,0.0],[120.878404,23.77231,0.0],[120.87866,23.772097,0.0],[120.879279,23.771729,0.0],[120.879507,23.770613,0.0],[120.877573,23.771428,0.0],[120.878299,23.770095,0.0],[120.878403,23.770033,0.0],[120.878433,23.769811,0.0],[120.878706,23.769599,0.0],[120.879532,23.769808,0.0],[120.879573,23.769722,0.0],[120.879637,23.769744,0.0],[120.879718,23.769441,0.0],[120.879682,23.769177,0.0],[120.879016,23.769038,0.0],[120.879078,23.768891,0.0],[120.879175,23.76885,0.0],[120.879227,23.768589,0.0],[120.879154,23.76851,0.0],[120.879228,23.768364,0.0],[120.879419,23.768301,0.0],[120.879519,23.767719,0.0],[120.879409,23.767081,0.0],[120.879591,23.766347,0.0],[120.879447,23.765756,0.0],[120.879298,23.765593,0.0],[120.879487,23.765565,0.0],[120.879488,23.764241,0.0],[120.879339,23.76429,0.0],[120.879148,23.764535,0.0],[120.878917,23.764384,0.0],[120.878744,23.763755,0.0],[120.878312,23.763176,0.0],[120.878224,23.7629,0.0],[120.878212,23.762074,0.0],[120.877722,23.75824,0.0],[120.877779,23.758238,0.0],[120.877718,23.757772,0.0],[120.877615,23.757514,0.0],[120.877649,23.757307,0.0],[120.877177,23.755678,0.0],[120.877579,23.754129,0.0],[120.877387,23.752822,0.0],[120.877415,23.752544,0.0],[120.877097,23.751838,0.0],[120.876526,23.75117,0.0],[120.876681,23.750888,0.0],[120.876578,23.750895,0.0],[120.875537,23.749431,0.0],[120.875387,23.749346,0.0],[120.875283,23.749146,0.0],[120.874703,23.748547,0.0],[120.874056,23.747614,0.0],[120.874128,23.747531,0.0],[120.873952,23.747505,0.0],[120.874041,23.747358,0.0],[120.873955,23.747291,0.0],[120.873845,23.747372,0.0],[120.873756,23.747318,0.0],[120.872125,23.745527,0.0],[120.871331,23.744804,0.0],[120.87223,23.740699,0.0],[120.87286,23.738629,0.0],[120.87277,23.73581,0.0],[120.873345,23.735974,0.0],[120.872839,23.734632,0.0],[120.872651,23.734442,0.0],[120.872634,23.734131,0.0],[120.872722,23.733954,0.0],[120.872724,23.734021,0.0],[120.873232,23.733298,0.0],[120.872711,23.733069,0.0],[120.872677,23.73178,0.0],[120.872312,23.727836,0.0],[120.872512,23.727608,0.0],[120.872641,23.727794,0.0],[120.873278,23.726821,0.0],[120.873497,23.726674,0.0],[120.8747,23.725891,0.0],[120.876782,23.724901,0.0],[120.877433,23.7244,0.0],[120.879002,23.721801,0.0],[120.881248,23.720075,0.0],[120.880893,23.71943,0.0],[120.880722,23.719255,0.0],[120.882154,23.718554,0.0],[120.883298,23.717589,0.0],[120.884405,23.716607,0.0],[120.884951,23.715708,0.0],[120.885398,23.715425,0.0],[120.886409,23.71424,0.0],[120.887176,23.713668,0.0],[120.888068,23.713168,0.0],[120.891067,23.710998,0.0],[120.892844,23.710161,0.0],[120.893026,23.709849,0.0],[120.894061,23.709292,0.0],[120.894517,23.708779,0.0],[120.895135,23.708639,0.0],[120.895627,23.708273,0.0],[120.896537,23.707796,0.0],[120.897166,23.707576,0.0],[120.897863,23.707142,0.0],[120.898625,23.70603,0.0],[120.898915,23.705373,0.0],[120.899147,23.705065,0.0],[120.899379,23.704905,0.0],[120.900335,23.70458,0.0],[120.900616,23.704164,0.0],[120.901291,23.703706,0.0],[120.901817,23.702749,0.0],[120.902193,23.702319,0.0],[120.902362,23.701742,0.0],[120.902667,23.701505,0.0],[120.902758,23.700955,0.0],[120.902964,23.70083,0.0],[120.903432,23.700759,0.0],[120.903599,23.700393,0.0],[120.904019,23.69998,0.0],[120.904354,23.699403,0.0],[120.905291,23.698886,0.0],[120.905718,23.697876,0.0],[120.905822,23.697238,0.0],[120.906027,23.696981,0.0],[120.905953,23.696377,0.0],[120.906576,23.695665,0.0],[120.906999,23.695007,0.0],[120.907278,23.694817,0.0],[120.908023,23.693926,0.0],[120.907978,23.693524,0.0],[120.908056,23.693115,0.0],[120.907998,23.692785,0.0],[120.908215,23.692241,0.0],[120.908564,23.691669,0.0],[120.908561,23.691378,0.0],[120.907525,23.690961,0.0],[120.907199,23.690989,0.0],[120.905303,23.6898,0.0],[120.902731,23.688969,0.0],[120.900716,23.687934,0.0],[120.900909,23.686864,0.0],[120.900771,23.68589,0.0],[120.900912,23.685639,0.0],[120.901158,23.684683,0.0],[120.900973,23.684192,0.0],[120.900639,23.683658,0.0],[120.900575,23.683349,0.0],[120.900687,23.682996,0.0],[120.900986,23.682504,0.0],[120.900691,23.682298,0.0],[120.900591,23.6821,0.0],[120.901423,23.681107,0.0],[120.900959,23.680195,0.0],[120.901124,23.679596,0.0],[120.901086,23.679174,0.0],[120.900897,23.679077,0.0],[120.900847,23.678919,0.0],[120.900967,23.678189,0.0],[120.90101,23.677132,0.0],[120.901131,23.676825,0.0],[120.901459,23.676624,0.0],[120.901846,23.67616,0.0],[120.902477,23.675593,0.0],[120.902893,23.674932,0.0],[120.90361,23.674426,0.0],[120.905247,23.670568,0.0],[120.902003,23.668098,0.0],[120.901782,23.667803,0.0],[120.901417,23.667205,0.0],[120.901241,23.666581,0.0],[120.900695,23.665558,0.0],[120.900149,23.664287,0.0],[120.899277,23.663,0.0],[120.898562,23.66111,0.0],[120.897976,23.660161,0.0],[120.897393,23.659724,0.0],[120.896646,23.658953,0.0],[120.896047,23.658527,0.0],[120.890988,23.654087,0.0],[120.890533,23.65348,0.0],[120.890403,23.653489,0.0],[120.890067,23.652171,0.0],[120.889335,23.652152,0.0],[120.888564,23.652513,0.0],[120.887959,23.653234,0.0],[120.887465,23.654077,0.0],[120.887078,23.654451,0.0],[120.886898,23.655173,0.0],[120.886635,23.655706,0.0],[120.886555,23.656253,0.0],[120.885838,23.656853,0.0],[120.885455,23.657286,0.0],[120.885225,23.65742,0.0],[120.884681,23.657413,0.0],[120.88418,23.65764,0.0],[120.883835,23.657896,0.0],[120.88222,23.658598,0.0],[120.881909,23.658537,0.0],[120.882151,23.658465,0.0],[120.882351,23.657747,0.0],[120.882405,23.657758,0.0],[120.882649,23.656992,0.0],[120.883032,23.656159,0.0],[120.88297,23.656133,0.0],[120.883504,23.655243,0.0],[120.883692,23.653954,0.0],[120.884603,23.653092,0.0],[120.88482,23.652777,0.0],[120.88499,23.652684,0.0],[120.885118,23.651839,0.0],[120.885448,23.651013,0.0],[120.885482,23.65063,0.0],[120.885648,23.650388,0.0],[120.886089,23.650015,0.0],[120.886426,23.649471,0.0],[120.88645,23.649256,0.0],[120.886085,23.647703,0.0],[120.885916,23.646518,0.0],[120.885985,23.646204,0.0],[120.886621,23.644809,0.0],[120.888024,23.643119,0.0],[120.888712,23.64211,0.0],[120.889209,23.641285,0.0],[120.889459,23.640632,0.0],[120.890572,23.638918,0.0],[120.890856,23.637999,0.0],[120.891568,23.637147,0.0],[120.892288,23.635867,0.0],[120.894365,23.634889,0.0],[120.89561,23.633278,0.0],[120.895876,23.632791,0.0],[120.896044,23.631952,0.0],[120.89624,23.631736,0.0],[120.896395,23.629109,0.0],[120.896317,23.628722,0.0],[120.895499,23.626816,0.0],[120.895821,23.626544,0.0],[120.897034,23.626378,0.0],[120.897349,23.626209,0.0],[120.897767,23.625746,0.0],[120.898461,23.625356,0.0],[120.898559,23.624592,0.0],[120.898847,23.624316,0.0],[120.898786,23.623922,0.0],[120.899101,23.622792,0.0],[120.899139,23.621998,0.0],[120.898894,23.620747,0.0],[120.898385,23.61957,0.0],[120.89755,23.618228,0.0],[120.895885,23.617086,0.0],[120.895609,23.616831,0.0],[120.895376,23.616376,0.0],[120.895377,23.616155,0.0],[120.895567,23.615901,0.0],[120.895698,23.614953,0.0],[120.89529,23.613528,0.0],[120.895009,23.612857,0.0],[120.89496,23.612101,0.0],[120.895228,23.610724,0.0],[120.895753,23.609455,0.0],[120.89579,23.608604,0.0],[120.895692,23.607927,0.0],[120.895949,23.607361,0.0],[120.896071,23.606852,0.0],[120.896025,23.606319,0.0],[120.896207,23.60638,0.0],[120.896177,23.606141,0.0],[120.896317,23.60544,0.0],[120.894079,23.60202,0.0],[120.894498,23.601872,0.0],[120.894718,23.601637,0.0],[120.895049,23.601584,0.0],[120.895452,23.601688,0.0],[120.896343,23.60086,0.0],[120.896365,23.600548,0.0],[120.897125,23.598528,0.0],[120.898216,23.597092,0.0],[120.898621,23.596777,0.0],[120.899726,23.595653,0.0],[120.901087,23.595111,0.0],[120.902076,23.594046,0.0],[120.903589,23.592617,0.0],[120.904728,23.592655,0.0],[120.906448,23.592435,0.0],[120.906742,23.59137,0.0],[120.907466,23.589807,0.0],[120.907517,23.589549,0.0],[120.909029,23.588332,0.0],[120.911127,23.585368,0.0],[120.910854,23.58223,0.0],[120.909967,23.580126,0.0],[120.909803,23.579494,0.0],[120.909516,23.578971,0.0],[120.909531,23.577621,0.0],[120.90967,23.577344,0.0],[120.908848,23.57654,0.0],[120.908621,23.576147,0.0],[120.907572,23.575539,0.0],[120.908105,23.575117,0.0],[120.909933,23.57493,0.0],[120.910144,23.575194,0.0],[120.910757,23.575016,0.0],[120.911756,23.574351,0.0],[120.911769,23.573944,0.0],[120.911615,23.573408,0.0],[120.911683,23.573326,0.0],[120.911802,23.573522,0.0],[120.912023,23.573585,0.0],[120.915132,23.576156,0.0],[120.915364,23.57647,0.0],[120.916934,23.576647,0.0],[120.917473,23.577067,0.0],[120.918171,23.577388,0.0],[120.91908,23.578275,0.0],[120.919871,23.57871,0.0],[120.921072,23.578997,0.0],[120.921967,23.578966,0.0],[120.923764,23.579229,0.0],[120.923989,23.579227,0.0],[120.924249,23.579117,0.0],[120.925489,23.579396,0.0],[120.926516,23.578758,0.0],[120.926986,23.577552,0.0],[120.927809,23.576032,0.0],[120.928489,23.575199,0.0],[120.92846,23.574731,0.0],[120.92857,23.574289,0.0],[120.929067,23.573808,0.0],[120.929592,23.57375,0.0],[120.930209,23.572904,0.0],[120.930874,23.572259,0.0],[120.931105,23.571265,0.0],[120.931091,23.570906,0.0],[120.931352,23.570211,0.0],[120.932846,23.569697,0.0],[120.933362,23.569387,0.0],[120.934738,23.569754,0.0],[120.935317,23.569749,0.0],[120.936918,23.569221,0.0],[120.937556,23.56893,0.0],[120.938399,23.564698,0.0],[120.938212,23.564608,0.0],[120.93746,23.563519,0.0],[120.937173,23.563019,0.0],[120.9371,23.562726,0.0],[120.93665,23.561982,0.0],[120.936373,23.560864,0.0],[120.936053,23.560008,0.0],[120.93603,23.559668,0.0],[120.935393,23.55964,0.0],[120.934986,23.559812,0.0],[120.933643,23.559848,0.0],[120.933148,23.558067,0.0],[120.932923,23.557848,0.0],[120.932675,23.557232,0.0],[120.93334,23.556819,0.0],[120.933588,23.556881,0.0],[120.933804,23.55675,0.0],[120.9341,23.556314,0.0],[120.934339,23.556174,0.0],[120.934492,23.555892,0.0],[120.934735,23.554873,0.0],[120.935108,23.554053,0.0],[120.935165,23.55365,0.0],[120.935002,23.553289,0.0],[120.935032,23.553082,0.0],[120.935527,23.552789,0.0],[120.935942,23.552763,0.0],[120.936763,23.55308,0.0],[120.9383,23.553364,0.0],[120.938837,23.55337,0.0],[120.939831,23.552562,0.0],[120.940547,23.552355,0.0],[120.94177,23.552354,0.0],[120.942449,23.552245,0.0],[120.942743,23.55213,0.0],[120.943043,23.551926,0.0],[120.943991,23.550963,0.0],[120.944444,23.550876,0.0],[120.944962,23.551009,0.0],[120.945662,23.550935,0.0],[120.946472,23.550656,0.0],[120.947827,23.550637,0.0],[120.948236,23.550555,0.0],[120.948581,23.550373,0.0],[120.949107,23.549962,0.0],[120.949867,23.549166,0.0],[120.951043,23.548271,0.0],[120.951245,23.54787,0.0],[120.951696,23.547472,0.0],[120.952749,23.547014,0.0],[120.953761,23.545983,0.0],[120.953817,23.545276,0.0],[120.954004,23.544606,0.0],[120.954426,23.543762,0.0],[120.955005,23.543199,0.0],[120.956085,23.541904,0.0],[120.956636,23.541678,0.0],[120.957457,23.541598,0.0],[120.957715,23.541499,0.0],[120.958073,23.541051,0.0],[120.95851,23.540911,0.0],[120.959733,23.540112,0.0],[120.961056,23.538637,0.0],[120.961639,23.537241,0.0],[120.962059,23.536759,0.0],[120.963772,23.535347,0.0],[120.964595,23.534774,0.0],[120.965661,23.533631,0.0],[120.96669,23.532805,0.0],[120.967313,23.532591,0.0],[120.968073,23.532057,0.0],[120.968434,23.531909,0.0],[120.969526,23.530895,0.0],[120.96989,23.53077,0.0],[120.969928,23.530658,0.0],[120.970962,23.530617,0.0],[120.971369,23.530424,0.0],[120.972149,23.52988,0.0],[120.972675,23.529202,0.0],[120.973002,23.528339,0.0],[120.973148,23.527825,0.0],[120.973164,23.527561,0.0],[120.973047,23.527129,0.0],[120.973159,23.52599,0.0],[120.973687,23.525018,0.0],[120.97367,23.524496,0.0],[120.973882,23.524082,0.0],[120.974768,23.523532,0.0],[120.974943,23.52308,0.0],[120.975258,23.522736,0.0],[120.975648,23.522622,0.0],[120.975796,23.522486,0.0],[120.975939,23.522104,0.0],[120.976155,23.521826,0.0],[120.976407,23.521674,0.0],[120.977193,23.520795,0.0],[120.977899,23.52072,0.0],[120.978385,23.520231,0.0],[120.978829,23.520188,0.0],[120.979174,23.519981,0.0],[120.979555,23.519602,0.0],[120.979875,23.519136,0.0],[120.979985,23.518474,0.0],[120.980761,23.516591,0.0],[120.980864,23.515904,0.0],[120.981027,23.515471,0.0],[120.981376,23.515074,0.0],[120.981546,23.51397,0.0],[120.981847,23.5133,0.0],[120.98229,23.512623,0.0],[120.982912,23.512092,0.0],[120.984003,23.511385,0.0],[120.984631,23.510668,0.0],[120.98482,23.510274,0.0],[120.986394,23.508706,0.0],[120.986784,23.507618,0.0],[120.987587,23.507132,0.0],[120.988303,23.506468,0.0],[120.989348,23.505239,0.0],[120.990291,23.504822,0.0],[120.991412,23.50408,0.0],[120.992157,23.503908,0.0],[120.992668,23.503649,0.0],[120.993616,23.503594,0.0],[120.994033,23.503147,0.0],[120.994291,23.502743,0.0],[120.994488,23.50235,0.0],[120.994566,23.501514,0.0],[120.995173,23.50008,0.0],[120.995243,23.499475,0.0],[120.995448,23.499603,0.0],[120.995683,23.498684,0.0],[120.995715,23.497899,0.0],[120.995732,23.495673,0.0],[120.995506,23.493615,0.0],[120.995288,23.493026,0.0],[120.994549,23.492117,0.0],[120.994558,23.492033,0.0],[120.995088,23.491903,0.0]],[[120.905375,23.835673,0.0],[120.905274,23.835719,0.0],[120.905271,23.836071,0.0],[120.905558,23.835767,0.0],[120.905375,23.835673,0.0]],[[120.934523,23.84525,0.0],[120.934628,23.845358,0.0],[120.935371,23.845011,0.0],[120.935182,23.84481,0.0],[120.935208,23.844526,0.0],[120.934863,23.844334,0.0],[120.934757,23.844417,0.0],[120.934733,23.844949,0.0],[120.934523,23.84525,0.0]],[[120.928818,23.843017,0.0],[120.928471,23.84396,0.0],[120.928582,23.844082,0.0],[120.928854,23.844181,0.0],[120.929642,23.843368,0.0],[120.929482,23.843243,0.0],[120.928818,23.843017,0.0]],[[120.928264,23.869768,0.0],[120.927817,23.869495,0.0],[120.927259,23.869422,0.0],[120.926984,23.869572,0.0],[120.926919,23.869724,0.0],[120.926955,23.869901,0.0],[120.927261,23.870388,0.0],[120.92779,23.870455,0.0],[120.928264,23.869768,0.0]],[[120.927104,23.869367,0.0],[120.927366,23.869325,0.0],[120.927312,23.86909,0.0],[120.92692,23.869027,0.0],[120.926176,23.86977,0.0],[120.926641,23.870121,0.0],[120.926847,23.869895,0.0],[120.926898,23.869523,0.0],[120.927104,23.869367,0.0]],[[120.925887,23.819997,0.0],[120.925697,23.818645,0.0],[120.926143,23.816915,0.0],[120.925697,23.816462,0.0],[120.924101,23.814491,0.0],[120.922439,23.814414,0.0],[120.922024,23.814684,0.0],[120.92121,23.819768,0.0],[120.921699,23.823467,0.0],[120.920924,23.828072,0.0],[120.919572,23.829645,0.0],[120.92179,23.831964,0.0],[120.923015,23.832718,0.0],[120.924163,23.832923,0.0],[120.924294,23.832899,0.0],[120.925155,23.831894,0.0],[120.925775,23.831395,0.0],[120.92509,23.829765,0.0],[120.92492,23.829648,0.0],[120.925117,23.829643,0.0],[120.925189,23.829262,0.0],[120.925624,23.828823,0.0],[120.927338,23.828866,0.0],[120.925811,23.827553,0.0],[120.925626,23.827315,0.0],[120.925689,23.826895,0.0],[120.926221,23.825943,0.0],[120.926217,23.825508,0.0],[120.92602,23.824978,0.0],[120.926645,23.822827,0.0],[120.926637,23.821979,0.0],[120.926044,23.82145,0.0],[120.92581,23.821128,0.0],[120.925887,23.819997,0.0]],[[120.923109,23.871511,0.0],[120.92395,23.871256,0.0],[120.923684,23.870826,0.0],[120.923686,23.870221,0.0],[120.923294,23.870114,0.0],[120.923282,23.870413,0.0],[120.923202,23.870547,0.0],[120.923076,23.870628,0.0],[120.922761,23.870656,0.0],[120.922652,23.87077,0.0],[120.923109,23.871511,0.0]],[[120.920534,23.872109,0.0],[120.920639,23.87232,0.0],[120.920695,23.872291,0.0],[120.920731,23.872358,0.0],[120.921068,23.872183,0.0],[120.92084,23.871693,0.0],[120.920748,23.871718,0.0],[120.920534,23.872109,0.0]],[[120.917395,23.871851,0.0],[120.917488,23.871822,0.0],[120.916638,23.871943,0.0],[120.916893,23.872151,0.0],[120.917094,23.872172,0.0],[120.917258,23.872099,0.0],[120.917395,23.871851,0.0]],[[120.914147,23.873215,0.0],[120.914445,23.873529,0.0],[120.914748,23.873294,0.0],[120.914123,23.872778,0.0],[120.91426,23.87273,0.0],[120.914416,23.872812,0.0],[120.914839,23.87215,0.0],[120.914668,23.872209,0.0],[120.914772,23.872088,0.0],[120.914723,23.872076,0.0],[120.914226,23.872441,0.0],[120.914042,23.872492,0.0],[120.913788,23.87275,0.0],[120.914033,23.872877,0.0],[120.913988,23.872932,0.0],[120.91383,23.872844,0.0],[120.913743,23.872956,0.0],[120.914147,23.873215,0.0]],[[120.874208,23.735923,0.0],[120.873893,23.735956,0.0],[120.873917,23.736066,0.0],[120.873696,23.736215,0.0],[120.874334,23.736149,0.0],[120.874208,23.735923,0.0]],[[120.872071,23.742784,0.0],[120.871935,23.743103,0.0],[120.872458,23.743064,0.0],[120.872626,23.742926,0.0],[120.87262,23.74272,0.0],[120.872796,23.742455,0.0],[120.873189,23.742575,0.0],[120.873356,23.742274,0.0],[120.873256,23.742257,0.0],[120.873213,23.742332,0.0],[120.872801,23.742121,0.0],[120.872071,23.742784,0.0]],[[120.871841,23.743762,0.0],[120.871975,23.743778,0.0],[120.872047,23.743603,0.0],[120.871833,23.743608,0.0],[120.871841,23.743762,0.0]]],[[[121.022728,23.90049,0.0],[121.022714,23.900498,0.0],[121.02272,23.900484,0.0],[121.022728,23.90049,0.0]]],[[[121.02664,23.92353,0.0],[121.026734,23.923738,0.0],[121.026711,23.923815,0.0],[121.026645,23.923556,0.0],[121.02664,23.92353,0.0]]],[[[121.088732,23.983675,0.0],[121.088011,23.983111,0.0],[121.087206,23.982128,0.0],[121.086136,23.981572,0.0],[121.085252,23.980783,0.0],[121.085005,23.980833,0.0],[121.084455,23.980644,0.0],[121.083285,23.98045,0.0],[121.082347,23.980178,0.0],[121.080867,23.980004,0.0],[121.079659,23.980191,0.0],[121.079203,23.980157,0.0],[121.078011,23.979677,0.0],[121.077237,23.979255,0.0],[121.076713,23.978637,0.0],[121.075968,23.976987,0.0],[121.075768,23.976685,0.0],[121.075418,23.976462,0.0],[121.074527,23.976412,0.0],[121.073759,23.976119,0.0],[121.072486,23.975784,0.0],[121.070808,23.975087,0.0],[121.069941,23.974859,0.0],[121.06873,23.974208,0.0],[121.067807,23.974127,0.0],[121.065955,23.974376,0.0],[121.065568,23.974514,0.0],[121.064883,23.975018,0.0],[121.064428,23.975185,0.0],[121.063998,23.975219,0.0],[121.062719,23.975134,0.0],[121.062151,23.97494,0.0],[121.061876,23.974672,0.0],[121.061706,23.973028,0.0],[121.06148,23.972272,0.0],[121.061255,23.971929,0.0],[121.060881,23.971827,0.0],[121.06002,23.971758,0.0],[121.059627,23.971582,0.0],[121.058947,23.971113,0.0],[121.058666,23.970826,0.0],[121.058109,23.969648,0.0],[121.057722,23.969355,0.0],[121.057317,23.969224,0.0],[121.055826,23.969127,0.0],[121.054021,23.969334,0.0],[121.054185,23.968471,0.0],[121.054738,23.966843,0.0],[121.055528,23.965326,0.0],[121.055795,23.964558,0.0],[121.055351,23.963425,0.0],[121.05487,23.962806,0.0],[121.053796,23.961026,0.0],[121.053532,23.959897,0.0],[121.053301,23.959513,0.0],[121.052689,23.958872,0.0],[121.051752,23.957414,0.0],[121.050996,23.95648,0.0],[121.050653,23.9562,0.0],[121.049374,23.955675,0.0],[121.049043,23.955429,0.0],[121.048955,23.95449,0.0],[121.049078,23.953316,0.0],[121.049481,23.951735,0.0],[121.050065,23.950078,0.0],[121.050159,23.949689,0.0],[121.050139,23.949283,0.0],[121.049964,23.948956,0.0],[121.049621,23.948739,0.0],[121.047519,23.948237,0.0],[121.047064,23.948266,0.0],[121.04669,23.94814,0.0],[121.046552,23.947752,0.0],[121.046445,23.947029,0.0],[121.046585,23.943844,0.0],[121.046204,23.943422,0.0],[121.044826,23.94321,0.0],[121.044146,23.942833,0.0],[121.042538,23.943459,0.0],[121.041983,23.943418,0.0],[121.040618,23.943064,0.0],[121.0402,23.943031,0.0],[121.039757,23.943105,0.0],[121.039358,23.943284,0.0],[121.037851,23.944133,0.0],[121.036635,23.944529,0.0],[121.033381,23.94476,0.0],[121.032458,23.944618,0.0],[121.032103,23.944469,0.0],[121.030849,23.943623,0.0],[121.030337,23.943027,0.0],[121.03018,23.942605,0.0],[121.03018,23.942099,0.0],[121.030322,23.941279,0.0],[121.030297,23.940925,0.0],[121.03011,23.940537,0.0],[121.029611,23.94025,0.0],[121.029086,23.939735,0.0],[121.02873,23.93883,0.0],[121.028611,23.937828,0.0],[121.028635,23.937392,0.0],[121.028852,23.936568,0.0],[121.028888,23.934552,0.0],[121.029087,23.933807,0.0],[121.029541,23.93305,0.0],[121.029734,23.932599,0.0],[121.029757,23.932317,0.0],[121.030199,23.932378,0.0],[121.030638,23.932317,0.0],[121.031618,23.93203,0.0],[121.031861,23.931876,0.0],[121.032135,23.931489,0.0],[121.032595,23.93114,0.0],[121.033303,23.930805,0.0],[121.035104,23.930246,0.0],[121.035491,23.930339,0.0],[121.037301,23.929997,0.0],[121.038188,23.929318,0.0],[121.03851,23.929118,0.0],[121.038866,23.929018,0.0],[121.039243,23.928664,0.0],[121.041138,23.928247,0.0],[121.04153,23.928288,0.0],[121.041891,23.92769,0.0],[121.043844,23.926697,0.0],[121.044469,23.926608,0.0],[121.045376,23.926268,0.0],[121.047066,23.925004,0.0],[121.047412,23.924866,0.0],[121.048147,23.92515,0.0],[121.048624,23.925096,0.0],[121.04942,23.924706,0.0],[121.049896,23.924679,0.0],[121.050944,23.924202,0.0],[121.051806,23.924025,0.0],[121.053092,23.924074,0.0],[121.053645,23.923342,0.0],[121.054472,23.923335,0.0],[121.053468,23.922207,0.0],[121.052232,23.921886,0.0],[121.051729,23.921173,0.0],[121.051709,23.921035,0.0],[121.050678,23.91978,0.0],[121.050411,23.919036,0.0],[121.050162,23.918607,0.0],[121.051021,23.918913,0.0],[121.052386,23.919221,0.0],[121.052607,23.918981,0.0],[121.054744,23.919143,0.0],[121.055678,23.91872,0.0],[121.056013,23.917674,0.0],[121.056071,23.917204,0.0],[121.055886,23.916728,0.0],[121.056031,23.916451,0.0],[121.056136,23.916599,0.0],[121.056236,23.916449,0.0],[121.056315,23.916724,0.0],[121.056422,23.916485,0.0],[121.056432,23.917234,0.0],[121.05671,23.917725,0.0],[121.057106,23.917667,0.0],[121.057716,23.917911,0.0],[121.058247,23.91802,0.0],[121.058442,23.917868,0.0],[121.058804,23.918104,0.0],[121.05914,23.918158,0.0],[121.06115,23.918154,0.0],[121.06135,23.918255,0.0],[121.061446,23.918509,0.0],[121.06204,23.919256,0.0],[121.062227,23.919705,0.0],[121.062537,23.920053,0.0],[121.062824,23.920682,0.0],[121.062691,23.921646,0.0],[121.063558,23.922211,0.0],[121.063731,23.922548,0.0],[121.063736,23.923542,0.0],[121.063918,23.924062,0.0],[121.064143,23.924443,0.0],[121.064088,23.92459,0.0],[121.064385,23.925093,0.0],[121.064736,23.925392,0.0],[121.064627,23.925514,0.0],[121.064636,23.92562,0.0],[121.064964,23.925722,0.0],[121.065684,23.926167,0.0],[121.065741,23.926412,0.0],[121.065639,23.926666,0.0],[121.065558,23.927411,0.0],[121.065649,23.927625,0.0],[121.065598,23.927845,0.0],[121.06577,23.9279,0.0],[121.06584,23.928193,0.0],[121.066168,23.928588,0.0],[121.066156,23.928802,0.0],[121.066327,23.929007,0.0],[121.066525,23.929651,0.0],[121.066398,23.92999,0.0],[121.0666,23.930329,0.0],[121.066743,23.930457,0.0],[121.066821,23.930445,0.0],[121.067123,23.930901,0.0],[121.0677,23.931193,0.0],[121.067876,23.93142,0.0],[121.067145,23.932498,0.0],[121.066585,23.933099,0.0],[121.066655,23.933177,0.0],[121.066617,23.933526,0.0],[121.067213,23.933883,0.0],[121.067421,23.934137,0.0],[121.068014,23.934589,0.0],[121.068437,23.934569,0.0],[121.068739,23.934817,0.0],[121.069123,23.93494,0.0],[121.07004,23.935513,0.0],[121.070293,23.93554,0.0],[121.069267,23.935812,0.0],[121.068887,23.935777,0.0],[121.067917,23.936003,0.0],[121.067794,23.936182,0.0],[121.06732,23.936402,0.0],[121.066863,23.936406,0.0],[121.066409,23.93661,0.0],[121.065022,23.936102,0.0],[121.06369,23.935992,0.0],[121.062949,23.936086,0.0],[121.062358,23.936435,0.0],[121.062063,23.936491,0.0],[121.060535,23.937961,0.0],[121.059838,23.939396,0.0],[121.059769,23.940098,0.0],[121.059304,23.94091,0.0],[121.059145,23.941611,0.0],[121.058228,23.943206,0.0],[121.057776,23.944427,0.0],[121.057375,23.944961,0.0],[121.057314,23.945541,0.0],[121.05699,23.946402,0.0],[121.05727,23.947278,0.0],[121.056793,23.947536,0.0],[121.05659,23.947726,0.0],[121.056111,23.947851,0.0],[121.055735,23.947819,0.0],[121.055038,23.947934,0.0],[121.054747,23.948045,0.0],[121.05454,23.948215,0.0],[121.053518,23.9485,0.0],[121.053169,23.948688,0.0],[121.053322,23.949043,0.0],[121.053563,23.94907,0.0],[121.054062,23.949372,0.0],[121.054339,23.949452,0.0],[121.055549,23.950327,0.0],[121.055947,23.950398,0.0],[121.056179,23.950516,0.0],[121.056391,23.950748,0.0],[121.056934,23.952367,0.0],[121.057555,23.952924,0.0],[121.05787,23.953306,0.0],[121.058495,23.953636,0.0],[121.058836,23.95367,0.0],[121.059292,23.953982,0.0],[121.059469,23.954203,0.0],[121.059027,23.954703,0.0],[121.058286,23.955154,0.0],[121.057561,23.956295,0.0],[121.059672,23.956744,0.0],[121.06175,23.957796,0.0],[121.06168,23.958467,0.0],[121.063418,23.960072,0.0],[121.063914,23.960136,0.0],[121.064195,23.960387,0.0],[121.065527,23.960242,0.0],[121.06562,23.960348,0.0],[121.065252,23.96133,0.0],[121.065728,23.961464,0.0],[121.066098,23.961317,0.0],[121.067388,23.962299,0.0],[121.068918,23.963164,0.0],[121.070367,23.963462,0.0],[121.071056,23.963455,0.0],[121.071717,23.963084,0.0],[121.071775,23.963258,0.0],[121.072558,23.963256,0.0],[121.072901,23.963044,0.0],[121.07313,23.963054,0.0],[121.073275,23.962739,0.0],[121.073421,23.961969,0.0],[121.073579,23.962054,0.0],[121.073864,23.962046,0.0],[121.074085,23.960965,0.0],[121.074029,23.959301,0.0],[121.075166,23.959389,0.0],[121.076429,23.959261,0.0],[121.077722,23.958987,0.0],[121.078807,23.958663,0.0],[121.080109,23.957728,0.0],[121.081565,23.957565,0.0],[121.081704,23.957884,0.0],[121.081308,23.958084,0.0],[121.081215,23.958198,0.0],[121.081232,23.958339,0.0],[121.081647,23.958995,0.0],[121.082519,23.959871,0.0],[121.083158,23.960677,0.0],[121.083155,23.961833,0.0],[121.082926,23.962296,0.0],[121.08247,23.962834,0.0],[121.082059,23.962934,0.0],[121.081537,23.96333,0.0],[121.081042,23.963412,0.0],[121.080307,23.963328,0.0],[121.07968,23.963549,0.0],[121.079508,23.963857,0.0],[121.079467,23.964376,0.0],[121.079585,23.964689,0.0],[121.079998,23.965251,0.0],[121.080378,23.966009,0.0],[121.08098,23.966672,0.0],[121.081683,23.96687,0.0],[121.082918,23.967064,0.0],[121.0835,23.967517,0.0],[121.082954,23.967746,0.0],[121.082978,23.967952,0.0],[121.080618,23.969975,0.0],[121.079972,23.971276,0.0],[121.079377,23.971786,0.0],[121.079199,23.972288,0.0],[121.079302,23.973895,0.0],[121.078937,23.974587,0.0],[121.078717,23.974782,0.0],[121.081272,23.976366,0.0],[121.081436,23.976396,0.0],[121.083983,23.978079,0.0],[121.088291,23.9792,0.0],[121.089683,23.979648,0.0],[121.09001,23.979839,0.0],[121.090259,23.979831,0.0],[121.090335,23.979593,0.0],[121.090528,23.979479,0.0],[121.091177,23.979334,0.0],[121.091495,23.978921,0.0],[121.092108,23.977051,0.0],[121.091821,23.97627,0.0],[121.092922,23.974348,0.0],[121.092894,23.974815,0.0],[121.09332,23.975557,0.0],[121.093476,23.976289,0.0],[121.09334,23.976544,0.0],[121.093478,23.977263,0.0],[121.093289,23.977404,0.0],[121.093432,23.977591,0.0],[121.09374,23.977769,0.0],[121.093724,23.978,0.0],[121.093794,23.978099,0.0],[121.094036,23.978096,0.0],[121.094082,23.978416,0.0],[121.093852,23.978777,0.0],[121.093816,23.979167,0.0],[121.093613,23.979282,0.0],[121.093509,23.979586,0.0],[121.093058,23.98013,0.0],[121.092875,23.980243,0.0],[121.092674,23.980223,0.0],[121.092419,23.98035,0.0],[121.091894,23.980199,0.0],[121.091541,23.980755,0.0],[121.091902,23.981037,0.0],[121.092133,23.981636,0.0],[121.092198,23.981943,0.0],[121.092155,23.982165,0.0],[121.092349,23.982696,0.0],[121.092644,23.982752,0.0],[121.093274,23.982289,0.0],[121.093666,23.982114,0.0],[121.092789,23.981113,0.0],[121.093225,23.980795,0.0],[121.093588,23.981247,0.0],[121.09379,23.98133,0.0],[121.093942,23.9813,0.0],[121.09409,23.981485,0.0],[121.094494,23.981222,0.0],[121.094616,23.981366,0.0],[121.094694,23.981642,0.0],[121.09515,23.982073,0.0],[121.095402,23.982447,0.0],[121.095745,23.98225,0.0],[121.096159,23.981831,0.0],[121.096507,23.98067,0.0],[121.097032,23.980566,0.0],[121.097151,23.980599,0.0],[121.097617,23.981091,0.0],[121.097687,23.981225,0.0],[121.097697,23.981666,0.0],[121.09781,23.981757,0.0],[121.097796,23.982507,0.0],[121.097646,23.982881,0.0],[121.09774,23.983152,0.0],[121.097663,23.983424,0.0],[121.097866,23.983646,0.0],[121.098101,23.983756,0.0],[121.098208,23.984218,0.0],[121.0981,23.984408,0.0],[121.098138,23.984656,0.0],[121.097989,23.985256,0.0],[121.09803,23.985421,0.0],[121.099266,23.985852,0.0],[121.100013,23.985854,0.0],[121.100279,23.986071,0.0],[121.101295,23.985579,0.0],[121.101554,23.985719,0.0],[121.101868,23.985763,0.0],[121.102165,23.986058,0.0],[121.102756,23.985936,0.0],[121.10284,23.985559,0.0],[121.103255,23.984861,0.0],[121.103825,23.984859,0.0],[121.10418,23.985051,0.0],[121.104417,23.985636,0.0],[121.104563,23.985684,0.0],[121.104845,23.985634,0.0],[121.105081,23.985843,0.0],[121.105202,23.986135,0.0],[121.105043,23.986354,0.0],[121.105688,23.986849,0.0],[121.105957,23.986898,0.0],[121.106224,23.987379,0.0],[121.106722,23.987535,0.0],[121.105411,23.987939,0.0],[121.104982,23.987553,0.0],[121.104204,23.987471,0.0],[121.102782,23.987727,0.0],[121.101488,23.98873,0.0],[121.101083,23.98886,0.0],[121.099519,23.989676,0.0],[121.099012,23.989852,0.0],[121.096628,23.988093,0.0],[121.095873,23.987732,0.0],[121.094569,23.987431,0.0],[121.094247,23.987225,0.0],[121.093877,23.986442,0.0],[121.093157,23.985847,0.0],[121.09201,23.985314,0.0],[121.091868,23.985123,0.0],[121.090616,23.984774,0.0],[121.088916,23.98413,0.0],[121.088732,23.983675,0.0]]],[[[121.113151,23.982534,0.0],[121.113233,23.983463,0.0],[121.113318,23.983592,0.0],[121.113173,23.9843,0.0],[121.113248,23.985064,0.0],[121.113577,23.985894,0.0],[121.1136,23.986572,0.0],[121.112633,23.986629,0.0],[121.112258,23.986807,0.0],[121.111646,23.986945,0.0],[121.109183,23.987282,0.0],[121.10884,23.987443,0.0],[121.108048,23.987541,0.0],[121.107582,23.98748,0.0],[121.107504,23.987339,0.0],[121.108709,23.987292,0.0],[121.109266,23.987062,0.0],[121.109688,23.987051,0.0],[121.110196,23.986767,0.0],[121.110602,23.986412,0.0],[121.111052,23.986206,0.0],[121.111269,23.986012,0.0],[121.111497,23.985455,0.0],[121.11148,23.985259,0.0],[121.111211,23.984763,0.0],[121.111228,23.984525,0.0],[121.11182,23.983844,0.0],[121.112036,23.983394,0.0],[121.112353,23.982966,0.0],[121.112407,23.982443,0.0],[121.112062,23.98212,0.0],[121.111892,23.981848,0.0],[121.111753,23.980079,0.0],[121.111315,23.979187,0.0],[121.110928,23.97887,0.0],[121.11101,23.978243,0.0],[121.11118,23.977909,0.0],[121.111779,23.977392,0.0],[121.112387,23.976294,0.0],[121.112494,23.976287,0.0],[121.112568,23.974874,0.0],[121.112535,23.974585,0.0],[121.112248,23.974063,0.0],[121.112385,23.973752,0.0],[121.112721,23.973522,0.0],[121.112591,23.973187,0.0],[121.113247,23.973694,0.0],[121.114364,23.973596,0.0],[121.114483,23.973691,0.0],[121.113791,23.974163,0.0],[121.114209,23.974527,0.0],[121.115724,23.975237,0.0],[121.116351,23.975368,0.0],[121.117439,23.975165,0.0],[121.118291,23.974172,0.0],[121.118375,23.972007,0.0],[121.119408,23.972467,0.0],[121.119798,23.97254,0.0],[121.120001,23.973187,0.0],[121.120278,23.973447,0.0],[121.120895,23.97367,0.0],[121.121041,23.973877,0.0],[121.120926,23.97415,0.0],[121.121382,23.974341,0.0],[121.122243,23.975139,0.0],[121.121559,23.975868,0.0],[121.121428,23.976559,0.0],[121.120999,23.976978,0.0],[121.120578,23.977192,0.0],[121.120019,23.977999,0.0],[121.120004,23.978146,0.0],[121.120138,23.978258,0.0],[121.119312,23.979096,0.0],[121.118037,23.979682,0.0],[121.117254,23.979776,0.0],[121.116866,23.979701,0.0],[121.115503,23.980226,0.0],[121.115378,23.98039,0.0],[121.114565,23.980683,0.0],[121.113929,23.981582,0.0],[121.113418,23.982052,0.0],[121.113151,23.982534,0.0]]],[[[121.147653,24.024096,0.0],[121.146967,24.024424,0.0],[121.145876,24.025378,0.0],[121.145089,24.025958,0.0],[121.144654,24.026188,0.0],[121.144173,24.026816,0.0],[121.143964,24.027351,0.0],[121.143605,24.027659,0.0],[121.143382,24.028114,0.0],[121.142997,24.028459,0.0],[121.142691,24.029273,0.0],[121.142486,24.029614,0.0],[121.142336,24.029047,0.0],[121.142067,24.028715,0.0],[121.141461,24.028251,0.0],[121.139257,24.027712,0.0],[121.138856,24.027342,0.0],[121.138398,24.027087,0.0],[121.138127,24.026084,0.0],[121.138705,24.02597,0.0],[121.138747,24.02581,0.0],[121.138507,24.025614,0.0],[121.138289,24.025627,0.0],[121.13807,24.025812,0.0],[121.138084,24.02545,0.0],[121.138238,24.025434,0.0],[121.138439,24.025284,0.0],[121.138097,24.021892,0.0],[121.13853,24.022158,0.0],[121.138876,24.022608,0.0],[121.139361,24.022476,0.0],[121.139696,24.022565,0.0],[121.140213,24.022572,0.0],[121.14062,24.022898,0.0],[121.141071,24.022612,0.0],[121.141382,24.022504,0.0],[121.14233,24.02249,0.0],[121.142728,24.022389,0.0],[121.14299,24.022464,0.0],[121.143149,24.022367,0.0],[121.143314,24.0221,0.0],[121.14438,24.021895,0.0],[121.144519,24.02177,0.0],[121.144944,24.021708,0.0],[121.145688,24.021435,0.0],[121.146312,24.021367,0.0],[121.146592,24.021409,0.0],[121.147524,24.021083,0.0],[121.148203,24.020976,0.0],[121.148868,24.020759,0.0],[121.149331,24.020468,0.0],[121.150158,24.020233,0.0],[121.150794,24.02028,0.0],[121.151558,24.020046,0.0],[121.152266,24.019564,0.0],[121.153191,24.019194,0.0],[121.153771,24.019171,0.0],[121.154562,24.019003,0.0],[121.154337,24.019165,0.0],[121.154439,24.019385,0.0],[121.154632,24.019362,0.0],[121.15443,24.019875,0.0],[121.153879,24.020564,0.0],[121.152628,24.021216,0.0],[121.151041,24.021359,0.0],[121.150082,24.021901,0.0],[121.148472,24.023535,0.0],[121.147653,24.024096,0.0]]],[[[121.163341,24.059244,0.0],[121.163991,24.059744,0.0],[121.163858,24.059704,0.0],[121.163446,24.059372,0.0],[121.163324,24.059228,0.0],[121.163341,24.059244,0.0]]],[[[121.165396,24.061036,0.0],[121.164388,24.05996,0.0],[121.164847,24.060029,0.0],[121.16501,24.060133,0.0],[121.165359,24.060684,0.0],[121.165396,24.061036,0.0]]],[[[121.166957,24.066489,0.0],[121.166965,24.06683,0.0],[121.166775,24.067178,0.0],[121.166712,24.064909,0.0],[121.166957,24.066489,0.0]]],[[[121.167047,24.069427,0.0],[121.167049,24.069446,0.0],[121.167046,24.069426,0.0],[121.167047,24.069427,0.0]]],[[[121.172107,24.082015,0.0],[121.172235,24.082145,0.0],[121.172284,24.082443,0.0],[121.172296,24.082813,0.0],[121.172199,24.083239,0.0],[121.172288,24.083562,0.0],[121.172225,24.084335,0.0],[121.172339,24.084773,0.0],[121.172216,24.085527,0.0],[121.172293,24.085747,0.0],[121.172223,24.086069,0.0],[121.172083,24.084295,0.0],[121.171432,24.082784,0.0],[121.170777,24.08054,0.0],[121.170599,24.078495,0.0],[121.170454,24.077715,0.0],[121.169864,24.07618,0.0],[121.169175,24.075235,0.0],[121.168555,24.074089,0.0],[121.168165,24.072444,0.0],[121.167412,24.070741,0.0],[121.167078,24.069605,0.0],[121.167384,24.070039,0.0],[121.167343,24.070341,0.0],[121.167405,24.070473,0.0],[121.167698,24.070923,0.0],[121.168008,24.071209,0.0],[121.168351,24.071816,0.0],[121.168462,24.072526,0.0],[121.168309,24.072606,0.0],[121.168741,24.073703,0.0],[121.168933,24.073722,0.0],[121.168919,24.074271,0.0],[121.168981,24.074244,0.0],[121.169033,24.074381,0.0],[121.169123,24.074827,0.0],[121.169223,24.074875,0.0],[121.169437,24.075216,0.0],[121.169717,24.075311,0.0],[121.16988,24.075543,0.0],[121.169882,24.075811,0.0],[121.170272,24.076096,0.0],[121.170741,24.076587,0.0],[121.17114,24.077847,0.0],[121.1711,24.079758,0.0],[121.170978,24.080532,0.0],[121.17212,24.081093,0.0],[121.172107,24.082015,0.0]]],[[[121.173031,24.088363,0.0],[121.172483,24.087602,0.0],[121.172358,24.08699,0.0],[121.172609,24.087555,0.0],[121.172828,24.087767,0.0],[121.173031,24.088363,0.0]]],[[[121.180082,24.096389,0.0],[121.17973,24.096429,0.0],[121.179668,24.096406,0.0],[121.180082,24.096389,0.0]]],[[[121.188549,24.10147,0.0],[121.188045,24.101747,0.0],[121.188308,24.101488,0.0],[121.188408,24.101219,0.0],[121.188614,24.101135,0.0],[121.188728,24.100939,0.0],[121.189543,24.100257,0.0],[121.189544,24.100176,0.0],[121.18982,24.099923,0.0],[121.190445,24.099574,0.0],[121.190533,24.099771,0.0],[121.189827,24.100523,0.0],[121.189116,24.100925,0.0],[121.188792,24.101161,0.0],[121.188549,24.10147,0.0]]],[[[121.203602,24.108999,0.0],[121.204021,24.109073,0.0],[121.204151,24.109239,0.0],[121.203799,24.109083,0.0],[121.203602,24.108999,0.0]]],[[[121.225036,24.11348,0.0],[121.225275,24.113143,0.0],[121.225673,24.113022,0.0],[121.225454,24.113116,0.0],[121.225036,24.11348,0.0]]],[[[121.224365,24.114537,0.0],[121.223919,24.114973,0.0],[121.224331,24.114151,0.0],[121.224301,24.113857,0.0],[121.224769,24.1137,0.0],[121.224588,24.113851,0.0],[121.224365,24.114537,0.0]]],[[[121.213223,24.11388,0.0],[121.21332,24.1139,0.0],[121.214178,24.11494,0.0],[121.213588,24.11437,0.0],[121.213223,24.11388,0.0]]],[[[121.214328,24.115068,0.0],[121.214966,24.115215,0.0],[121.215512,24.115535,0.0],[121.214971,24.115422,0.0],[121.214328,24.115068,0.0]]],[[[121.222439,24.115698,0.0],[121.222439,24.115624,0.0],[121.222602,24.11558,0.0],[121.222482,24.115653,0.0],[121.222439,24.115698,0.0]]],[[[121.217387,24.11592,0.0],[121.217436,24.115988,0.0],[121.217268,24.11592,0.0],[121.217387,24.11592,0.0]]],[[[121.217617,24.116061,0.0],[121.21831,24.115977,0.0],[121.218576,24.116191,0.0],[121.218144,24.116174,0.0],[121.217617,24.116061,0.0]]],[[[121.221501,24.115867,0.0],[121.222237,24.115905,0.0],[121.220748,24.116567,0.0],[121.220194,24.116585,0.0],[121.220853,24.116306,0.0],[121.221501,24.115867,0.0]]],[[[121.218968,24.116265,0.0],[121.218755,24.116224,0.0],[121.218957,24.116182,0.0],[121.219349,24.116375,0.0],[121.218968,24.116265,0.0]]]]}}
]
}
