{
"type": "FeatureCollection",
"name": "保安林",
"xy_coordinate_resolution": 1e-06,
"features": [
{"type":"Feature","properties":{"FID":0},"geometry":{"type":"GeometryCollection","geometries":[{"type":"MultiPolygon","coordinates":[[[[120.345958,23.808782,0.0],[120.34609,23.808856,0.0],[120.346232,23.809527,0.0],[120.34648,23.809633,0.0],[120.346498,23.809727,0.0],[120.346573,23.809662,0.0],[120.349318,23.81014,0.0],[120.349269,23.81001,0.0],[120.349752,23.810211,0.0],[120.350191,23.810231,0.0],[120.350533,23.81093,0.0],[120.35105,23.812879,0.0],[120.353419,23.813554,0.0],[120.354005,23.81366,0.0],[120.354068,23.812367,0.0],[120.354371,23.812265,0.0],[120.354366,23.811679,0.0],[120.354464,23.811302,0.0],[120.354753,23.811176,0.0],[120.355088,23.811178,0.0],[120.355179,23.811962,0.0],[120.355148,23.812532,0.0],[120.354812,23.813891,0.0],[120.358923,23.815756,0.0],[120.359233,23.815975,0.0],[120.359047,23.816253,0.0],[120.358672,23.816571,0.0],[120.359795,23.817227,0.0],[120.360125,23.817623,0.0],[120.360571,23.817933,0.0],[120.359788,23.817884,0.0],[120.35753,23.816971,0.0],[120.348324,23.812815,0.0],[120.345549,23.811703,0.0],[120.345568,23.811631,0.0],[120.345463,23.811676,0.0],[120.343781,23.811232,0.0],[120.341458,23.810871,0.0],[120.339679,23.810818,0.0],[120.337375,23.810991,0.0],[120.337041,23.810994,0.0],[120.337024,23.810935,0.0],[120.336867,23.811008,0.0],[120.333204,23.81142,0.0],[120.327536,23.81196,0.0],[120.326166,23.811963,0.0],[120.326195,23.81176,0.0],[120.324241,23.811443,0.0],[120.323614,23.811187,0.0],[120.322388,23.810879,0.0],[120.320153,23.810658,0.0],[120.317496,23.81097,0.0],[120.317251,23.810202,0.0],[120.316816,23.80977,0.0],[120.316677,23.808934,0.0],[120.318082,23.807465,0.0],[120.318397,23.807777,0.0],[120.319659,23.807621,0.0],[120.320793,23.80732,0.0],[120.320801,23.80711,0.0],[120.3209,23.806986,0.0],[120.3211,23.807235,0.0],[120.321123,23.807693,0.0],[120.322244,23.807593,0.0],[120.322164,23.807156,0.0],[120.3223,23.807208,0.0],[120.323095,23.807194,0.0],[120.324627,23.806969,0.0],[120.327472,23.806817,0.0],[120.328313,23.806679,0.0],[120.328481,23.807047,0.0],[120.328656,23.806981,0.0],[120.32881,23.806756,0.0],[120.328959,23.806739,0.0],[120.32907,23.80735,0.0],[120.329327,23.807645,0.0],[120.329339,23.807833,0.0],[120.330116,23.807884,0.0],[120.330494,23.808002,0.0],[120.330622,23.808115,0.0],[120.335858,23.807844,0.0],[120.335918,23.807702,0.0],[120.336799,23.807707,0.0],[120.336977,23.807496,0.0],[120.33729,23.807412,0.0],[120.337505,23.80751,0.0],[120.337699,23.807713,0.0],[120.337833,23.807712,0.0],[120.338131,23.807597,0.0],[120.338035,23.807355,0.0],[120.338067,23.807253,0.0],[120.339905,23.807016,0.0],[120.341181,23.807106,0.0],[120.345958,23.808083,0.0],[120.346022,23.80812,0.0],[120.345958,23.808782,0.0]],[[120.346167,23.810278,0.0],[120.346184,23.810219,0.0],[120.346084,23.810196,0.0],[120.346067,23.810255,0.0],[120.346167,23.810278,0.0]],[[120.346277,23.810416,0.0],[120.346316,23.810368,0.0],[120.346229,23.810383,0.0],[120.346277,23.810416,0.0]],[[120.34629,23.810259,0.0],[120.346311,23.810216,0.0],[120.346265,23.810189,0.0],[120.346233,23.810245,0.0],[120.34629,23.810259,0.0]]],[[[120.277271,23.813227,0.0],[120.277012,23.813115,0.0],[120.278727,23.812072,0.0],[120.280221,23.813103,0.0],[120.278864,23.813239,0.0],[120.277271,23.813227,0.0]]],[[[120.390645,23.81702,0.0],[120.389925,23.817259,0.0],[120.388393,23.817575,0.0],[120.387499,23.818004,0.0],[120.386756,23.818145,0.0],[120.385197,23.818159,0.0],[120.38361,23.818679,0.0],[120.382774,23.818624,0.0],[120.382761,23.818466,0.0],[120.382722,23.818621,0.0],[120.379228,23.818377,0.0],[120.378974,23.818088,0.0],[120.37851,23.817897,0.0],[120.377334,23.817211,0.0],[120.377199,23.8167,0.0],[120.383391,23.816393,0.0],[120.39417,23.815728,0.0],[120.394149,23.816928,0.0],[120.393713,23.816927,0.0],[120.393708,23.816715,0.0],[120.392631,23.816731,0.0],[120.392626,23.816931,0.0],[120.392192,23.816932,0.0],[120.392196,23.817027,0.0],[120.390645,23.81702,0.0]]],[[[120.270142,23.861287,0.0],[120.270231,23.861037,0.0],[120.270435,23.860875,0.0],[120.273608,23.865507,0.0],[120.273508,23.865551,0.0],[120.273392,23.865397,0.0],[120.270679,23.861479,0.0],[120.27043,23.86134,0.0],[120.270142,23.861287,0.0]]],[[[120.276834,23.866304,0.0],[120.276914,23.866256,0.0],[120.277915,23.867523,0.0],[120.277864,23.867643,0.0],[120.277424,23.867241,0.0],[120.277556,23.867135,0.0],[120.275859,23.865345,0.0],[120.27599,23.86526,0.0],[120.276458,23.86593,0.0],[120.276834,23.866304,0.0]]],[[[120.280082,23.869799,0.0],[120.279844,23.869473,0.0],[120.279178,23.868867,0.0],[120.279243,23.86882,0.0],[120.279038,23.868674,0.0],[120.279236,23.868644,0.0],[120.280562,23.869772,0.0],[120.280278,23.869604,0.0],[120.280095,23.869759,0.0],[120.280713,23.870078,0.0],[120.280813,23.869986,0.0],[120.280998,23.870141,0.0],[120.280901,23.870302,0.0],[120.280082,23.869799,0.0]],[[120.279371,23.868861,0.0],[120.279231,23.8687,0.0],[120.279303,23.868802,0.0],[120.279371,23.868861,0.0]]],[[[120.281181,23.870195,0.0],[120.283033,23.871465,0.0],[120.286784,23.874257,0.0],[120.286325,23.874142,0.0],[120.286269,23.874099,0.0],[120.286325,23.874034,0.0],[120.286155,23.873915,0.0],[120.286108,23.873958,0.0],[120.281093,23.87043,0.0],[120.281181,23.870195,0.0]]],[[[120.362679,23.918391,0.0],[120.362689,23.918256,0.0],[120.362897,23.918204,0.0],[120.36288,23.917939,0.0],[120.362726,23.91787,0.0],[120.362736,23.917764,0.0],[120.363104,23.917716,0.0],[120.36326,23.917808,0.0],[120.36355,23.91832,0.0],[120.36346,23.918472,0.0],[120.36329,23.918552,0.0],[120.363261,23.91868,0.0],[120.362902,23.918747,0.0],[120.362679,23.918391,0.0]]],[[[120.363357,23.919804,0.0],[120.363386,23.920318,0.0],[120.362358,23.920575,0.0],[120.362365,23.919764,0.0],[120.362976,23.919593,0.0],[120.362938,23.919302,0.0],[120.363357,23.919804,0.0]]],[[[120.315327,23.929047,0.0],[120.315625,23.928965,0.0],[120.316237,23.930637,0.0],[120.315327,23.929047,0.0]]],[[[120.316274,23.931848,0.0],[120.315351,23.929922,0.0],[120.316882,23.932637,0.0],[120.316947,23.932928,0.0],[120.316274,23.931848,0.0]]],[[[120.317541,23.934435,0.0],[120.317264,23.933509,0.0],[120.317033,23.933074,0.0],[120.317925,23.934614,0.0],[120.317541,23.934435,0.0]]],[[[120.317548,23.936382,0.0],[120.319357,23.936079,0.0],[120.319447,23.936135,0.0],[120.319469,23.93606,0.0],[120.31965,23.936029,0.0],[120.319765,23.936192,0.0],[120.317664,23.936555,0.0],[120.317548,23.936382,0.0]]],[[[120.317198,23.936638,0.0],[120.314678,23.93706,0.0],[120.314559,23.936884,0.0],[120.317079,23.936461,0.0],[120.317198,23.936638,0.0]]],[[[120.311926,23.937534,0.0],[120.3118,23.937347,0.0],[120.314186,23.936947,0.0],[120.314311,23.937134,0.0],[120.311926,23.937534,0.0]]],[[[120.30643,23.938411,0.0],[120.306332,23.938265,0.0],[120.308851,23.937842,0.0],[120.308949,23.937988,0.0],[120.30643,23.938411,0.0]]],[[[120.306255,23.938458,0.0],[120.30567,23.938661,0.0],[120.3052,23.939063,0.0],[120.304926,23.939628,0.0],[120.304917,23.940234,0.0],[120.304743,23.940336,0.0],[120.304734,23.939604,0.0],[120.305053,23.938948,0.0],[120.305386,23.938629,0.0],[120.305783,23.938406,0.0],[120.306147,23.938296,0.0],[120.306255,23.938458,0.0]]],[[[120.327582,23.948631,0.0],[120.326045,23.949497,0.0],[120.325957,23.949366,0.0],[120.327498,23.948485,0.0],[120.327582,23.948631,0.0]]],[[[120.325894,23.949581,0.0],[120.323841,23.950752,0.0],[120.323753,23.950622,0.0],[120.325806,23.94945,0.0],[120.325894,23.949581,0.0]]],[[[120.321645,23.952005,0.0],[120.321557,23.951874,0.0],[120.323645,23.950683,0.0],[120.323733,23.950813,0.0],[120.321645,23.952005,0.0]]],[[[120.319411,23.953289,0.0],[120.31932,23.95315,0.0],[120.321405,23.951961,0.0],[120.321499,23.952099,0.0],[120.319411,23.953289,0.0]]],[[[120.317251,23.954521,0.0],[120.317158,23.954383,0.0],[120.319245,23.953193,0.0],[120.319337,23.953332,0.0],[120.317251,23.954521,0.0]]],[[[120.317098,23.954609,0.0],[120.315077,23.955761,0.0],[120.314987,23.955621,0.0],[120.317005,23.95447,0.0],[120.317098,23.954609,0.0]]],[[[120.386346,23.963847,0.0],[120.386452,23.964196,0.0],[120.386243,23.964193,0.0],[120.38633,23.964389,0.0],[120.386966,23.964362,0.0],[120.38722,23.964265,0.0],[120.387263,23.964191,0.0],[120.387156,23.964103,0.0],[120.387532,23.964024,0.0],[120.387487,23.963845,0.0],[120.387784,23.963769,0.0],[120.387944,23.964461,0.0],[120.387661,23.964913,0.0],[120.386761,23.965023,0.0],[120.386629,23.964736,0.0],[120.386365,23.964815,0.0],[120.386228,23.964361,0.0],[120.385903,23.964435,0.0],[120.385853,23.96409,0.0],[120.386041,23.964036,0.0],[120.386052,23.96397,0.0],[120.386229,23.964042,0.0],[120.386346,23.963847,0.0]]],[[[120.321682,23.965633,0.0],[120.321471,23.965409,0.0],[120.321822,23.965184,0.0],[120.322104,23.965428,0.0],[120.322432,23.965528,0.0],[120.324486,23.965773,0.0],[120.32455,23.966182,0.0],[120.322115,23.965863,0.0],[120.321682,23.965633,0.0]]],[[[120.327602,23.966554,0.0],[120.324782,23.96621,0.0],[120.324789,23.965794,0.0],[120.327642,23.966141,0.0],[120.327602,23.966554,0.0]]],[[[120.339149,23.966909,0.0],[120.338876,23.966533,0.0],[120.339347,23.966272,0.0],[120.339626,23.966644,0.0],[120.339149,23.966909,0.0]]],[[[120.338575,23.966671,0.0],[120.338853,23.967055,0.0],[120.338369,23.967158,0.0],[120.332273,23.967093,0.0],[120.329231,23.966753,0.0],[120.329234,23.966678,0.0],[120.328898,23.966629,0.0],[120.328893,23.966712,0.0],[120.3285,23.966664,0.0],[120.328952,23.966245,0.0],[120.332308,23.966643,0.0],[120.338575,23.966671,0.0]]],[[[120.383819,23.969925,0.0],[120.383791,23.969852,0.0],[120.383909,23.969776,0.0],[120.384182,23.969741,0.0],[120.383951,23.96887,0.0],[120.384112,23.968826,0.0],[120.38409,23.968775,0.0],[120.384337,23.968624,0.0],[120.3842,23.968398,0.0],[120.384277,23.968395,0.0],[120.384592,23.968857,0.0],[120.385158,23.968691,0.0],[120.385217,23.968928,0.0],[120.385117,23.968936,0.0],[120.385131,23.969355,0.0],[120.384844,23.96944,0.0],[120.3849,23.969681,0.0],[120.384369,23.969721,0.0],[120.384232,23.969947,0.0],[120.383819,23.969925,0.0]]],[[[120.328119,23.97084,0.0],[120.327294,23.968665,0.0],[120.327601,23.968629,0.0],[120.328404,23.970746,0.0],[120.328119,23.97084,0.0]]],[[[120.385852,23.971702,0.0],[120.385826,23.971259,0.0],[120.385662,23.970864,0.0],[120.385734,23.970287,0.0],[120.385704,23.96969,0.0],[120.385809,23.969761,0.0],[120.385845,23.97003,0.0],[120.386029,23.970267,0.0],[120.386024,23.970534,0.0],[120.385856,23.970656,0.0],[120.385851,23.970899,0.0],[120.386125,23.972146,0.0],[120.385747,23.97218,0.0],[120.385489,23.971921,0.0],[120.385075,23.971919,0.0],[120.384919,23.971757,0.0],[120.384546,23.971793,0.0],[120.384913,23.971658,0.0],[120.385066,23.971391,0.0],[120.385102,23.971075,0.0],[120.385418,23.971744,0.0],[120.385852,23.971702,0.0]]],[[[120.361863,23.970832,0.0],[120.361897,23.970642,0.0],[120.362031,23.97078,0.0],[120.361951,23.970886,0.0],[120.362414,23.971178,0.0],[120.363028,23.971022,0.0],[120.363218,23.970679,0.0],[120.363473,23.970545,0.0],[120.363921,23.970461,0.0],[120.364209,23.971108,0.0],[120.364446,23.971114,0.0],[120.364573,23.972413,0.0],[120.364465,23.972553,0.0],[120.363998,23.972363,0.0],[120.36369,23.972453,0.0],[120.363617,23.972333,0.0],[120.363282,23.972331,0.0],[120.363185,23.972117,0.0],[120.362958,23.972047,0.0],[120.362891,23.971884,0.0],[120.362758,23.971817,0.0],[120.362549,23.971864,0.0],[120.362098,23.971349,0.0],[120.361863,23.970832,0.0]],[[120.36367,23.970773,0.0],[120.363671,23.970756,0.0],[120.363652,23.970773,0.0],[120.36367,23.970773,0.0]]],[[[120.383494,23.973676,0.0],[120.383373,23.973696,0.0],[120.383314,23.97353,0.0],[120.38388,23.973199,0.0],[120.38428,23.973649,0.0],[120.383959,23.973869,0.0],[120.383601,23.97381,0.0],[120.383494,23.973676,0.0]]],[[[120.38246,23.974812,0.0],[120.38266,23.975378,0.0],[120.382662,23.975881,0.0],[120.382568,23.976126,0.0],[120.382572,23.976278,0.0],[120.382497,23.976147,0.0],[120.381228,23.976368,0.0],[120.380838,23.975822,0.0],[120.379907,23.975977,0.0],[120.379895,23.976313,0.0],[120.379559,23.976405,0.0],[120.37969,23.977566,0.0],[120.379313,23.977667,0.0],[120.379039,23.977601,0.0],[120.378667,23.977223,0.0],[120.37844,23.977192,0.0],[120.37829,23.976941,0.0],[120.378155,23.976874,0.0],[120.377946,23.976404,0.0],[120.377508,23.976499,0.0],[120.377303,23.976075,0.0],[120.377872,23.975894,0.0],[120.377958,23.976051,0.0],[120.378312,23.976047,0.0],[120.378315,23.976224,0.0],[120.378644,23.97623,0.0],[120.378645,23.975904,0.0],[120.379059,23.97584,0.0],[120.378938,23.975398,0.0],[120.379148,23.974695,0.0],[120.379115,23.974545,0.0],[120.379152,23.974395,0.0],[120.379417,23.974252,0.0],[120.379772,23.974225,0.0],[120.379842,23.974406,0.0],[120.38036,23.974413,0.0],[120.380685,23.974578,0.0],[120.380733,23.974686,0.0],[120.38107,23.974651,0.0],[120.380879,23.973911,0.0],[120.380978,23.973908,0.0],[120.381245,23.974454,0.0],[120.381505,23.974336,0.0],[120.381553,23.974565,0.0],[120.381826,23.974668,0.0],[120.382395,23.974501,0.0],[120.382276,23.973867,0.0],[120.38233,23.973858,0.0],[120.382591,23.974391,0.0],[120.38246,23.974812,0.0]],[[120.37881,23.976263,0.0],[120.37881,23.976246,0.0],[120.378792,23.976246,0.0],[120.37881,23.976263,0.0]]],[[[120.326711,23.977554,0.0],[120.326581,23.977597,0.0],[120.325589,23.975006,0.0],[120.325766,23.974778,0.0],[120.326137,23.974678,0.0],[120.327133,23.977318,0.0],[120.326677,23.977462,0.0],[120.326711,23.977554,0.0]]],[[[120.383565,23.975958,0.0],[120.383691,23.976095,0.0],[120.384042,23.976109,0.0],[120.384153,23.976203,0.0],[120.3843,23.976677,0.0],[120.384896,23.976586,0.0],[120.385007,23.976467,0.0],[120.385157,23.976755,0.0],[120.384575,23.977068,0.0],[120.384751,23.977344,0.0],[120.384949,23.977238,0.0],[120.384858,23.977439,0.0],[120.384666,23.97744,0.0],[120.384517,23.977212,0.0],[120.384168,23.97721,0.0],[120.383894,23.976775,0.0],[120.383745,23.976773,0.0],[120.383542,23.976375,0.0],[120.383171,23.976409,0.0],[120.38303,23.976242,0.0],[120.382606,23.976261,0.0],[120.382624,23.97605,0.0],[120.383018,23.975931,0.0],[120.383084,23.976092,0.0],[120.383307,23.97608,0.0],[120.383351,23.975896,0.0],[120.383444,23.975988,0.0],[120.383565,23.975958,0.0]]],[[[120.328687,23.983108,0.0],[120.326617,23.977679,0.0],[120.327209,23.977492,0.0],[120.329265,23.982925,0.0],[120.328687,23.983108,0.0]]],[[[120.330571,23.988145,0.0],[120.328757,23.983313,0.0],[120.329342,23.983132,0.0],[120.331386,23.988551,0.0],[120.33107,23.988653,0.0],[120.331044,23.988585,0.0],[120.330894,23.988625,0.0],[120.330696,23.988105,0.0],[120.330571,23.988145,0.0]]],[[[120.348278,23.983267,0.0],[120.346274,23.988295,0.0],[120.34585,23.989118,0.0],[120.345211,23.989593,0.0],[120.345132,23.989386,0.0],[120.345232,23.989359,0.0],[120.34512,23.989061,0.0],[120.345509,23.98907,0.0],[120.345669,23.988989,0.0],[120.347877,23.983394,0.0],[120.348278,23.983267,0.0]]],[[[120.350214,23.988768,0.0],[120.350245,23.989014,0.0],[120.350071,23.989922,0.0],[120.349677,23.990014,0.0],[120.349609,23.990239,0.0],[120.348747,23.989927,0.0],[120.349282,23.988603,0.0],[120.350219,23.984735,0.0],[120.348803,23.983429,0.0],[120.349025,23.982853,0.0],[120.349509,23.982749,0.0],[120.350554,23.98384,0.0],[120.350821,23.983981,0.0],[120.351158,23.984017,0.0],[120.351039,23.984828,0.0],[120.3505,23.985017,0.0],[120.350296,23.986132,0.0],[120.350316,23.98662,0.0],[120.350657,23.986911,0.0],[120.350214,23.988768,0.0]]],[[[120.331311,23.989243,0.0],[120.331117,23.988788,0.0],[120.331486,23.98867,0.0],[120.331519,23.988759,0.0],[120.334809,23.988811,0.0],[120.335093,23.989559,0.0],[120.332302,23.989508,0.0],[120.331738,23.989423,0.0],[120.331311,23.989243,0.0]]],[[[120.338477,23.989632,0.0],[120.335186,23.989561,0.0],[120.334913,23.988841,0.0],[120.338203,23.988904,0.0],[120.338477,23.989632,0.0]]],[[[120.341565,23.988979,0.0],[120.341841,23.989706,0.0],[120.338529,23.989634,0.0],[120.338255,23.988906,0.0],[120.341565,23.988979,0.0]]],[[[120.344979,23.989519,0.0],[120.345007,23.989598,0.0],[120.345146,23.989556,0.0],[120.345167,23.989612,0.0],[120.344605,23.989762,0.0],[120.341933,23.989708,0.0],[120.341657,23.988978,0.0],[120.344955,23.989054,0.0],[120.345116,23.989477,0.0],[120.344979,23.989519,0.0]]],[[[120.349802,23.991904,0.0],[120.350113,23.993041,0.0],[120.348941,23.993324,0.0],[120.348786,23.992784,0.0],[120.348834,23.992132,0.0],[120.349802,23.991904,0.0]]],[[[120.350197,23.99764,0.0],[120.34904,23.993668,0.0],[120.350204,23.99338,0.0],[120.351303,23.997473,0.0],[120.350197,23.99764,0.0]]],[[[120.352237,24.001004,0.0],[120.352467,24.001514,0.0],[120.350865,24.001808,0.0],[120.350201,24.001548,0.0],[120.349564,23.999448,0.0],[120.349711,23.999233,0.0],[120.350232,23.999242,0.0],[120.350054,23.998519,0.0],[120.350557,23.998541,0.0],[120.350712,23.998352,0.0],[120.351552,23.998397,0.0],[120.352237,24.001004,0.0]]],[[[120.34837,24.000878,0.0],[120.348635,24.00049,0.0],[120.349101,23.999966,0.0],[120.34948,24.001302,0.0],[120.34837,24.000878,0.0]]],[[[120.348688,24.002438,0.0],[120.348287,24.002245,0.0],[120.348261,24.001798,0.0],[120.348364,24.000994,0.0],[120.349552,24.001501,0.0],[120.349874,24.002487,0.0],[120.349297,24.002914,0.0],[120.348865,24.002641,0.0],[120.348688,24.002438,0.0]]],[[[120.349885,24.003283,0.0],[120.349417,24.002984,0.0],[120.349923,24.002614,0.0],[120.350352,24.003581,0.0],[120.349885,24.003283,0.0]]],[[[120.352226,24.006245,0.0],[120.350708,24.002847,0.0],[120.350904,24.002373,0.0],[120.352578,24.001954,0.0],[120.353474,24.005562,0.0],[120.354115,24.006613,0.0],[120.353345,24.006774,0.0],[120.352226,24.006245,0.0]]],[[[120.354446,24.008619,0.0],[120.355366,24.009368,0.0],[120.355631,24.009253,0.0],[120.357015,24.011512,0.0],[120.355472,24.011664,0.0],[120.35513,24.01077,0.0],[120.354365,24.009217,0.0],[120.354337,24.008771,0.0],[120.354446,24.008619,0.0]]],[[[120.357295,24.01183,0.0],[120.357237,24.012089,0.0],[120.357996,24.013825,0.0],[120.357214,24.013791,0.0],[120.356729,24.014323,0.0],[120.356368,24.013053,0.0],[120.355415,24.01245,0.0],[120.355721,24.012224,0.0],[120.357295,24.01183,0.0]]],[[[120.359239,24.020424,0.0],[120.35921,24.02034,0.0],[120.360675,24.019859,0.0],[120.361056,24.020892,0.0],[120.360564,24.020903,0.0],[120.361066,24.022093,0.0],[120.360759,24.022201,0.0],[120.360062,24.021398,0.0],[120.359515,24.020538,0.0],[120.359239,24.020424,0.0]]],[[[120.628508,23.535942,0.0],[120.628154,23.536507,0.0],[120.628021,23.536665,0.0],[120.627797,23.536823,0.0],[120.628011,23.536664,0.0],[120.628303,23.536245,0.0],[120.628442,23.535812,0.0],[120.628662,23.535518,0.0],[120.628508,23.535942,0.0]]],[[[120.617279,23.576303,0.0],[120.617007,23.576935,0.0],[120.616922,23.576959,0.0],[120.617092,23.575144,0.0],[120.617349,23.574433,0.0],[120.617588,23.574827,0.0],[120.617563,23.574982,0.0],[120.617283,23.575426,0.0],[120.617336,23.575846,0.0],[120.617279,23.576303,0.0]]],[[[120.627066,23.59771,0.0],[120.627066,23.597695,0.0],[120.627284,23.598327,0.0],[120.627103,23.598151,0.0],[120.627066,23.59771,0.0]]],[[[120.63006,23.632409,0.0],[120.629157,23.630666,0.0],[120.629903,23.631876,0.0],[120.630036,23.632134,0.0],[120.63006,23.632409,0.0]]],[[[120.630406,23.637116,0.0],[120.630843,23.637086,0.0],[120.630822,23.63734,0.0],[120.630747,23.637366,0.0],[120.630697,23.637582,0.0],[120.630873,23.637551,0.0],[120.631271,23.637685,0.0],[120.631302,23.637818,0.0],[120.631215,23.637974,0.0],[120.63148,23.638374,0.0],[120.631495,23.638668,0.0],[120.631755,23.638957,0.0],[120.631698,23.639146,0.0],[120.629906,23.637296,0.0],[120.630029,23.636121,0.0],[120.630171,23.636116,0.0],[120.630254,23.636372,0.0],[120.630243,23.636513,0.0],[120.630097,23.636646,0.0],[120.630106,23.637046,0.0],[120.630406,23.637116,0.0]]],[[[120.616386,23.824018,0.0],[120.616528,23.823904,0.0],[120.616947,23.823917,0.0],[120.617073,23.823702,0.0],[120.617582,23.8234,0.0],[120.617775,23.823093,0.0],[120.618195,23.823091,0.0],[120.618578,23.823229,0.0],[120.618138,23.823221,0.0],[120.618097,23.823542,0.0],[120.61749,23.823763,0.0],[120.61741,23.824223,0.0],[120.617001,23.824295,0.0],[120.616938,23.82456,0.0],[120.616274,23.824366,0.0],[120.616386,23.824018,0.0]]],[[[120.625264,23.855378,0.0],[120.62614,23.854595,0.0],[120.626436,23.854744,0.0],[120.626504,23.855422,0.0],[120.626252,23.855554,0.0],[120.626201,23.855813,0.0],[120.626277,23.856075,0.0],[120.626517,23.856166,0.0],[120.626603,23.856133,0.0],[120.627021,23.856432,0.0],[120.627294,23.856677,0.0],[120.627533,23.857254,0.0],[120.627735,23.857434,0.0],[120.627542,23.857435,0.0],[120.627298,23.857312,0.0],[120.626893,23.856868,0.0],[120.626544,23.856706,0.0],[120.62561,23.85703,0.0],[120.624742,23.856771,0.0],[120.622745,23.856424,0.0],[120.622328,23.856603,0.0],[120.622102,23.856617,0.0],[120.621002,23.856167,0.0],[120.620596,23.856078,0.0],[120.616451,23.855912,0.0],[120.616043,23.855738,0.0],[120.615065,23.854731,0.0],[120.614508,23.854347,0.0],[120.613746,23.854068,0.0],[120.61208,23.854079,0.0],[120.612027,23.853649,0.0],[120.611788,23.853663,0.0],[120.611578,23.853359,0.0],[120.611499,23.852911,0.0],[120.610867,23.852886,0.0],[120.610773,23.852948,0.0],[120.610183,23.852845,0.0],[120.60991,23.85268,0.0],[120.610325,23.852438,0.0],[120.610049,23.852255,0.0],[120.609687,23.852184,0.0],[120.609717,23.85259,0.0],[120.60924,23.852259,0.0],[120.609154,23.851986,0.0],[120.609252,23.851999,0.0],[120.609296,23.851816,0.0],[120.60918,23.851784,0.0],[120.609219,23.850295,0.0],[120.609634,23.849555,0.0],[120.609681,23.84867,0.0],[120.609395,23.848803,0.0],[120.609107,23.848747,0.0],[120.609013,23.848574,0.0],[120.608897,23.847888,0.0],[120.607693,23.847892,0.0],[120.607678,23.84735,0.0],[120.607284,23.84723,0.0],[120.607219,23.846729,0.0],[120.606895,23.845868,0.0],[120.607235,23.845892,0.0],[120.60726,23.845694,0.0],[120.607783,23.845696,0.0],[120.607781,23.845431,0.0],[120.607145,23.845246,0.0],[120.607117,23.845086,0.0],[120.607337,23.844881,0.0],[120.609191,23.844201,0.0],[120.609184,23.844323,0.0],[120.609359,23.844342,0.0],[120.609377,23.84421,0.0],[120.610154,23.84433,0.0],[120.610278,23.843901,0.0],[120.608744,23.843593,0.0],[120.606753,23.842989,0.0],[120.606541,23.841981,0.0],[120.60656,23.841412,0.0],[120.608676,23.841665,0.0],[120.608867,23.841324,0.0],[120.607423,23.840461,0.0],[120.606676,23.840232,0.0],[120.606749,23.839598,0.0],[120.60687,23.839446,0.0],[120.606835,23.83927,0.0],[120.606667,23.839141,0.0],[120.606587,23.838943,0.0],[120.606696,23.838311,0.0],[120.607096,23.838369,0.0],[120.60735,23.838488,0.0],[120.607986,23.839028,0.0],[120.608301,23.839147,0.0],[120.609105,23.839723,0.0],[120.610086,23.840041,0.0],[120.610182,23.839943,0.0],[120.609953,23.839688,0.0],[120.609203,23.839492,0.0],[120.609532,23.839177,0.0],[120.608813,23.838498,0.0],[120.608637,23.838201,0.0],[120.608495,23.837712,0.0],[120.608156,23.837714,0.0],[120.606819,23.836822,0.0],[120.60678,23.8363,0.0],[120.6072,23.836467,0.0],[120.607835,23.836549,0.0],[120.608387,23.836265,0.0],[120.609017,23.836364,0.0],[120.609205,23.836907,0.0],[120.609216,23.837419,0.0],[120.609667,23.837212,0.0],[120.609622,23.836424,0.0],[120.609676,23.835739,0.0],[120.608609,23.835592,0.0],[120.608182,23.835237,0.0],[120.606995,23.834683,0.0],[120.60686,23.833719,0.0],[120.606961,23.833176,0.0],[120.607404,23.833079,0.0],[120.6076,23.832795,0.0],[120.607931,23.832602,0.0],[120.60794,23.832461,0.0],[120.608028,23.832453,0.0],[120.608101,23.832279,0.0],[120.608266,23.83231,0.0],[120.608987,23.832101,0.0],[120.608934,23.831923,0.0],[120.608392,23.831576,0.0],[120.60844,23.831418,0.0],[120.60966,23.83024,0.0],[120.610095,23.829465,0.0],[120.610378,23.829151,0.0],[120.610538,23.829326,0.0],[120.610809,23.829095,0.0],[120.610716,23.828957,0.0],[120.611017,23.828713,0.0],[120.61124,23.828338,0.0],[120.611497,23.828279,0.0],[120.613029,23.828864,0.0],[120.613021,23.829064,0.0],[120.613168,23.829091,0.0],[120.613185,23.829337,0.0],[120.613517,23.829243,0.0],[120.613538,23.829367,0.0],[120.613799,23.829421,0.0],[120.613988,23.829594,0.0],[120.614516,23.829668,0.0],[120.614642,23.829767,0.0],[120.614597,23.830026,0.0],[120.614678,23.830239,0.0],[120.614807,23.830241,0.0],[120.614854,23.830158,0.0],[120.615105,23.830196,0.0],[120.615171,23.830329,0.0],[120.615369,23.830419,0.0],[120.615374,23.82971,0.0],[120.615476,23.829517,0.0],[120.614734,23.828701,0.0],[120.613412,23.827834,0.0],[120.613575,23.82754,0.0],[120.613373,23.827396,0.0],[120.612957,23.826673,0.0],[120.61325,23.826308,0.0],[120.61337,23.825821,0.0],[120.614441,23.824898,0.0],[120.61506,23.82472,0.0],[120.616133,23.824655,0.0],[120.616372,23.824831,0.0],[120.616519,23.825069,0.0],[120.617347,23.825607,0.0],[120.617376,23.825485,0.0],[120.617508,23.825718,0.0],[120.617675,23.825764,0.0],[120.617727,23.82565,0.0],[120.617438,23.825161,0.0],[120.617284,23.824724,0.0],[120.617347,23.824525,0.0],[120.617725,23.824517,0.0],[120.618024,23.824306,0.0],[120.618137,23.824072,0.0],[120.618806,23.8241,0.0],[120.619657,23.824008,0.0],[120.619705,23.824109,0.0],[120.618713,23.824353,0.0],[120.618576,23.824622,0.0],[120.618373,23.824806,0.0],[120.618315,23.825091,0.0],[120.619033,23.825467,0.0],[120.619655,23.826008,0.0],[120.620426,23.826212,0.0],[120.620423,23.826379,0.0],[120.620055,23.826586,0.0],[120.62005,23.826719,0.0],[120.620574,23.827123,0.0],[120.621729,23.827703,0.0],[120.621832,23.827822,0.0],[120.621713,23.827936,0.0],[120.621341,23.828021,0.0],[120.620689,23.827951,0.0],[120.620015,23.828025,0.0],[120.619876,23.828126,0.0],[120.620246,23.828346,0.0],[120.620559,23.82819,0.0],[120.620994,23.828238,0.0],[120.621183,23.828456,0.0],[120.62128,23.828474,0.0],[120.621397,23.828466,0.0],[120.621571,23.828289,0.0],[120.621801,23.828268,0.0],[120.622026,23.828425,0.0],[120.622281,23.828363,0.0],[120.623243,23.828537,0.0],[120.623701,23.828777,0.0],[120.623664,23.828831,0.0],[120.623182,23.828661,0.0],[120.622646,23.828696,0.0],[120.62259,23.828763,0.0],[120.623196,23.829036,0.0],[120.62342,23.829277,0.0],[120.623344,23.829627,0.0],[120.623427,23.829771,0.0],[120.622766,23.830173,0.0],[120.622801,23.830324,0.0],[120.623865,23.830928,0.0],[120.623844,23.83159,0.0],[120.624114,23.831762,0.0],[120.6248,23.831909,0.0],[120.625982,23.831791,0.0],[120.626752,23.832104,0.0],[120.627686,23.831954,0.0],[120.628738,23.832164,0.0],[120.629693,23.832498,0.0],[120.630303,23.832908,0.0],[120.630664,23.832945,0.0],[120.630643,23.832988,0.0],[120.630839,23.833072,0.0],[120.630878,23.832996,0.0],[120.631265,23.833059,0.0],[120.632062,23.833312,0.0],[120.632646,23.833572,0.0],[120.633615,23.834285,0.0],[120.633575,23.834604,0.0],[120.632464,23.834466,0.0],[120.632265,23.834718,0.0],[120.631205,23.834656,0.0],[120.631117,23.834676,0.0],[120.630989,23.834871,0.0],[120.63038,23.834735,0.0],[120.630324,23.8348,0.0],[120.630082,23.834798,0.0],[120.629299,23.834464,0.0],[120.629253,23.834608,0.0],[120.629328,23.834735,0.0],[120.629861,23.835018,0.0],[120.630107,23.835016,0.0],[120.630406,23.835171,0.0],[120.631045,23.835643,0.0],[120.631021,23.835711,0.0],[120.630537,23.83588,0.0],[120.629705,23.835985,0.0],[120.629351,23.835879,0.0],[120.628679,23.835873,0.0],[120.628308,23.835798,0.0],[120.628205,23.835796,0.0],[120.628187,23.8359,0.0],[120.628607,23.836008,0.0],[120.629388,23.836448,0.0],[120.630247,23.837193,0.0],[120.630114,23.837448,0.0],[120.628988,23.837175,0.0],[120.628428,23.837145,0.0],[120.62793,23.837241,0.0],[120.626827,23.83717,0.0],[120.626497,23.83707,0.0],[120.626491,23.83697,0.0],[120.626348,23.836908,0.0],[120.625502,23.836913,0.0],[120.625278,23.836602,0.0],[120.625181,23.836569,0.0],[120.62506,23.836687,0.0],[120.624933,23.836926,0.0],[120.624968,23.836981,0.0],[120.625367,23.837101,0.0],[120.625552,23.837287,0.0],[120.625514,23.837878,0.0],[120.626246,23.837723,0.0],[120.627421,23.837715,0.0],[120.627748,23.837837,0.0],[120.628389,23.837858,0.0],[120.628834,23.838423,0.0],[120.628954,23.838788,0.0],[120.628589,23.838758,0.0],[120.628114,23.838471,0.0],[120.627987,23.838751,0.0],[120.627859,23.838797,0.0],[120.627735,23.83875,0.0],[120.627757,23.838977,0.0],[120.627651,23.839078,0.0],[120.627287,23.839243,0.0],[120.627144,23.839234,0.0],[120.627097,23.8393,0.0],[120.627232,23.839596,0.0],[120.627115,23.839781,0.0],[120.626327,23.839794,0.0],[120.62629,23.839985,0.0],[120.626399,23.84016,0.0],[120.626368,23.840325,0.0],[120.626177,23.840473,0.0],[120.62618,23.84055,0.0],[120.626627,23.840829,0.0],[120.626066,23.841092,0.0],[120.626147,23.841961,0.0],[120.625332,23.841349,0.0],[120.625153,23.840965,0.0],[120.624741,23.840488,0.0],[120.624597,23.840635,0.0],[120.624373,23.840398,0.0],[120.624416,23.84025,0.0],[120.624226,23.840231,0.0],[120.623937,23.839643,0.0],[120.623593,23.839553,0.0],[120.623227,23.83928,0.0],[120.622839,23.839178,0.0],[120.62247,23.838581,0.0],[120.621974,23.838704,0.0],[120.621662,23.839097,0.0],[120.622637,23.839761,0.0],[120.623182,23.84001,0.0],[120.621511,23.839287,0.0],[120.621024,23.839353,0.0],[120.620848,23.839534,0.0],[120.620848,23.839696,0.0],[120.620918,23.839764,0.0],[120.620893,23.840117,0.0],[120.620975,23.840282,0.0],[120.622328,23.841313,0.0],[120.622146,23.841508,0.0],[120.622721,23.841908,0.0],[120.622087,23.841569,0.0],[120.621878,23.841791,0.0],[120.621422,23.841751,0.0],[120.621117,23.841694,0.0],[120.620138,23.841291,0.0],[120.61919,23.840703,0.0],[120.619033,23.840383,0.0],[120.618828,23.840257,0.0],[120.61866,23.839707,0.0],[120.618307,23.839107,0.0],[120.617554,23.838127,0.0],[120.617317,23.837941,0.0],[120.617202,23.837681,0.0],[120.61676,23.838027,0.0],[120.616933,23.838224,0.0],[120.617097,23.838128,0.0],[120.617474,23.838767,0.0],[120.617403,23.838836,0.0],[120.617525,23.839114,0.0],[120.617917,23.839376,0.0],[120.617896,23.839499,0.0],[120.618096,23.839826,0.0],[120.618097,23.83996,0.0],[120.618796,23.840657,0.0],[120.618433,23.840625,0.0],[120.617881,23.840348,0.0],[120.617788,23.840145,0.0],[120.616893,23.839368,0.0],[120.616631,23.839276,0.0],[120.615994,23.839492,0.0],[120.615868,23.839779,0.0],[120.61634,23.8403,0.0],[120.616693,23.840059,0.0],[120.616967,23.84029,0.0],[120.617001,23.840487,0.0],[120.616798,23.840553,0.0],[120.616568,23.840886,0.0],[120.615837,23.840686,0.0],[120.615616,23.84042,0.0],[120.615318,23.840421,0.0],[120.615383,23.8406,0.0],[120.615558,23.840741,0.0],[120.615818,23.840763,0.0],[120.61602,23.84093,0.0],[120.615795,23.841333,0.0],[120.616178,23.841417,0.0],[120.617386,23.84141,0.0],[120.617726,23.841487,0.0],[120.618575,23.841783,0.0],[120.618977,23.842078,0.0],[120.619801,23.842472,0.0],[120.619858,23.842583,0.0],[120.619817,23.842773,0.0],[120.618577,23.842614,0.0],[120.618418,23.842844,0.0],[120.618353,23.843041,0.0],[120.618873,23.843166,0.0],[120.6197,23.843497,0.0],[120.619653,23.843671,0.0],[120.619315,23.843919,0.0],[120.618975,23.843937,0.0],[120.618697,23.844062,0.0],[120.618744,23.844285,0.0],[120.61836,23.844366,0.0],[120.618395,23.84461,0.0],[120.618674,23.844626,0.0],[120.61918,23.84431,0.0],[120.619492,23.84421,0.0],[120.620062,23.844309,0.0],[120.620508,23.844554,0.0],[120.620841,23.844437,0.0],[120.621205,23.844466,0.0],[120.621384,23.844799,0.0],[120.621356,23.845271,0.0],[120.621304,23.845499,0.0],[120.620974,23.845819,0.0],[120.621137,23.845919,0.0],[120.621613,23.845859,0.0],[120.621753,23.845989,0.0],[120.621788,23.846205,0.0],[120.621619,23.846523,0.0],[120.622312,23.846816,0.0],[120.62266,23.846776,0.0],[120.622738,23.84666,0.0],[120.62301,23.846546,0.0],[120.623313,23.846633,0.0],[120.623411,23.846892,0.0],[120.623381,23.847147,0.0],[120.623635,23.847262,0.0],[120.62374,23.847212,0.0],[120.623508,23.847771,0.0],[120.623272,23.848029,0.0],[120.622909,23.847949,0.0],[120.622162,23.848058,0.0],[120.621887,23.84803,0.0],[120.620585,23.848512,0.0],[120.620206,23.848487,0.0],[120.619763,23.848577,0.0],[120.619297,23.848476,0.0],[120.618753,23.848474,0.0],[120.618589,23.848586,0.0],[120.618733,23.84866,0.0],[120.619776,23.84875,0.0],[120.620096,23.848862,0.0],[120.620532,23.849143,0.0],[120.620207,23.849399,0.0],[120.619939,23.849338,0.0],[120.619598,23.849576,0.0],[120.618566,23.849907,0.0],[120.618372,23.850138,0.0],[120.618488,23.850149,0.0],[120.619645,23.849659,0.0],[120.620229,23.849505,0.0],[120.620796,23.849549,0.0],[120.621253,23.849433,0.0],[120.621526,23.849503,0.0],[120.6217,23.849685,0.0],[120.622071,23.849023,0.0],[120.622642,23.848758,0.0],[120.62291,23.849173,0.0],[120.622828,23.849712,0.0],[120.622867,23.849933,0.0],[120.622937,23.849969,0.0],[120.62306,23.849862,0.0],[120.62319,23.849429,0.0],[120.62335,23.84922,0.0],[120.623722,23.849985,0.0],[120.623651,23.850203,0.0],[120.623768,23.850474,0.0],[120.623907,23.850594,0.0],[120.624876,23.850893,0.0],[120.624763,23.851227,0.0],[120.624581,23.851434,0.0],[120.62441,23.852294,0.0],[120.624758,23.852366,0.0],[120.625142,23.852337,0.0],[120.625549,23.85211,0.0],[120.625813,23.85207,0.0],[120.625973,23.852106,0.0],[120.626051,23.852263,0.0],[120.62594,23.852529,0.0],[120.625742,23.852671,0.0],[120.625987,23.853052,0.0],[120.625912,23.853394,0.0],[120.62543,23.853679,0.0],[120.625448,23.853922,0.0],[120.625659,23.854122,0.0],[120.625719,23.854167,0.0],[120.625801,23.854078,0.0],[120.625906,23.85413,0.0],[120.625922,23.854477,0.0],[120.62558,23.854906,0.0],[120.625282,23.855115,0.0],[120.625192,23.855325,0.0],[120.625264,23.855378,0.0]],[[120.616898,23.830362,0.0],[120.616644,23.830214,0.0],[120.616561,23.830315,0.0],[120.617484,23.830975,0.0],[120.617531,23.830929,0.0],[120.617556,23.830881,0.0],[120.617312,23.830664,0.0],[120.616976,23.830517,0.0],[120.616898,23.830362,0.0]],[[120.616806,23.830073,0.0],[120.616747,23.830018,0.0],[120.61678,23.830107,0.0],[120.616806,23.830073,0.0]],[[120.610103,23.851961,0.0],[120.610063,23.851607,0.0],[120.609919,23.851668,0.0],[120.609904,23.851864,0.0],[120.610103,23.851961,0.0]],[[120.609945,23.852105,0.0],[120.609985,23.852019,0.0],[120.609903,23.851996,0.0],[120.609846,23.85185,0.0],[120.609728,23.851862,0.0],[120.609777,23.852036,0.0],[120.609945,23.852105,0.0]],[[120.609567,23.852179,0.0],[120.609647,23.852142,0.0],[120.609589,23.852025,0.0],[120.609513,23.852053,0.0],[120.609567,23.852179,0.0]],[[120.609337,23.851501,0.0],[120.609314,23.85175,0.0],[120.609417,23.851764,0.0],[120.609451,23.851513,0.0],[120.609337,23.851501,0.0]],[[120.608389,23.83458,0.0],[120.608697,23.83449,0.0],[120.608829,23.833748,0.0],[120.608284,23.833309,0.0],[120.608022,23.833697,0.0],[120.608277,23.833959,0.0],[120.608388,23.834199,0.0],[120.608389,23.83458,0.0]]],[[[120.626606,23.857543,0.0],[120.626739,23.857848,0.0],[120.626638,23.857947,0.0],[120.626636,23.858102,0.0],[120.626545,23.858128,0.0],[120.626421,23.858383,0.0],[120.626241,23.858446,0.0],[120.626089,23.858395,0.0],[120.625821,23.858124,0.0],[120.626454,23.85745,0.0],[120.626646,23.857349,0.0],[120.626606,23.857543,0.0]]],[[[120.627493,23.857484,0.0],[120.627001,23.857277,0.0],[120.62658,23.857264,0.0],[120.626341,23.857417,0.0],[120.625746,23.858053,0.0],[120.625485,23.857886,0.0],[120.625474,23.858022,0.0],[120.625578,23.858115,0.0],[120.624529,23.8583,0.0],[120.62229,23.859208,0.0],[120.621907,23.859094,0.0],[120.621204,23.858472,0.0],[120.620815,23.858344,0.0],[120.620437,23.858525,0.0],[120.619696,23.859088,0.0],[120.619562,23.859278,0.0],[120.61949,23.85986,0.0],[120.6193,23.860033,0.0],[120.619157,23.860064,0.0],[120.618682,23.859944,0.0],[120.617888,23.859346,0.0],[120.617534,23.85888,0.0],[120.617605,23.858577,0.0],[120.618562,23.857354,0.0],[120.618859,23.857082,0.0],[120.619589,23.856666,0.0],[120.619726,23.856146,0.0],[120.620829,23.856193,0.0],[120.622092,23.856665,0.0],[120.622341,23.85665,0.0],[120.622721,23.856471,0.0],[120.622898,23.856498,0.0],[120.624735,23.856817,0.0],[120.625551,23.857072,0.0],[120.625794,23.857055,0.0],[120.626387,23.856777,0.0],[120.626604,23.856763,0.0],[120.626855,23.8569,0.0],[120.627247,23.857337,0.0],[120.627493,23.857484,0.0]]],[[[120.625969,23.858465,0.0],[120.625652,23.858802,0.0],[120.624619,23.858399,0.0],[120.625665,23.858194,0.0],[120.625969,23.858465,0.0]]],[[[120.633244,23.911706,0.0],[120.63328,23.911816,0.0],[120.632976,23.912084,0.0],[120.632074,23.912472,0.0],[120.631554,23.912595,0.0],[120.630799,23.912624,0.0],[120.630349,23.912812,0.0],[120.630477,23.913019,0.0],[120.628992,23.913136,0.0],[120.627518,23.913049,0.0],[120.625673,23.913506,0.0],[120.624999,23.913881,0.0],[120.623482,23.914245,0.0],[120.62346,23.913742,0.0],[120.623587,23.913689,0.0],[120.623549,23.913407,0.0],[120.622276,23.913262,0.0],[120.622809,23.912905,0.0],[120.623418,23.912812,0.0],[120.623118,23.912398,0.0],[120.623071,23.91175,0.0],[120.622935,23.911722,0.0],[120.62295,23.911654,0.0],[120.62248,23.911832,0.0],[120.622422,23.911156,0.0],[120.62249,23.911031,0.0],[120.622234,23.910722,0.0],[120.622218,23.910531,0.0],[120.622318,23.910385,0.0],[120.622068,23.909788,0.0],[120.621698,23.909843,0.0],[120.621538,23.909192,0.0],[120.621654,23.90911,0.0],[120.622218,23.909044,0.0],[120.622178,23.908968,0.0],[120.621826,23.908879,0.0],[120.621579,23.907993,0.0],[120.62146,23.908005,0.0],[120.621434,23.907895,0.0],[120.621352,23.907903,0.0],[120.621107,23.907404,0.0],[120.621412,23.906609,0.0],[120.621552,23.906534,0.0],[120.621339,23.906155,0.0],[120.620937,23.906027,0.0],[120.61994,23.904261,0.0],[120.619772,23.903559,0.0],[120.619764,23.903393,0.0],[120.619848,23.903391,0.0],[120.619762,23.903347,0.0],[120.619667,23.901329,0.0],[120.619766,23.901327,0.0],[120.619752,23.900835,0.0],[120.620311,23.900706,0.0],[120.620298,23.900561,0.0],[120.620527,23.900436,0.0],[120.621057,23.900627,0.0],[120.621595,23.900437,0.0],[120.622653,23.900363,0.0],[120.622739,23.900551,0.0],[120.62332,23.900726,0.0],[120.623829,23.900783,0.0],[120.624222,23.901124,0.0],[120.624415,23.901148,0.0],[120.624669,23.901353,0.0],[120.625166,23.901588,0.0],[120.626147,23.901719,0.0],[120.626973,23.902323,0.0],[120.627095,23.902246,0.0],[120.62748,23.902288,0.0],[120.627521,23.902358,0.0],[120.627738,23.90225,0.0],[120.627975,23.902252,0.0],[120.628055,23.902111,0.0],[120.628233,23.902025,0.0],[120.628223,23.901794,0.0],[120.62805,23.901754,0.0],[120.627295,23.901901,0.0],[120.626258,23.90144,0.0],[120.625878,23.901243,0.0],[120.625826,23.901149,0.0],[120.625461,23.901062,0.0],[120.624772,23.900619,0.0],[120.62405,23.900416,0.0],[120.623628,23.900165,0.0],[120.623332,23.900081,0.0],[120.623256,23.899951,0.0],[120.622916,23.899848,0.0],[120.622712,23.899962,0.0],[120.622155,23.89984,0.0],[120.622082,23.899947,0.0],[120.620791,23.899909,0.0],[120.620488,23.899836,0.0],[120.619975,23.899865,0.0],[120.619857,23.899736,0.0],[120.619879,23.898873,0.0],[120.619569,23.898499,0.0],[120.619939,23.898155,0.0],[120.62029,23.897965,0.0],[120.62066,23.897926,0.0],[120.620702,23.897507,0.0],[120.620926,23.897521,0.0],[120.621392,23.897272,0.0],[120.621375,23.897064,0.0],[120.62096,23.896986,0.0],[120.620503,23.897005,0.0],[120.619446,23.896731,0.0],[120.619458,23.896455,0.0],[120.619555,23.896361,0.0],[120.618824,23.896208,0.0],[120.618726,23.896003,0.0],[120.618653,23.89601,0.0],[120.618423,23.895476,0.0],[120.61817,23.895568,0.0],[120.61786,23.89504,0.0],[120.618129,23.894876,0.0],[120.619627,23.894571,0.0],[120.619621,23.89441,0.0],[120.617852,23.894302,0.0],[120.617856,23.894192,0.0],[120.61734,23.894134,0.0],[120.617366,23.893962,0.0],[120.617634,23.893966,0.0],[120.617657,23.893874,0.0],[120.61756,23.893652,0.0],[120.617391,23.893658,0.0],[120.61727,23.893083,0.0],[120.616759,23.89197,0.0],[120.616856,23.891904,0.0],[120.616864,23.891697,0.0],[120.616358,23.891242,0.0],[120.61627,23.891083,0.0],[120.616273,23.890858,0.0],[120.615902,23.890471,0.0],[120.61574,23.889578,0.0],[120.615528,23.889342,0.0],[120.615759,23.88917,0.0],[120.615746,23.88816,0.0],[120.615572,23.88758,0.0],[120.614585,23.887889,0.0],[120.614529,23.88782,0.0],[120.614692,23.887401,0.0],[120.614754,23.886741,0.0],[120.61403,23.885317,0.0],[120.614056,23.884958,0.0],[120.614848,23.884543,0.0],[120.614548,23.884083,0.0],[120.61461,23.883452,0.0],[120.614286,23.883412,0.0],[120.614144,23.882952,0.0],[120.614012,23.882821,0.0],[120.613658,23.881404,0.0],[120.613725,23.88087,0.0],[120.613491,23.880289,0.0],[120.613417,23.879489,0.0],[120.612888,23.878308,0.0],[120.612529,23.878292,0.0],[120.6124,23.877488,0.0],[120.61103,23.877078,0.0],[120.610566,23.876827,0.0],[120.610784,23.876762,0.0],[120.611574,23.876082,0.0],[120.611647,23.876139,0.0],[120.612229,23.875821,0.0],[120.612055,23.875597,0.0],[120.612832,23.875347,0.0],[120.612856,23.875136,0.0],[120.612236,23.874994,0.0],[120.612257,23.874755,0.0],[120.612086,23.874686,0.0],[120.611855,23.874434,0.0],[120.611581,23.873821,0.0],[120.611556,23.873615,0.0],[120.61173,23.873625,0.0],[120.611739,23.87347,0.0],[120.611366,23.873434,0.0],[120.611081,23.870573,0.0],[120.611789,23.870465,0.0],[120.611642,23.869767,0.0],[120.611081,23.868032,0.0],[120.611073,23.867284,0.0],[120.610515,23.867408,0.0],[120.610124,23.867406,0.0],[120.610259,23.866938,0.0],[120.610663,23.866905,0.0],[120.610835,23.866755,0.0],[120.610203,23.864005,0.0],[120.609983,23.863272,0.0],[120.609776,23.86303,0.0],[120.609289,23.860601,0.0],[120.609564,23.860152,0.0],[120.609803,23.860173,0.0],[120.609937,23.86,0.0],[120.609938,23.859715,0.0],[120.610102,23.859651,0.0],[120.611355,23.859492,0.0],[120.61169,23.859569,0.0],[120.611991,23.859752,0.0],[120.613399,23.859758,0.0],[120.613479,23.859552,0.0],[120.613209,23.859467,0.0],[120.612796,23.858722,0.0],[120.612225,23.858643,0.0],[120.611764,23.858437,0.0],[120.61154,23.858117,0.0],[120.610809,23.857544,0.0],[120.610839,23.857128,0.0],[120.611234,23.857061,0.0],[120.61101,23.856377,0.0],[120.611023,23.855818,0.0],[120.610613,23.855247,0.0],[120.610512,23.854713,0.0],[120.610992,23.854697,0.0],[120.611223,23.854544,0.0],[120.61187,23.854456,0.0],[120.611857,23.854204,0.0],[120.613624,23.854166,0.0],[120.614101,23.854272,0.0],[120.614764,23.854624,0.0],[120.615841,23.855704,0.0],[120.616325,23.855989,0.0],[120.619431,23.85618,0.0],[120.619545,23.856302,0.0],[120.619531,23.856576,0.0],[120.618787,23.857004,0.0],[120.618441,23.857338,0.0],[120.617491,23.858557,0.0],[120.61743,23.858731,0.0],[120.617488,23.859041,0.0],[120.617621,23.859214,0.0],[120.618751,23.860088,0.0],[120.619101,23.860163,0.0],[120.619475,23.860045,0.0],[120.619625,23.859833,0.0],[120.61964,23.859457,0.0],[120.619757,23.85919,0.0],[120.620736,23.858468,0.0],[120.620919,23.858457,0.0],[120.621154,23.858558,0.0],[120.621936,23.859235,0.0],[120.62231,23.859297,0.0],[120.624563,23.858417,0.0],[120.624323,23.858952,0.0],[120.624114,23.859186,0.0],[120.624326,23.859365,0.0],[120.624339,23.859652,0.0],[120.62447,23.859711,0.0],[120.624359,23.859781,0.0],[120.623901,23.859763,0.0],[120.623751,23.859968,0.0],[120.623277,23.860104,0.0],[120.623117,23.860246,0.0],[120.623071,23.860393,0.0],[120.622933,23.860423,0.0],[120.62261,23.860007,0.0],[120.622223,23.859969,0.0],[120.62207,23.859864,0.0],[120.621945,23.860189,0.0],[120.622526,23.860351,0.0],[120.623204,23.860887,0.0],[120.623401,23.861185,0.0],[120.623326,23.861576,0.0],[120.623629,23.861743,0.0],[120.62364,23.861855,0.0],[120.623423,23.862061,0.0],[120.623181,23.862046,0.0],[120.62303,23.862152,0.0],[120.622792,23.86191,0.0],[120.622714,23.862185,0.0],[120.6225,23.862289,0.0],[120.62234,23.862259,0.0],[120.622227,23.862455,0.0],[120.622419,23.862575,0.0],[120.622757,23.863017,0.0],[120.622454,23.863233,0.0],[120.622361,23.863156,0.0],[120.622235,23.863493,0.0],[120.622027,23.863579,0.0],[120.620674,23.86348,0.0],[120.620553,23.864505,0.0],[120.620631,23.864988,0.0],[120.620166,23.865608,0.0],[120.620681,23.866153,0.0],[120.620699,23.866266,0.0],[120.62047,23.866645,0.0],[120.62042,23.866872,0.0],[120.620484,23.867524,0.0],[120.620615,23.867527,0.0],[120.620676,23.867726,0.0],[120.620162,23.868494,0.0],[120.620607,23.868778,0.0],[120.621002,23.868623,0.0],[120.621194,23.868606,0.0],[120.621466,23.868701,0.0],[120.621543,23.868862,0.0],[120.621442,23.869139,0.0],[120.62152,23.869718,0.0],[120.62298,23.869252,0.0],[120.623686,23.869199,0.0],[120.623847,23.868794,0.0],[120.624047,23.868863,0.0],[120.624048,23.869844,0.0],[120.623943,23.8699,0.0],[120.623924,23.870159,0.0],[120.624427,23.870273,0.0],[120.624392,23.870511,0.0],[120.624478,23.870711,0.0],[120.624098,23.871093,0.0],[120.62411,23.871359,0.0],[120.624371,23.871399,0.0],[120.624732,23.871588,0.0],[120.625174,23.872093,0.0],[120.625498,23.87269,0.0],[120.625531,23.872976,0.0],[120.625446,23.873392,0.0],[120.625678,23.874259,0.0],[120.625594,23.874967,0.0],[120.62568,23.875225,0.0],[120.625461,23.875417,0.0],[120.62522,23.875861,0.0],[120.624861,23.876187,0.0],[120.624652,23.877041,0.0],[120.624799,23.877312,0.0],[120.625233,23.877624,0.0],[120.625411,23.878092,0.0],[120.62569,23.878331,0.0],[120.625846,23.87873,0.0],[120.626192,23.878957,0.0],[120.625994,23.879062,0.0],[120.626152,23.879027,0.0],[120.626729,23.879511,0.0],[120.626742,23.879641,0.0],[120.626315,23.879902,0.0],[120.626289,23.880008,0.0],[120.626574,23.880039,0.0],[120.626777,23.880184,0.0],[120.626665,23.880832,0.0],[120.626731,23.881314,0.0],[120.626953,23.881896,0.0],[120.626937,23.88298,0.0],[120.627234,23.883038,0.0],[120.627341,23.883196,0.0],[120.62739,23.883537,0.0],[120.62796,23.883434,0.0],[120.628211,23.883583,0.0],[120.628391,23.883868,0.0],[120.628459,23.884169,0.0],[120.628762,23.884184,0.0],[120.629361,23.884507,0.0],[120.629514,23.88471,0.0],[120.629484,23.884856,0.0],[120.628987,23.885366,0.0],[120.628965,23.885533,0.0],[120.628792,23.885694,0.0],[120.628898,23.885733,0.0],[120.628892,23.886062,0.0],[120.629107,23.886554,0.0],[120.628904,23.887441,0.0],[120.628832,23.888333,0.0],[120.626684,23.888997,0.0],[120.626499,23.889186,0.0],[120.626532,23.889486,0.0],[120.627011,23.88997,0.0],[120.627266,23.890062,0.0],[120.628323,23.889767,0.0],[120.629384,23.889565,0.0],[120.630522,23.889908,0.0],[120.631657,23.88956,0.0],[120.631972,23.889582,0.0],[120.632143,23.889714,0.0],[120.632113,23.890343,0.0],[120.632259,23.890572,0.0],[120.63304,23.891121,0.0],[120.633805,23.891488,0.0],[120.634267,23.891929,0.0],[120.632574,23.892058,0.0],[120.632257,23.892027,0.0],[120.632174,23.892335,0.0],[120.632688,23.8929,0.0],[120.633595,23.892972,0.0],[120.633865,23.893111,0.0],[120.634487,23.89324,0.0],[120.63461,23.893339,0.0],[120.634551,23.893529,0.0],[120.634143,23.893916,0.0],[120.633959,23.893984,0.0],[120.634228,23.894152,0.0],[120.634382,23.894469,0.0],[120.634353,23.895105,0.0],[120.634137,23.895297,0.0],[120.633498,23.895581,0.0],[120.633057,23.895622,0.0],[120.633207,23.895782,0.0],[120.633201,23.896025,0.0],[120.633109,23.896108,0.0],[120.633169,23.896355,0.0],[120.633686,23.896568,0.0],[120.634297,23.896563,0.0],[120.634522,23.89691,0.0],[120.634279,23.897319,0.0],[120.633991,23.897509,0.0],[120.633956,23.897659,0.0],[120.634501,23.897659,0.0],[120.634834,23.897795,0.0],[120.63476,23.898046,0.0],[120.634548,23.898226,0.0],[120.634916,23.89838,0.0],[120.635017,23.898656,0.0],[120.634809,23.898931,0.0],[120.634527,23.899044,0.0],[120.634552,23.899429,0.0],[120.63446,23.899571,0.0],[120.634264,23.899728,0.0],[120.633938,23.899719,0.0],[120.633789,23.899835,0.0],[120.633809,23.900179,0.0],[120.633679,23.900391,0.0],[120.634193,23.900589,0.0],[120.63431,23.900753,0.0],[120.634551,23.900802,0.0],[120.634896,23.901342,0.0],[120.634734,23.901521,0.0],[120.634453,23.901493,0.0],[120.634184,23.901602,0.0],[120.633931,23.90161,0.0],[120.633831,23.901976,0.0],[120.633478,23.902179,0.0],[120.633501,23.902472,0.0],[120.633426,23.902582,0.0],[120.633103,23.90283,0.0],[120.632927,23.90291,0.0],[120.632725,23.902867,0.0],[120.632281,23.903074,0.0],[120.631892,23.902994,0.0],[120.631498,23.902745,0.0],[120.631384,23.903193,0.0],[120.63106,23.903392,0.0],[120.631549,23.903449,0.0],[120.631988,23.903395,0.0],[120.632245,23.903598,0.0],[120.63294,23.903894,0.0],[120.633,23.903976,0.0],[120.633051,23.904267,0.0],[120.632773,23.904469,0.0],[120.632137,23.90431,0.0],[120.631929,23.904327,0.0],[120.632073,23.904537,0.0],[120.632433,23.904508,0.0],[120.632602,23.904601,0.0],[120.632473,23.904987,0.0],[120.632201,23.905277,0.0],[120.632518,23.905852,0.0],[120.632417,23.906125,0.0],[120.632193,23.906305,0.0],[120.632109,23.906741,0.0],[120.63226,23.906838,0.0],[120.63276,23.90635,0.0],[120.633221,23.906266,0.0],[120.633496,23.906579,0.0],[120.633274,23.907332,0.0],[120.633756,23.907326,0.0],[120.634151,23.907628,0.0],[120.633531,23.908124,0.0],[120.633186,23.908221,0.0],[120.631895,23.908398,0.0],[120.630388,23.908284,0.0],[120.630258,23.908512,0.0],[120.630896,23.908502,0.0],[120.631901,23.908693,0.0],[120.631912,23.90886,0.0],[120.631495,23.909199,0.0],[120.631519,23.909277,0.0],[120.632271,23.909142,0.0],[120.633151,23.909277,0.0],[120.633271,23.90943,0.0],[120.633253,23.909657,0.0],[120.632144,23.910076,0.0],[120.631579,23.910518,0.0],[120.630579,23.910591,0.0],[120.630029,23.910485,0.0],[120.629758,23.91052,0.0],[120.629185,23.910786,0.0],[120.629632,23.910977,0.0],[120.629638,23.911039,0.0],[120.629377,23.911204,0.0],[120.629532,23.911254,0.0],[120.629987,23.911159,0.0],[120.630195,23.910937,0.0],[120.630362,23.910902,0.0],[120.630622,23.911051,0.0],[120.631022,23.910863,0.0],[120.631806,23.91069,0.0],[120.63216,23.91068,0.0],[120.63231,23.910766,0.0],[120.632647,23.910788,0.0],[120.632765,23.910945,0.0],[120.632774,23.9111,0.0],[120.632587,23.911374,0.0],[120.63259,23.911537,0.0],[120.632938,23.911522,0.0],[120.633244,23.911706,0.0]],[[120.617403,23.882345,0.0],[120.617067,23.882436,0.0],[120.61675,23.882672,0.0],[120.616785,23.882763,0.0],[120.61756,23.882542,0.0],[120.617403,23.882345,0.0]],[[120.614439,23.854743,0.0],[120.614587,23.854872,0.0],[120.614728,23.854733,0.0],[120.614577,23.854606,0.0],[120.614439,23.854743,0.0]],[[120.617692,23.880186,0.0],[120.617517,23.880211,0.0],[120.617539,23.880349,0.0],[120.618005,23.880359,0.0],[120.618026,23.880297,0.0],[120.617692,23.880186,0.0]],[[120.622669,23.897998,0.0],[120.622696,23.897777,0.0],[120.622442,23.897749,0.0],[120.622414,23.89797,0.0],[120.622669,23.897998,0.0]],[[120.61791,23.881955,0.0],[120.617596,23.882238,0.0],[120.617742,23.882286,0.0],[120.617891,23.882213,0.0],[120.617982,23.882063,0.0],[120.61791,23.881955,0.0]],[[120.617842,23.883343,0.0],[120.617695,23.883128,0.0],[120.617597,23.883215,0.0],[120.617726,23.883427,0.0],[120.617842,23.883343,0.0]],[[120.613819,23.854465,0.0],[120.613879,23.854233,0.0],[120.613732,23.854213,0.0],[120.613676,23.854433,0.0],[120.613819,23.854465,0.0]],[[120.619025,23.893135,0.0],[120.619092,23.89312,0.0],[120.619165,23.89287,0.0],[120.618997,23.892897,0.0],[120.619025,23.893135,0.0]],[[120.612812,23.876398,0.0],[120.612913,23.876313,0.0],[120.612852,23.876251,0.0],[120.612751,23.876337,0.0],[120.612812,23.876398,0.0]],[[120.619553,23.893075,0.0],[120.619654,23.893059,0.0],[120.619633,23.892995,0.0],[120.619531,23.893016,0.0],[120.619553,23.893075,0.0]],[[120.619857,23.903127,0.0],[120.619795,23.903124,0.0],[120.619853,23.903183,0.0],[120.619857,23.903127,0.0]],[[120.620155,23.868431,0.0],[120.620155,23.868414,0.0],[120.620137,23.868431,0.0],[120.620155,23.868431,0.0]]],[[[120.62662,23.889139,0.0],[120.628826,23.888422,0.0],[120.628808,23.889269,0.0],[120.628186,23.889279,0.0],[120.62713,23.88949,0.0],[120.627195,23.889747,0.0],[120.627649,23.889745,0.0],[120.628017,23.889502,0.0],[120.628614,23.889601,0.0],[120.629016,23.889451,0.0],[120.629343,23.889478,0.0],[120.627418,23.889974,0.0],[120.627145,23.889964,0.0],[120.626613,23.889454,0.0],[120.626567,23.889302,0.0],[120.62662,23.889139,0.0]]],[[[120.631211,23.941387,0.0],[120.632009,23.940929,0.0],[120.632347,23.940548,0.0],[120.632769,23.940289,0.0],[120.632926,23.939973,0.0],[120.63323,23.939828,0.0],[120.633346,23.940021,0.0],[120.632977,23.940611,0.0],[120.632759,23.941188,0.0],[120.631981,23.941953,0.0],[120.631588,23.942223,0.0],[120.631456,23.942558,0.0],[120.631428,23.942442,0.0],[120.631187,23.942366,0.0],[120.630048,23.942414,0.0],[120.62936,23.942525,0.0],[120.629179,23.94245,0.0],[120.629117,23.942314,0.0],[120.629757,23.941718,0.0],[120.630318,23.941804,0.0],[120.630559,23.941719,0.0],[120.630869,23.941718,0.0],[120.631211,23.941387,0.0]],[[120.632789,23.940907,0.0],[120.632878,23.940746,0.0],[120.632736,23.940679,0.0],[120.632647,23.94084,0.0],[120.632789,23.940907,0.0]]],[[[120.631208,23.942406,0.0],[120.631369,23.942467,0.0],[120.63137,23.942531,0.0],[120.631276,23.942507,0.0],[120.630961,23.94272,0.0],[120.630627,23.942719,0.0],[120.630377,23.942907,0.0],[120.629721,23.943151,0.0],[120.629429,23.943221,0.0],[120.629235,23.943149,0.0],[120.627305,23.943835,0.0],[120.626953,23.943791,0.0],[120.626806,23.943887,0.0],[120.626665,23.943795,0.0],[120.62637,23.94382,0.0],[120.625705,23.943608,0.0],[120.625355,23.943304,0.0],[120.625345,23.943208,0.0],[120.625134,23.943203,0.0],[120.625053,23.943049,0.0],[120.624346,23.942995,0.0],[120.624009,23.942891,0.0],[120.623886,23.942754,0.0],[120.623318,23.942701,0.0],[120.622723,23.94276,0.0],[120.622539,23.942672,0.0],[120.622369,23.942741,0.0],[120.62246,23.941776,0.0],[120.622746,23.941792,0.0],[120.622792,23.941739,0.0],[120.622987,23.941882,0.0],[120.623233,23.941924,0.0],[120.62352,23.941855,0.0],[120.623951,23.941914,0.0],[120.624454,23.941772,0.0],[120.624772,23.941578,0.0],[120.625728,23.94179,0.0],[120.626355,23.941523,0.0],[120.626746,23.941566,0.0],[120.627149,23.941774,0.0],[120.627476,23.941612,0.0],[120.628196,23.941707,0.0],[120.628573,23.941646,0.0],[120.62918,23.94184,0.0],[120.62966,23.941721,0.0],[120.62907,23.942308,0.0],[120.629207,23.942531,0.0],[120.629626,23.942563,0.0],[120.630071,23.942454,0.0],[120.631208,23.942406,0.0]],[[120.625761,23.942959,0.0],[120.625795,23.943021,0.0],[120.625914,23.942928,0.0],[120.625853,23.942853,0.0],[120.625761,23.942959,0.0]]],[[[120.630528,23.944208,0.0],[120.630364,23.944422,0.0],[120.630769,23.944591,0.0],[120.630653,23.944761,0.0],[120.630218,23.94509,0.0],[120.630256,23.945149,0.0],[120.630001,23.945419,0.0],[120.629331,23.945907,0.0],[120.629108,23.946247,0.0],[120.628847,23.946384,0.0],[120.628024,23.947133,0.0],[120.626497,23.947706,0.0],[120.625997,23.947712,0.0],[120.625384,23.947873,0.0],[120.624637,23.947729,0.0],[120.62325,23.947631,0.0],[120.622807,23.947672,0.0],[120.621633,23.947512,0.0],[120.6217,23.946845,0.0],[120.621934,23.94666,0.0],[120.621009,23.946501,0.0],[120.619816,23.946101,0.0],[120.619657,23.946015,0.0],[120.619195,23.945498,0.0],[120.61923,23.9453,0.0],[120.619685,23.945112,0.0],[120.620508,23.944114,0.0],[120.620966,23.943857,0.0],[120.621154,23.94367,0.0],[120.621467,23.943571,0.0],[120.621432,23.943505,0.0],[120.621735,23.943304,0.0],[120.621859,23.943296,0.0],[120.621881,23.943375,0.0],[120.622103,23.943327,0.0],[120.622094,23.943281,0.0],[120.622479,23.943277,0.0],[120.62278,23.943188,0.0],[120.622862,23.943347,0.0],[120.623284,23.943293,0.0],[120.623269,23.943229,0.0],[120.623418,23.943205,0.0],[120.623435,23.943341,0.0],[120.623832,23.943427,0.0],[120.623829,23.943336,0.0],[120.623905,23.943312,0.0],[120.623907,23.943431,0.0],[120.624148,23.943459,0.0],[120.624159,23.943291,0.0],[120.624399,23.943394,0.0],[120.62462,23.943392,0.0],[120.624639,23.943645,0.0],[120.624952,23.943731,0.0],[120.625031,23.943526,0.0],[120.625136,23.943686,0.0],[120.625498,23.943767,0.0],[120.625605,23.94392,0.0],[120.626114,23.943918,0.0],[120.626163,23.944098,0.0],[120.626455,23.944161,0.0],[120.626601,23.944371,0.0],[120.627013,23.944151,0.0],[120.627301,23.944184,0.0],[120.627231,23.94431,0.0],[120.627271,23.944395,0.0],[120.627441,23.944254,0.0],[120.627652,23.944204,0.0],[120.62773,23.944282,0.0],[120.627828,23.944256,0.0],[120.627907,23.94401,0.0],[120.628196,23.943819,0.0],[120.62837,23.943739,0.0],[120.628442,23.943837,0.0],[120.628773,23.943646,0.0],[120.629145,23.943538,0.0],[120.629305,23.943356,0.0],[120.629455,23.943344,0.0],[120.630492,23.942866,0.0],[120.630661,23.943557,0.0],[120.630844,23.943922,0.0],[120.630664,23.944124,0.0],[120.630487,23.944114,0.0],[120.628715,23.944867,0.0],[120.628484,23.944817,0.0],[120.627924,23.945051,0.0],[120.628031,23.945311,0.0],[120.628407,23.945459,0.0],[120.628842,23.945418,0.0],[120.629319,23.945166,0.0],[120.629183,23.945115,0.0],[120.629499,23.94496,0.0],[120.630528,23.944208,0.0]]],[[[120.567911,24.033444,0.0],[120.567627,24.03378,0.0],[120.566894,24.033871,0.0],[120.566468,24.033579,0.0],[120.565719,24.033444,0.0],[120.565791,24.033336,0.0],[120.566433,24.033106,0.0],[120.566919,24.033321,0.0],[120.567667,24.03319,0.0],[120.56826,24.033259,0.0],[120.567911,24.033444,0.0]]],[[[120.576069,24.036899,0.0],[120.575847,24.036971,0.0],[120.576733,24.039272,0.0],[120.575896,24.037746,0.0],[120.57581,24.037347,0.0],[120.57557,24.036834,0.0],[120.57539,24.036745,0.0],[120.575407,24.036425,0.0],[120.575659,24.036423,0.0],[120.575741,24.036519,0.0],[120.575929,24.036476,0.0],[120.576069,24.036899,0.0]]],[[[120.575514,24.037398,0.0],[120.575614,24.037215,0.0],[120.575728,24.037375,0.0],[120.575814,24.037772,0.0],[120.576231,24.038433,0.0],[120.57638,24.038891,0.0],[120.576718,24.039398,0.0],[120.576844,24.039728,0.0],[120.576852,24.040165,0.0],[120.577066,24.040787,0.0],[120.577034,24.040981,0.0],[120.576931,24.041265,0.0],[120.576734,24.041126,0.0],[120.576606,24.040859,0.0],[120.576999,24.041029,0.0],[120.577016,24.040668,0.0],[120.576938,24.040493,0.0],[120.576597,24.040512,0.0],[120.576676,24.040437,0.0],[120.576582,24.040155,0.0],[120.576714,24.039998,0.0],[120.576514,24.039874,0.0],[120.576266,24.040046,0.0],[120.576419,24.039541,0.0],[120.576337,24.039337,0.0],[120.576131,24.039166,0.0],[120.576155,24.038864,0.0],[120.576086,24.038713,0.0],[120.57576,24.038328,0.0],[120.575608,24.038471,0.0],[120.575466,24.038445,0.0],[120.575606,24.038372,0.0],[120.575552,24.038113,0.0],[120.575653,24.037414,0.0],[120.575514,24.037398,0.0]]],[[[120.580862,24.042154,0.0],[120.581853,24.041935,0.0],[120.582445,24.041891,0.0],[120.58254,24.042048,0.0],[120.582532,24.042432,0.0],[120.582653,24.042925,0.0],[120.582889,24.043282,0.0],[120.583191,24.043343,0.0],[120.583578,24.043665,0.0],[120.582665,24.044704,0.0],[120.582127,24.044897,0.0],[120.582054,24.045318,0.0],[120.582084,24.046099,0.0],[120.581703,24.045955,0.0],[120.581555,24.046029,0.0],[120.581107,24.04598,0.0],[120.580939,24.045758,0.0],[120.580754,24.045662,0.0],[120.580543,24.045353,0.0],[120.580219,24.045345,0.0],[120.58018,24.045286,0.0],[120.579348,24.043803,0.0],[120.579727,24.043675,0.0],[120.580027,24.043865,0.0],[120.580374,24.043863,0.0],[120.580539,24.043757,0.0],[120.580714,24.043887,0.0],[120.581057,24.043464,0.0],[120.580828,24.043435,0.0],[120.58046,24.043545,0.0],[120.580206,24.043489,0.0],[120.580103,24.043551,0.0],[120.579923,24.043401,0.0],[120.579787,24.043517,0.0],[120.579237,24.043605,0.0],[120.578259,24.041664,0.0],[120.577667,24.04005,0.0],[120.577968,24.039683,0.0],[120.576925,24.036678,0.0],[120.576665,24.036748,0.0],[120.576408,24.036003,0.0],[120.576213,24.035741,0.0],[120.576659,24.036203,0.0],[120.577394,24.036426,0.0],[120.57781,24.037546,0.0],[120.577803,24.03786,0.0],[120.578349,24.038274,0.0],[120.578473,24.038647,0.0],[120.579103,24.039107,0.0],[120.579176,24.039313,0.0],[120.579035,24.039802,0.0],[120.579094,24.040443,0.0],[120.579304,24.040589,0.0],[120.579778,24.040477,0.0],[120.580068,24.040767,0.0],[120.58014,24.041469,0.0],[120.580403,24.042114,0.0],[120.580862,24.042154,0.0]]],[[[120.577904,24.042477,0.0],[120.577255,24.041922,0.0],[120.577133,24.041683,0.0],[120.577054,24.041205,0.0],[120.57715,24.040766,0.0],[120.576935,24.040151,0.0],[120.576957,24.039922,0.0],[120.577068,24.040213,0.0],[120.57728,24.040148,0.0],[120.577769,24.041525,0.0],[120.578299,24.042719,0.0],[120.578181,24.042672,0.0],[120.578098,24.042732,0.0],[120.577904,24.042477,0.0]],[[120.577461,24.041608,0.0],[120.577691,24.041575,0.0],[120.577629,24.0414,0.0],[120.577379,24.041387,0.0],[120.577461,24.041608,0.0]],[[120.577467,24.041871,0.0],[120.577539,24.042099,0.0],[120.577661,24.042073,0.0],[120.577627,24.041898,0.0],[120.577467,24.041871,0.0]],[[120.57714,24.041629,0.0],[120.577209,24.041668,0.0],[120.577315,24.041504,0.0],[120.577243,24.041465,0.0],[120.57714,24.041629,0.0]]],[[[120.579756,24.04734,0.0],[120.579696,24.047364,0.0],[120.579966,24.04683,0.0],[120.579966,24.046676,0.0],[120.57972,24.046091,0.0],[120.579392,24.045943,0.0],[120.579384,24.045688,0.0],[120.579609,24.045517,0.0],[120.57974,24.045501,0.0],[120.580021,24.045647,0.0],[120.580672,24.046874,0.0],[120.581812,24.049633,0.0],[120.581128,24.04989,0.0],[120.581336,24.050166,0.0],[120.581851,24.050603,0.0],[120.581222,24.051481,0.0],[120.58131,24.051673,0.0],[120.581097,24.051798,0.0],[120.58056,24.051882,0.0],[120.580385,24.051842,0.0],[120.579281,24.05106,0.0],[120.579116,24.050498,0.0],[120.578525,24.04967,0.0],[120.578538,24.049319,0.0],[120.577928,24.048813,0.0],[120.577626,24.048389,0.0],[120.577411,24.047855,0.0],[120.576738,24.047725,0.0],[120.576461,24.04781,0.0],[120.576239,24.047793,0.0],[120.575755,24.047961,0.0],[120.575321,24.047698,0.0],[120.574833,24.047646,0.0],[120.574601,24.047711,0.0],[120.574116,24.047548,0.0],[120.573816,24.047029,0.0],[120.573864,24.046841,0.0],[120.57318,24.046463,0.0],[120.572926,24.04615,0.0],[120.573197,24.046006,0.0],[120.573335,24.045476,0.0],[120.57382,24.045095,0.0],[120.573839,24.044741,0.0],[120.573433,24.04421,0.0],[120.573502,24.043498,0.0],[120.573387,24.043345,0.0],[120.572919,24.043277,0.0],[120.572467,24.042158,0.0],[120.572433,24.041963,0.0],[120.572717,24.041787,0.0],[120.572828,24.041443,0.0],[120.573093,24.041518,0.0],[120.572818,24.04134,0.0],[120.572235,24.041189,0.0],[120.571731,24.040606,0.0],[120.571399,24.040551,0.0],[120.571273,24.04063,0.0],[120.571024,24.040616,0.0],[120.570757,24.040512,0.0],[120.570557,24.040273,0.0],[120.570331,24.040212,0.0],[120.569784,24.040428,0.0],[120.569595,24.040288,0.0],[120.569182,24.039528,0.0],[120.568914,24.039445,0.0],[120.568853,24.03921,0.0],[120.568613,24.0391,0.0],[120.568211,24.038321,0.0],[120.568228,24.037934,0.0],[120.567856,24.037613,0.0],[120.567372,24.037593,0.0],[120.567007,24.037359,0.0],[120.566891,24.036881,0.0],[120.566761,24.036806,0.0],[120.566642,24.036588,0.0],[120.5667,24.036396,0.0],[120.56644,24.036061,0.0],[120.566739,24.035645,0.0],[120.566744,24.035399,0.0],[120.566994,24.035266,0.0],[120.567319,24.034661,0.0],[120.567546,24.034801,0.0],[120.5675,24.03521,0.0],[120.567706,24.035423,0.0],[120.567957,24.035415,0.0],[120.567988,24.035559,0.0],[120.568376,24.035685,0.0],[120.56836,24.035788,0.0],[120.568594,24.035976,0.0],[120.568666,24.035916,0.0],[120.568835,24.035929,0.0],[120.568936,24.036071,0.0],[120.569204,24.036151,0.0],[120.569905,24.036683,0.0],[120.570047,24.036677,0.0],[120.570637,24.036967,0.0],[120.570944,24.036844,0.0],[120.571243,24.036554,0.0],[120.571532,24.036431,0.0],[120.571927,24.036578,0.0],[120.572187,24.036454,0.0],[120.572318,24.036249,0.0],[120.572309,24.035887,0.0],[120.57252,24.035732,0.0],[120.572442,24.035617,0.0],[120.572559,24.035451,0.0],[120.572798,24.035494,0.0],[120.573043,24.035349,0.0],[120.573262,24.035362,0.0],[120.573435,24.03523,0.0],[120.573823,24.035111,0.0],[120.573825,24.035045,0.0],[120.574,24.035188,0.0],[120.57415,24.035639,0.0],[120.573923,24.035964,0.0],[120.573937,24.03652,0.0],[120.57423,24.036757,0.0],[120.574182,24.036818,0.0],[120.574339,24.036908,0.0],[120.574348,24.037027,0.0],[120.57469,24.037013,0.0],[120.574724,24.037322,0.0],[120.575124,24.037545,0.0],[120.575006,24.037709,0.0],[120.575025,24.037853,0.0],[120.575271,24.038449,0.0],[120.575525,24.0388,0.0],[120.575399,24.03884,0.0],[120.575388,24.038994,0.0],[120.575512,24.039178,0.0],[120.575734,24.039118,0.0],[120.575696,24.039357,0.0],[120.575801,24.039492,0.0],[120.575762,24.039587,0.0],[120.575877,24.039669,0.0],[120.575721,24.039731,0.0],[120.575603,24.039599,0.0],[120.575657,24.039807,0.0],[120.57588,24.040029,0.0],[120.575986,24.040036,0.0],[120.576024,24.039928,0.0],[120.576137,24.040152,0.0],[120.576062,24.040318,0.0],[120.575887,24.040331,0.0],[120.57588,24.040467,0.0],[120.576187,24.040901,0.0],[120.576394,24.041581,0.0],[120.576802,24.041955,0.0],[120.576714,24.042125,0.0],[120.576854,24.042539,0.0],[120.577204,24.042957,0.0],[120.577189,24.043277,0.0],[120.577407,24.043336,0.0],[120.577098,24.043549,0.0],[120.577136,24.043699,0.0],[120.57681,24.044293,0.0],[120.57604,24.044623,0.0],[120.575714,24.045104,0.0],[120.575615,24.045406,0.0],[120.575394,24.045639,0.0],[120.575145,24.04575,0.0],[120.574862,24.045635,0.0],[120.575163,24.045811,0.0],[120.575198,24.046184,0.0],[120.575263,24.045946,0.0],[120.575218,24.045815,0.0],[120.575306,24.045923,0.0],[120.575714,24.045832,0.0],[120.575827,24.045972,0.0],[120.575691,24.045587,0.0],[120.576048,24.045027,0.0],[120.576111,24.044802,0.0],[120.576911,24.044382,0.0],[120.577038,24.04483,0.0],[120.577176,24.044813,0.0],[120.57732,24.045012,0.0],[120.577076,24.044618,0.0],[120.577022,24.044187,0.0],[120.577162,24.04417,0.0],[120.577217,24.044026,0.0],[120.577434,24.043903,0.0],[120.577378,24.043839,0.0],[120.57752,24.04367,0.0],[120.57748,24.043506,0.0],[120.577947,24.043635,0.0],[120.578309,24.043953,0.0],[120.578397,24.044253,0.0],[120.57826,24.044402,0.0],[120.578597,24.044739,0.0],[120.578576,24.044941,0.0],[120.578688,24.045069,0.0],[120.578836,24.045553,0.0],[120.579159,24.045685,0.0],[120.578888,24.045698,0.0],[120.579086,24.045804,0.0],[120.579141,24.045934,0.0],[120.579284,24.045889,0.0],[120.579376,24.046026,0.0],[120.57916,24.046021,0.0],[120.579183,24.046094,0.0],[120.57935,24.046226,0.0],[120.57942,24.046167,0.0],[120.579539,24.046292,0.0],[120.579477,24.046398,0.0],[120.579536,24.046772,0.0],[120.579418,24.047018,0.0],[120.579337,24.047036,0.0],[120.57932,24.047605,0.0],[120.579535,24.047488,0.0],[120.579564,24.047395,0.0],[120.579562,24.047777,0.0],[120.579687,24.048261,0.0],[120.579628,24.04887,0.0],[120.579762,24.048623,0.0],[120.579923,24.048506,0.0],[120.579963,24.04806,0.0],[120.579888,24.047662,0.0],[120.579756,24.04734,0.0]],[[120.576319,24.046803,0.0],[120.576603,24.046632,0.0],[120.576523,24.046437,0.0],[120.576223,24.046678,0.0],[120.576319,24.046803,0.0]],[[120.575731,24.040174,0.0],[120.575566,24.040016,0.0],[120.575462,24.04011,0.0],[120.575644,24.040278,0.0],[120.575731,24.040174,0.0]],[[120.579329,24.047814,0.0],[120.579372,24.047688,0.0],[120.57921,24.047621,0.0],[120.579204,24.047737,0.0],[120.579329,24.047814,0.0]]],[[[120.579328,24.043768,0.0],[120.57926,24.043645,0.0],[120.579421,24.043579,0.0],[120.579462,24.043718,0.0],[120.579328,24.043768,0.0]]],[[[120.579782,24.04531,0.0],[120.579448,24.045285,0.0],[120.579251,24.045447,0.0],[120.579166,24.044853,0.0],[120.57878,24.044489,0.0],[120.578833,24.044099,0.0],[120.578816,24.043984,0.0],[120.578758,24.043991,0.0],[120.578896,24.043806,0.0],[120.579782,24.04531,0.0]]],[[[120.582059,24.047112,0.0],[120.581987,24.047414,0.0],[120.581778,24.047666,0.0],[120.58072,24.046177,0.0],[120.580347,24.04554,0.0],[120.580359,24.045433,0.0],[120.580536,24.045415,0.0],[120.580742,24.045752,0.0],[120.580989,24.045887,0.0],[120.581026,24.046005,0.0],[120.581423,24.04612,0.0],[120.581702,24.046046,0.0],[120.58203,24.04627,0.0],[120.582059,24.047112,0.0]]],[[[120.582395,24.049419,0.0],[120.582155,24.04951,0.0],[120.581042,24.046748,0.0],[120.5822,24.048418,0.0],[120.582968,24.049883,0.0],[120.583403,24.051268,0.0],[120.582872,24.051188,0.0],[120.582859,24.050677,0.0],[120.582395,24.049419,0.0]]],[[[120.583358,24.050714,0.0],[120.583481,24.05082,0.0],[120.583545,24.051069,0.0],[120.583788,24.051287,0.0],[120.583503,24.051278,0.0],[120.583358,24.050714,0.0]]],[[[120.572156,24.056033,0.0],[120.572464,24.055982,0.0],[120.572288,24.056253,0.0],[120.572263,24.056122,0.0],[120.572129,24.056111,0.0],[120.572156,24.056033,0.0]]],[[[120.571684,24.0562,0.0],[120.571749,24.056166,0.0],[120.571859,24.056223,0.0],[120.571893,24.05632,0.0],[120.571815,24.056216,0.0],[120.571684,24.0562,0.0]]],[[[120.572246,24.056314,0.0],[120.572231,24.056336,0.0],[120.572232,24.056316,0.0],[120.572246,24.056314,0.0]]],[[[120.57219,24.056395,0.0],[120.572059,24.056586,0.0],[120.572059,24.056391,0.0],[120.57219,24.056395,0.0]]],[[[120.56503,24.058511,0.0],[120.565104,24.058572,0.0],[120.563584,24.058316,0.0],[120.563367,24.058347,0.0],[120.563219,24.058497,0.0],[120.562847,24.059281,0.0],[120.562493,24.059691,0.0],[120.560659,24.061596,0.0],[120.560369,24.061797,0.0],[120.560181,24.0618,0.0],[120.560253,24.061862,0.0],[120.559789,24.062133,0.0],[120.559383,24.062528,0.0],[120.559015,24.062329,0.0],[120.559151,24.062158,0.0],[120.559822,24.061866,0.0],[120.560702,24.061169,0.0],[120.561921,24.059783,0.0],[120.561911,24.059535,0.0],[120.562105,24.059123,0.0],[120.562335,24.058966,0.0],[120.562561,24.059145,0.0],[120.562903,24.058765,0.0],[120.562897,24.058483,0.0],[120.563059,24.058157,0.0],[120.563396,24.057875,0.0],[120.563699,24.057791,0.0],[120.564197,24.057865,0.0],[120.564431,24.058017,0.0],[120.564698,24.057956,0.0],[120.56504,24.058279,0.0],[120.56503,24.058511,0.0]]],[[[120.565267,24.068748,0.0],[120.565046,24.069585,0.0],[120.564243,24.069799,0.0],[120.563943,24.070259,0.0],[120.564063,24.070385,0.0],[120.564224,24.070033,0.0],[120.56439,24.06992,0.0],[120.564998,24.06978,0.0],[120.564852,24.070286,0.0],[120.564477,24.0708,0.0],[120.563115,24.072215,0.0],[120.562955,24.072317,0.0],[120.561504,24.072303,0.0],[120.561506,24.071909,0.0],[120.561203,24.071896,0.0],[120.561332,24.071867,0.0],[120.561357,24.071651,0.0],[120.561461,24.071662,0.0],[120.561525,24.071422,0.0],[120.561761,24.071194,0.0],[120.561876,24.071303,0.0],[120.562219,24.071193,0.0],[120.56238,24.071121,0.0],[120.562287,24.070854,0.0],[120.562536,24.070852,0.0],[120.56251,24.070384,0.0],[120.562263,24.070482,0.0],[120.56208,24.070688,0.0],[120.561971,24.070656,0.0],[120.562083,24.070398,0.0],[120.562086,24.069937,0.0],[120.562385,24.070039,0.0],[120.562474,24.069904,0.0],[120.562586,24.070084,0.0],[120.562761,24.069463,0.0],[120.562445,24.069311,0.0],[120.562486,24.069126,0.0],[120.562188,24.068922,0.0],[120.561863,24.069128,0.0],[120.561758,24.069061,0.0],[120.561962,24.068619,0.0],[120.562254,24.068745,0.0],[120.562397,24.068707,0.0],[120.562463,24.068665,0.0],[120.56243,24.068373,0.0],[120.563139,24.068063,0.0],[120.563677,24.067536,0.0],[120.564215,24.067513,0.0],[120.564432,24.067402,0.0],[120.564513,24.067278,0.0],[120.564747,24.067327,0.0],[120.564877,24.067072,0.0],[120.565416,24.066596,0.0],[120.565803,24.066554,0.0],[120.566603,24.065997,0.0],[120.566867,24.066059,0.0],[120.567187,24.065951,0.0],[120.567298,24.065852,0.0],[120.567327,24.065588,0.0],[120.567453,24.065473,0.0],[120.56738,24.065395,0.0],[120.567238,24.065518,0.0],[120.566849,24.065634,0.0],[120.566758,24.06552,0.0],[120.566517,24.065485,0.0],[120.566407,24.065679,0.0],[120.566023,24.066029,0.0],[120.565996,24.066157,0.0],[120.566182,24.066191,0.0],[120.566067,24.066281,0.0],[120.564376,24.066443,0.0],[120.564342,24.066546,0.0],[120.564602,24.06654,0.0],[120.56457,24.066594,0.0],[120.564532,24.066543,0.0],[120.564341,24.066596,0.0],[120.564397,24.066732,0.0],[120.564521,24.066689,0.0],[120.564509,24.066777,0.0],[120.564324,24.066936,0.0],[120.56421,24.066904,0.0],[120.563995,24.067078,0.0],[120.563935,24.067049,0.0],[120.563969,24.066899,0.0],[120.563796,24.066854,0.0],[120.56387,24.066759,0.0],[120.563649,24.066651,0.0],[120.563585,24.066715,0.0],[120.563741,24.066898,0.0],[120.563632,24.067128,0.0],[120.563492,24.06721,0.0],[120.563362,24.067441,0.0],[120.563071,24.067639,0.0],[120.562864,24.067939,0.0],[120.562658,24.068038,0.0],[120.562676,24.0681,0.0],[120.562364,24.068343,0.0],[120.562399,24.068609,0.0],[120.562252,24.068668,0.0],[120.562021,24.06858,0.0],[120.562137,24.068252,0.0],[120.562007,24.068141,0.0],[120.561745,24.068579,0.0],[120.561385,24.068537,0.0],[120.561354,24.068968,0.0],[120.561425,24.068967,0.0],[120.561472,24.069147,0.0],[120.561408,24.069145,0.0],[120.561389,24.069253,0.0],[120.561453,24.069396,0.0],[120.56117,24.069628,0.0],[120.561147,24.069865,0.0],[120.56097,24.070034,0.0],[120.560837,24.070342,0.0],[120.560584,24.070434,0.0],[120.560298,24.069946,0.0],[120.560308,24.069666,0.0],[120.56047,24.069591,0.0],[120.560506,24.069398,0.0],[120.560125,24.06877,0.0],[120.560279,24.068456,0.0],[120.560528,24.068492,0.0],[120.560672,24.068335,0.0],[120.560748,24.067858,0.0],[120.560667,24.067594,0.0],[120.560469,24.067518,0.0],[120.560843,24.066943,0.0],[120.561044,24.067029,0.0],[120.561399,24.066689,0.0],[120.56159,24.066698,0.0],[120.562023,24.066414,0.0],[120.561947,24.066261,0.0],[120.561453,24.066422,0.0],[120.561367,24.066327,0.0],[120.561426,24.066141,0.0],[120.56173,24.066091,0.0],[120.561613,24.06584,0.0],[120.561654,24.065698,0.0],[120.561473,24.065615,0.0],[120.561387,24.065813,0.0],[120.561182,24.065884,0.0],[120.561155,24.065977,0.0],[120.561077,24.065974,0.0],[120.56108,24.065787,0.0],[120.561326,24.065763,0.0],[120.561303,24.0656,0.0],[120.561429,24.065601,0.0],[120.561576,24.065441,0.0],[120.561212,24.065473,0.0],[120.56119,24.065258,0.0],[120.560947,24.064885,0.0],[120.56087,24.064915,0.0],[120.560912,24.064975,0.0],[120.560795,24.064985,0.0],[120.560609,24.064829,0.0],[120.560905,24.064717,0.0],[120.560783,24.063787,0.0],[120.561128,24.063358,0.0],[120.560304,24.062941,0.0],[120.560943,24.062093,0.0],[120.560865,24.062051,0.0],[120.560188,24.062943,0.0],[120.559515,24.0626,0.0],[120.559922,24.062211,0.0],[120.560663,24.061782,0.0],[120.562088,24.060354,0.0],[120.562952,24.05939,0.0],[120.563326,24.058613,0.0],[120.563444,24.058502,0.0],[120.563635,24.058465,0.0],[120.565963,24.058832,0.0],[120.566118,24.05899,0.0],[120.566405,24.058804,0.0],[120.566763,24.05839,0.0],[120.567299,24.058369,0.0],[120.567856,24.058081,0.0],[120.56813,24.05776,0.0],[120.569338,24.056771,0.0],[120.570845,24.056376,0.0],[120.571098,24.056434,0.0],[120.571557,24.056282,0.0],[120.571358,24.05642,0.0],[120.571357,24.056624,0.0],[120.571445,24.056732,0.0],[120.571893,24.056631,0.0],[120.571902,24.056811,0.0],[120.571295,24.057824,0.0],[120.571242,24.058273,0.0],[120.571336,24.058612,0.0],[120.571275,24.058776,0.0],[120.571396,24.058802,0.0],[120.571429,24.058978,0.0],[120.571804,24.059533,0.0],[120.572082,24.0602,0.0],[120.57234,24.060508,0.0],[120.572596,24.061335,0.0],[120.572639,24.06205,0.0],[120.572569,24.062286,0.0],[120.571457,24.062554,0.0],[120.571044,24.062837,0.0],[120.570037,24.064275,0.0],[120.569773,24.06517,0.0],[120.569621,24.065264,0.0],[120.56958,24.06539,0.0],[120.566963,24.066939,0.0],[120.566158,24.067152,0.0],[120.565911,24.067319,0.0],[120.565584,24.06724,0.0],[120.565551,24.067612,0.0],[120.565734,24.067677,0.0],[120.565267,24.068748,0.0]],[[120.563853,24.068787,0.0],[120.563888,24.068435,0.0],[120.563684,24.068418,0.0],[120.563738,24.068648,0.0],[120.563652,24.068739,0.0],[120.563467,24.06872,0.0],[120.563348,24.068585,0.0],[120.563213,24.068673,0.0],[120.562972,24.068925,0.0],[120.562923,24.069083,0.0],[120.562912,24.069395,0.0],[120.563655,24.069491,0.0],[120.563663,24.069413,0.0],[120.563583,24.069405,0.0],[120.563638,24.068876,0.0],[120.563775,24.068887,0.0],[120.563784,24.068798,0.0],[120.563649,24.068769,0.0],[120.563853,24.068787,0.0]],[[120.563056,24.068161,0.0],[120.562626,24.068314,0.0],[120.562576,24.068417,0.0],[120.562707,24.068673,0.0],[120.56285,24.068658,0.0],[120.562994,24.068537,0.0],[120.563056,24.068161,0.0]],[[120.563599,24.068058,0.0],[120.563964,24.068054,0.0],[120.563958,24.067703,0.0],[120.56356,24.06773,0.0],[120.563599,24.068058,0.0]],[[120.563846,24.066732,0.0],[120.564093,24.066686,0.0],[120.564292,24.066522,0.0],[120.564006,24.066463,0.0],[120.563927,24.066317,0.0],[120.563775,24.066444,0.0],[120.563846,24.066732,0.0]],[[120.562519,24.071802,0.0],[120.562396,24.0719,0.0],[120.562494,24.072083,0.0],[120.56252,24.072032,0.0],[120.562827,24.072092,0.0],[120.562848,24.071842,0.0],[120.562535,24.071855,0.0],[120.562519,24.071802,0.0]],[[120.561037,24.06747,0.0],[120.561173,24.06711,0.0],[120.561059,24.067069,0.0],[120.560885,24.067158,0.0],[120.56078,24.067375,0.0],[120.561037,24.06747,0.0]],[[120.564658,24.066024,0.0],[120.56475,24.066066,0.0],[120.56493,24.065718,0.0],[120.564781,24.06566,0.0],[120.564695,24.065853,0.0],[120.564573,24.065885,0.0],[120.564541,24.066075,0.0],[120.564658,24.066024,0.0]],[[120.565481,24.065494,0.0],[120.565322,24.065675,0.0],[120.565493,24.065825,0.0],[120.565685,24.065767,0.0],[120.565683,24.065682,0.0],[120.565481,24.065494,0.0]],[[120.563776,24.064131,0.0],[120.564033,24.064061,0.0],[120.56394,24.064032,0.0],[120.563905,24.063841,0.0],[120.563646,24.063868,0.0],[120.563776,24.064131,0.0]],[[120.565412,24.066105,0.0],[120.565301,24.066169,0.0],[120.565284,24.066271,0.0],[120.56548,24.066246,0.0],[120.565486,24.06631,0.0],[120.565678,24.066261,0.0],[120.56572,24.066174,0.0],[120.565412,24.066105,0.0]],[[120.564089,24.063755,0.0],[120.564237,24.063738,0.0],[120.564213,24.063546,0.0],[120.563978,24.063572,0.0],[120.564056,24.063882,0.0],[120.564119,24.063866,0.0],[120.564089,24.063755,0.0]],[[120.564044,24.071238,0.0],[120.563928,24.071003,0.0],[120.563777,24.07113,0.0],[120.563861,24.071214,0.0],[120.563782,24.071257,0.0],[120.563834,24.071339,0.0],[120.564044,24.071238,0.0]],[[120.567107,24.065072,0.0],[120.566763,24.065003,0.0],[120.566729,24.065143,0.0],[120.567079,24.065199,0.0],[120.567107,24.065072,0.0]],[[120.563013,24.064275,0.0],[120.56317,24.064174,0.0],[120.563038,24.063995,0.0],[120.562873,24.064049,0.0],[120.563013,24.064275,0.0]],[[120.565889,24.060667,0.0],[120.566068,24.060536,0.0],[120.565963,24.060392,0.0],[120.565788,24.060551,0.0],[120.565889,24.060667,0.0]],[[120.563321,24.070358,0.0],[120.563293,24.07026,0.0],[120.562917,24.070344,0.0],[120.562944,24.070442,0.0],[120.563321,24.070358,0.0]],[[120.560658,24.069005,0.0],[120.560489,24.069018,0.0],[120.560525,24.069218,0.0],[120.560616,24.069266,0.0],[120.560686,24.069172,0.0],[120.560658,24.069005,0.0]],[[120.563178,24.066268,0.0],[120.563222,24.06631,0.0],[120.563052,24.06641,0.0],[120.563131,24.066484,0.0],[120.563355,24.066271,0.0],[120.563273,24.066184,0.0],[120.563178,24.066268,0.0]],[[120.570007,24.060413,0.0],[120.570099,24.060385,0.0],[120.570077,24.060284,0.0],[120.569942,24.060335,0.0],[120.569995,24.060612,0.0],[120.570054,24.060558,0.0],[120.570091,24.060431,0.0],[120.570007,24.060413,0.0]],[[120.56346,24.067078,0.0],[120.563342,24.066976,0.0],[120.563249,24.067158,0.0],[120.563375,24.067227,0.0],[120.56346,24.067078,0.0]],[[120.561321,24.064041,0.0],[120.561185,24.063989,0.0],[120.561139,24.064059,0.0],[120.561259,24.064211,0.0],[120.561356,24.064154,0.0],[120.561321,24.064041,0.0]],[[120.562247,24.064231,0.0],[120.562338,24.064269,0.0],[120.562283,24.064431,0.0],[120.56236,24.064491,0.0],[120.562448,24.064387,0.0],[120.562401,24.064216,0.0],[120.562247,24.064231,0.0]],[[120.564678,24.065421,0.0],[120.564879,24.065601,0.0],[120.564936,24.065559,0.0],[120.564761,24.065358,0.0],[120.564678,24.065421,0.0]],[[120.561989,24.065696,0.0],[120.562078,24.065438,0.0],[120.561998,24.065413,0.0],[120.561908,24.065672,0.0],[120.561989,24.065696,0.0]],[[120.564368,24.066808,0.0],[120.564314,24.066676,0.0],[120.564208,24.066688,0.0],[120.564318,24.066897,0.0],[120.564368,24.066808,0.0]],[[120.564214,24.064254,0.0],[120.564071,24.064253,0.0],[120.564051,24.064399,0.0],[120.564196,24.064399,0.0],[120.564214,24.064254,0.0]],[[120.561544,24.06524,0.0],[120.561396,24.065293,0.0],[120.561448,24.065412,0.0],[120.561603,24.065358,0.0],[120.561544,24.06524,0.0]],[[120.562263,24.064766,0.0],[120.562317,24.064606,0.0],[120.562256,24.064578,0.0],[120.56215,24.064715,0.0],[120.562263,24.064766,0.0]],[[120.562958,24.069652,0.0],[120.563074,24.069581,0.0],[120.563028,24.069457,0.0],[120.562892,24.06954,0.0],[120.562958,24.069652,0.0]],[[120.564092,24.067883,0.0],[120.564166,24.067745,0.0],[120.564033,24.067693,0.0],[120.564012,24.067876,0.0],[120.564092,24.067883,0.0]],[[120.564439,24.065945,0.0],[120.564417,24.06619,0.0],[120.564497,24.066196,0.0],[120.564519,24.065951,0.0],[120.564439,24.065945,0.0]],[[120.562051,24.068053,0.0],[120.562074,24.068184,0.0],[120.562212,24.068164,0.0],[120.56219,24.068034,0.0],[120.562051,24.068053,0.0]],[[120.567979,24.06574,0.0],[120.567996,24.065514,0.0],[120.567911,24.065513,0.0],[120.567894,24.065706,0.0],[120.567979,24.06574,0.0]],[[120.566114,24.059386,0.0],[120.566159,24.05922,0.0],[120.566032,24.059224,0.0],[120.566004,24.059328,0.0],[120.566114,24.059386,0.0]],[[120.566095,24.063355,0.0],[120.566138,24.063234,0.0],[120.566008,24.063198,0.0],[120.565941,24.063312,0.0],[120.566095,24.063355,0.0]],[[120.563613,24.064453,0.0],[120.563839,24.064424,0.0],[120.563826,24.064345,0.0],[120.5636,24.064374,0.0],[120.563613,24.064453,0.0]],[[120.567245,24.06411,0.0],[120.56713,24.064095,0.0],[120.567063,24.064251,0.0],[120.567129,24.064275,0.0],[120.567245,24.06411,0.0]],[[120.564278,24.070798,0.0],[120.564247,24.070691,0.0],[120.564132,24.070832,0.0],[120.564201,24.070884,0.0],[120.564278,24.070798,0.0]],[[120.560021,24.062564,0.0],[120.560154,24.062503,0.0],[120.56006,24.062435,0.0],[120.55994,24.06256,0.0],[120.560028,24.062638,0.0],[120.560021,24.062564,0.0]],[[120.561795,24.065276,0.0],[120.561765,24.065145,0.0],[120.561638,24.065188,0.0],[120.561684,24.065309,0.0],[120.561795,24.065276,0.0]],[[120.565982,24.059104,0.0],[120.565942,24.058896,0.0],[120.56587,24.058908,0.0],[120.56591,24.059116,0.0],[120.565982,24.059104,0.0]],[[120.566003,24.060383,0.0],[120.56614,24.060557,0.0],[120.566197,24.06052,0.0],[120.566076,24.060365,0.0],[120.566003,24.060383,0.0]],[[120.567163,24.064556,0.0],[120.567167,24.064417,0.0],[120.567059,24.064415,0.0],[120.567055,24.064554,0.0],[120.567163,24.064556,0.0]],[[120.561311,24.065129,0.0],[120.561337,24.065219,0.0],[120.561472,24.065088,0.0],[120.561311,24.065129,0.0]],[[120.565836,24.058913,0.0],[120.565759,24.058926,0.0],[120.565793,24.059102,0.0],[120.56587,24.05909,0.0],[120.565836,24.058913,0.0]],[[120.564134,24.068025,0.0],[120.564145,24.067932,0.0],[120.563997,24.067917,0.0],[120.563986,24.06801,0.0],[120.564134,24.068025,0.0]],[[120.567956,24.063877,0.0],[120.567931,24.063808,0.0],[120.56776,24.06386,0.0],[120.567785,24.06393,0.0],[120.567956,24.063877,0.0]],[[120.566955,24.063037,0.0],[120.56709,24.062972,0.0],[120.567047,24.062897,0.0],[120.566912,24.062962,0.0],[120.566955,24.063037,0.0]],[[120.561825,24.071753,0.0],[120.56184,24.071922,0.0],[120.561919,24.071935,0.0],[120.561945,24.071817,0.0],[120.561825,24.071753,0.0]],[[120.564716,24.063101,0.0],[120.564791,24.062937,0.0],[120.564727,24.062914,0.0],[120.564652,24.063078,0.0],[120.564716,24.063101,0.0]],[[120.565543,24.058961,0.0],[120.565572,24.059109,0.0],[120.565649,24.059096,0.0],[120.56562,24.058949,0.0],[120.565543,24.058961,0.0]],[[120.565728,24.058931,0.0],[120.565651,24.058944,0.0],[120.565679,24.05909,0.0],[120.565755,24.059077,0.0],[120.565728,24.058931,0.0]],[[120.562144,24.0662,0.0],[120.562052,24.066237,0.0],[120.562101,24.066337,0.0],[120.562192,24.066301,0.0],[120.562144,24.0662,0.0]],[[120.560969,24.062336,0.0],[120.561008,24.062176,0.0],[120.560942,24.062163,0.0],[120.560904,24.062323,0.0],[120.560969,24.062336,0.0]],[[120.561641,24.065614,0.0],[120.561693,24.065723,0.0],[120.561789,24.065626,0.0],[120.561641,24.065614,0.0]],[[120.56404,24.071031,0.0],[120.564095,24.070956,0.0],[120.563993,24.070918,0.0],[120.563976,24.071012,0.0],[120.56404,24.071031,0.0]],[[120.563302,24.066529,0.0],[120.563325,24.066443,0.0],[120.563211,24.066416,0.0],[120.563188,24.066502,0.0],[120.563302,24.066529,0.0]],[[120.560853,24.068449,0.0],[120.560741,24.068529,0.0],[120.560783,24.068578,0.0],[120.560895,24.068498,0.0],[120.560853,24.068449,0.0]],[[120.566081,24.059543,0.0],[120.566108,24.059435,0.0],[120.566027,24.059419,0.0],[120.566005,24.059517,0.0],[120.566081,24.059543,0.0]],[[120.569843,24.057013,0.0],[120.569746,24.056854,0.0],[120.569825,24.056996,0.0],[120.569843,24.057013,0.0]],[[120.561842,24.065627,0.0],[120.56185,24.065545,0.0],[120.561794,24.06553,0.0],[120.561768,24.065617,0.0],[120.561842,24.065627,0.0]],[[120.560672,24.068812,0.0],[120.560612,24.06884,0.0],[120.560645,24.068903,0.0],[120.560706,24.068875,0.0],[120.560672,24.068812,0.0]],[[120.562959,24.064737,0.0],[120.562946,24.064658,0.0],[120.562905,24.064745,0.0],[120.562959,24.064737,0.0]],[[120.567132,24.065018,0.0],[120.567064,24.065005,0.0],[120.567122,24.065063,0.0],[120.567132,24.065018,0.0]],[[120.565307,24.0603,0.0],[120.565338,24.060301,0.0],[120.56531,24.060279,0.0],[120.565307,24.0603,0.0]]],[[[120.561081,24.065702,0.0],[120.561086,24.065375,0.0],[120.561201,24.065715,0.0],[120.561081,24.065702,0.0]]],[[[120.566669,24.067514,0.0],[120.566633,24.067641,0.0],[120.566409,24.067538,0.0],[120.566427,24.067455,0.0],[120.566669,24.067514,0.0]]],[[[120.566601,24.074145,0.0],[120.565907,24.074589,0.0],[120.564523,24.074827,0.0],[120.563949,24.074827,0.0],[120.562626,24.075199,0.0],[120.562446,24.075164,0.0],[120.562449,24.07486,0.0],[120.562384,24.074865,0.0],[120.562292,24.074711,0.0],[120.5616,24.074674,0.0],[120.560193,24.074966,0.0],[120.560098,24.075039,0.0],[120.560059,24.075583,0.0],[120.55964,24.075516,0.0],[120.559648,24.075447,0.0],[120.559469,24.075431,0.0],[120.559463,24.075488,0.0],[120.559027,24.075419,0.0],[120.559064,24.0753,0.0],[120.558939,24.075277,0.0],[120.55885,24.075391,0.0],[120.558559,24.075324,0.0],[120.55846,24.075156,0.0],[120.558314,24.075187,0.0],[120.558302,24.075131,0.0],[120.558506,24.07503,0.0],[120.558585,24.075124,0.0],[120.558753,24.074934,0.0],[120.558784,24.074806,0.0],[120.558708,24.074806,0.0],[120.558807,24.074675,0.0],[120.559251,24.074403,0.0],[120.559515,24.073925,0.0],[120.559979,24.074041,0.0],[120.560172,24.073926,0.0],[120.560178,24.073789,0.0],[120.560003,24.073743,0.0],[120.56016,24.073565,0.0],[120.560317,24.073648,0.0],[120.5604,24.073555,0.0],[120.560629,24.073562,0.0],[120.560649,24.073646,0.0],[120.561005,24.073548,0.0],[120.56103,24.073663,0.0],[120.561399,24.073734,0.0],[120.561364,24.073833,0.0],[120.56168,24.073904,0.0],[120.561732,24.073705,0.0],[120.561975,24.073767,0.0],[120.562007,24.073705,0.0],[120.562418,24.073854,0.0],[120.562457,24.073762,0.0],[120.562834,24.073951,0.0],[120.563485,24.073832,0.0],[120.563708,24.073676,0.0],[120.563837,24.073388,0.0],[120.564136,24.073069,0.0],[120.564451,24.072954,0.0],[120.564599,24.073006,0.0],[120.564882,24.072448,0.0],[120.565603,24.072424,0.0],[120.565579,24.072222,0.0],[120.565458,24.072255,0.0],[120.565447,24.072193,0.0],[120.565519,24.072152,0.0],[120.565487,24.072032,0.0],[120.56575,24.071836,0.0],[120.565662,24.071712,0.0],[120.565742,24.071664,0.0],[120.565824,24.071778,0.0],[120.565994,24.071712,0.0],[120.566046,24.071788,0.0],[120.566183,24.071781,0.0],[120.566261,24.072092,0.0],[120.566742,24.071759,0.0],[120.566983,24.07173,0.0],[120.566979,24.071611,0.0],[120.567104,24.071535,0.0],[120.567076,24.071475,0.0],[120.566913,24.071512,0.0],[120.566859,24.071377,0.0],[120.566969,24.071338,0.0],[120.566977,24.071217,0.0],[120.567358,24.071134,0.0],[120.567334,24.071069,0.0],[120.567142,24.071132,0.0],[120.567196,24.071013,0.0],[120.567109,24.070988,0.0],[120.567056,24.071102,0.0],[120.567137,24.071133,0.0],[120.567039,24.071165,0.0],[120.566671,24.071025,0.0],[120.566505,24.071043,0.0],[120.566278,24.071182,0.0],[120.566089,24.071167,0.0],[120.565812,24.071514,0.0],[120.565406,24.071725,0.0],[120.565313,24.071698,0.0],[120.565153,24.071792,0.0],[120.565101,24.071617,0.0],[120.564719,24.071715,0.0],[120.564281,24.071697,0.0],[120.564053,24.071844,0.0],[120.563771,24.072217,0.0],[120.56345,24.0723,0.0],[120.563794,24.071936,0.0],[120.563779,24.071726,0.0],[120.564167,24.071317,0.0],[120.564313,24.07139,0.0],[120.564409,24.071309,0.0],[120.564387,24.071239,0.0],[120.564469,24.07127,0.0],[120.564667,24.071048,0.0],[120.564531,24.070938,0.0],[120.564964,24.070553,0.0],[120.565015,24.070376,0.0],[120.565114,24.07032,0.0],[120.565146,24.070391,0.0],[120.565881,24.070156,0.0],[120.566719,24.07015,0.0],[120.567283,24.069867,0.0],[120.567431,24.069578,0.0],[120.567268,24.069446,0.0],[120.567193,24.069065,0.0],[120.567358,24.068035,0.0],[120.567297,24.067847,0.0],[120.566677,24.067654,0.0],[120.566715,24.06752,0.0],[120.567728,24.067649,0.0],[120.569925,24.068426,0.0],[120.570001,24.065212,0.0],[120.570295,24.064185,0.0],[120.571223,24.062874,0.0],[120.571743,24.062612,0.0],[120.572648,24.062418,0.0],[120.572991,24.064682,0.0],[120.573326,24.068017,0.0],[120.573611,24.069896,0.0],[120.573235,24.070701,0.0],[120.573589,24.070952,0.0],[120.573584,24.071509,0.0],[120.573367,24.071557,0.0],[120.57321,24.071699,0.0],[120.573042,24.072006,0.0],[120.572816,24.072055,0.0],[120.572038,24.072555,0.0],[120.571618,24.072701,0.0],[120.571383,24.072666,0.0],[120.570695,24.072966,0.0],[120.569685,24.072917,0.0],[120.569278,24.072999,0.0],[120.567987,24.07354,0.0],[120.566948,24.074072,0.0],[120.566601,24.074145,0.0]],[[120.570486,24.071625,0.0],[120.57065,24.071503,0.0],[120.570497,24.071278,0.0],[120.570272,24.071414,0.0],[120.570486,24.071625,0.0]],[[120.567366,24.071838,0.0],[120.567456,24.071658,0.0],[120.567126,24.07158,0.0],[120.567059,24.071698,0.0],[120.567366,24.071838,0.0]],[[120.559497,24.074555,0.0],[120.559322,24.074471,0.0],[120.559212,24.074741,0.0],[120.559425,24.074762,0.0],[120.559497,24.074555,0.0]],[[120.559652,24.074941,0.0],[120.559798,24.074918,0.0],[120.559762,24.074712,0.0],[120.559685,24.074723,0.0],[120.55967,24.074636,0.0],[120.559601,24.074646,0.0],[120.559652,24.074941,0.0]],[[120.572408,24.06366,0.0],[120.572286,24.063744,0.0],[120.572285,24.063869,0.0],[120.572474,24.063795,0.0],[120.572408,24.06366,0.0]],[[120.567739,24.071369,0.0],[120.567539,24.071339,0.0],[120.567526,24.071449,0.0],[120.567726,24.07147,0.0],[120.567739,24.071369,0.0]],[[120.565799,24.0723,0.0],[120.565943,24.07228,0.0],[120.565924,24.072162,0.0],[120.56578,24.072182,0.0],[120.565799,24.0723,0.0]],[[120.567639,24.071617,0.0],[120.567772,24.071566,0.0],[120.567737,24.07148,0.0],[120.567607,24.071531,0.0],[120.567639,24.071617,0.0]],[[120.565968,24.072169,0.0],[120.566155,24.072137,0.0],[120.566142,24.072071,0.0],[120.565955,24.072103,0.0],[120.565968,24.072169,0.0]],[[120.559213,24.074928,0.0],[120.559215,24.075018,0.0],[120.559312,24.075017,0.0],[120.559312,24.074928,0.0],[120.559213,24.074928,0.0]],[[120.559342,24.07532,0.0],[120.559457,24.075349,0.0],[120.55948,24.07527,0.0],[120.559342,24.07532,0.0]]],[[[120.559337,24.072046,0.0],[120.559102,24.072291,0.0],[120.55873,24.072161,0.0],[120.558679,24.07226,0.0],[120.558194,24.072554,0.0],[120.557986,24.072206,0.0],[120.557836,24.07234,0.0],[120.557697,24.07224,0.0],[120.557614,24.072341,0.0],[120.557742,24.072425,0.0],[120.557689,24.072473,0.0],[120.557559,24.072403,0.0],[120.557353,24.072642,0.0],[120.557442,24.072695,0.0],[120.557256,24.072863,0.0],[120.557713,24.073216,0.0],[120.557289,24.073519,0.0],[120.557073,24.073243,0.0],[120.557273,24.072372,0.0],[120.558146,24.071446,0.0],[120.557986,24.071341,0.0],[120.55845,24.070644,0.0],[120.558675,24.070039,0.0],[120.558652,24.069814,0.0],[120.558443,24.069747,0.0],[120.55842,24.069574,0.0],[120.558502,24.069439,0.0],[120.558562,24.068962,0.0],[120.55876,24.068997,0.0],[120.558771,24.069103,0.0],[120.558899,24.069091,0.0],[120.558929,24.068996,0.0],[120.559822,24.069161,0.0],[120.559944,24.069281,0.0],[120.560035,24.069249,0.0],[120.560068,24.069478,0.0],[120.559924,24.069636,0.0],[120.559994,24.069907,0.0],[120.559952,24.070093,0.0],[120.560183,24.070332,0.0],[120.56016,24.070452,0.0],[120.559837,24.070794,0.0],[120.559798,24.070953,0.0],[120.559848,24.071364,0.0],[120.560115,24.071557,0.0],[120.560066,24.071604,0.0],[120.559851,24.0715,0.0],[120.559708,24.071747,0.0],[120.559422,24.071653,0.0],[120.559246,24.07193,0.0],[120.559512,24.072202,0.0],[120.559337,24.072046,0.0]],[[120.559428,24.071053,0.0],[120.559477,24.070775,0.0],[120.559447,24.070604,0.0],[120.559328,24.07062,0.0],[120.55939,24.070587,0.0],[120.559351,24.070333,0.0],[120.558933,24.070433,0.0],[120.558957,24.070595,0.0],[120.55861,24.070561,0.0],[120.558277,24.071199,0.0],[120.558866,24.071616,0.0],[120.558925,24.071296,0.0],[120.559264,24.071295,0.0],[120.559366,24.071046,0.0],[120.559428,24.071053,0.0]],[[120.558868,24.069106,0.0],[120.558886,24.069623,0.0],[120.559184,24.069642,0.0],[120.55919,24.069558,0.0],[120.558989,24.069545,0.0],[120.559181,24.069488,0.0],[120.559153,24.06934,0.0],[120.559003,24.06933,0.0],[120.559205,24.069328,0.0],[120.55913,24.069113,0.0],[120.558868,24.069106,0.0]],[[120.55956,24.071573,0.0],[120.559615,24.071681,0.0],[120.559702,24.071643,0.0],[120.559639,24.071548,0.0],[120.559732,24.071267,0.0],[120.559713,24.071162,0.0],[120.559668,24.071197,0.0],[120.559603,24.071127,0.0],[120.559418,24.071474,0.0],[120.559609,24.071553,0.0],[120.55956,24.071573,0.0]],[[120.558745,24.072017,0.0],[120.558811,24.071692,0.0],[120.558608,24.071699,0.0],[120.558539,24.071976,0.0],[120.558745,24.072017,0.0]],[[120.558619,24.069193,0.0],[120.558498,24.069591,0.0],[120.558699,24.069496,0.0],[120.558743,24.069288,0.0],[120.558619,24.069193,0.0]],[[120.559563,24.070571,0.0],[120.55949,24.070841,0.0],[120.559597,24.070865,0.0],[120.559575,24.070743,0.0],[120.559675,24.070558,0.0],[120.559563,24.070571,0.0]],[[120.559464,24.070066,0.0],[120.559356,24.070097,0.0],[120.559541,24.070402,0.0],[120.559464,24.070066,0.0]]],[[[120.563401,24.072303,0.0],[120.563221,24.072313,0.0],[120.563436,24.072085,0.0],[120.56352,24.072159,0.0],[120.563401,24.072303,0.0]]],[[[120.572488,24.072295,0.0],[120.57266,24.072208,0.0],[120.572557,24.072286,0.0],[120.572488,24.072295,0.0]]],[[[120.572395,24.072563,0.0],[120.572054,24.072577,0.0],[120.572301,24.0725,0.0],[120.57279,24.072147,0.0],[120.572594,24.072386,0.0],[120.572525,24.072352,0.0],[120.572395,24.072563,0.0]]],[[[120.568491,24.073369,0.0],[120.569261,24.073038,0.0],[120.569676,24.072946,0.0],[120.570684,24.073,0.0],[120.571424,24.07269,0.0],[120.57157,24.072744,0.0],[120.571974,24.072586,0.0],[120.571582,24.07287,0.0],[120.570692,24.073184,0.0],[120.569546,24.073059,0.0],[120.569358,24.073088,0.0],[120.568926,24.073352,0.0],[120.568491,24.073369,0.0]]],[[[120.561876,24.0747,0.0],[120.562199,24.074737,0.0],[120.562327,24.074869,0.0],[120.562105,24.074885,0.0],[120.561694,24.074713,0.0],[120.561876,24.0747,0.0]]],[[[120.562744,24.07553,0.0],[120.562437,24.075585,0.0],[120.562444,24.075237,0.0],[120.562705,24.075221,0.0],[120.564016,24.074863,0.0],[120.564384,24.074885,0.0],[120.564136,24.075064,0.0],[120.563845,24.07516,0.0],[120.563414,24.075493,0.0],[120.563166,24.075566,0.0],[120.562744,24.07553,0.0]]],[[[120.555132,24.076644,0.0],[120.554693,24.076931,0.0],[120.554957,24.077239,0.0],[120.555066,24.077495,0.0],[120.555315,24.077501,0.0],[120.555921,24.077335,0.0],[120.556071,24.077418,0.0],[120.55611,24.077549,0.0],[120.556198,24.077525,0.0],[120.556298,24.077716,0.0],[120.556884,24.077701,0.0],[120.555394,24.078069,0.0],[120.555376,24.078168,0.0],[120.555316,24.078019,0.0],[120.554175,24.078035,0.0],[120.554003,24.077942,0.0],[120.553913,24.077262,0.0],[120.553654,24.077263,0.0],[120.553649,24.077106,0.0],[120.553261,24.076976,0.0],[120.553248,24.076183,0.0],[120.55338,24.076167,0.0],[120.553395,24.076256,0.0],[120.553827,24.07643,0.0],[120.55397,24.076388,0.0],[120.553957,24.076297,0.0],[120.554763,24.076231,0.0],[120.554865,24.076459,0.0],[120.555132,24.076644,0.0]],[[120.553907,24.076631,0.0],[120.553924,24.076564,0.0],[120.553838,24.076548,0.0],[120.553782,24.076615,0.0],[120.553907,24.076631,0.0]]],[[[120.55836,24.077565,0.0],[120.558263,24.077471,0.0],[120.558524,24.077218,0.0],[120.558729,24.077485,0.0],[120.558633,24.07743,0.0],[120.558565,24.077669,0.0],[120.558337,24.07764,0.0],[120.55836,24.077565,0.0]]],[[[120.549765,24.077724,0.0],[120.549659,24.077792,0.0],[120.549393,24.077246,0.0],[120.549542,24.07736,0.0],[120.549765,24.077724,0.0]]],[[[120.549932,24.07725,0.0],[120.549992,24.077272,0.0],[120.550244,24.077049,0.0],[120.550675,24.077555,0.0],[120.551099,24.077836,0.0],[120.551061,24.07815,0.0],[120.550812,24.078263,0.0],[120.550746,24.078377,0.0],[120.550795,24.078482,0.0],[120.551079,24.078343,0.0],[120.551205,24.078471,0.0],[120.550407,24.07866,0.0],[120.549901,24.078098,0.0],[120.550059,24.077985,0.0],[120.55018,24.077988,0.0],[120.550191,24.077897,0.0],[120.550067,24.077887,0.0],[120.549689,24.077584,0.0],[120.550001,24.077602,0.0],[120.550036,24.077504,0.0],[120.549866,24.077366,0.0],[120.549932,24.07725,0.0]]],[[[120.558287,24.078249,0.0],[120.558159,24.078286,0.0],[120.558159,24.077923,0.0],[120.558311,24.077877,0.0],[120.558287,24.078249,0.0]]],[[[120.559127,24.078362,0.0],[120.558878,24.078345,0.0],[120.558907,24.078055,0.0],[120.559185,24.078033,0.0],[120.559127,24.078362,0.0]]],[[[120.55176,24.079959,0.0],[120.552339,24.080306,0.0],[120.552214,24.080482,0.0],[120.551315,24.079962,0.0],[120.551213,24.079654,0.0],[120.551366,24.079257,0.0],[120.551237,24.078811,0.0],[120.551351,24.078767,0.0],[120.551594,24.079005,0.0],[120.551482,24.079338,0.0],[120.551564,24.079405,0.0],[120.55146,24.079454,0.0],[120.55176,24.079959,0.0]]],[[[120.548463,24.079667,0.0],[120.548876,24.079593,0.0],[120.549121,24.079679,0.0],[120.549128,24.080405,0.0],[120.549053,24.08063,0.0],[120.549169,24.080562,0.0],[120.549191,24.080312,0.0],[120.549369,24.080289,0.0],[120.549355,24.080708,0.0],[120.5498,24.080542,0.0],[120.549687,24.080714,0.0],[120.549943,24.080768,0.0],[120.549927,24.080907,0.0],[120.549474,24.08089,0.0],[120.549404,24.080782,0.0],[120.548951,24.080824,0.0],[120.54876,24.080723,0.0],[120.548947,24.080624,0.0],[120.54878,24.080306,0.0],[120.548398,24.08051,0.0],[120.548334,24.080419,0.0],[120.54861,24.080122,0.0],[120.548751,24.080079,0.0],[120.548585,24.079849,0.0],[120.548186,24.08024,0.0],[120.548021,24.080041,0.0],[120.547845,24.080113,0.0],[120.547582,24.079776,0.0],[120.547111,24.079556,0.0],[120.54706,24.079286,0.0],[120.547238,24.079184,0.0],[120.547712,24.079288,0.0],[120.547873,24.079602,0.0],[120.547749,24.07973,0.0],[120.548253,24.079987,0.0],[120.548306,24.079874,0.0],[120.548564,24.079789,0.0],[120.548463,24.079667,0.0]],[[120.549816,24.080821,0.0],[120.549899,24.080812,0.0],[120.549896,24.080783,0.0],[120.549816,24.080821,0.0]]],[[[120.553193,24.080859,0.0],[120.552357,24.081557,0.0],[120.55207,24.081882,0.0],[120.552108,24.081959,0.0],[120.551975,24.082022,0.0],[120.551879,24.081934,0.0],[120.551773,24.082002,0.0],[120.551847,24.082064,0.0],[120.551634,24.082238,0.0],[120.551555,24.082282,0.0],[120.551499,24.082233,0.0],[120.551403,24.082319,0.0],[120.551176,24.082349,0.0],[120.550935,24.082224,0.0],[120.550707,24.082221,0.0],[120.55068,24.082108,0.0],[120.5505,24.082236,0.0],[120.550515,24.082339,0.0],[120.550275,24.082335,0.0],[120.550235,24.082263,0.0],[120.550165,24.082333,0.0],[120.549506,24.082306,0.0],[120.549393,24.082196,0.0],[120.549305,24.082239,0.0],[120.549002,24.081993,0.0],[120.549059,24.081808,0.0],[120.548947,24.081685,0.0],[120.549036,24.081616,0.0],[120.548899,24.081518,0.0],[120.549342,24.081139,0.0],[120.550444,24.081078,0.0],[120.55049,24.081175,0.0],[120.550746,24.081138,0.0],[120.550771,24.081212,0.0],[120.549752,24.081265,0.0],[120.549581,24.08158,0.0],[120.549801,24.081684,0.0],[120.55005,24.081692,0.0],[120.55034,24.081577,0.0],[120.550414,24.081616,0.0],[120.550482,24.081504,0.0],[120.550678,24.081433,0.0],[120.550784,24.081584,0.0],[120.551082,24.08165,0.0],[120.550875,24.081789,0.0],[120.551161,24.081787,0.0],[120.551269,24.082,0.0],[120.551474,24.081929,0.0],[120.551399,24.081785,0.0],[120.551668,24.081677,0.0],[120.551832,24.081483,0.0],[120.551786,24.081422,0.0],[120.552594,24.080862,0.0],[120.552643,24.08091,0.0],[120.55284,24.080692,0.0],[120.552692,24.08061,0.0],[120.552484,24.080315,0.0],[120.551768,24.079836,0.0],[120.551657,24.079565,0.0],[120.551836,24.079638,0.0],[120.551731,24.079679,0.0],[120.552033,24.080002,0.0],[120.552138,24.079975,0.0],[120.552373,24.080104,0.0],[120.553026,24.080225,0.0],[120.553034,24.079984,0.0],[120.55308,24.080244,0.0],[120.55355,24.080256,0.0],[120.553553,24.080066,0.0],[120.553632,24.08006,0.0],[120.553774,24.079846,0.0],[120.553918,24.079907,0.0],[120.554177,24.079801,0.0],[120.554471,24.079604,0.0],[120.554498,24.079491,0.0],[120.554808,24.079365,0.0],[120.555419,24.079303,0.0],[120.556035,24.078988,0.0],[120.556336,24.079051,0.0],[120.556929,24.078848,0.0],[120.557257,24.078895,0.0],[120.557507,24.078731,0.0],[120.558138,24.078671,0.0],[120.558247,24.0785,0.0],[120.558429,24.078575,0.0],[120.558271,24.079349,0.0],[120.558096,24.079317,0.0],[120.557901,24.079445,0.0],[120.557618,24.079491,0.0],[120.557491,24.07944,0.0],[120.557441,24.079506,0.0],[120.556542,24.079599,0.0],[120.556215,24.07987,0.0],[120.55601,24.079831,0.0],[120.555876,24.079885,0.0],[120.555852,24.079828,0.0],[120.554633,24.080209,0.0],[120.554369,24.0803,0.0],[120.554035,24.080623,0.0],[120.553814,24.08066,0.0],[120.553791,24.080788,0.0],[120.553597,24.0809,0.0],[120.553233,24.080744,0.0],[120.553193,24.080859,0.0]]],[[[120.516727,24.152654,0.0],[120.516567,24.152992,0.0],[120.516661,24.152442,0.0],[120.516727,24.152654,0.0]]],[[[120.513121,24.169257,0.0],[120.512324,24.171782,0.0],[120.510286,24.172842,0.0],[120.511538,24.171387,0.0],[120.513931,24.163843,0.0],[120.514715,24.164205,0.0],[120.513524,24.16673,0.0],[120.513121,24.169257,0.0]]],[[[120.502425,24.181159,0.0],[120.50237,24.180616,0.0],[120.501838,24.180631,0.0],[120.501229,24.179736,0.0],[120.504943,24.178163,0.0],[120.505299,24.179995,0.0],[120.502425,24.181159,0.0]]],[[[120.653734,23.509399,0.0],[120.653784,23.50918,0.0],[120.653767,23.509355,0.0],[120.653734,23.509399,0.0]]],[[[120.653327,23.510374,0.0],[120.653676,23.509555,0.0],[120.653807,23.510202,0.0],[120.653151,23.510534,0.0],[120.653327,23.510374,0.0]]],[[[120.651536,23.511596,0.0],[120.651187,23.512009,0.0],[120.651792,23.511197,0.0],[120.652408,23.510914,0.0],[120.652422,23.51102,0.0],[120.651536,23.511596,0.0]]],[[[120.651089,23.51245,0.0],[120.650968,23.512542,0.0],[120.650952,23.512722,0.0],[120.651039,23.512815,0.0],[120.650869,23.513142,0.0],[120.65091,23.512531,0.0],[120.651116,23.512107,0.0],[120.651089,23.51245,0.0]]],[[[120.650916,23.513848,0.0],[120.65082,23.513757,0.0],[120.65083,23.513517,0.0],[120.650925,23.513639,0.0],[120.650916,23.513848,0.0]]],[[[120.651689,23.514632,0.0],[120.651626,23.514541,0.0],[120.651879,23.514767,0.0],[120.651882,23.514941,0.0],[120.651803,23.515219,0.0],[120.651459,23.515556,0.0],[120.651673,23.515012,0.0],[120.651689,23.514632,0.0]]],[[[120.649716,23.518477,0.0],[120.649927,23.518066,0.0],[120.65117,23.516843,0.0],[120.651207,23.516593,0.0],[120.65139,23.516889,0.0],[120.651269,23.517018,0.0],[120.651123,23.517051,0.0],[120.650752,23.517451,0.0],[120.650538,23.517509,0.0],[120.650134,23.51835,0.0],[120.649348,23.518994,0.0],[120.649191,23.51901,0.0],[120.64934,23.518946,0.0],[120.649716,23.518477,0.0]]],[[[120.648435,23.519237,0.0],[120.648972,23.519105,0.0],[120.64839,23.519422,0.0],[120.648282,23.519669,0.0],[120.648059,23.519705,0.0],[120.647727,23.520068,0.0],[120.647777,23.520255,0.0],[120.647522,23.52053,0.0],[120.647452,23.520974,0.0],[120.647276,23.521376,0.0],[120.646668,23.522189,0.0],[120.646308,23.521998,0.0],[120.646666,23.521858,0.0],[120.647043,23.521573,0.0],[120.647975,23.519453,0.0],[120.648435,23.519237,0.0]]],[[[120.64579,23.521985,0.0],[120.645675,23.522044,0.0],[120.645234,23.521939,0.0],[120.64579,23.521985,0.0]]],[[[120.642595,23.523858,0.0],[120.642505,23.523806,0.0],[120.642251,23.52411,0.0],[120.641995,23.524183,0.0],[120.641381,23.524039,0.0],[120.640768,23.524141,0.0],[120.640608,23.524273,0.0],[120.640238,23.524324,0.0],[120.639726,23.524917,0.0],[120.639474,23.525047,0.0],[120.639189,23.525336,0.0],[120.639054,23.525636,0.0],[120.638862,23.525677,0.0],[120.639041,23.525304,0.0],[120.639594,23.524589,0.0],[120.640167,23.52416,0.0],[120.640634,23.523971,0.0],[120.64149,23.523998,0.0],[120.64236,23.523808,0.0],[120.643413,23.523639,0.0],[120.643787,23.523547,0.0],[120.643993,23.5234,0.0],[120.643838,23.523524,0.0],[120.643842,23.523695,0.0],[120.643643,23.523958,0.0],[120.643483,23.52386,0.0],[120.642595,23.523858,0.0]]],[[[120.636981,23.527603,0.0],[120.637058,23.527572,0.0],[120.637329,23.527569,0.0],[120.637179,23.527652,0.0],[120.636981,23.527603,0.0]]],[[[120.634423,23.530356,0.0],[120.634169,23.53103,0.0],[120.633867,23.531362,0.0],[120.634171,23.53095,0.0],[120.63448,23.530194,0.0],[120.635013,23.529559,0.0],[120.635386,23.528945,0.0],[120.635331,23.529339,0.0],[120.635087,23.529512,0.0],[120.634423,23.530356,0.0]]],[[[120.631989,23.533932,0.0],[120.630899,23.534371,0.0],[120.631946,23.533884,0.0],[120.632803,23.533244,0.0],[120.633586,23.532209,0.0],[120.63334,23.533063,0.0],[120.633103,23.53334,0.0],[120.632624,23.533674,0.0],[120.632277,23.533791,0.0],[120.63218,23.533938,0.0],[120.631989,23.533932,0.0]]],[[[120.643052,23.564073,0.0],[120.642954,23.563953,0.0],[120.642399,23.564134,0.0],[120.6427,23.563946,0.0],[120.642882,23.563613,0.0],[120.642946,23.562715,0.0],[120.643143,23.562713,0.0],[120.645176,23.561507,0.0],[120.647409,23.561864,0.0],[120.647086,23.562058,0.0],[120.646997,23.562095,0.0],[120.646735,23.562257,0.0],[120.646686,23.562726,0.0],[120.647015,23.562835,0.0],[120.64758,23.562702,0.0],[120.64768,23.562733,0.0],[120.647788,23.5631,0.0],[120.648117,23.563562,0.0],[120.64839,23.563682,0.0],[120.648358,23.563767,0.0],[120.647715,23.563324,0.0],[120.647588,23.563083,0.0],[120.647486,23.563037,0.0],[120.646786,23.563065,0.0],[120.646465,23.563211,0.0],[120.646007,23.563253,0.0],[120.645693,23.563113,0.0],[120.64634,23.563135,0.0],[120.646485,23.562648,0.0],[120.646208,23.562785,0.0],[120.645781,23.562793,0.0],[120.64568,23.562608,0.0],[120.645504,23.562567,0.0],[120.64533,23.562646,0.0],[120.645272,23.562788,0.0],[120.645395,23.563121,0.0],[120.645645,23.563363,0.0],[120.646398,23.563568,0.0],[120.646929,23.563532,0.0],[120.647188,23.564541,0.0],[120.647097,23.564676,0.0],[120.646699,23.564685,0.0],[120.64688,23.564375,0.0],[120.646806,23.564069,0.0],[120.646669,23.563895,0.0],[120.646311,23.563863,0.0],[120.645915,23.563947,0.0],[120.645734,23.563608,0.0],[120.644972,23.563474,0.0],[120.644787,23.563328,0.0],[120.644569,23.562888,0.0],[120.644444,23.562835,0.0],[120.644376,23.562953,0.0],[120.644588,23.563568,0.0],[120.645067,23.56386,0.0],[120.645413,23.564456,0.0],[120.645741,23.564603,0.0],[120.645725,23.564964,0.0],[120.645805,23.565186,0.0],[120.646946,23.56557,0.0],[120.646855,23.565661,0.0],[120.646437,23.565792,0.0],[120.646196,23.566085,0.0],[120.646615,23.566706,0.0],[120.646987,23.566799,0.0],[120.647203,23.566958,0.0],[120.647415,23.567471,0.0],[120.647345,23.567581,0.0],[120.647269,23.567277,0.0],[120.647118,23.567086,0.0],[120.646947,23.567024,0.0],[120.646335,23.567035,0.0],[120.646036,23.566624,0.0],[120.645531,23.566906,0.0],[120.645352,23.566905,0.0],[120.645211,23.566572,0.0],[120.64467,23.566141,0.0],[120.644276,23.565663,0.0],[120.64446,23.564988,0.0],[120.644727,23.564832,0.0],[120.644686,23.564746,0.0],[120.644767,23.564766,0.0],[120.644815,23.56451,0.0],[120.644529,23.56454,0.0],[120.644365,23.564457,0.0],[120.643269,23.564965,0.0],[120.642163,23.564506,0.0],[120.642192,23.564434,0.0],[120.642895,23.564201,0.0],[120.643052,23.564073,0.0]],[[120.646941,23.562067,0.0],[120.646997,23.562095,0.0],[120.6471,23.562002,0.0],[120.646898,23.561917,0.0],[120.64682,23.561966,0.0],[120.646941,23.562067,0.0]],[[120.646328,23.566947,0.0],[120.646409,23.566884,0.0],[120.646361,23.566822,0.0],[120.646281,23.566892,0.0],[120.646328,23.566947,0.0]],[[120.645276,23.566333,0.0],[120.645439,23.566559,0.0],[120.645405,23.566688,0.0],[120.64548,23.566827,0.0],[120.645712,23.566617,0.0],[120.645581,23.566329,0.0],[120.645276,23.566333,0.0]]],[[[120.635128,23.615542,0.0],[120.635093,23.615537,0.0],[120.635104,23.615531,0.0],[120.635128,23.615542,0.0]]],[[[120.635936,23.618124,0.0],[120.635954,23.618432,0.0],[120.635429,23.619663,0.0],[120.635432,23.619416,0.0],[120.635856,23.618555,0.0],[120.635936,23.618124,0.0]]],[[[120.636078,23.621299,0.0],[120.636133,23.621397,0.0],[120.635845,23.621449,0.0],[120.635022,23.621285,0.0],[120.635314,23.620967,0.0],[120.635755,23.62095,0.0],[120.635883,23.620735,0.0],[120.636138,23.621083,0.0],[120.636078,23.621299,0.0]]],[[[120.63465,23.621624,0.0],[120.634923,23.622884,0.0],[120.634417,23.623273,0.0],[120.633737,23.623409,0.0],[120.633424,23.623802,0.0],[120.633592,23.623304,0.0],[120.634232,23.622384,0.0],[120.63465,23.621624,0.0]]],[[[120.633202,23.624462,0.0],[120.633261,23.624734,0.0],[120.633054,23.625312,0.0],[120.632948,23.625387,0.0],[120.633202,23.624462,0.0]]],[[[120.630793,23.628108,0.0],[120.632126,23.627422,0.0],[120.631277,23.628093,0.0],[120.630793,23.628108,0.0]]],[[[120.635034,23.6446,0.0],[120.635167,23.643982,0.0],[120.635081,23.643515,0.0],[120.634794,23.642798,0.0],[120.634271,23.642084,0.0],[120.634445,23.642075,0.0],[120.634885,23.642458,0.0],[120.635138,23.643041,0.0],[120.635161,23.643164,0.0],[120.635052,23.643342,0.0],[120.63525,23.643885,0.0],[120.635143,23.64455,0.0],[120.635034,23.6446,0.0]]],[[[120.649137,23.663184,0.0],[120.649053,23.66353,0.0],[120.648997,23.664507,0.0],[120.64835,23.665035,0.0],[120.648238,23.664973,0.0],[120.64748,23.665624,0.0],[120.647123,23.665753,0.0],[120.646832,23.666296,0.0],[120.646598,23.666485,0.0],[120.646422,23.667177,0.0],[120.646735,23.667562,0.0],[120.644417,23.668209,0.0],[120.644331,23.667778,0.0],[120.644085,23.667341,0.0],[120.643668,23.666964,0.0],[120.643004,23.666447,0.0],[120.642603,23.666254,0.0],[120.641286,23.665825,0.0],[120.641009,23.665492,0.0],[120.640769,23.665038,0.0],[120.640473,23.663629,0.0],[120.640374,23.662773,0.0],[120.639754,23.661462,0.0],[120.639497,23.661105,0.0],[120.639306,23.660646,0.0],[120.63922,23.660183,0.0],[120.639019,23.659882,0.0],[120.638641,23.659606,0.0],[120.63823,23.659165,0.0],[120.637882,23.658437,0.0],[120.637674,23.657673,0.0],[120.636628,23.656143,0.0],[120.63676,23.65515,0.0],[120.635687,23.653077,0.0],[120.63515,23.652392,0.0],[120.634909,23.651854,0.0],[120.63513,23.651021,0.0],[120.635161,23.650372,0.0],[120.635485,23.650387,0.0],[120.636185,23.650819,0.0],[120.636896,23.650951,0.0],[120.637058,23.651193,0.0],[120.63761,23.651184,0.0],[120.63767,23.651459,0.0],[120.637793,23.651542,0.0],[120.637991,23.651517,0.0],[120.638573,23.651644,0.0],[120.638951,23.651888,0.0],[120.639107,23.652111,0.0],[120.639183,23.652083,0.0],[120.639204,23.65221,0.0],[120.639403,23.652171,0.0],[120.639543,23.652241,0.0],[120.639948,23.651987,0.0],[120.640715,23.652433,0.0],[120.641243,23.65239,0.0],[120.641836,23.652542,0.0],[120.642045,23.652648,0.0],[120.642368,23.653083,0.0],[120.642695,23.653347,0.0],[120.642883,23.653209,0.0],[120.643316,23.653268,0.0],[120.643563,23.653524,0.0],[120.643442,23.653862,0.0],[120.644038,23.653857,0.0],[120.644182,23.653977,0.0],[120.645146,23.654065,0.0],[120.645373,23.653991,0.0],[120.646957,23.654665,0.0],[120.646685,23.655438,0.0],[120.64633,23.655615,0.0],[120.646184,23.655948,0.0],[120.646193,23.656168,0.0],[120.645023,23.657003,0.0],[120.643401,23.657892,0.0],[120.642495,23.657964,0.0],[120.642217,23.658075,0.0],[120.641978,23.658004,0.0],[120.641207,23.658128,0.0],[120.64063,23.658474,0.0],[120.639782,23.658371,0.0],[120.639476,23.658266,0.0],[120.639722,23.658452,0.0],[120.640661,23.658588,0.0],[120.641083,23.658353,0.0],[120.641918,23.658174,0.0],[120.642003,23.658247,0.0],[120.64171,23.65863,0.0],[120.641537,23.659047,0.0],[120.640848,23.659393,0.0],[120.640785,23.659739,0.0],[120.641,23.659438,0.0],[120.641611,23.659147,0.0],[120.641839,23.658683,0.0],[120.642199,23.658267,0.0],[120.643076,23.65819,0.0],[120.642392,23.659301,0.0],[120.642201,23.659807,0.0],[120.642248,23.659828,0.0],[120.642405,23.659369,0.0],[120.643002,23.658435,0.0],[120.64327,23.658182,0.0],[120.64448,23.657771,0.0],[120.64514,23.657409,0.0],[120.646115,23.656786,0.0],[120.646703,23.656238,0.0],[120.647277,23.654866,0.0],[120.647514,23.654635,0.0],[120.648452,23.654489,0.0],[120.649026,23.654503,0.0],[120.648887,23.655355,0.0],[120.649019,23.655827,0.0],[120.649359,23.656431,0.0],[120.649701,23.656829,0.0],[120.649659,23.657485,0.0],[120.649559,23.657584,0.0],[120.648147,23.656928,0.0],[120.647892,23.656708,0.0],[120.648011,23.657001,0.0],[120.648609,23.657348,0.0],[120.648673,23.65745,0.0],[120.647614,23.657492,0.0],[120.647596,23.657666,0.0],[120.648573,23.657604,0.0],[120.648825,23.657485,0.0],[120.649287,23.657668,0.0],[120.648512,23.657976,0.0],[120.647558,23.658639,0.0],[120.647578,23.658775,0.0],[120.647958,23.65848,0.0],[120.648674,23.658156,0.0],[120.649777,23.657827,0.0],[120.649921,23.658047,0.0],[120.650161,23.658853,0.0],[120.648746,23.659206,0.0],[120.64862,23.659162,0.0],[120.648519,23.659247,0.0],[120.648449,23.659174,0.0],[120.648259,23.65944,0.0],[120.64808,23.659505,0.0],[120.647919,23.659777,0.0],[120.647775,23.659852,0.0],[120.647251,23.659852,0.0],[120.646936,23.659973,0.0],[120.646959,23.660025,0.0],[120.647381,23.659918,0.0],[120.647797,23.659988,0.0],[120.648276,23.659532,0.0],[120.649621,23.65924,0.0],[120.649917,23.659118,0.0],[120.650351,23.65911,0.0],[120.650672,23.659289,0.0],[120.650808,23.659922,0.0],[120.651471,23.660513,0.0],[120.651734,23.660863,0.0],[120.652033,23.661577,0.0],[120.651926,23.661928,0.0],[120.650546,23.6624,0.0],[120.649862,23.662366,0.0],[120.649017,23.662494,0.0],[120.648213,23.662264,0.0],[120.64728,23.662211,0.0],[120.646591,23.662582,0.0],[120.645863,23.662659,0.0],[120.64447,23.66251,0.0],[120.643881,23.662716,0.0],[120.643561,23.662958,0.0],[120.642694,23.662992,0.0],[120.642318,23.662661,0.0],[120.64227,23.662703,0.0],[120.642579,23.663119,0.0],[120.643214,23.66338,0.0],[120.643409,23.663283,0.0],[120.643419,23.663378,0.0],[120.642795,23.664207,0.0],[120.6423,23.664438,0.0],[120.642322,23.66448,0.0],[120.642758,23.664339,0.0],[120.643561,23.663425,0.0],[120.643639,23.66322,0.0],[120.644016,23.662973,0.0],[120.644551,23.662863,0.0],[120.645412,23.66297,0.0],[120.646942,23.662949,0.0],[120.647667,23.662738,0.0],[120.649325,23.663018,0.0],[120.649137,23.663184,0.0]],[[120.635852,23.652932,0.0],[120.635852,23.652915,0.0],[120.635834,23.652932,0.0],[120.635852,23.652932,0.0]]],[[[120.64674,23.672523,0.0],[120.646745,23.672522,0.0],[120.646748,23.672526,0.0],[120.64674,23.672523,0.0]]],[[[120.64633,23.675719,0.0],[120.646527,23.675885,0.0],[120.646434,23.67595,0.0],[120.64633,23.675719,0.0]]],[[[120.647519,23.679855,0.0],[120.647127,23.67927,0.0],[120.647199,23.679252,0.0],[120.6476,23.679764,0.0],[120.647519,23.679855,0.0]]],[[[120.6466,23.685616,0.0],[120.646365,23.685318,0.0],[120.646352,23.685104,0.0],[120.646628,23.6854,0.0],[120.6466,23.685616,0.0]]],[[[120.646428,23.692951,0.0],[120.646526,23.693262,0.0],[120.646407,23.693394,0.0],[120.646213,23.693413,0.0],[120.646428,23.692951,0.0]]],[[[120.645564,23.695821,0.0],[120.64559,23.695993,0.0],[120.645494,23.696063,0.0],[120.645564,23.695821,0.0]]],[[[120.643574,23.699674,0.0],[120.643778,23.699273,0.0],[120.643706,23.69964,0.0],[120.643605,23.699783,0.0],[120.643574,23.699674,0.0]]],[[[120.645161,23.70202,0.0],[120.644466,23.701338,0.0],[120.644611,23.701379,0.0],[120.645064,23.7018,0.0],[120.645161,23.70202,0.0]]],[[[120.644563,23.704124,0.0],[120.645033,23.703817,0.0],[120.645037,23.70403,0.0],[120.644896,23.704153,0.0],[120.644563,23.704124,0.0]]],[[[120.643104,23.705219,0.0],[120.64317,23.705167,0.0],[120.643075,23.705315,0.0],[120.643011,23.705294,0.0],[120.643104,23.705219,0.0]]],[[[120.643001,23.705302,0.0],[120.643005,23.705322,0.0],[120.642876,23.705403,0.0],[120.643001,23.705302,0.0]]],[[[120.640923,23.70645,0.0],[120.64093,23.70653,0.0],[120.640861,23.706573,0.0],[120.640923,23.70645,0.0]]],[[[120.639988,23.708651,0.0],[120.640291,23.708242,0.0],[120.64034,23.708093,0.0],[120.640398,23.708183,0.0],[120.639988,23.708651,0.0]]],[[[120.64052,23.71407,0.0],[120.640632,23.714224,0.0],[120.640624,23.714351,0.0],[120.640449,23.71432,0.0],[120.640296,23.714378,0.0],[120.64007,23.714221,0.0],[120.640685,23.713893,0.0],[120.64052,23.71407,0.0]]],[[[120.640086,23.715497,0.0],[120.639842,23.71502,0.0],[120.640409,23.715546,0.0],[120.640214,23.715774,0.0],[120.640086,23.715497,0.0]]],[[[120.640321,23.716892,0.0],[120.640356,23.71705,0.0],[120.64033,23.717076,0.0],[120.640321,23.716892,0.0]]],[[[120.640339,23.717281,0.0],[120.640338,23.717247,0.0],[120.640461,23.717417,0.0],[120.640471,23.7177,0.0],[120.640339,23.717281,0.0]]],[[[120.640494,23.717776,0.0],[120.640485,23.717745,0.0],[120.640518,23.717779,0.0],[120.640494,23.717776,0.0]]],[[[120.640704,23.718418,0.0],[120.64067,23.718245,0.0],[120.640729,23.718376,0.0],[120.640704,23.718418,0.0]]],[[[120.641,23.720421,0.0],[120.641059,23.720486,0.0],[120.641025,23.720543,0.0],[120.641,23.720421,0.0]]],[[[120.64139,23.72274,0.0],[120.641184,23.72187,0.0],[120.641355,23.722196,0.0],[120.641588,23.722437,0.0],[120.641344,23.723035,0.0],[120.641219,23.723089,0.0],[120.64139,23.72274,0.0]]],[[[120.640997,23.723533,0.0],[120.64107,23.723389,0.0],[120.641023,23.723656,0.0],[120.640968,23.72374,0.0],[120.640997,23.723533,0.0]]],[[[120.64045,23.725069,0.0],[120.640905,23.724902,0.0],[120.640893,23.725072,0.0],[120.640748,23.725126,0.0],[120.64045,23.725069,0.0]]],[[[120.639625,23.726027,0.0],[120.639951,23.725528,0.0],[120.639941,23.725899,0.0],[120.639752,23.726121,0.0],[120.639625,23.726027,0.0]]],[[[120.639252,23.727378,0.0],[120.639286,23.727421,0.0],[120.639237,23.727421,0.0],[120.639252,23.727378,0.0]]],[[[120.639669,23.729131,0.0],[120.639653,23.729099,0.0],[120.639666,23.729099,0.0],[120.639726,23.729276,0.0],[120.639669,23.729131,0.0]]],[[[120.639886,23.729719,0.0],[120.640018,23.730041,0.0],[120.639951,23.729933,0.0],[120.639731,23.729289,0.0],[120.63989,23.729499,0.0],[120.639886,23.729719,0.0]]],[[[120.641229,23.73053,0.0],[120.64084,23.730563,0.0],[120.640898,23.730481,0.0],[120.641661,23.730519,0.0],[120.641956,23.730721,0.0],[120.64203,23.730931,0.0],[120.641642,23.730639,0.0],[120.641229,23.73053,0.0]]],[[[120.64481,23.76789,0.0],[120.644459,23.767817,0.0],[120.644402,23.768065,0.0],[120.644595,23.768602,0.0],[120.644051,23.769857,0.0],[120.643522,23.770504,0.0],[120.642915,23.771431,0.0],[120.642479,23.77192,0.0],[120.642082,23.772124,0.0],[120.641743,23.772175,0.0],[120.64141,23.772365,0.0],[120.641277,23.772301,0.0],[120.641153,23.772341,0.0],[120.641286,23.771421,0.0],[120.641174,23.770665,0.0],[120.641414,23.770737,0.0],[120.641425,23.770542,0.0],[120.641688,23.770094,0.0],[120.642066,23.769977,0.0],[120.642109,23.769668,0.0],[120.642058,23.769663,0.0],[120.642188,23.769399,0.0],[120.64212,23.76913,0.0],[120.641967,23.768841,0.0],[120.641701,23.768746,0.0],[120.641305,23.768984,0.0],[120.640931,23.768974,0.0],[120.641003,23.768793,0.0],[120.640793,23.768546,0.0],[120.640845,23.768405,0.0],[120.640689,23.76833,0.0],[120.640548,23.768352,0.0],[120.640496,23.768524,0.0],[120.640211,23.768373,0.0],[120.640353,23.767908,0.0],[120.640308,23.767735,0.0],[120.640056,23.767625,0.0],[120.63995,23.767475,0.0],[120.639458,23.767614,0.0],[120.639341,23.767479,0.0],[120.639491,23.76706,0.0],[120.63937,23.767146,0.0],[120.639219,23.766966,0.0],[120.639287,23.766862,0.0],[120.639544,23.766745,0.0],[120.639087,23.766372,0.0],[120.638743,23.766212,0.0],[120.639025,23.766138,0.0],[120.639979,23.766387,0.0],[120.64002,23.766486,0.0],[120.640642,23.766714,0.0],[120.640695,23.766793,0.0],[120.640839,23.766797,0.0],[120.641066,23.767004,0.0],[120.641288,23.767046,0.0],[120.641303,23.767146,0.0],[120.641443,23.767208,0.0],[120.641639,23.767103,0.0],[120.641574,23.766925,0.0],[120.641421,23.766894,0.0],[120.641157,23.766684,0.0],[120.640986,23.766718,0.0],[120.640682,23.766481,0.0],[120.640857,23.766248,0.0],[120.640767,23.765979,0.0],[120.640552,23.766116,0.0],[120.64034,23.766041,0.0],[120.640308,23.765845,0.0],[120.639999,23.765649,0.0],[120.639807,23.765665,0.0],[120.639663,23.765524,0.0],[120.63947,23.765091,0.0],[120.639007,23.764747,0.0],[120.63923,23.764215,0.0],[120.639655,23.764206,0.0],[120.639664,23.764018,0.0],[120.639433,23.763763,0.0],[120.63926,23.763723,0.0],[120.639408,23.76338,0.0],[120.639568,23.763429,0.0],[120.639681,23.763559,0.0],[120.639761,23.763818,0.0],[120.640543,23.763789,0.0],[120.640676,23.763846,0.0],[120.64114,23.763658,0.0],[120.641563,23.763247,0.0],[120.641607,23.762467,0.0],[120.642023,23.762466,0.0],[120.642223,23.762277,0.0],[120.642215,23.762041,0.0],[120.64188,23.761918,0.0],[120.641925,23.761715,0.0],[120.641739,23.761537,0.0],[120.641766,23.761128,0.0],[120.641881,23.761011,0.0],[120.641979,23.760625,0.0],[120.641941,23.76025,0.0],[120.641365,23.760378,0.0],[120.641444,23.760225,0.0],[120.641397,23.759677,0.0],[120.641487,23.759548,0.0],[120.641591,23.759555,0.0],[120.641678,23.759458,0.0],[120.641623,23.759415,0.0],[120.641773,23.759282,0.0],[120.641699,23.759225,0.0],[120.641925,23.759097,0.0],[120.642071,23.759155,0.0],[120.642306,23.759068,0.0],[120.642376,23.75896,0.0],[120.642448,23.759058,0.0],[120.642591,23.759053,0.0],[120.64292,23.759311,0.0],[120.643023,23.759492,0.0],[120.643069,23.759917,0.0],[120.643454,23.760058,0.0],[120.64369,23.759809,0.0],[120.643448,23.759553,0.0],[120.643357,23.759242,0.0],[120.643426,23.758761,0.0],[120.643624,23.758811,0.0],[120.64384,23.759014,0.0],[120.644108,23.759059,0.0],[120.644169,23.758924,0.0],[120.644035,23.75869,0.0],[120.64359,23.758502,0.0],[120.643412,23.758338,0.0],[120.642861,23.757591,0.0],[120.642735,23.757222,0.0],[120.642818,23.757262,0.0],[120.642795,23.757338,0.0],[120.64304,23.757331,0.0],[120.643048,23.757422,0.0],[120.643211,23.757471,0.0],[120.643411,23.757393,0.0],[120.643351,23.757043,0.0],[120.642868,23.756732,0.0],[120.643524,23.756449,0.0],[120.643341,23.756285,0.0],[120.642891,23.756491,0.0],[120.642755,23.756377,0.0],[120.642454,23.755919,0.0],[120.642593,23.755401,0.0],[120.642305,23.755254,0.0],[120.642245,23.755152,0.0],[120.642059,23.755066,0.0],[120.641192,23.755172,0.0],[120.641028,23.755602,0.0],[120.64068,23.755671,0.0],[120.640418,23.755575,0.0],[120.640278,23.755703,0.0],[120.639849,23.755867,0.0],[120.639507,23.755696,0.0],[120.639291,23.755673,0.0],[120.639252,23.755536,0.0],[120.639033,23.755368,0.0],[120.639067,23.754682,0.0],[120.63957,23.754431,0.0],[120.640073,23.754546,0.0],[120.640187,23.754511,0.0],[120.640285,23.754298,0.0],[120.640353,23.754289,0.0],[120.640411,23.754016,0.0],[120.640568,23.753966,0.0],[120.640884,23.75352,0.0],[120.640645,23.753153,0.0],[120.640769,23.752891,0.0],[120.640761,23.752666,0.0],[120.639773,23.752505,0.0],[120.639502,23.752225,0.0],[120.639286,23.75234,0.0],[120.639182,23.752243,0.0],[120.639041,23.751816,0.0],[120.639593,23.751385,0.0],[120.639426,23.750869,0.0],[120.639605,23.750829,0.0],[120.640765,23.751038,0.0],[120.641848,23.752139,0.0],[120.641946,23.752275,0.0],[120.641962,23.752522,0.0],[120.642156,23.752789,0.0],[120.642326,23.752557,0.0],[120.641734,23.751692,0.0],[120.641332,23.751254,0.0],[120.641276,23.750612,0.0],[120.640799,23.750347,0.0],[120.640482,23.750018,0.0],[120.640121,23.74979,0.0],[120.640014,23.749456,0.0],[120.639565,23.749006,0.0],[120.639487,23.74852,0.0],[120.63975,23.748103,0.0],[120.640631,23.74764,0.0],[120.640767,23.747697,0.0],[120.640707,23.747856,0.0],[120.640969,23.748042,0.0],[120.640995,23.748003,0.0],[120.640959,23.747808,0.0],[120.640349,23.747153,0.0],[120.640085,23.746295,0.0],[120.640157,23.746126,0.0],[120.640676,23.745781,0.0],[120.64094,23.745699,0.0],[120.6413,23.745725,0.0],[120.641555,23.745468,0.0],[120.64172,23.745035,0.0],[120.641531,23.744998,0.0],[120.642056,23.744469,0.0],[120.642326,23.743619,0.0],[120.643084,23.743047,0.0],[120.643319,23.742745,0.0],[120.643529,23.74198,0.0],[120.644153,23.741442,0.0],[120.644439,23.739648,0.0],[120.644384,23.739237,0.0],[120.644746,23.738421,0.0],[120.644392,23.737253,0.0],[120.643939,23.736577,0.0],[120.64386,23.736173,0.0],[120.643892,23.73604,0.0],[120.644002,23.736,0.0],[120.643925,23.735908,0.0],[120.643977,23.735365,0.0],[120.643687,23.734534,0.0],[120.643359,23.734182,0.0],[120.643323,23.733846,0.0],[120.643404,23.733297,0.0],[120.643283,23.733222,0.0],[120.643146,23.732899,0.0],[120.643212,23.732641,0.0],[120.64291,23.732271,0.0],[120.642863,23.732097,0.0],[120.64271,23.732008,0.0],[120.642515,23.731528,0.0],[120.642156,23.731068,0.0],[120.644035,23.730974,0.0],[120.646829,23.730394,0.0],[120.650204,23.730986,0.0],[120.650054,23.731756,0.0],[120.651424,23.732971,0.0],[120.653034,23.73519,0.0],[120.653057,23.735272,0.0],[120.652833,23.735255,0.0],[120.652585,23.735352,0.0],[120.652432,23.735175,0.0],[120.65149,23.735324,0.0],[120.651132,23.734969,0.0],[120.651085,23.735009,0.0],[120.651478,23.735393,0.0],[120.652312,23.735239,0.0],[120.65256,23.735425,0.0],[120.652852,23.735317,0.0],[120.652761,23.735403,0.0],[120.652604,23.736233,0.0],[120.652571,23.737405,0.0],[120.652378,23.738867,0.0],[120.652493,23.740166,0.0],[120.652261,23.740522,0.0],[120.65223,23.740731,0.0],[120.65236,23.741147,0.0],[120.652203,23.741419,0.0],[120.652075,23.742029,0.0],[120.651903,23.742279,0.0],[120.652077,23.742834,0.0],[120.652107,23.743217,0.0],[120.652445,23.744196,0.0],[120.652602,23.746058,0.0],[120.652392,23.746468,0.0],[120.652053,23.747835,0.0],[120.651481,23.748061,0.0],[120.651352,23.748266,0.0],[120.651591,23.748447,0.0],[120.651479,23.748637,0.0],[120.651513,23.748738,0.0],[120.651409,23.748723,0.0],[120.651218,23.748922,0.0],[120.650644,23.749667,0.0],[120.650069,23.750739,0.0],[120.649368,23.750355,0.0],[120.648674,23.749647,0.0],[120.647594,23.749287,0.0],[120.647116,23.748522,0.0],[120.646759,23.748795,0.0],[120.646795,23.749027,0.0],[120.646395,23.749493,0.0],[120.646361,23.74958,0.0],[120.647205,23.749567,0.0],[120.647343,23.749681,0.0],[120.647394,23.750096,0.0],[120.647221,23.750406,0.0],[120.647209,23.750751,0.0],[120.647788,23.750994,0.0],[120.647914,23.751363,0.0],[120.648092,23.751417,0.0],[120.648664,23.752297,0.0],[120.648736,23.754038,0.0],[120.648397,23.754504,0.0],[120.64837,23.754802,0.0],[120.647912,23.754913,0.0],[120.647831,23.755059,0.0],[120.648322,23.755309,0.0],[120.649192,23.756013,0.0],[120.649351,23.755988,0.0],[120.649421,23.756451,0.0],[120.649381,23.757,0.0],[120.649223,23.757379,0.0],[120.649105,23.75733,0.0],[120.648998,23.758402,0.0],[120.648717,23.758908,0.0],[120.648797,23.759068,0.0],[120.648698,23.759341,0.0],[120.648327,23.759863,0.0],[120.647836,23.760115,0.0],[120.647336,23.761321,0.0],[120.646993,23.762484,0.0],[120.646902,23.763173,0.0],[120.646378,23.764112,0.0],[120.646542,23.764205,0.0],[120.64637,23.764754,0.0],[120.646351,23.765089,0.0],[120.645505,23.765848,0.0],[120.64481,23.76789,0.0]],[[120.646894,23.746399,0.0],[120.646877,23.746528,0.0],[120.64682,23.746566,0.0],[120.64673,23.74647,0.0],[120.646691,23.74655,0.0],[120.646998,23.747036,0.0],[120.647154,23.74694,0.0],[120.647382,23.747178,0.0],[120.6473,23.747287,0.0],[120.647439,23.747652,0.0],[120.647402,23.747833,0.0],[120.647521,23.747852,0.0],[120.64767,23.748226,0.0],[120.64819,23.748508,0.0],[120.648361,23.748281,0.0],[120.648569,23.748196,0.0],[120.648468,23.748104,0.0],[120.649265,23.747859,0.0],[120.649063,23.747151,0.0],[120.649588,23.746948,0.0],[120.64928,23.746324,0.0],[120.648889,23.74648,0.0],[120.648889,23.746581,0.0],[120.648666,23.746491,0.0],[120.648617,23.746104,0.0],[120.648904,23.745425,0.0],[120.6489,23.744806,0.0],[120.649077,23.744569,0.0],[120.649071,23.744341,0.0],[120.64917,23.744084,0.0],[120.649056,23.743833,0.0],[120.649169,23.743456,0.0],[120.649047,23.743284,0.0],[120.649254,23.743324,0.0],[120.649116,23.742937,0.0],[120.649161,23.742726,0.0],[120.649099,23.742727,0.0],[120.649441,23.742122,0.0],[120.649619,23.741322,0.0],[120.649754,23.741515,0.0],[120.649936,23.741509,0.0],[120.649951,23.741625,0.0],[120.65022,23.741741,0.0],[120.650197,23.741388,0.0],[120.649985,23.741238,0.0],[120.65014,23.741051,0.0],[120.650251,23.741134,0.0],[120.650322,23.740878,0.0],[120.649965,23.74059,0.0],[120.650092,23.740437,0.0],[120.649804,23.740196,0.0],[120.649576,23.740183,0.0],[120.64904,23.740733,0.0],[120.648753,23.740928,0.0],[120.648553,23.741246,0.0],[120.648614,23.74135,0.0],[120.648448,23.741574,0.0],[120.648511,23.741603,0.0],[120.648104,23.742062,0.0],[120.647934,23.742011,0.0],[120.647791,23.741323,0.0],[120.64697,23.741462,0.0],[120.645752,23.743047,0.0],[120.646096,23.743438,0.0],[120.646134,23.743902,0.0],[120.646744,23.744168,0.0],[120.646675,23.74426,0.0],[120.646847,23.744379,0.0],[120.64677,23.744599,0.0],[120.646942,23.744826,0.0],[120.646811,23.745012,0.0],[120.646964,23.745259,0.0],[120.647065,23.745205,0.0],[120.647154,23.745473,0.0],[120.647128,23.745595,0.0],[120.646883,23.745795,0.0],[120.64695,23.746098,0.0],[120.647123,23.746184,0.0],[120.646894,23.746399,0.0]],[[120.647857,23.758506,0.0],[120.647905,23.758336,0.0],[120.646339,23.757332,0.0],[120.645984,23.757894,0.0],[120.646157,23.758137,0.0],[120.647064,23.758306,0.0],[120.647368,23.758621,0.0],[120.647885,23.758759,0.0],[120.647944,23.758634,0.0],[120.647857,23.758506,0.0]],[[120.645831,23.754255,0.0],[120.645782,23.754107,0.0],[120.645989,23.754129,0.0],[120.645913,23.753712,0.0],[120.645325,23.753098,0.0],[120.644704,23.753121,0.0],[120.644699,23.753557,0.0],[120.64481,23.753583,0.0],[120.644837,23.753711,0.0],[120.64496,23.75374,0.0],[120.645057,23.754147,0.0],[120.645296,23.75408,0.0],[120.645337,23.754642,0.0],[120.645432,23.754713,0.0],[120.645495,23.754622,0.0],[120.645581,23.754214,0.0],[120.645831,23.754255,0.0]],[[120.646103,23.7521,0.0],[120.646069,23.752224,0.0],[120.645974,23.75223,0.0],[120.645858,23.752926,0.0],[120.645703,23.753016,0.0],[120.645773,23.753061,0.0],[120.646025,23.752813,0.0],[120.646011,23.752697,0.0],[120.646133,23.752621,0.0],[120.646135,23.752295,0.0],[120.646262,23.752335,0.0],[120.646556,23.752602,0.0],[120.647072,23.75357,0.0],[120.64748,23.753338,0.0],[120.64742,23.753195,0.0],[120.647506,23.753113,0.0],[120.647509,23.752619,0.0],[120.647223,23.752188,0.0],[120.646693,23.752418,0.0],[120.646188,23.752219,0.0],[120.646103,23.7521,0.0]],[[120.643482,23.752814,0.0],[120.643348,23.752785,0.0],[120.643351,23.752679,0.0],[120.643257,23.752854,0.0],[120.643246,23.75334,0.0],[120.643344,23.753912,0.0],[120.644226,23.754057,0.0],[120.644236,23.753492,0.0],[120.643876,23.753428,0.0],[120.643467,23.753179,0.0],[120.643482,23.752814,0.0]],[[120.643418,23.752687,0.0],[120.643697,23.752581,0.0],[120.643859,23.752756,0.0],[120.644055,23.752538,0.0],[120.644367,23.751857,0.0],[120.643891,23.75193,0.0],[120.643517,23.752568,0.0],[120.643378,23.752639,0.0],[120.643418,23.752687,0.0]],[[120.646696,23.755023,0.0],[120.646605,23.755009,0.0],[120.646267,23.755265,0.0],[120.645924,23.755109,0.0],[120.645812,23.755162,0.0],[120.645828,23.755357,0.0],[120.646713,23.755662,0.0],[120.64683,23.75521,0.0],[120.646696,23.755023,0.0]],[[120.644425,23.760947,0.0],[120.644605,23.76121,0.0],[120.645015,23.761481,0.0],[120.645026,23.761242,0.0],[120.644848,23.761187,0.0],[120.644783,23.760879,0.0],[120.644426,23.760792,0.0],[120.644213,23.760529,0.0],[120.644032,23.760506,0.0],[120.643874,23.760654,0.0],[120.643981,23.760873,0.0],[120.644269,23.760867,0.0],[120.644425,23.760947,0.0]],[[120.642427,23.749967,0.0],[120.642512,23.750191,0.0],[120.64263,23.750156,0.0],[120.642665,23.749921,0.0],[120.642437,23.749882,0.0],[120.641965,23.749987,0.0],[120.641545,23.749976,0.0],[120.641222,23.74982,0.0],[120.641391,23.749696,0.0],[120.641147,23.749624,0.0],[120.640938,23.749695,0.0],[120.641276,23.750197,0.0],[120.641777,23.750201,0.0],[120.641746,23.75009,0.0],[120.642108,23.750007,0.0],[120.642381,23.750104,0.0],[120.642427,23.749967,0.0]],[[120.639994,23.748633,0.0],[120.639878,23.748766,0.0],[120.63998,23.749281,0.0],[120.640209,23.749292,0.0],[120.640589,23.749621,0.0],[120.640515,23.749284,0.0],[120.640333,23.749009,0.0],[120.640382,23.748973,0.0],[120.639994,23.748633,0.0]],[[120.645789,23.75164,0.0],[120.645815,23.751799,0.0],[120.645685,23.752127,0.0],[120.645785,23.752124,0.0],[120.645901,23.751845,0.0],[120.646233,23.751982,0.0],[120.646498,23.751627,0.0],[120.646401,23.751542,0.0],[120.646285,23.751676,0.0],[120.645789,23.75164,0.0]],[[120.641167,23.749363,0.0],[120.641498,23.749404,0.0],[120.641259,23.749158,0.0],[120.641186,23.749178,0.0],[120.641003,23.749012,0.0],[120.640788,23.749206,0.0],[120.64095,23.749506,0.0],[120.641167,23.749363,0.0]],[[120.648936,23.744871,0.0],[120.649326,23.745867,0.0],[120.649413,23.745626,0.0],[120.648986,23.744834,0.0],[120.648936,23.744871,0.0]],[[120.649566,23.745152,0.0],[120.649737,23.7458,0.0],[120.64984,23.745797,0.0],[120.649682,23.74513,0.0],[120.649566,23.745152,0.0]],[[120.642516,23.753643,0.0],[120.642453,23.753754,0.0],[120.642617,23.753806,0.0],[120.642664,23.753705,0.0],[120.642953,23.753621,0.0],[120.643211,23.753674,0.0],[120.642937,23.75355,0.0],[120.642516,23.753643,0.0]],[[120.641096,23.750074,0.0],[120.64092,23.749867,0.0],[120.640862,23.749836,0.0],[120.641032,23.750082,0.0],[120.641096,23.750074,0.0]],[[120.643828,23.770051,0.0],[120.64386,23.77007,0.0],[120.643958,23.769955,0.0],[120.643828,23.770051,0.0]]],[[[120.631895,23.889452,0.0],[120.631649,23.889454,0.0],[120.630519,23.889835,0.0],[120.62981,23.889598,0.0],[120.630154,23.889565,0.0],[120.630365,23.889715,0.0],[120.630647,23.889695,0.0],[120.630838,23.889552,0.0],[120.631015,23.889557,0.0],[120.63149,23.889358,0.0],[120.632115,23.889358,0.0],[120.632746,23.889685,0.0],[120.632819,23.889891,0.0],[120.632626,23.890096,0.0],[120.632187,23.890253,0.0],[120.632219,23.889685,0.0],[120.631895,23.889452,0.0]]],[[[120.633447,23.891141,0.0],[120.633942,23.891475,0.0],[120.632628,23.890768,0.0],[120.632211,23.890356,0.0],[120.632564,23.8905,0.0],[120.632716,23.890767,0.0],[120.633173,23.890842,0.0],[120.633447,23.891141,0.0]]],[[[120.632474,23.940443,0.0],[120.63225,23.940498,0.0],[120.632775,23.940087,0.0],[120.632733,23.940268,0.0],[120.632474,23.940443,0.0]]],[[[120.877537,23.467944,0.0],[120.877635,23.467937,0.0],[120.877783,23.467942,0.0],[120.877749,23.467955,0.0],[120.877537,23.467944,0.0]]],[[[120.875967,23.468135,0.0],[120.875505,23.468287,0.0],[120.875007,23.468644,0.0],[120.874355,23.468572,0.0],[120.873984,23.468759,0.0],[120.873505,23.468721,0.0],[120.87414,23.468623,0.0],[120.875967,23.468135,0.0]]],[[[120.87276,23.469043,0.0],[120.872325,23.469485,0.0],[120.871018,23.469878,0.0],[120.870736,23.47008,0.0],[120.8704,23.469918,0.0],[120.870062,23.470004,0.0],[120.87276,23.469043,0.0]]],[[[120.882463,23.469282,0.0],[120.882646,23.471591,0.0],[120.883368,23.472362,0.0],[120.883146,23.472178,0.0],[120.882839,23.472129,0.0],[120.882583,23.471997,0.0],[120.882445,23.471738,0.0],[120.882546,23.471326,0.0],[120.882359,23.470713,0.0],[120.881968,23.47005,0.0],[120.882138,23.469065,0.0],[120.882092,23.468641,0.0],[120.882463,23.469282,0.0]]],[[[120.868645,23.470569,0.0],[120.869221,23.470323,0.0],[120.868946,23.47057,0.0],[120.868124,23.471005,0.0],[120.868645,23.470569,0.0]]],[[[120.838843,23.471308,0.0],[120.839398,23.471261,0.0],[120.839463,23.471315,0.0],[120.839245,23.471313,0.0],[120.838843,23.471308,0.0]]],[[[120.838092,23.471758,0.0],[120.838309,23.471608,0.0],[120.838546,23.471475,0.0],[120.838364,23.471763,0.0],[120.838092,23.471758,0.0]]],[[[120.867225,23.47201,0.0],[120.867118,23.472294,0.0],[120.866946,23.472476,0.0],[120.866592,23.472399,0.0],[120.867225,23.47201,0.0]]],[[[120.848774,23.472183,0.0],[120.848791,23.47218,0.0],[120.848685,23.472389,0.0],[120.848221,23.472506,0.0],[120.848774,23.472183,0.0]]],[[[120.852599,23.473168,0.0],[120.853185,23.473311,0.0],[120.85269,23.473368,0.0],[120.851152,23.473209,0.0],[120.850739,23.472434,0.0],[120.85125,23.472616,0.0],[120.851827,23.472721,0.0],[120.852599,23.473168,0.0]]],[[[120.842155,23.473403,0.0],[120.841393,23.473572,0.0],[120.841262,23.473228,0.0],[120.841034,23.473016,0.0],[120.840652,23.472818,0.0],[120.840501,23.472506,0.0],[120.841188,23.472974,0.0],[120.842155,23.473403,0.0]]],[[[120.845823,23.472954,0.0],[120.84691,23.473048,0.0],[120.847169,23.472958,0.0],[120.846933,23.473223,0.0],[120.845823,23.472954,0.0]]],[[[120.833737,23.474004,0.0],[120.835458,23.472772,0.0],[120.836163,23.472389,0.0],[120.835679,23.472994,0.0],[120.834924,23.473211,0.0],[120.834551,23.473467,0.0],[120.834389,23.473746,0.0],[120.834386,23.474023,0.0],[120.833961,23.474068,0.0],[120.833737,23.474004,0.0]]],[[[120.837065,23.472126,0.0],[120.836163,23.472389,0.0],[120.836242,23.472346,0.0],[120.837065,23.472126,0.0]]],[[[120.842984,23.473333,0.0],[120.843581,23.473166,0.0],[120.843277,23.47339,0.0],[120.842855,23.473353,0.0],[120.842984,23.473333,0.0]]],[[[120.859699,23.473296,0.0],[120.85923,23.473366,0.0],[120.859073,23.47318,0.0],[120.859541,23.473157,0.0],[120.860111,23.47323,0.0],[120.861021,23.473492,0.0],[120.862173,23.473661,0.0],[120.861106,23.473542,0.0],[120.860373,23.473599,0.0],[120.859699,23.473296,0.0]]],[[[120.856133,23.473484,0.0],[120.856177,23.47337,0.0],[120.856577,23.473439,0.0],[120.856554,23.47345,0.0],[120.856133,23.473484,0.0]]],[[[120.862874,23.473703,0.0],[120.862936,23.473704,0.0],[120.863343,23.473702,0.0],[120.863175,23.473802,0.0],[120.862874,23.473703,0.0]]],[[[120.855928,23.474156,0.0],[120.855696,23.474623,0.0],[120.854993,23.474016,0.0],[120.854657,23.473555,0.0],[120.854433,23.473426,0.0],[120.855473,23.473514,0.0],[120.855806,23.473671,0.0],[120.855928,23.474156,0.0]]],[[[120.73573,23.485226,0.0],[120.735436,23.485272,0.0],[120.735223,23.485181,0.0],[120.734591,23.484547,0.0],[120.73378,23.484362,0.0],[120.733243,23.484323,0.0],[120.733092,23.484018,0.0],[120.732967,23.483976,0.0],[120.732532,23.484001,0.0],[120.731055,23.483716,0.0],[120.730399,23.483808,0.0],[120.730327,23.483326,0.0],[120.731448,23.483492,0.0],[120.732828,23.483804,0.0],[120.735748,23.484928,0.0],[120.736251,23.484895,0.0],[120.736694,23.48477,0.0],[120.737738,23.484767,0.0],[120.73824,23.484844,0.0],[120.739653,23.485441,0.0],[120.740194,23.485589,0.0],[120.739668,23.485586,0.0],[120.739152,23.485274,0.0],[120.738447,23.485025,0.0],[120.737884,23.485025,0.0],[120.73728,23.48492,0.0],[120.73653,23.48504,0.0],[120.736155,23.484991,0.0],[120.73573,23.485226,0.0]]],[[[120.741077,23.485734,0.0],[120.741667,23.485773,0.0],[120.740992,23.485757,0.0],[120.74058,23.485663,0.0],[120.741077,23.485734,0.0]]],[[[120.743177,23.486524,0.0],[120.743139,23.486166,0.0],[120.742443,23.485844,0.0],[120.742942,23.485972,0.0],[120.743351,23.486259,0.0],[120.743177,23.486524,0.0]]],[[[120.754522,23.49257,0.0],[120.754725,23.49265,0.0],[120.7545,23.492678,0.0],[120.754522,23.49257,0.0]]],[[[120.756806,23.493964,0.0],[120.756328,23.493354,0.0],[120.757201,23.494074,0.0],[120.757676,23.494237,0.0],[120.758137,23.494188,0.0],[120.759061,23.494578,0.0],[120.760362,23.494887,0.0],[120.75957,23.494805,0.0],[120.7591,23.494607,0.0],[120.75735,23.494333,0.0],[120.756806,23.493964,0.0]]],[[[120.762923,23.495047,0.0],[120.763111,23.495048,0.0],[120.762897,23.495113,0.0],[120.76257,23.495063,0.0],[120.762923,23.495047,0.0]]],[[[120.767956,23.49507,0.0],[120.769257,23.495918,0.0],[120.769597,23.496242,0.0],[120.769941,23.496386,0.0],[120.769517,23.496315,0.0],[120.769083,23.496011,0.0],[120.768729,23.495653,0.0],[120.768174,23.495317,0.0],[120.767357,23.495007,0.0],[120.766442,23.494517,0.0],[120.766113,23.494452,0.0],[120.76583,23.494205,0.0],[120.767132,23.49466,0.0],[120.767956,23.49507,0.0]]],[[[120.772337,23.496336,0.0],[120.773269,23.496346,0.0],[120.772832,23.49662,0.0],[120.771353,23.496551,0.0],[120.770919,23.496464,0.0],[120.772337,23.496336,0.0]]],[[[120.653805,23.5089,0.0],[120.653834,23.50823,0.0],[120.654134,23.507161,0.0],[120.654347,23.506674,0.0],[120.654644,23.506343,0.0],[120.654991,23.506294,0.0],[120.655001,23.50651,0.0],[120.654808,23.506542,0.0],[120.654737,23.506662,0.0],[120.65449,23.50677,0.0],[120.654408,23.50748,0.0],[120.653856,23.508637,0.0],[120.653805,23.5089,0.0]]],[[[120.783184,23.515425,0.0],[120.78305,23.516101,0.0],[120.782788,23.516547,0.0],[120.782299,23.516881,0.0],[120.782089,23.517293,0.0],[120.781155,23.518066,0.0],[120.780829,23.518117,0.0],[120.780256,23.518611,0.0],[120.780014,23.518687,0.0],[120.779697,23.518934,0.0],[120.779061,23.519027,0.0],[120.77817,23.518979,0.0],[120.777826,23.519165,0.0],[120.777145,23.519,0.0],[120.776789,23.518529,0.0],[120.776388,23.518378,0.0],[120.775855,23.51863,0.0],[120.774757,23.518574,0.0],[120.774517,23.518456,0.0],[120.774174,23.518656,0.0],[120.774255,23.517899,0.0],[120.774228,23.516731,0.0],[120.774585,23.515368,0.0],[120.774552,23.514637,0.0],[120.774866,23.514095,0.0],[120.775381,23.513741,0.0],[120.775533,23.513552,0.0],[120.776466,23.511259,0.0],[120.777343,23.510328,0.0],[120.777701,23.510632,0.0],[120.778091,23.51079,0.0],[120.778726,23.510819,0.0],[120.779415,23.510731,0.0],[120.779708,23.510814,0.0],[120.780082,23.511068,0.0],[120.780596,23.511154,0.0],[120.780901,23.511118,0.0],[120.781175,23.510994,0.0],[120.782047,23.510124,0.0],[120.782368,23.51,0.0],[120.78271,23.51017,0.0],[120.783044,23.51052,0.0],[120.783908,23.510796,0.0],[120.78491,23.510507,0.0],[120.785163,23.51055,0.0],[120.785642,23.511121,0.0],[120.786218,23.511297,0.0],[120.78603,23.511581,0.0],[120.785433,23.511945,0.0],[120.784826,23.512701,0.0],[120.784751,23.512965,0.0],[120.784411,23.513243,0.0],[120.783723,23.514207,0.0],[120.783202,23.514734,0.0],[120.783184,23.515425,0.0]]],[[[120.708758,23.558228,0.0],[120.707869,23.558001,0.0],[120.707187,23.557989,0.0],[120.706101,23.558378,0.0],[120.70559,23.558375,0.0],[120.70559,23.558282,0.0],[120.70554,23.558356,0.0],[120.704726,23.558483,0.0],[120.70445,23.558364,0.0],[120.704233,23.558443,0.0],[120.704101,23.558678,0.0],[120.70301,23.558432,0.0],[120.702229,23.557652,0.0],[120.702438,23.557006,0.0],[120.702112,23.556664,0.0],[120.701654,23.556337,0.0],[120.701595,23.556432,0.0],[120.701404,23.556424,0.0],[120.70116,23.556561,0.0],[120.70093,23.556783,0.0],[120.700735,23.556816,0.0],[120.69953,23.556718,0.0],[120.699573,23.556458,0.0],[120.699333,23.556431,0.0],[120.699105,23.556526,0.0],[120.698272,23.556305,0.0],[120.697882,23.556506,0.0],[120.69787,23.556334,0.0],[120.697577,23.555855,0.0],[120.697341,23.555712,0.0],[120.697366,23.555588,0.0],[120.697262,23.555424,0.0],[120.697108,23.555356,0.0],[120.696802,23.554968,0.0],[120.696843,23.554835,0.0],[120.696586,23.554822,0.0],[120.696564,23.554478,0.0],[120.696416,23.554452,0.0],[120.696032,23.555068,0.0],[120.695912,23.55548,0.0],[120.695982,23.555701,0.0],[120.69592,23.556008,0.0],[120.695729,23.556145,0.0],[120.695648,23.55652,0.0],[120.695272,23.555827,0.0],[120.695162,23.555862,0.0],[120.695015,23.556067,0.0],[120.694888,23.556012,0.0],[120.694646,23.55543,0.0],[120.694366,23.555288,0.0],[120.694238,23.554916,0.0],[120.69407,23.554741,0.0],[120.694072,23.554392,0.0],[120.693707,23.554038,0.0],[120.693703,23.553719,0.0],[120.693475,23.553235,0.0],[120.692843,23.552508,0.0],[120.692703,23.552408,0.0],[120.691967,23.552202,0.0],[120.691424,23.551495,0.0],[120.691275,23.551127,0.0],[120.690981,23.55104,0.0],[120.690623,23.551049,0.0],[120.690546,23.550974,0.0],[120.690327,23.550985,0.0],[120.690132,23.550889,0.0],[120.689975,23.550698,0.0],[120.689749,23.549894,0.0],[120.689675,23.549818,0.0],[120.689508,23.549846,0.0],[120.689276,23.549458,0.0],[120.68906,23.549675,0.0],[120.688709,23.54951,0.0],[120.688523,23.549525,0.0],[120.687508,23.549276,0.0],[120.687627,23.54907,0.0],[120.687513,23.548664,0.0],[120.687569,23.548328,0.0],[120.687378,23.547913,0.0],[120.68707,23.547916,0.0],[120.687111,23.54781,0.0],[120.686493,23.547463,0.0],[120.68686,23.546612,0.0],[120.687023,23.545816,0.0],[120.687263,23.545562,0.0],[120.687665,23.545446,0.0],[120.687606,23.544988,0.0],[120.687707,23.544443,0.0],[120.687636,23.544373,0.0],[120.687777,23.544116,0.0],[120.687923,23.544038,0.0],[120.687988,23.544084,0.0],[120.688018,23.543891,0.0],[120.688174,23.544053,0.0],[120.688288,23.544018,0.0],[120.688539,23.543513,0.0],[120.688503,23.543103,0.0],[120.688298,23.543232,0.0],[120.687709,23.543268,0.0],[120.688044,23.542899,0.0],[120.687978,23.542711,0.0],[120.687828,23.542632,0.0],[120.687658,23.542696,0.0],[120.68748,23.542669,0.0],[120.687492,23.54218,0.0],[120.687348,23.541797,0.0],[120.687157,23.541795,0.0],[120.686617,23.541533,0.0],[120.686347,23.541488,0.0],[120.686397,23.541259,0.0],[120.686701,23.541053,0.0],[120.686041,23.540596,0.0],[120.686022,23.539627,0.0],[120.686244,23.538963,0.0],[120.687096,23.539446,0.0],[120.687234,23.539477,0.0],[120.687394,23.539258,0.0],[120.687267,23.539121,0.0],[120.687217,23.538902,0.0],[120.686835,23.538815,0.0],[120.686371,23.53885,0.0],[120.687401,23.538241,0.0],[120.687521,23.537785,0.0],[120.68794,23.537421,0.0],[120.688148,23.536893,0.0],[120.688083,23.536337,0.0],[120.687928,23.535844,0.0],[120.687044,23.535272,0.0],[120.6868,23.534923,0.0],[120.685673,23.534178,0.0],[120.684327,23.533136,0.0],[120.683229,23.532666,0.0],[120.682891,23.532372,0.0],[120.682921,23.532234,0.0],[120.682654,23.531898,0.0],[120.682108,23.531379,0.0],[120.681991,23.531313,0.0],[120.681482,23.531289,0.0],[120.680875,23.530693,0.0],[120.679881,23.529363,0.0],[120.677982,23.527945,0.0],[120.677246,23.528673,0.0],[120.676993,23.529043,0.0],[120.676774,23.529667,0.0],[120.676758,23.530214,0.0],[120.676611,23.530681,0.0],[120.675899,23.531681,0.0],[120.675839,23.532683,0.0],[120.676132,23.533216,0.0],[120.675843,23.533216,0.0],[120.675427,23.533034,0.0],[120.674926,23.532572,0.0],[120.67437,23.53229,0.0],[120.673531,23.532202,0.0],[120.673436,23.53143,0.0],[120.672966,23.530319,0.0],[120.672103,23.528871,0.0],[120.671413,23.528062,0.0],[120.671353,23.527461,0.0],[120.670788,23.526258,0.0],[120.670115,23.525898,0.0],[120.66969,23.52603,0.0],[120.669734,23.526282,0.0],[120.669546,23.526281,0.0],[120.669524,23.525829,0.0],[120.669057,23.52567,0.0],[120.668997,23.525445,0.0],[120.668468,23.525329,0.0],[120.668199,23.525069,0.0],[120.668246,23.524947,0.0],[120.667827,23.524916,0.0],[120.667598,23.524703,0.0],[120.667231,23.524552,0.0],[120.66695,23.524676,0.0],[120.666549,23.524706,0.0],[120.66632,23.524428,0.0],[120.665997,23.524455,0.0],[120.665985,23.524146,0.0],[120.665768,23.52395,0.0],[120.665687,23.523948,0.0],[120.665675,23.524013,0.0],[120.665232,23.523924,0.0],[120.665259,23.524176,0.0],[120.664862,23.524149,0.0],[120.664926,23.523543,0.0],[120.664778,23.523367,0.0],[120.664746,23.522711,0.0],[120.664548,23.522167,0.0],[120.664873,23.521975,0.0],[120.666139,23.521677,0.0],[120.666987,23.521107,0.0],[120.667471,23.520969,0.0],[120.667698,23.52067,0.0],[120.667777,23.519958,0.0],[120.668483,23.519421,0.0],[120.668645,23.518855,0.0],[120.668879,23.518404,0.0],[120.669242,23.518362,0.0],[120.669471,23.518176,0.0],[120.669789,23.517372,0.0],[120.670146,23.516871,0.0],[120.670851,23.516362,0.0],[120.671335,23.516179,0.0],[120.671801,23.51615,0.0],[120.672377,23.516263,0.0],[120.673373,23.515975,0.0],[120.674259,23.515878,0.0],[120.675478,23.514218,0.0],[120.676241,23.513733,0.0],[120.677354,23.513727,0.0],[120.678015,23.513479,0.0],[120.678629,23.512589,0.0],[120.679242,23.511997,0.0],[120.679813,23.511061,0.0],[120.680579,23.510418,0.0],[120.681019,23.509674,0.0],[120.681218,23.509478,0.0],[120.68151,23.509329,0.0],[120.682435,23.509144,0.0],[120.685216,23.507696,0.0],[120.685672,23.507635,0.0],[120.686342,23.507729,0.0],[120.68687,23.507994,0.0],[120.687365,23.507919,0.0],[120.68755,23.508101,0.0],[120.688241,23.508377,0.0],[120.688998,23.508953,0.0],[120.68938,23.509156,0.0],[120.690501,23.51039,0.0],[120.691576,23.511369,0.0],[120.691981,23.51191,0.0],[120.692461,23.511655,0.0],[120.691918,23.513131,0.0],[120.691713,23.513488,0.0],[120.691858,23.51477,0.0],[120.692723,23.516632,0.0],[120.692782,23.517378,0.0],[120.69317,23.51874,0.0],[120.693951,23.519304,0.0],[120.694126,23.519522,0.0],[120.694387,23.520079,0.0],[120.694364,23.520581,0.0],[120.694466,23.520667,0.0],[120.694657,23.520673,0.0],[120.694811,23.520814,0.0],[120.695482,23.521834,0.0],[120.695516,23.521983,0.0],[120.695388,23.522515,0.0],[120.695614,23.522824,0.0],[120.695435,23.523076,0.0],[120.694978,23.523227,0.0],[120.694817,23.523853,0.0],[120.69392,23.525069,0.0],[120.693922,23.52534,0.0],[120.694385,23.526005,0.0],[120.694573,23.526418,0.0],[120.694941,23.527391,0.0],[120.694964,23.527703,0.0],[120.694814,23.528244,0.0],[120.694079,23.529199,0.0],[120.693447,23.530317,0.0],[120.693401,23.530583,0.0],[120.693574,23.531288,0.0],[120.693562,23.531681,0.0],[120.693413,23.532119,0.0],[120.693196,23.53247,0.0],[120.693777,23.532984,0.0],[120.694482,23.534211,0.0],[120.694537,23.535043,0.0],[120.69444,23.535815,0.0],[120.694652,23.536284,0.0],[120.695196,23.536577,0.0],[120.696035,23.537371,0.0],[120.69673,23.537609,0.0],[120.697217,23.538167,0.0],[120.697467,23.538181,0.0],[120.697826,23.537932,0.0],[120.697997,23.538026,0.0],[120.698224,23.538011,0.0],[120.698435,23.538217,0.0],[120.699147,23.538616,0.0],[120.699391,23.538578,0.0],[120.699882,23.53886,0.0],[120.70002,23.538841,0.0],[120.701063,23.539203,0.0],[120.701767,23.53981,0.0],[120.701958,23.540171,0.0],[120.701836,23.540735,0.0],[120.701919,23.540903,0.0],[120.701764,23.541614,0.0],[120.701975,23.542204,0.0],[120.702176,23.542242,0.0],[120.702287,23.542386,0.0],[120.702329,23.542618,0.0],[120.702169,23.543735,0.0],[120.702284,23.544055,0.0],[120.702023,23.544449,0.0],[120.702003,23.544526,0.0],[120.702099,23.544588,0.0],[120.702109,23.544978,0.0],[120.701919,23.545449,0.0],[120.702157,23.545754,0.0],[120.702378,23.546221,0.0],[120.702602,23.546353,0.0],[120.702289,23.546722,0.0],[120.70312,23.54769,0.0],[120.703569,23.54836,0.0],[120.703889,23.548659,0.0],[120.703347,23.549191,0.0],[120.703843,23.551464,0.0],[120.703655,23.552016,0.0],[120.703819,23.55239,0.0],[120.703827,23.553009,0.0],[120.704021,23.553401,0.0],[120.704013,23.553749,0.0],[120.70443,23.554547,0.0],[120.704606,23.555323,0.0],[120.705027,23.556098,0.0],[120.705742,23.556831,0.0],[120.706546,23.556754,0.0],[120.707312,23.556877,0.0],[120.708121,23.557364,0.0],[120.708744,23.558098,0.0],[120.708758,23.558228,0.0]],[[120.695596,23.55424,0.0],[120.695553,23.554443,0.0],[120.695469,23.554471,0.0],[120.69547,23.554675,0.0],[120.695918,23.554816,0.0],[120.696107,23.554408,0.0],[120.695596,23.55424,0.0]],[[120.690573,23.549949,0.0],[120.690641,23.55032,0.0],[120.690773,23.550323,0.0],[120.690843,23.550029,0.0],[120.690629,23.549758,0.0],[120.690435,23.549859,0.0],[120.690573,23.549949,0.0]],[[120.690573,23.550864,0.0],[120.690739,23.550791,0.0],[120.690442,23.550374,0.0],[120.69031,23.550482,0.0],[120.690573,23.550864,0.0]],[[120.688386,23.536425,0.0],[120.688341,23.53661,0.0],[120.688502,23.53685,0.0],[120.688443,23.53689,0.0],[120.688594,23.536986,0.0],[120.688717,23.536964,0.0],[120.688934,23.536716,0.0],[120.689313,23.53648,0.0],[120.689133,23.536089,0.0],[120.68883,23.535871,0.0],[120.688682,23.535469,0.0],[120.68816,23.535597,0.0],[120.688058,23.535689,0.0],[120.688143,23.535931,0.0],[120.688266,23.535999,0.0],[120.688196,23.536297,0.0],[120.688259,23.536397,0.0],[120.688386,23.536425,0.0]],[[120.687824,23.538912,0.0],[120.687959,23.538458,0.0],[120.687846,23.538122,0.0],[120.687682,23.538183,0.0],[120.68756,23.5386,0.0],[120.687678,23.53882,0.0],[120.687824,23.538912,0.0]],[[120.676258,23.513971,0.0],[120.676283,23.514234,0.0],[120.676608,23.514197,0.0],[120.676835,23.514318,0.0],[120.677177,23.514046,0.0],[120.677175,23.513898,0.0],[120.677095,23.513848,0.0],[120.676419,23.513885,0.0],[120.676258,23.513971,0.0]],[[120.676218,23.530519,0.0],[120.676327,23.530272,0.0],[120.676019,23.530322,0.0],[120.675961,23.530652,0.0],[120.676218,23.530519,0.0]],[[120.675733,23.530297,0.0],[120.675581,23.529948,0.0],[120.675234,23.529831,0.0],[120.675174,23.529666,0.0],[120.675078,23.529634,0.0],[120.674876,23.529902,0.0],[120.675133,23.530226,0.0],[120.675187,23.530531,0.0],[120.675457,23.53075,0.0],[120.675639,23.53067,0.0],[120.675733,23.530297,0.0]],[[120.675531,23.531446,0.0],[120.67571,23.531445,0.0],[120.675709,23.531337,0.0],[120.675531,23.531337,0.0],[120.675531,23.531446,0.0]],[[120.675002,23.525421,0.0],[120.675117,23.525333,0.0],[120.674985,23.525285,0.0],[120.674908,23.525404,0.0],[120.675002,23.525421,0.0]],[[120.674934,23.516047,0.0],[120.675015,23.515635,0.0],[120.674741,23.515703,0.0],[120.6748,23.515998,0.0],[120.674934,23.516047,0.0]],[[120.674154,23.530264,0.0],[120.674163,23.530641,0.0],[120.674215,23.530718,0.0],[120.674492,23.530764,0.0],[120.674453,23.530593,0.0],[120.674364,23.530127,0.0],[120.674154,23.530264,0.0]],[[120.674219,23.52488,0.0],[120.674066,23.524952,0.0],[120.674242,23.525211,0.0],[120.674407,23.525309,0.0],[120.674407,23.52509,0.0],[120.674407,23.524906,0.0],[120.674219,23.52488,0.0]],[[120.674353,23.523692,0.0],[120.674213,23.523698,0.0],[120.673946,23.523265,0.0],[120.673815,23.523427,0.0],[120.673998,23.523734,0.0],[120.674307,23.523795,0.0],[120.674353,23.523692,0.0]],[[120.673972,23.530379,0.0],[120.673959,23.530929,0.0],[120.674138,23.531051,0.0],[120.674336,23.530947,0.0],[120.6741,23.530777,0.0],[120.674051,23.530462,0.0],[120.673972,23.530379,0.0]],[[120.673375,23.526877,0.0],[120.673065,23.527047,0.0],[120.673048,23.52716,0.0],[120.673162,23.527209,0.0],[120.673361,23.527618,0.0],[120.673563,23.527659,0.0],[120.673672,23.527789,0.0],[120.673644,23.527992,0.0],[120.673959,23.528548,0.0],[120.674055,23.528909,0.0],[120.674139,23.52895,0.0],[120.673956,23.528367,0.0],[120.674064,23.528232,0.0],[120.673959,23.528138,0.0],[120.674027,23.528038,0.0],[120.673985,23.527803,0.0],[120.673879,23.52769,0.0],[120.673771,23.527236,0.0],[120.673599,23.527301,0.0],[120.673375,23.526877,0.0]],[[120.669999,23.525718,0.0],[120.670068,23.525742,0.0],[120.670028,23.525476,0.0],[120.669923,23.52561,0.0],[120.669999,23.525718,0.0]]],[[[120.67374,23.544084,0.0],[120.67367,23.544012,0.0],[120.673715,23.543867,0.0],[120.673936,23.543751,0.0],[120.673991,23.543578,0.0],[120.674233,23.543582,0.0],[120.674593,23.543877,0.0],[120.674964,23.544037,0.0],[120.675269,23.544081,0.0],[120.675567,23.543968,0.0],[120.675496,23.54416,0.0],[120.675083,23.544682,0.0],[120.674327,23.544582,0.0],[120.67446,23.544353,0.0],[120.674437,23.544167,0.0],[120.674243,23.544063,0.0],[120.673569,23.54444,0.0],[120.673041,23.544492,0.0],[120.672863,23.544442,0.0],[120.672538,23.544166,0.0],[120.671879,23.543916,0.0],[120.671509,23.543632,0.0],[120.670767,23.543565,0.0],[120.670471,23.543373,0.0],[120.669723,23.543151,0.0],[120.669446,23.542747,0.0],[120.66885,23.542724,0.0],[120.668663,23.5426,0.0],[120.667985,23.542824,0.0],[120.667127,23.542656,0.0],[120.665763,23.542586,0.0],[120.665471,23.542021,0.0],[120.666039,23.541956,0.0],[120.667351,23.542181,0.0],[120.667512,23.542155,0.0],[120.667538,23.542044,0.0],[120.667778,23.542191,0.0],[120.668461,23.542269,0.0],[120.668721,23.542106,0.0],[120.668846,23.542225,0.0],[120.669178,23.542154,0.0],[120.669085,23.541834,0.0],[120.669314,23.541745,0.0],[120.670095,23.541656,0.0],[120.670334,23.541509,0.0],[120.67055,23.541516,0.0],[120.670766,23.541635,0.0],[120.67073,23.541718,0.0],[120.670837,23.541836,0.0],[120.671065,23.541866,0.0],[120.671034,23.542062,0.0],[120.671176,23.54213,0.0],[120.671939,23.542118,0.0],[120.671951,23.542582,0.0],[120.670836,23.542548,0.0],[120.670855,23.542713,0.0],[120.670969,23.542698,0.0],[120.671047,23.542938,0.0],[120.671441,23.54275,0.0],[120.671679,23.543096,0.0],[120.671728,23.543294,0.0],[120.671891,23.543415,0.0],[120.671787,23.543566,0.0],[120.672603,23.544071,0.0],[120.673053,23.543987,0.0],[120.673196,23.544049,0.0],[120.673334,23.544015,0.0],[120.673242,23.544313,0.0],[120.673425,23.544297,0.0],[120.67374,23.544084,0.0]],[[120.665985,23.542341,0.0],[120.665901,23.542331,0.0],[120.665985,23.542342,0.0],[120.665985,23.542341,0.0]]],[[[120.642648,23.562723,0.0],[120.642317,23.562436,0.0],[120.641676,23.562853,0.0],[120.64137,23.562652,0.0],[120.641268,23.563069,0.0],[120.641424,23.563272,0.0],[120.642152,23.563278,0.0],[120.64212,23.563752,0.0],[120.641718,23.563813,0.0],[120.641629,23.563582,0.0],[120.641383,23.56358,0.0],[120.641145,23.563257,0.0],[120.641018,23.563305,0.0],[120.641186,23.563812,0.0],[120.640694,23.563967,0.0],[120.640578,23.563567,0.0],[120.640691,23.563171,0.0],[120.64067,23.562936,0.0],[120.640324,23.562471,0.0],[120.639301,23.561457,0.0],[120.639135,23.560813,0.0],[120.639122,23.560436,0.0],[120.63992,23.559872,0.0],[120.640164,23.559622,0.0],[120.640611,23.558502,0.0],[120.640563,23.558112,0.0],[120.640368,23.557658,0.0],[120.640418,23.557247,0.0],[120.640314,23.55702,0.0],[120.639903,23.556948,0.0],[120.639509,23.557083,0.0],[120.639657,23.556499,0.0],[120.639775,23.556528,0.0],[120.640072,23.556165,0.0],[120.64042,23.556049,0.0],[120.640476,23.555922,0.0],[120.640598,23.555204,0.0],[120.640456,23.554879,0.0],[120.640494,23.55453,0.0],[120.640725,23.554047,0.0],[120.641003,23.553086,0.0],[120.640975,23.552802,0.0],[120.640794,23.552723,0.0],[120.640821,23.552444,0.0],[120.640716,23.552199,0.0],[120.641002,23.551988,0.0],[120.641727,23.551717,0.0],[120.641741,23.551387,0.0],[120.641613,23.551077,0.0],[120.640863,23.550917,0.0],[120.640594,23.550779,0.0],[120.640982,23.550696,0.0],[120.641363,23.550121,0.0],[120.641665,23.55,0.0],[120.64222,23.549939,0.0],[120.642522,23.549716,0.0],[120.643206,23.549571,0.0],[120.643402,23.548552,0.0],[120.64325,23.548231,0.0],[120.643416,23.547906,0.0],[120.643449,23.547586,0.0],[120.643231,23.547191,0.0],[120.643405,23.546876,0.0],[120.643839,23.546622,0.0],[120.644845,23.546504,0.0],[120.645046,23.546541,0.0],[120.645694,23.547012,0.0],[120.645876,23.546982,0.0],[120.646302,23.546502,0.0],[120.646845,23.545494,0.0],[120.647185,23.54523,0.0],[120.647716,23.544525,0.0],[120.648282,23.544286,0.0],[120.649161,23.544618,0.0],[120.64948,23.544593,0.0],[120.649692,23.544487,0.0],[120.650161,23.544093,0.0],[120.650365,23.543733,0.0],[120.651384,23.542625,0.0],[120.65169,23.542397,0.0],[120.65202,23.542283,0.0],[120.652878,23.542212,0.0],[120.653322,23.541864,0.0],[120.654003,23.541991,0.0],[120.654537,23.54195,0.0],[120.655019,23.542426,0.0],[120.655425,23.542479,0.0],[120.655632,23.542426,0.0],[120.655997,23.542153,0.0],[120.656369,23.541619,0.0],[120.65639,23.541411,0.0],[120.656214,23.540786,0.0],[120.656311,23.540309,0.0],[120.656164,23.539816,0.0],[120.656209,23.539623,0.0],[120.656432,23.539358,0.0],[120.656785,23.539388,0.0],[120.658016,23.540498,0.0],[120.658304,23.540505,0.0],[120.658492,23.540431,0.0],[120.658612,23.540081,0.0],[120.658509,23.539383,0.0],[120.658344,23.539073,0.0],[120.657904,23.538618,0.0],[120.657901,23.538434,0.0],[120.658079,23.538265,0.0],[120.658855,23.537864,0.0],[120.65933,23.537412,0.0],[120.660123,23.53701,0.0],[120.660235,23.536818,0.0],[120.660263,23.536331,0.0],[120.659489,23.535935,0.0],[120.659463,23.535832,0.0],[120.65855,23.535053,0.0],[120.658493,23.534683,0.0],[120.657539,23.53448,0.0],[120.65722,23.534519,0.0],[120.657165,23.53432,0.0],[120.657471,23.534245,0.0],[120.657492,23.534122,0.0],[120.65762,23.534012,0.0],[120.657737,23.534064,0.0],[120.657827,23.533882,0.0],[120.65818,23.533699,0.0],[120.658289,23.533462,0.0],[120.658637,23.533121,0.0],[120.659107,23.532872,0.0],[120.659018,23.533189,0.0],[120.659125,23.533216,0.0],[120.659366,23.532894,0.0],[120.659597,23.532846,0.0],[120.659664,23.53267,0.0],[120.659566,23.532637,0.0],[120.659555,23.53243,0.0],[120.659831,23.532385,0.0],[120.660096,23.532072,0.0],[120.660259,23.532072,0.0],[120.660338,23.531914,0.0],[120.660956,23.531473,0.0],[120.661216,23.531551,0.0],[120.662342,23.53121,0.0],[120.662742,23.531261,0.0],[120.663093,23.531538,0.0],[120.663281,23.531465,0.0],[120.663264,23.531224,0.0],[120.662857,23.531066,0.0],[120.662748,23.530804,0.0],[120.66184,23.53093,0.0],[120.661638,23.530864,0.0],[120.661642,23.530767,0.0],[120.662694,23.529923,0.0],[120.66307,23.529532,0.0],[120.663444,23.529334,0.0],[120.663865,23.529286,0.0],[120.664096,23.528981,0.0],[120.664408,23.529111,0.0],[120.664395,23.529288,0.0],[120.664691,23.529568,0.0],[120.664955,23.52959,0.0],[120.665068,23.529461,0.0],[120.665334,23.529676,0.0],[120.665194,23.529845,0.0],[120.665267,23.53002,0.0],[120.665671,23.530072,0.0],[120.665631,23.530396,0.0],[120.665767,23.530525,0.0],[120.665999,23.530473,0.0],[120.666654,23.5306,0.0],[120.667254,23.531004,0.0],[120.667222,23.531141,0.0],[120.667339,23.531334,0.0],[120.667522,23.531446,0.0],[120.66835,23.531371,0.0],[120.668767,23.531529,0.0],[120.668518,23.531554,0.0],[120.668426,23.531804,0.0],[120.668536,23.531949,0.0],[120.668937,23.532123,0.0],[120.669093,23.532393,0.0],[120.669301,23.53256,0.0],[120.669508,23.532612,0.0],[120.669676,23.532541,0.0],[120.670129,23.533026,0.0],[120.670285,23.533017,0.0],[120.670459,23.532772,0.0],[120.671382,23.532307,0.0],[120.671743,23.53202,0.0],[120.672288,23.532398,0.0],[120.67232,23.532508,0.0],[120.671817,23.533071,0.0],[120.672233,23.533096,0.0],[120.672542,23.533429,0.0],[120.67231,23.533405,0.0],[120.672045,23.533517,0.0],[120.671822,23.534042,0.0],[120.671676,23.533983,0.0],[120.671498,23.534135,0.0],[120.67175,23.534382,0.0],[120.671755,23.534816,0.0],[120.671503,23.535186,0.0],[120.671223,23.535217,0.0],[120.671228,23.535365,0.0],[120.670535,23.53579,0.0],[120.670505,23.535875,0.0],[120.670576,23.535967,0.0],[120.670353,23.536067,0.0],[120.670339,23.536263,0.0],[120.669937,23.536393,0.0],[120.669557,23.536405,0.0],[120.669419,23.536695,0.0],[120.668282,23.536971,0.0],[120.668296,23.537143,0.0],[120.668173,23.536962,0.0],[120.667768,23.536925,0.0],[120.667596,23.536755,0.0],[120.667401,23.536818,0.0],[120.66716,23.536716,0.0],[120.667031,23.536772,0.0],[120.666608,23.537323,0.0],[120.666465,23.537701,0.0],[120.665942,23.537581,0.0],[120.665715,23.53778,0.0],[120.665183,23.537834,0.0],[120.665047,23.537885,0.0],[120.665109,23.537993,0.0],[120.664942,23.537976,0.0],[120.664746,23.538062,0.0],[120.664484,23.538525,0.0],[120.664321,23.538582,0.0],[120.664315,23.538723,0.0],[120.663895,23.538852,0.0],[120.663478,23.539247,0.0],[120.663412,23.539425,0.0],[120.663242,23.539364,0.0],[120.66311,23.539423,0.0],[120.663054,23.539739,0.0],[120.662678,23.539654,0.0],[120.662759,23.539391,0.0],[120.663043,23.539027,0.0],[120.66274,23.539071,0.0],[120.662405,23.53872,0.0],[120.662242,23.538954,0.0],[120.662185,23.539355,0.0],[120.662474,23.53955,0.0],[120.662421,23.539815,0.0],[120.662606,23.539983,0.0],[120.662477,23.539995,0.0],[120.66247,23.540212,0.0],[120.662684,23.540214,0.0],[120.662707,23.540511,0.0],[120.662799,23.540657,0.0],[120.66271,23.54087,0.0],[120.662775,23.540872,0.0],[120.662763,23.541147,0.0],[120.663115,23.54148,0.0],[120.663287,23.54146,0.0],[120.663212,23.541263,0.0],[120.663426,23.541143,0.0],[120.663476,23.541204,0.0],[120.663376,23.541314,0.0],[120.663393,23.541452,0.0],[120.663506,23.541771,0.0],[120.663709,23.541879,0.0],[120.663763,23.542321,0.0],[120.663685,23.542568,0.0],[120.663743,23.542827,0.0],[120.663674,23.543092,0.0],[120.663851,23.543547,0.0],[120.663432,23.544109,0.0],[120.66296,23.544408,0.0],[120.662897,23.544579,0.0],[120.663058,23.544582,0.0],[120.662806,23.544784,0.0],[120.662834,23.544988,0.0],[120.662668,23.545211,0.0],[120.662214,23.544818,0.0],[120.662155,23.545177,0.0],[120.66187,23.545428,0.0],[120.661909,23.545493,0.0],[120.660987,23.545461,0.0],[120.660714,23.545655,0.0],[120.660306,23.545701,0.0],[120.660272,23.54525,0.0],[120.659325,23.544602,0.0],[120.65877,23.544405,0.0],[120.658777,23.544535,0.0],[120.658511,23.544939,0.0],[120.658459,23.544731,0.0],[120.658265,23.544631,0.0],[120.657972,23.544676,0.0],[120.657682,23.544528,0.0],[120.657157,23.544644,0.0],[120.656703,23.544449,0.0],[120.6563,23.544487,0.0],[120.656172,23.544599,0.0],[120.655819,23.544556,0.0],[120.655608,23.544654,0.0],[120.655558,23.544767,0.0],[120.65556,23.545088,0.0],[120.655315,23.545587,0.0],[120.655165,23.546285,0.0],[120.655428,23.546477,0.0],[120.655619,23.546492,0.0],[120.655506,23.546595,0.0],[120.655495,23.546826,0.0],[120.655426,23.546893,0.0],[120.655483,23.547292,0.0],[120.655171,23.547329,0.0],[120.65489,23.547502,0.0],[120.654521,23.547252,0.0],[120.653691,23.547043,0.0],[120.653477,23.547149,0.0],[120.652841,23.547027,0.0],[120.652675,23.547048,0.0],[120.65257,23.547219,0.0],[120.652215,23.547338,0.0],[120.651972,23.547223,0.0],[120.651705,23.547201,0.0],[120.65154,23.547261,0.0],[120.651043,23.547253,0.0],[120.650963,23.54744,0.0],[120.650804,23.547555,0.0],[120.650586,23.547525,0.0],[120.650484,23.547614,0.0],[120.650709,23.547681,0.0],[120.650713,23.547814,0.0],[120.651064,23.548002,0.0],[120.651131,23.548156,0.0],[120.651179,23.547877,0.0],[120.650956,23.547623,0.0],[120.651093,23.547486,0.0],[120.651208,23.547509,0.0],[120.651531,23.547943,0.0],[120.651919,23.548288,0.0],[120.651763,23.54866,0.0],[120.651714,23.549221,0.0],[120.651745,23.549394,0.0],[120.651857,23.549356,0.0],[120.651896,23.549431,0.0],[120.651881,23.549597,0.0],[120.652596,23.549505,0.0],[120.652719,23.54983,0.0],[120.652556,23.550054,0.0],[120.652384,23.550103,0.0],[120.651756,23.549998,0.0],[120.651602,23.550108,0.0],[120.651702,23.550529,0.0],[120.652018,23.5505,0.0],[120.652053,23.550605,0.0],[120.652433,23.550675,0.0],[120.652306,23.550903,0.0],[120.651956,23.551007,0.0],[120.652026,23.551138,0.0],[120.651976,23.55142,0.0],[120.652147,23.551628,0.0],[120.652541,23.551496,0.0],[120.652551,23.551772,0.0],[120.651995,23.552373,0.0],[120.651755,23.552488,0.0],[120.651957,23.552281,0.0],[120.651835,23.551732,0.0],[120.651739,23.551815,0.0],[120.651694,23.552054,0.0],[120.651619,23.551666,0.0],[120.651459,23.551715,0.0],[120.651424,23.551945,0.0],[120.65086,23.55186,0.0],[120.650818,23.55201,0.0],[120.651041,23.552132,0.0],[120.651093,23.552409,0.0],[120.651326,23.552491,0.0],[120.651234,23.552708,0.0],[120.651358,23.552841,0.0],[120.651342,23.552933,0.0],[120.650832,23.553392,0.0],[120.650756,23.553676,0.0],[120.650268,23.554056,0.0],[120.64952,23.554038,0.0],[120.649504,23.554126,0.0],[120.649362,23.554155,0.0],[120.649149,23.553967,0.0],[120.648711,23.553809,0.0],[120.64862,23.553685,0.0],[120.648285,23.553625,0.0],[120.648402,23.553407,0.0],[120.64804,23.55333,0.0],[120.647945,23.553465,0.0],[120.647626,23.553369,0.0],[120.6473,23.553674,0.0],[120.647379,23.553946,0.0],[120.647659,23.554071,0.0],[120.64766,23.55425,0.0],[120.648023,23.554844,0.0],[120.648489,23.558587,0.0],[120.648334,23.5585,0.0],[120.647932,23.558468,0.0],[120.647024,23.558534,0.0],[120.646034,23.558838,0.0],[120.645678,23.559073,0.0],[120.644824,23.559108,0.0],[120.644384,23.559379,0.0],[120.643956,23.559473,0.0],[120.643487,23.56005,0.0],[120.643429,23.560298,0.0],[120.643543,23.560553,0.0],[120.643929,23.560684,0.0],[120.644205,23.5609,0.0],[120.644331,23.561362,0.0],[120.644255,23.56156,0.0],[120.643977,23.561746,0.0],[120.64324,23.561873,0.0],[120.642924,23.562023,0.0],[120.642774,23.562234,0.0],[120.642774,23.562955,0.0],[120.642601,23.562861,0.0],[120.642648,23.562723,0.0]],[[120.661815,23.540294,0.0],[120.661901,23.54034,0.0],[120.661879,23.540162,0.0],[120.661822,23.5402,0.0],[120.661815,23.540294,0.0]],[[120.661119,23.543316,0.0],[120.661126,23.543447,0.0],[120.661257,23.54344,0.0],[120.661244,23.543304,0.0],[120.661119,23.543316,0.0]],[[120.660038,23.541212,0.0],[120.6598,23.541391,0.0],[120.65978,23.541516,0.0],[120.660038,23.541212,0.0]],[[120.658139,23.542329,0.0],[120.658149,23.54242,0.0],[120.658461,23.542292,0.0],[120.658532,23.542135,0.0],[120.658366,23.542129,0.0],[120.658139,23.542329,0.0]],[[120.661167,23.542443,0.0],[120.661398,23.542377,0.0],[120.661464,23.542244,0.0],[120.66135,23.54215,0.0],[120.661297,23.541911,0.0],[120.66116,23.542088,0.0],[120.661167,23.542443,0.0]],[[120.660763,23.540612,0.0],[120.660991,23.540549,0.0],[120.661055,23.540133,0.0],[120.660889,23.540138,0.0],[120.660843,23.540376,0.0],[120.660724,23.540359,0.0],[120.660763,23.540612,0.0]],[[120.649349,23.553688,0.0],[120.648919,23.553599,0.0],[120.648845,23.553508,0.0],[120.648702,23.553533,0.0],[120.648736,23.553609,0.0],[120.649008,23.55372,0.0],[120.649942,23.553832,0.0],[120.650101,23.55375,0.0],[120.650062,23.553689,0.0],[120.649975,23.553744,0.0],[120.649349,23.553688,0.0]],[[120.660583,23.540665,0.0],[120.660605,23.540067,0.0],[120.660736,23.540034,0.0],[120.660753,23.539962,0.0],[120.660638,23.539971,0.0],[120.660594,23.539881,0.0],[120.660441,23.53998,0.0],[120.660419,23.540063,0.0],[120.660538,23.540071,0.0],[120.66051,23.540154,0.0],[120.660324,23.54021,0.0],[120.660392,23.540556,0.0],[120.660202,23.540699,0.0],[120.660282,23.540768,0.0],[120.660583,23.540665,0.0]],[[120.660669,23.543902,0.0],[120.660503,23.543932,0.0],[120.660443,23.544167,0.0],[120.660142,23.544065,0.0],[120.65983,23.54438,0.0],[120.659987,23.544524,0.0],[120.660096,23.544357,0.0],[120.660569,23.5444,0.0],[120.660669,23.543902,0.0]],[[120.661778,23.541342,0.0],[120.66162,23.54141,0.0],[120.661902,23.542089,0.0],[120.661985,23.542016,0.0],[120.661972,23.541635,0.0],[120.662141,23.541564,0.0],[120.662083,23.54135,0.0],[120.661778,23.541342,0.0]],[[120.650837,23.550481,0.0],[120.650764,23.550035,0.0],[120.650568,23.550003,0.0],[120.650491,23.550107,0.0],[120.650537,23.550518,0.0],[120.650743,23.550832,0.0],[120.650986,23.551029,0.0],[120.651056,23.55089,0.0],[120.650718,23.550524,0.0],[120.650837,23.550481,0.0]],[[120.645015,23.555045,0.0],[120.645082,23.555274,0.0],[120.645219,23.555244,0.0],[120.645277,23.555348,0.0],[120.645464,23.555299,0.0],[120.645847,23.554936,0.0],[120.645821,23.554763,0.0],[120.644928,23.55477,0.0],[120.64485,23.554889,0.0],[120.645015,23.555045,0.0]],[[120.662036,23.541716,0.0],[120.662128,23.542129,0.0],[120.662045,23.542118,0.0],[120.661941,23.542218,0.0],[120.662023,23.542281,0.0],[120.662625,23.542312,0.0],[120.662962,23.542112,0.0],[120.662745,23.541727,0.0],[120.662276,23.541601,0.0],[120.662036,23.541716,0.0]],[[120.662104,23.542841,0.0],[120.661414,23.543063,0.0],[120.661483,23.54343,0.0],[120.661918,23.543319,0.0],[120.662355,23.543483,0.0],[120.662731,23.543139,0.0],[120.662647,23.54292,0.0],[120.662491,23.542793,0.0],[120.662104,23.542841,0.0]],[[120.650128,23.549302,0.0],[120.65038,23.549815,0.0],[120.650779,23.549712,0.0],[120.650855,23.549532,0.0],[120.650984,23.549466,0.0],[120.650893,23.549201,0.0],[120.650935,23.549034,0.0],[120.650511,23.548796,0.0],[120.650487,23.548714,0.0],[120.65021,23.548692,0.0],[120.650344,23.549016,0.0],[120.650128,23.549302,0.0]],[[120.641384,23.562637,0.0],[120.641737,23.562371,0.0],[120.641766,23.562072,0.0],[120.641597,23.561565,0.0],[120.641997,23.561072,0.0],[120.641109,23.559816,0.0],[120.640656,23.55993,0.0],[120.640527,23.5602,0.0],[120.640366,23.560319,0.0],[120.639368,23.560691,0.0],[120.639445,23.561072,0.0],[120.639591,23.561335,0.0],[120.639963,23.561687,0.0],[120.640908,23.562131,0.0],[120.64114,23.562453,0.0],[120.641384,23.562637,0.0]]],[[[120.740615,23.573225,0.0],[120.741034,23.573092,0.0],[120.741645,23.574432,0.0],[120.741258,23.574199,0.0],[120.740942,23.573553,0.0],[120.740615,23.573225,0.0]]],[[[120.653416,23.572164,0.0],[120.65163,23.572382,0.0],[120.650842,23.572373,0.0],[120.650104,23.572581,0.0],[120.649802,23.572785,0.0],[120.6495,23.573231,0.0],[120.649251,23.574817,0.0],[120.648686,23.575253,0.0],[120.64836,23.575755,0.0],[120.647933,23.576148,0.0],[120.647329,23.576534,0.0],[120.646569,23.57657,0.0],[120.646355,23.576418,0.0],[120.64564,23.575641,0.0],[120.646454,23.575285,0.0],[120.646941,23.574803,0.0],[120.647321,23.574658,0.0],[120.64742,23.57357,0.0],[120.647305,23.573044,0.0],[120.647335,23.572823,0.0],[120.647534,23.572346,0.0],[120.647894,23.572138,0.0],[120.648291,23.572075,0.0],[120.648454,23.571707,0.0],[120.648479,23.57144,0.0],[120.648176,23.57112,0.0],[120.647004,23.570862,0.0],[120.646304,23.570488,0.0],[120.645829,23.570125,0.0],[120.645569,23.569756,0.0],[120.645436,23.569108,0.0],[120.645194,23.568513,0.0],[120.64495,23.568085,0.0],[120.644708,23.567874,0.0],[120.645043,23.56727,0.0],[120.645468,23.567076,0.0],[120.645472,23.566989,0.0],[120.646007,23.566693,0.0],[120.646327,23.56709,0.0],[120.647058,23.567122,0.0],[120.647223,23.567345,0.0],[120.64728,23.567624,0.0],[120.647586,23.567834,0.0],[120.64792,23.567804,0.0],[120.648218,23.567568,0.0],[120.647474,23.567473,0.0],[120.647406,23.567172,0.0],[120.647198,23.566884,0.0],[120.647022,23.566757,0.0],[120.646657,23.566657,0.0],[120.646299,23.566207,0.0],[120.646264,23.566054,0.0],[120.646587,23.565784,0.0],[120.646968,23.565653,0.0],[120.647011,23.56553,0.0],[120.646898,23.56544,0.0],[120.645872,23.565148,0.0],[120.645792,23.564929,0.0],[120.645792,23.564561,0.0],[120.645427,23.564383,0.0],[120.645081,23.563766,0.0],[120.644646,23.563534,0.0],[120.644443,23.562935,0.0],[120.644514,23.562898,0.0],[120.64471,23.563297,0.0],[120.644878,23.563471,0.0],[120.645667,23.563641,0.0],[120.645858,23.56399,0.0],[120.646628,23.563927,0.0],[120.646823,23.564317,0.0],[120.646591,23.564686,0.0],[120.646753,23.564808,0.0],[120.647008,23.564776,0.0],[120.6472,23.56468,0.0],[120.647264,23.564541,0.0],[120.646993,23.563495,0.0],[120.646876,23.563428,0.0],[120.646464,23.563507,0.0],[120.645648,23.563306,0.0],[120.645425,23.56308,0.0],[120.645348,23.562753,0.0],[120.64541,23.562658,0.0],[120.645597,23.562645,0.0],[120.645389,23.562771,0.0],[120.64546,23.562953,0.0],[120.645715,23.563211,0.0],[120.646071,23.563313,0.0],[120.646458,23.563273,0.0],[120.646807,23.563117,0.0],[120.647491,23.563097,0.0],[120.647706,23.563406,0.0],[120.648187,23.563765,0.0],[120.648452,23.563791,0.0],[120.648466,23.563655,0.0],[120.648165,23.563513,0.0],[120.648022,23.563325,0.0],[120.647742,23.562703,0.0],[120.647515,23.562642,0.0],[120.646962,23.562766,0.0],[120.646766,23.562692,0.0],[120.646826,23.562247,0.0],[120.647355,23.561955,0.0],[120.647437,23.562239,0.0],[120.647702,23.562301,0.0],[120.648473,23.562855,0.0],[120.648882,23.563437,0.0],[120.649238,23.563656,0.0],[120.649856,23.563859,0.0],[120.649943,23.563954,0.0],[120.650061,23.56421,0.0],[120.649926,23.564435,0.0],[120.650293,23.56496,0.0],[120.6506,23.56517,0.0],[120.650571,23.565481,0.0],[120.650658,23.565596,0.0],[120.650948,23.565613,0.0],[120.651675,23.565296,0.0],[120.65252,23.565239,0.0],[120.652705,23.565059,0.0],[120.653153,23.564861,0.0],[120.653283,23.564649,0.0],[120.653243,23.564483,0.0],[120.65339,23.564217,0.0],[120.654254,23.563774,0.0],[120.654224,23.5637,0.0],[120.654397,23.563506,0.0],[120.654741,23.563447,0.0],[120.654735,23.563377,0.0],[120.654963,23.563224,0.0],[120.655314,23.563324,0.0],[120.655473,23.563264,0.0],[120.655591,23.563336,0.0],[120.655896,23.563306,0.0],[120.655907,23.563732,0.0],[120.656337,23.563751,0.0],[120.656321,23.564093,0.0],[120.656106,23.56419,0.0],[120.65625,23.564251,0.0],[120.656277,23.564342,0.0],[120.655886,23.564302,0.0],[120.655773,23.564158,0.0],[120.655671,23.564298,0.0],[120.655869,23.564441,0.0],[120.656431,23.565434,0.0],[120.656693,23.565525,0.0],[120.656784,23.565725,0.0],[120.657094,23.565495,0.0],[120.657958,23.565408,0.0],[120.658082,23.565261,0.0],[120.658519,23.565227,0.0],[120.658642,23.564951,0.0],[120.658991,23.564622,0.0],[120.659185,23.56479,0.0],[120.659157,23.56507,0.0],[120.6594,23.565137,0.0],[120.659464,23.564978,0.0],[120.659844,23.564803,0.0],[120.659816,23.564753,0.0],[120.659458,23.564881,0.0],[120.659232,23.564538,0.0],[120.660024,23.564168,0.0],[120.660163,23.563841,0.0],[120.660553,23.563733,0.0],[120.660551,23.563214,0.0],[120.661783,23.562655,0.0],[120.661959,23.562889,0.0],[120.662398,23.563117,0.0],[120.662619,23.562926,0.0],[120.662649,23.562816,0.0],[120.662435,23.562721,0.0],[120.662571,23.562366,0.0],[120.662678,23.562331,0.0],[120.662858,23.562367,0.0],[120.663402,23.562196,0.0],[120.663506,23.562594,0.0],[120.663598,23.562689,0.0],[120.663751,23.562752,0.0],[120.664091,23.5626,0.0],[120.66435,23.562631,0.0],[120.664172,23.562798,0.0],[120.664365,23.562918,0.0],[120.664461,23.562794,0.0],[120.664767,23.562698,0.0],[120.664798,23.562779,0.0],[120.665056,23.562818,0.0],[120.665767,23.562574,0.0],[120.666533,23.562675,0.0],[120.666626,23.562573,0.0],[120.667235,23.562651,0.0],[120.667375,23.562984,0.0],[120.667638,23.563042,0.0],[120.66853,23.562998,0.0],[120.669346,23.562703,0.0],[120.669332,23.562341,0.0],[120.669562,23.5623,0.0],[120.669737,23.562114,0.0],[120.669983,23.561997,0.0],[120.671214,23.561927,0.0],[120.67219,23.561483,0.0],[120.672479,23.561514,0.0],[120.672832,23.560776,0.0],[120.673754,23.560419,0.0],[120.675152,23.560497,0.0],[120.675172,23.560616,0.0],[120.675933,23.560436,0.0],[120.675851,23.56026,0.0],[120.676273,23.560128,0.0],[120.677811,23.560175,0.0],[120.677813,23.560327,0.0],[120.678031,23.560382,0.0],[120.678169,23.560542,0.0],[120.678333,23.560549,0.0],[120.678656,23.560494,0.0],[120.679078,23.560275,0.0],[120.67912,23.560144,0.0],[120.679263,23.560314,0.0],[120.67959,23.560397,0.0],[120.679792,23.560363,0.0],[120.680283,23.560526,0.0],[120.6804,23.560675,0.0],[120.680555,23.560732,0.0],[120.681326,23.56067,0.0],[120.681648,23.561003,0.0],[120.682535,23.56124,0.0],[120.683101,23.56154,0.0],[120.683369,23.561836,0.0],[120.683889,23.56174,0.0],[120.684076,23.561886,0.0],[120.684061,23.562079,0.0],[120.684289,23.562133,0.0],[120.68452,23.562032,0.0],[120.684705,23.562278,0.0],[120.685132,23.562348,0.0],[120.68524,23.562512,0.0],[120.68603,23.562134,0.0],[120.686541,23.562118,0.0],[120.687026,23.56252,0.0],[120.686833,23.562823,0.0],[120.686734,23.562845,0.0],[120.686791,23.563378,0.0],[120.68711,23.563754,0.0],[120.687632,23.563569,0.0],[120.687702,23.563756,0.0],[120.687352,23.563999,0.0],[120.68733,23.564336,0.0],[120.68854,23.564275,0.0],[120.688455,23.563899,0.0],[120.689206,23.564467,0.0],[120.689445,23.564502,0.0],[120.689527,23.564614,0.0],[120.690089,23.564727,0.0],[120.691003,23.565305,0.0],[120.691478,23.565507,0.0],[120.691949,23.565959,0.0],[120.692243,23.566396,0.0],[120.695309,23.565179,0.0],[120.695625,23.566097,0.0],[120.695785,23.566363,0.0],[120.69597,23.566252,0.0],[120.695933,23.565841,0.0],[120.695762,23.565301,0.0],[120.695565,23.565049,0.0],[120.698332,23.563903,0.0],[120.698556,23.563874,0.0],[120.699329,23.564408,0.0],[120.699258,23.564829,0.0],[120.699319,23.565055,0.0],[120.699723,23.564763,0.0],[120.699879,23.564817,0.0],[120.700371,23.564703,0.0],[120.700769,23.564753,0.0],[120.70092,23.564646,0.0],[120.701207,23.564651,0.0],[120.701763,23.565044,0.0],[120.704415,23.565868,0.0],[120.704602,23.565719,0.0],[120.704733,23.565719,0.0],[120.70496,23.565477,0.0],[120.705078,23.565182,0.0],[120.705505,23.565102,0.0],[120.705728,23.565188,0.0],[120.705767,23.564887,0.0],[120.706312,23.564284,0.0],[120.70652,23.56416,0.0],[120.706692,23.563845,0.0],[120.707214,23.56358,0.0],[120.707843,23.563503,0.0],[120.708483,23.563286,0.0],[120.709331,23.562593,0.0],[120.709208,23.561989,0.0],[120.708774,23.561214,0.0],[120.708611,23.560259,0.0],[120.70875,23.560113,0.0],[120.708599,23.559831,0.0],[120.708903,23.559959,0.0],[120.709816,23.56012,0.0],[120.709795,23.559121,0.0],[120.709095,23.558645,0.0],[120.709239,23.558943,0.0],[120.708858,23.559194,0.0],[120.708584,23.559738,0.0],[120.708042,23.55996,0.0],[120.70804,23.560089,0.0],[120.708338,23.560291,0.0],[120.707656,23.560391,0.0],[120.707312,23.560241,0.0],[120.707293,23.559948,0.0],[120.707395,23.559679,0.0],[120.707668,23.55938,0.0],[120.708063,23.559273,0.0],[120.708369,23.55894,0.0],[120.708522,23.558501,0.0],[120.708861,23.558435,0.0],[120.708947,23.558346,0.0],[120.7095,23.558616,0.0],[120.709952,23.55865,0.0],[120.710363,23.558473,0.0],[120.710226,23.558673,0.0],[120.710385,23.558772,0.0],[120.711212,23.558261,0.0],[120.711443,23.558463,0.0],[120.712237,23.55848,0.0],[120.712296,23.558718,0.0],[120.711956,23.558858,0.0],[120.712359,23.55879,0.0],[120.712818,23.558972,0.0],[120.712716,23.559192,0.0],[120.714036,23.559648,0.0],[120.71405,23.559565,0.0],[120.714648,23.559293,0.0],[120.714838,23.559506,0.0],[120.714813,23.559739,0.0],[120.714991,23.559727,0.0],[120.715277,23.560093,0.0],[120.715951,23.560173,0.0],[120.716346,23.560454,0.0],[120.716715,23.56048,0.0],[120.718234,23.56122,0.0],[120.719132,23.561757,0.0],[120.719761,23.561829,0.0],[120.720628,23.56172,0.0],[120.720604,23.562611,0.0],[120.720501,23.56315,0.0],[120.720569,23.563934,0.0],[120.719993,23.565163,0.0],[120.720053,23.565813,0.0],[120.719166,23.567461,0.0],[120.7188,23.567869,0.0],[120.718286,23.568193,0.0],[120.717197,23.568237,0.0],[120.716648,23.568508,0.0],[120.716145,23.569229,0.0],[120.715914,23.569991,0.0],[120.7159,23.570326,0.0],[120.715741,23.570518,0.0],[120.715171,23.570468,0.0],[120.714676,23.570205,0.0],[120.714495,23.570262,0.0],[120.714047,23.570707,0.0],[120.713375,23.570735,0.0],[120.712774,23.570654,0.0],[120.71236,23.57081,0.0],[120.711743,23.570638,0.0],[120.711395,23.570346,0.0],[120.71013,23.570397,0.0],[120.709297,23.57128,0.0],[120.708839,23.571984,0.0],[120.708821,23.572315,0.0],[120.708639,23.572781,0.0],[120.708626,23.573423,0.0],[120.708504,23.57369,0.0],[120.708353,23.573803,0.0],[120.70758,23.573802,0.0],[120.707288,23.573926,0.0],[120.707239,23.573874,0.0],[120.7068,23.573878,0.0],[120.706748,23.573935,0.0],[120.706436,23.573811,0.0],[120.706294,23.57384,0.0],[120.706384,23.573595,0.0],[120.706525,23.573641,0.0],[120.706743,23.573513,0.0],[120.706688,23.573401,0.0],[120.706899,23.573426,0.0],[120.706958,23.57322,0.0],[120.706539,23.572579,0.0],[120.706662,23.572516,0.0],[120.706566,23.572425,0.0],[120.706457,23.572471,0.0],[120.70626,23.572225,0.0],[120.706329,23.571757,0.0],[120.705996,23.571662,0.0],[120.705996,23.571543,0.0],[120.704915,23.570931,0.0],[120.703557,23.571231,0.0],[120.702561,23.574165,0.0],[120.701811,23.574284,0.0],[120.701372,23.574265,0.0],[120.70126,23.573984,0.0],[120.70097,23.573986,0.0],[120.699726,23.573703,0.0],[120.698283,23.574042,0.0],[120.698714,23.573474,0.0],[120.698474,23.573153,0.0],[120.697515,23.573342,0.0],[120.697291,23.57334,0.0],[120.697194,23.573248,0.0],[120.695699,23.573578,0.0],[120.695596,23.573646,0.0],[120.695403,23.574084,0.0],[120.695303,23.574056,0.0],[120.69524,23.574439,0.0],[120.694996,23.574594,0.0],[120.694936,23.574799,0.0],[120.694232,23.574881,0.0],[120.694289,23.575045,0.0],[120.694093,23.575248,0.0],[120.693577,23.575146,0.0],[120.692918,23.574905,0.0],[120.692242,23.574853,0.0],[120.691162,23.574531,0.0],[120.69029,23.574477,0.0],[120.689878,23.574545,0.0],[120.689569,23.574488,0.0],[120.688862,23.574612,0.0],[120.687031,23.573975,0.0],[120.686409,23.573906,0.0],[120.685938,23.573562,0.0],[120.685665,23.573148,0.0],[120.684862,23.572559,0.0],[120.683343,23.572037,0.0],[120.682982,23.571812,0.0],[120.682536,23.571383,0.0],[120.682193,23.571192,0.0],[120.681191,23.5728,0.0],[120.680803,23.573164,0.0],[120.680685,23.573921,0.0],[120.680438,23.574498,0.0],[120.680399,23.575121,0.0],[120.679923,23.576085,0.0],[120.679989,23.576304,0.0],[120.680301,23.576712,0.0],[120.680703,23.576903,0.0],[120.680959,23.577125,0.0],[120.681263,23.577871,0.0],[120.681346,23.578267,0.0],[120.681527,23.578657,0.0],[120.681981,23.57924,0.0],[120.682329,23.580176,0.0],[120.68384,23.583433,0.0],[120.683713,23.584218,0.0],[120.683358,23.58548,0.0],[120.683806,23.586151,0.0],[120.683878,23.586485,0.0],[120.683708,23.586841,0.0],[120.68369,23.587159,0.0],[120.68399,23.588119,0.0],[120.684087,23.588711,0.0],[120.683664,23.588511,0.0],[120.68326,23.588698,0.0],[120.682768,23.588487,0.0],[120.682872,23.58837,0.0],[120.682282,23.588224,0.0],[120.681716,23.588879,0.0],[120.681244,23.588992,0.0],[120.68126,23.589134,0.0],[120.681184,23.589165,0.0],[120.680909,23.589109,0.0],[120.679725,23.589698,0.0],[120.679367,23.590002,0.0],[120.679286,23.59031,0.0],[120.678728,23.590343,0.0],[120.677914,23.590121,0.0],[120.676572,23.590388,0.0],[120.675256,23.590472,0.0],[120.675115,23.590732,0.0],[120.675134,23.590847,0.0],[120.674818,23.591331,0.0],[120.674322,23.591157,0.0],[120.673631,23.591077,0.0],[120.673369,23.591104,0.0],[120.673146,23.591263,0.0],[120.672793,23.591297,0.0],[120.67219,23.591223,0.0],[120.671985,23.591077,0.0],[120.671247,23.591277,0.0],[120.668232,23.589924,0.0],[120.667657,23.589774,0.0],[120.665932,23.588814,0.0],[120.665004,23.588212,0.0],[120.664612,23.588049,0.0],[120.664195,23.587673,0.0],[120.664058,23.587413,0.0],[120.663753,23.587113,0.0],[120.663822,23.586997,0.0],[120.662487,23.586554,0.0],[120.6621,23.586101,0.0],[120.662065,23.585926,0.0],[120.661839,23.58564,0.0],[120.661663,23.585069,0.0],[120.661186,23.58482,0.0],[120.660614,23.584954,0.0],[120.659326,23.584784,0.0],[120.659183,23.584717,0.0],[120.658824,23.584232,0.0],[120.658144,23.583833,0.0],[120.657632,23.582589,0.0],[120.657338,23.582458,0.0],[120.657016,23.581931,0.0],[120.656981,23.581539,0.0],[120.656144,23.580358,0.0],[120.655818,23.57956,0.0],[120.655669,23.578907,0.0],[120.655798,23.578399,0.0],[120.655817,23.57787,0.0],[120.657622,23.57533,0.0],[120.657879,23.575451,0.0],[120.657946,23.575566,0.0],[120.658078,23.575494,0.0],[120.658245,23.575616,0.0],[120.658277,23.57573,0.0],[120.659025,23.575325,0.0],[120.660396,23.575304,0.0],[120.6609,23.575435,0.0],[120.661882,23.575464,0.0],[120.661465,23.575132,0.0],[120.66109,23.574396,0.0],[120.661322,23.573531,0.0],[120.661723,23.573123,0.0],[120.660557,23.571922,0.0],[120.660422,23.572061,0.0],[120.660339,23.57202,0.0],[120.659219,23.571123,0.0],[120.659099,23.571105,0.0],[120.658648,23.572431,0.0],[120.658349,23.572814,0.0],[120.658234,23.572703,0.0],[120.657706,23.572716,0.0],[120.656285,23.572207,0.0],[120.655476,23.572116,0.0],[120.654296,23.572274,0.0],[120.653416,23.572164,0.0]],[[120.708927,23.560965,0.0],[120.708987,23.561405,0.0],[120.709085,23.561678,0.0],[120.709241,23.561847,0.0],[120.709345,23.562398,0.0],[120.70984,23.562306,0.0],[120.709896,23.561792,0.0],[120.70962,23.561616,0.0],[120.70974,23.561479,0.0],[120.709217,23.561075,0.0],[120.709125,23.560877,0.0],[120.708927,23.560965,0.0]],[[120.699802,23.569803,0.0],[120.700422,23.570125,0.0],[120.700744,23.570011,0.0],[120.700726,23.569733,0.0],[120.70082,23.56971,0.0],[120.700894,23.569536,0.0],[120.700838,23.569283,0.0],[120.700733,23.569271,0.0],[120.700489,23.569449,0.0],[120.700076,23.569423,0.0],[120.699432,23.569026,0.0],[120.699378,23.569079,0.0],[120.699802,23.569803,0.0]],[[120.699792,23.567411,0.0],[120.698978,23.567603,0.0],[120.699254,23.5677,0.0],[120.699285,23.568056,0.0],[120.699546,23.568083,0.0],[120.699612,23.56774,0.0],[120.699763,23.567724,0.0],[120.699938,23.567587,0.0],[120.699908,23.567413,0.0],[120.699837,23.567466,0.0],[120.699792,23.567411,0.0]],[[120.698658,23.565642,0.0],[120.698711,23.56568,0.0],[120.698857,23.565604,0.0],[120.698673,23.565167,0.0],[120.698276,23.565618,0.0],[120.698578,23.565875,0.0],[120.698713,23.565727,0.0],[120.698658,23.565642,0.0]],[[120.698502,23.564937,0.0],[120.698552,23.564661,0.0],[120.6984,23.564651,0.0],[120.698303,23.564972,0.0],[120.698502,23.564937,0.0]],[[120.697088,23.571589,0.0],[120.696812,23.571441,0.0],[120.696591,23.571551,0.0],[120.696643,23.571787,0.0],[120.697088,23.571589,0.0]],[[120.691217,23.572188,0.0],[120.691038,23.57213,0.0],[120.690824,23.572181,0.0],[120.690804,23.572085,0.0],[120.690685,23.57214,0.0],[120.690845,23.572368,0.0],[120.691182,23.572407,0.0],[120.691217,23.572188,0.0]],[[120.684261,23.570902,0.0],[120.684194,23.570952,0.0],[120.683959,23.57088,0.0],[120.683829,23.570434,0.0],[120.683894,23.570255,0.0],[120.683397,23.569844,0.0],[120.683204,23.569978,0.0],[120.682699,23.569753,0.0],[120.682587,23.570082,0.0],[120.682451,23.570082,0.0],[120.682338,23.570328,0.0],[120.681995,23.570467,0.0],[120.682914,23.570714,0.0],[120.683039,23.57066,0.0],[120.68362,23.571038,0.0],[120.684101,23.571116,0.0],[120.684358,23.571442,0.0],[120.684551,23.571418,0.0],[120.684852,23.571629,0.0],[120.685017,23.571663,0.0],[120.68506,23.571855,0.0],[120.685301,23.571834,0.0],[120.685526,23.571228,0.0],[120.685613,23.571178,0.0],[120.685891,23.571388,0.0],[120.686041,23.571335,0.0],[120.686253,23.571578,0.0],[120.686249,23.571819,0.0],[120.686391,23.572051,0.0],[120.686822,23.572126,0.0],[120.687006,23.571934,0.0],[120.687482,23.571964,0.0],[120.687576,23.572121,0.0],[120.68759,23.572419,0.0],[120.688046,23.572704,0.0],[120.688267,23.572724,0.0],[120.688366,23.572546,0.0],[120.688418,23.571984,0.0],[120.688215,23.57207,0.0],[120.687536,23.571291,0.0],[120.687398,23.571336,0.0],[120.687039,23.571136,0.0],[120.687117,23.571033,0.0],[120.68779,23.571058,0.0],[120.687917,23.570953,0.0],[120.688412,23.570999,0.0],[120.688534,23.571239,0.0],[120.688807,23.571518,0.0],[120.689449,23.571469,0.0],[120.68954,23.571364,0.0],[120.689986,23.571276,0.0],[120.689952,23.571456,0.0],[120.690173,23.571504,0.0],[120.6902,23.571209,0.0],[120.690029,23.571088,0.0],[120.68988,23.570574,0.0],[120.689313,23.570512,0.0],[120.689285,23.570405,0.0],[120.689097,23.570323,0.0],[120.688891,23.570437,0.0],[120.688764,23.570397,0.0],[120.688776,23.570013,0.0],[120.68819,23.569501,0.0],[120.687505,23.569839,0.0],[120.686938,23.570344,0.0],[120.686956,23.570517,0.0],[120.686765,23.570513,0.0],[120.686721,23.570602,0.0],[120.686533,23.570578,0.0],[120.68648,23.570711,0.0],[120.686264,23.570792,0.0],[120.686252,23.570872,0.0],[120.686005,23.570922,0.0],[120.686024,23.570663,0.0],[120.685808,23.57068,0.0],[120.685773,23.57098,0.0],[120.685653,23.571112,0.0],[120.685344,23.571146,0.0],[120.68522,23.57127,0.0],[120.68468,23.571216,0.0],[120.684261,23.570902,0.0]],[[120.686131,23.569684,0.0],[120.686092,23.569526,0.0],[120.685048,23.569619,0.0],[120.68501,23.569858,0.0],[120.684808,23.569898,0.0],[120.684466,23.569771,0.0],[120.684431,23.569834,0.0],[120.684864,23.570126,0.0],[120.684938,23.570063,0.0],[120.685214,23.57014,0.0],[120.685415,23.569967,0.0],[120.685623,23.56999,0.0],[120.686131,23.569684,0.0]],[[120.681977,23.569489,0.0],[120.681767,23.56942,0.0],[120.681776,23.569735,0.0],[120.681654,23.569866,0.0],[120.681664,23.570182,0.0],[120.681542,23.570327,0.0],[120.681841,23.570385,0.0],[120.682061,23.569951,0.0],[120.681918,23.569658,0.0],[120.681977,23.569489,0.0]],[[120.681816,23.561776,0.0],[120.681926,23.561739,0.0],[120.681866,23.561594,0.0],[120.681694,23.561579,0.0],[120.681816,23.561776,0.0]],[[120.680794,23.570264,0.0],[120.681018,23.570179,0.0],[120.681042,23.570094,0.0],[120.680899,23.569941,0.0],[120.680693,23.570047,0.0],[120.680794,23.570264,0.0]],[[120.680017,23.570626,0.0],[120.680051,23.570634,0.0],[120.679885,23.570586,0.0],[120.680017,23.570626,0.0]],[[120.67823,23.570151,0.0],[120.678303,23.570166,0.0],[120.67822,23.570351,0.0],[120.67759,23.570256,0.0],[120.677448,23.570294,0.0],[120.677454,23.570351,0.0],[120.677503,23.570428,0.0],[120.678498,23.570505,0.0],[120.678527,23.569991,0.0],[120.678347,23.569987,0.0],[120.678301,23.570163,0.0],[120.67823,23.570151,0.0]],[[120.676828,23.570107,0.0],[120.676886,23.570103,0.0],[120.676772,23.570107,0.0],[120.676828,23.570107,0.0]],[[120.676142,23.569986,0.0],[120.676145,23.569986,0.0],[120.676103,23.569977,0.0],[120.676142,23.569986,0.0]],[[120.67573,23.56995,0.0],[120.675844,23.569935,0.0],[120.675717,23.56995,0.0],[120.67562,23.569966,0.0],[120.67573,23.56995,0.0]],[[120.674604,23.570631,0.0],[120.674797,23.570416,0.0],[120.675409,23.57003,0.0],[120.675307,23.569644,0.0],[120.67496,23.56937,0.0],[120.674597,23.569306,0.0],[120.675033,23.569944,0.0],[120.675037,23.570224,0.0],[120.674506,23.570607,0.0],[120.674232,23.570916,0.0],[120.672858,23.572705,0.0],[120.672837,23.573707,0.0],[120.672984,23.573791,0.0],[120.673029,23.573634,0.0],[120.673067,23.573727,0.0],[120.673848,23.572125,0.0],[120.673683,23.572161,0.0],[120.674604,23.570631,0.0]],[[120.674116,23.569896,0.0],[120.674439,23.570098,0.0],[120.674619,23.570061,0.0],[120.674461,23.569809,0.0],[120.674461,23.569595,0.0],[120.674188,23.569554,0.0],[120.67419,23.569432,0.0],[120.674495,23.569218,0.0],[120.674466,23.569206,0.0],[120.674304,23.56918,0.0],[120.674115,23.569074,0.0],[120.673944,23.569044,0.0],[120.673829,23.569288,0.0],[120.673628,23.56925,0.0],[120.673015,23.569678,0.0],[120.6727,23.569718,0.0],[120.672661,23.569827,0.0],[120.673353,23.570003,0.0],[120.673446,23.570063,0.0],[120.673337,23.570105,0.0],[120.673333,23.570201,0.0],[120.673482,23.570225,0.0],[120.6735,23.570094,0.0],[120.673687,23.570184,0.0],[120.673883,23.570019,0.0],[120.673927,23.570211,0.0],[120.674065,23.570211,0.0],[120.67414,23.57017,0.0],[120.674116,23.569896,0.0]],[[120.674563,23.569266,0.0],[120.674525,23.569231,0.0],[120.674496,23.569219,0.0],[120.674563,23.569266,0.0]],[[120.673936,23.568972,0.0],[120.673932,23.568941,0.0],[120.673871,23.568917,0.0],[120.673936,23.568972,0.0]],[[120.67303,23.56882,0.0],[120.673216,23.569005,0.0],[120.673064,23.568838,0.0],[120.672946,23.568554,0.0],[120.67303,23.56882,0.0]],[[120.672902,23.574053,0.0],[120.672855,23.573999,0.0],[120.672863,23.574145,0.0],[120.672902,23.574053,0.0]],[[120.672845,23.573804,0.0],[120.672843,23.573801,0.0],[120.672843,23.573809,0.0],[120.672845,23.573804,0.0]],[[120.672786,23.568539,0.0],[120.67274,23.568513,0.0],[120.672784,23.56854,0.0],[120.672786,23.568539,0.0]],[[120.671843,23.569858,0.0],[120.672035,23.56988,0.0],[120.672036,23.569774,0.0],[120.672463,23.569635,0.0],[120.672392,23.569339,0.0],[120.671725,23.56933,0.0],[120.671719,23.569483,0.0],[120.671368,23.569598,0.0],[120.67148,23.569731,0.0],[120.671775,23.569678,0.0],[120.671843,23.569858,0.0]],[[120.672311,23.568514,0.0],[120.672181,23.568432,0.0],[120.672303,23.568513,0.0],[120.672311,23.568514,0.0]],[[120.670978,23.567851,0.0],[120.670858,23.567598,0.0],[120.670943,23.567833,0.0],[120.671567,23.568202,0.0],[120.671342,23.568045,0.0],[120.670978,23.567851,0.0]],[[120.671356,23.577155,0.0],[120.67141,23.577084,0.0],[120.671257,23.577191,0.0],[120.671356,23.577155,0.0]],[[120.671172,23.570602,0.0],[120.671194,23.570482,0.0],[120.671033,23.570455,0.0],[120.671023,23.570577,0.0],[120.671172,23.570602,0.0]],[[120.670256,23.571163,0.0],[120.670539,23.570859,0.0],[120.670278,23.570652,0.0],[120.670014,23.571054,0.0],[120.670256,23.571163,0.0]],[[120.669397,23.566264,0.0],[120.669441,23.565947,0.0],[120.669245,23.565665,0.0],[120.669249,23.565454,0.0],[120.669768,23.565431,0.0],[120.66997,23.565219,0.0],[120.669777,23.564866,0.0],[120.669408,23.564937,0.0],[120.669264,23.564666,0.0],[120.669198,23.564662,0.0],[120.669087,23.564823,0.0],[120.668866,23.56461,0.0],[120.669052,23.564805,0.0],[120.668554,23.564779,0.0],[120.668496,23.564935,0.0],[120.668129,23.565081,0.0],[120.667848,23.565324,0.0],[120.667726,23.565689,0.0],[120.667575,23.565788,0.0],[120.667193,23.566433,0.0],[120.667046,23.566917,0.0],[120.667083,23.56702,0.0],[120.667268,23.567074,0.0],[120.667834,23.566752,0.0],[120.668129,23.566725,0.0],[120.668536,23.566516,0.0],[120.668719,23.566334,0.0],[120.668864,23.566407,0.0],[120.669397,23.566264,0.0]],[[120.669053,23.577343,0.0],[120.669231,23.577327,0.0],[120.669452,23.577036,0.0],[120.669298,23.577036,0.0],[120.669115,23.57727,0.0],[120.668853,23.577246,0.0],[120.669053,23.577343,0.0]],[[120.668938,23.571666,0.0],[120.668636,23.571745,0.0],[120.668849,23.572182,0.0],[120.669056,23.572253,0.0],[120.66936,23.57216,0.0],[120.669314,23.571949,0.0],[120.669447,23.571447,0.0],[120.669258,23.571355,0.0],[120.668938,23.571666,0.0]],[[120.669331,23.56738,0.0],[120.669202,23.56728,0.0],[120.669324,23.567384,0.0],[120.669331,23.56738,0.0]],[[120.664984,23.571492,0.0],[120.664851,23.571511,0.0],[120.664473,23.571948,0.0],[120.664761,23.572733,0.0],[120.664977,23.573101,0.0],[120.665054,23.573467,0.0],[120.665768,23.573415,0.0],[120.666547,23.573179,0.0],[120.666731,23.573284,0.0],[120.666814,23.573255,0.0],[120.666801,23.573305,0.0],[120.667346,23.573072,0.0],[120.667194,23.572772,0.0],[120.66776,23.572638,0.0],[120.667788,23.572695,0.0],[120.668147,23.572687,0.0],[120.668124,23.572881,0.0],[120.668193,23.572903,0.0],[120.668516,23.57288,0.0],[120.668674,23.57304,0.0],[120.668942,23.572984,0.0],[120.669048,23.572898,0.0],[120.669078,23.572656,0.0],[120.668972,23.572661,0.0],[120.668995,23.57231,0.0],[120.668794,23.572189,0.0],[120.66865,23.572236,0.0],[120.66868,23.572083,0.0],[120.668385,23.571973,0.0],[120.668295,23.571837,0.0],[120.667814,23.572088,0.0],[120.66786,23.572188,0.0],[120.66768,23.572166,0.0],[120.667663,23.572289,0.0],[120.667052,23.572412,0.0],[120.666687,23.57238,0.0],[120.665957,23.572482,0.0],[120.665608,23.572354,0.0],[120.665223,23.571592,0.0],[120.664984,23.571492,0.0]],[[120.667869,23.577242,0.0],[120.664736,23.576998,0.0],[120.663777,23.576962,0.0],[120.665064,23.577065,0.0],[120.665027,23.577103,0.0],[120.665332,23.577308,0.0],[120.667812,23.577509,0.0],[120.66833,23.57768,0.0],[120.668628,23.577571,0.0],[120.667869,23.577242,0.0]],[[120.667458,23.573725,0.0],[120.667524,23.573613,0.0],[120.667849,23.573566,0.0],[120.667701,23.573237,0.0],[120.667391,23.573259,0.0],[120.667429,23.573312,0.0],[120.667317,23.573367,0.0],[120.667201,23.573325,0.0],[120.66692,23.573448,0.0],[120.666873,23.573565,0.0],[120.666993,23.57366,0.0],[120.667458,23.573725,0.0]],[[120.667237,23.571038,0.0],[120.667501,23.570867,0.0],[120.667526,23.570728,0.0],[120.667117,23.570839,0.0],[120.667156,23.570999,0.0],[120.667237,23.571038,0.0]],[[120.667348,23.571515,0.0],[120.666987,23.571299,0.0],[120.66684,23.571727,0.0],[120.667267,23.571737,0.0],[120.667348,23.571515,0.0]],[[120.666873,23.566717,0.0],[120.667169,23.566027,0.0],[120.667012,23.566203,0.0],[120.666886,23.566572,0.0],[120.666632,23.566861,0.0],[120.666813,23.567161,0.0],[120.666866,23.56715,0.0],[120.666873,23.566717,0.0]],[[120.666767,23.565915,0.0],[120.66661,23.566083,0.0],[120.666671,23.566308,0.0],[120.666501,23.566472,0.0],[120.666769,23.566544,0.0],[120.666996,23.566032,0.0],[120.666767,23.565915,0.0]],[[120.666365,23.567008,0.0],[120.666494,23.567044,0.0],[120.666504,23.56755,0.0],[120.666692,23.567663,0.0],[120.666879,23.56729,0.0],[120.666607,23.567171,0.0],[120.66655,23.566725,0.0],[120.666401,23.566851,0.0],[120.666365,23.567008,0.0]],[[120.666358,23.567624,0.0],[120.666394,23.567111,0.0],[120.665865,23.567164,0.0],[120.666023,23.567306,0.0],[120.665939,23.567607,0.0],[120.666358,23.567624,0.0]],[[120.664508,23.568251,0.0],[120.664584,23.568334,0.0],[120.664506,23.56859,0.0],[120.663743,23.568928,0.0],[120.66388,23.569126,0.0],[120.663831,23.569192,0.0],[120.66327,23.569355,0.0],[120.66307,23.569694,0.0],[120.662808,23.569725,0.0],[120.663104,23.569713,0.0],[120.663257,23.569454,0.0],[120.663509,23.56976,0.0],[120.663838,23.569785,0.0],[120.663881,23.569354,0.0],[120.664259,23.569154,0.0],[120.664529,23.569468,0.0],[120.664575,23.569887,0.0],[120.664901,23.569814,0.0],[120.665091,23.569664,0.0],[120.665409,23.569207,0.0],[120.665447,23.568811,0.0],[120.664943,23.56879,0.0],[120.665036,23.568785,0.0],[120.665285,23.568545,0.0],[120.666023,23.568257,0.0],[120.665816,23.567747,0.0],[120.66583,23.567533,0.0],[120.664964,23.5677,0.0],[120.664493,23.567543,0.0],[120.664538,23.567448,0.0],[120.664319,23.567525,0.0],[120.664548,23.567784,0.0],[120.664445,23.567859,0.0],[120.664508,23.568251,0.0]],[[120.665334,23.566535,0.0],[120.665296,23.567034,0.0],[120.665438,23.567058,0.0],[120.665545,23.566525,0.0],[120.665334,23.566535,0.0]],[[120.66285,23.569273,0.0],[120.662873,23.569289,0.0],[120.662974,23.569323,0.0],[120.66285,23.569273,0.0]],[[120.662146,23.5688,0.0],[120.661998,23.568884,0.0],[120.662031,23.568939,0.0],[120.662233,23.568848,0.0],[120.662576,23.569081,0.0],[120.662196,23.568733,0.0],[120.662115,23.568726,0.0],[120.662146,23.5688,0.0]],[[120.654992,23.567382,0.0],[120.654857,23.567522,0.0],[120.654959,23.567622,0.0],[120.655223,23.56738,0.0],[120.655051,23.567006,0.0],[120.655052,23.5668,0.0],[120.654938,23.566807,0.0],[120.654957,23.567054,0.0],[120.654706,23.567362,0.0],[120.654747,23.56745,0.0],[120.654992,23.567382,0.0]],[[120.653963,23.571376,0.0],[120.654346,23.571509,0.0],[120.654249,23.571776,0.0],[120.654568,23.57181,0.0],[120.65475,23.571732,0.0],[120.654755,23.571321,0.0],[120.654489,23.571094,0.0],[120.65441,23.571154,0.0],[120.654271,23.571089,0.0],[120.654014,23.571143,0.0],[120.653963,23.571376,0.0]],[[120.654301,23.56822,0.0],[120.654372,23.567987,0.0],[120.654093,23.568017,0.0],[120.654012,23.568429,0.0],[120.654145,23.568752,0.0],[120.65424,23.568655,0.0],[120.654454,23.568332,0.0],[120.654301,23.56822,0.0]],[[120.654326,23.567494,0.0],[120.654101,23.567677,0.0],[120.654091,23.56786,0.0],[120.65418,23.567878,0.0],[120.654326,23.567494,0.0]],[[120.652119,23.568493,0.0],[120.651978,23.568565,0.0],[120.651957,23.568659,0.0],[120.652123,23.568684,0.0],[120.652119,23.568493,0.0]],[[120.650365,23.568744,0.0],[120.650102,23.568875,0.0],[120.649909,23.568858,0.0],[120.64966,23.569039,0.0],[120.649887,23.569107,0.0],[120.650286,23.568952,0.0],[120.650386,23.568829,0.0],[120.650365,23.568744,0.0]],[[120.648416,23.567651,0.0],[120.648498,23.567669,0.0],[120.648731,23.567463,0.0],[120.648345,23.567347,0.0],[120.648416,23.567651,0.0]],[[120.647788,23.565752,0.0],[120.647538,23.565798,0.0],[120.647529,23.565942,0.0],[120.648329,23.566174,0.0],[120.648197,23.565962,0.0],[120.648274,23.565931,0.0],[120.648206,23.565596,0.0],[120.647945,23.565516,0.0],[120.647765,23.56565,0.0],[120.647788,23.565752,0.0]],[[120.646938,23.567697,0.0],[120.646992,23.567526,0.0],[120.646905,23.567324,0.0],[120.646879,23.567466,0.0],[120.646695,23.567474,0.0],[120.646639,23.567555,0.0],[120.646563,23.567496,0.0],[120.646356,23.567549,0.0],[120.646435,23.567788,0.0],[120.646517,23.567794,0.0],[120.646528,23.567694,0.0],[120.64664,23.567848,0.0],[120.646814,23.567905,0.0],[120.647033,23.567812,0.0],[120.646938,23.567697,0.0]]],[[[120.746452,23.590634,0.0],[120.746265,23.590806,0.0],[120.745848,23.590604,0.0],[120.745299,23.590651,0.0],[120.745215,23.590746,0.0],[120.745145,23.591148,0.0],[120.744839,23.591616,0.0],[120.744653,23.591742,0.0],[120.744525,23.591787,0.0],[120.744485,23.591823,0.0],[120.74444,23.591844,0.0],[120.744342,23.592157,0.0],[120.744468,23.592532,0.0],[120.744515,23.593192,0.0],[120.744153,23.594221,0.0],[120.744249,23.594745,0.0],[120.744192,23.595219,0.0],[120.744254,23.595504,0.0],[120.744487,23.595848,0.0],[120.744645,23.596711,0.0],[120.745059,23.597409,0.0],[120.745302,23.598042,0.0],[120.746842,23.598127,0.0],[120.746851,23.597697,0.0],[120.746656,23.597495,0.0],[120.746666,23.596845,0.0],[120.747539,23.595757,0.0],[120.747535,23.595646,0.0],[120.747339,23.594732,0.0],[120.746989,23.593972,0.0],[120.746618,23.593488,0.0],[120.746418,23.593361,0.0],[120.746179,23.592926,0.0],[120.746064,23.59223,0.0],[120.746253,23.592138,0.0],[120.747219,23.592415,0.0],[120.747275,23.592626,0.0],[120.747836,23.592161,0.0],[120.747935,23.592485,0.0],[120.748219,23.592504,0.0],[120.748316,23.592199,0.0],[120.748515,23.592079,0.0],[120.748459,23.591948,0.0],[120.748144,23.591954,0.0],[120.74805,23.591865,0.0],[120.748124,23.591668,0.0],[120.747984,23.591311,0.0],[120.747677,23.591226,0.0],[120.747989,23.591022,0.0],[120.74832,23.590395,0.0],[120.748483,23.589804,0.0],[120.748298,23.58955,0.0],[120.74827,23.58931,0.0],[120.748651,23.588218,0.0],[120.748554,23.587853,0.0],[120.748634,23.587541,0.0],[120.749027,23.587884,0.0],[120.750317,23.588306,0.0],[120.751747,23.588355,0.0],[120.75352,23.588738,0.0],[120.753492,23.589859,0.0],[120.753579,23.590252,0.0],[120.753788,23.5906,0.0],[120.75389,23.592013,0.0],[120.75407,23.592416,0.0],[120.75437,23.593677,0.0],[120.755361,23.594814,0.0],[120.756291,23.595603,0.0],[120.756962,23.595924,0.0],[120.756393,23.595594,0.0],[120.755528,23.594873,0.0],[120.75441,23.593535,0.0],[120.753951,23.591823,0.0],[120.753789,23.590292,0.0],[120.75363,23.589552,0.0],[120.753625,23.588186,0.0],[120.753825,23.587154,0.0],[120.753936,23.586943,0.0],[120.754394,23.586687,0.0],[120.754842,23.586146,0.0],[120.755428,23.585792,0.0],[120.755805,23.585263,0.0],[120.756395,23.584872,0.0],[120.756555,23.584667,0.0],[120.756507,23.584205,0.0],[120.756631,23.582597,0.0],[120.757003,23.580687,0.0],[120.757609,23.579992,0.0],[120.758315,23.578556,0.0],[120.757502,23.578179,0.0],[120.757297,23.577988,0.0],[120.757056,23.57749,0.0],[120.756095,23.577249,0.0],[120.755901,23.576986,0.0],[120.75567,23.57692,0.0],[120.754347,23.577331,0.0],[120.75427,23.577523,0.0],[120.754343,23.577713,0.0],[120.754099,23.578122,0.0],[120.754184,23.578685,0.0],[120.75379,23.579418,0.0],[120.753051,23.579631,0.0],[120.752162,23.579731,0.0],[120.751799,23.579656,0.0],[120.751137,23.579205,0.0],[120.750617,23.578679,0.0],[120.75047,23.578148,0.0],[120.750498,23.577634,0.0],[120.751013,23.576838,0.0],[120.751674,23.576148,0.0],[120.751906,23.57551,0.0],[120.752105,23.575235,0.0],[120.752311,23.574465,0.0],[120.752324,23.573916,0.0],[120.752242,23.573765,0.0],[120.752016,23.573545,0.0],[120.751561,23.573394,0.0],[120.749255,23.573406,0.0],[120.747992,23.573589,0.0],[120.747607,23.57353,0.0],[120.747303,23.573447,0.0],[120.74713,23.573227,0.0],[120.746374,23.572712,0.0],[120.745338,23.572284,0.0],[120.746008,23.57141,0.0],[120.746697,23.57204,0.0],[120.747228,23.572289,0.0],[120.747692,23.572364,0.0],[120.748708,23.572135,0.0],[120.749093,23.572172,0.0],[120.748932,23.57189,0.0],[120.74875,23.569289,0.0],[120.746179,23.568801,0.0],[120.746197,23.56797,0.0],[120.746051,23.567569,0.0],[120.746323,23.566892,0.0],[120.746858,23.564781,0.0],[120.747029,23.564504,0.0],[120.747635,23.564304,0.0],[120.747953,23.563799,0.0],[120.748374,23.563374,0.0],[120.748577,23.562632,0.0],[120.749119,23.561609,0.0],[120.749142,23.560533,0.0],[120.749344,23.56003,0.0],[120.749584,23.5597,0.0],[120.749501,23.559103,0.0],[120.749184,23.558523,0.0],[120.749137,23.558194,0.0],[120.747749,23.557242,0.0],[120.746939,23.556405,0.0],[120.746697,23.556395,0.0],[120.745871,23.555786,0.0],[120.74612,23.555312,0.0],[120.746639,23.554888,0.0],[120.746627,23.554591,0.0],[120.746951,23.554183,0.0],[120.747226,23.554031,0.0],[120.747919,23.553905,0.0],[120.748472,23.553537,0.0],[120.748755,23.553256,0.0],[120.749338,23.553047,0.0],[120.749892,23.552959,0.0],[120.750572,23.553051,0.0],[120.751049,23.552958,0.0],[120.754196,23.552058,0.0],[120.754908,23.552152,0.0],[120.755188,23.552409,0.0],[120.755618,23.552614,0.0],[120.755971,23.553031,0.0],[120.756894,23.553163,0.0],[120.757309,23.552985,0.0],[120.759651,23.552619,0.0],[120.760467,23.552353,0.0],[120.761308,23.55189,0.0],[120.761363,23.551497,0.0],[120.761508,23.551288,0.0],[120.761475,23.550841,0.0],[120.761863,23.550361,0.0],[120.762218,23.550145,0.0],[120.762273,23.550005,0.0],[120.762699,23.549903,0.0],[120.764164,23.54906,0.0],[120.764917,23.549806,0.0],[120.765342,23.55042,0.0],[120.765561,23.550931,0.0],[120.765575,23.551588,0.0],[120.765779,23.552177,0.0],[120.766169,23.552469,0.0],[120.766377,23.552807,0.0],[120.766621,23.553025,0.0],[120.7676,23.553336,0.0],[120.76822,23.553146,0.0],[120.769242,23.553116,0.0],[120.769746,23.552976,0.0],[120.769565,23.553207,0.0],[120.769214,23.553995,0.0],[120.769328,23.554222,0.0],[120.769388,23.554955,0.0],[120.76958,23.555335,0.0],[120.769796,23.556213,0.0],[120.769989,23.556441,0.0],[120.770518,23.556814,0.0],[120.770485,23.557212,0.0],[120.770558,23.5576,0.0],[120.771189,23.558051,0.0],[120.771349,23.558414,0.0],[120.772961,23.558371,0.0],[120.773683,23.558787,0.0],[120.77508,23.558931,0.0],[120.777327,23.55839,0.0],[120.778481,23.558688,0.0],[120.779387,23.559063,0.0],[120.779709,23.559557,0.0],[120.779857,23.560397,0.0],[120.779541,23.561499,0.0],[120.779816,23.562001,0.0],[120.780005,23.562648,0.0],[120.780264,23.563097,0.0],[120.779955,23.563511,0.0],[120.779459,23.563836,0.0],[120.779221,23.564304,0.0],[120.779243,23.564854,0.0],[120.779608,23.565377,0.0],[120.779605,23.565587,0.0],[120.780642,23.565342,0.0],[120.781764,23.56559,0.0],[120.782402,23.565652,0.0],[120.782844,23.565487,0.0],[120.783132,23.565138,0.0],[120.783564,23.564914,0.0],[120.784007,23.564807,0.0],[120.784166,23.564634,0.0],[120.784342,23.564623,0.0],[120.785437,23.564739,0.0],[120.785919,23.565023,0.0],[120.786752,23.565296,0.0],[120.787305,23.566011,0.0],[120.787639,23.566503,0.0],[120.788096,23.568061,0.0],[120.787801,23.568235,0.0],[120.787203,23.568264,0.0],[120.786745,23.568688,0.0],[120.78643,23.569168,0.0],[120.785713,23.569526,0.0],[120.784095,23.56943,0.0],[120.783814,23.569611,0.0],[120.78311,23.569633,0.0],[120.782975,23.5695,0.0],[120.782664,23.569422,0.0],[120.782998,23.570421,0.0],[120.783066,23.570845,0.0],[120.783548,23.571852,0.0],[120.783546,23.572249,0.0],[120.783364,23.572858,0.0],[120.783495,23.573553,0.0],[120.783468,23.574011,0.0],[120.784209,23.574919,0.0],[120.784196,23.575095,0.0],[120.784327,23.575326,0.0],[120.784378,23.575703,0.0],[120.785288,23.576937,0.0],[120.786019,23.577279,0.0],[120.786411,23.577326,0.0],[120.786554,23.577274,0.0],[120.786821,23.576798,0.0],[120.787037,23.576652,0.0],[120.787325,23.576778,0.0],[120.787601,23.57716,0.0],[120.787897,23.577409,0.0],[120.788483,23.577291,0.0],[120.788659,23.576955,0.0],[120.789147,23.576452,0.0],[120.789468,23.57665,0.0],[120.789939,23.576746,0.0],[120.790199,23.577225,0.0],[120.790604,23.577283,0.0],[120.790985,23.577475,0.0],[120.791494,23.577498,0.0],[120.792063,23.577953,0.0],[120.792244,23.577808,0.0],[120.792317,23.577829,0.0],[120.792573,23.578367,0.0],[120.793395,23.57922,0.0],[120.793142,23.579555,0.0],[120.793195,23.580775,0.0],[120.792864,23.581189,0.0],[120.793687,23.580963,0.0],[120.793867,23.58078,0.0],[120.794029,23.580784,0.0],[120.794404,23.580519,0.0],[120.794876,23.580516,0.0],[120.795295,23.580182,0.0],[120.795894,23.579844,0.0],[120.796285,23.579507,0.0],[120.796766,23.57889,0.0],[120.796894,23.578462,0.0],[120.797239,23.577826,0.0],[120.797685,23.577321,0.0],[120.798103,23.577307,0.0],[120.798092,23.577591,0.0],[120.79823,23.578194,0.0],[120.798957,23.578757,0.0],[120.799224,23.5791,0.0],[120.79932,23.57941,0.0],[120.799106,23.579896,0.0],[120.799124,23.580087,0.0],[120.799311,23.58031,0.0],[120.799327,23.58045,0.0],[120.799323,23.580776,0.0],[120.799139,23.581331,0.0],[120.799329,23.58213,0.0],[120.799632,23.582566,0.0],[120.800153,23.582779,0.0],[120.800463,23.583228,0.0],[120.800964,23.583401,0.0],[120.801382,23.583674,0.0],[120.801165,23.585406,0.0],[120.800944,23.585922,0.0],[120.80067,23.586171,0.0],[120.800358,23.586859,0.0],[120.800399,23.58718,0.0],[120.800293,23.587903,0.0],[120.800373,23.588371,0.0],[120.799743,23.588107,0.0],[120.798856,23.587993,0.0],[120.79824,23.58765,0.0],[120.797941,23.587598,0.0],[120.796199,23.587653,0.0],[120.795657,23.587814,0.0],[120.795206,23.587769,0.0],[120.794717,23.588029,0.0],[120.793548,23.588039,0.0],[120.793015,23.587971,0.0],[120.792286,23.588117,0.0],[120.792228,23.588422,0.0],[120.792558,23.588698,0.0],[120.792663,23.589618,0.0],[120.793188,23.590603,0.0],[120.793649,23.591031,0.0],[120.793779,23.591433,0.0],[120.793728,23.591541,0.0],[120.793997,23.591816,0.0],[120.793968,23.59196,0.0],[120.79447,23.592386,0.0],[120.79552,23.592561,0.0],[120.795959,23.592395,0.0],[120.79629,23.592629,0.0],[120.79663,23.593297,0.0],[120.797183,23.593845,0.0],[120.797179,23.594081,0.0],[120.797479,23.594347,0.0],[120.797543,23.594592,0.0],[120.797833,23.594548,0.0],[120.798069,23.594729,0.0],[120.798142,23.595352,0.0],[120.797915,23.595485,0.0],[120.797628,23.597026,0.0],[120.797247,23.5972,0.0],[120.796739,23.59689,0.0],[120.796198,23.596991,0.0],[120.796076,23.596905,0.0],[120.795468,23.59684,0.0],[120.794655,23.597094,0.0],[120.794948,23.597491,0.0],[120.794899,23.597672,0.0],[120.794628,23.597912,0.0],[120.794489,23.597921,0.0],[120.793679,23.598436,0.0],[120.793177,23.599092,0.0],[120.791768,23.60007,0.0],[120.79118,23.60077,0.0],[120.789825,23.601088,0.0],[120.789293,23.600988,0.0],[120.788893,23.601001,0.0],[120.78809,23.601064,0.0],[120.787317,23.60127,0.0],[120.786874,23.601279,0.0],[120.785771,23.601198,0.0],[120.784832,23.600836,0.0],[120.783694,23.600844,0.0],[120.783417,23.600727,0.0],[120.783172,23.60073,0.0],[120.782985,23.600843,0.0],[120.782519,23.600929,0.0],[120.782141,23.601137,0.0],[120.78162,23.601051,0.0],[120.781209,23.601077,0.0],[120.780565,23.601415,0.0],[120.779958,23.601437,0.0],[120.778023,23.602041,0.0],[120.777796,23.602037,0.0],[120.777591,23.602138,0.0],[120.777381,23.602364,0.0],[120.777147,23.602892,0.0],[120.7769,23.60392,0.0],[120.775997,23.604399,0.0],[120.775582,23.604789,0.0],[120.775031,23.60488,0.0],[120.774778,23.605118,0.0],[120.774031,23.605279,0.0],[120.773587,23.605701,0.0],[120.77344,23.605753,0.0],[120.772576,23.605481,0.0],[120.772416,23.605588,0.0],[120.772262,23.605876,0.0],[120.770655,23.606001,0.0],[120.770192,23.605951,0.0],[120.769784,23.606242,0.0],[120.769695,23.606848,0.0],[120.768849,23.606579,0.0],[120.769636,23.606908,0.0],[120.76982,23.60764,0.0],[120.769746,23.607926,0.0],[120.769583,23.608154,0.0],[120.768731,23.608522,0.0],[120.767721,23.60951,0.0],[120.76693,23.609434,0.0],[120.766647,23.609542,0.0],[120.766478,23.609698,0.0],[120.766046,23.610616,0.0],[120.765679,23.610656,0.0],[120.765489,23.610749,0.0],[120.765387,23.611139,0.0],[120.764928,23.611596,0.0],[120.76481,23.611892,0.0],[120.763847,23.612355,0.0],[120.763138,23.613179,0.0],[120.761949,23.613362,0.0],[120.761801,23.613572,0.0],[120.761593,23.614207,0.0],[120.760423,23.613146,0.0],[120.759792,23.613088,0.0],[120.759529,23.613158,0.0],[120.759211,23.613357,0.0],[120.75818,23.614289,0.0],[120.757953,23.614329,0.0],[120.75769,23.614534,0.0],[120.757335,23.614578,0.0],[120.756778,23.61485,0.0],[120.756023,23.61492,0.0],[120.755726,23.61485,0.0],[120.755316,23.614634,0.0],[120.755158,23.614671,0.0],[120.75508,23.614799,0.0],[120.754814,23.614833,0.0],[120.754668,23.614996,0.0],[120.75434,23.615063,0.0],[120.75353,23.614726,0.0],[120.753292,23.614749,0.0],[120.752628,23.615029,0.0],[120.752462,23.615023,0.0],[120.75162,23.614665,0.0],[120.750684,23.614648,0.0],[120.750418,23.614442,0.0],[120.750078,23.614329,0.0],[120.749965,23.614087,0.0],[120.749565,23.613764,0.0],[120.749146,23.612946,0.0],[120.748775,23.612586,0.0],[120.748661,23.612312,0.0],[120.74768,23.611874,0.0],[120.747158,23.611749,0.0],[120.746289,23.611929,0.0],[120.746153,23.612255,0.0],[120.74597,23.612333,0.0],[120.745401,23.612272,0.0],[120.744832,23.612377,0.0],[120.743816,23.612391,0.0],[120.743593,23.612455,0.0],[120.743261,23.612209,0.0],[120.742962,23.612326,0.0],[120.741926,23.61248,0.0],[120.740776,23.612069,0.0],[120.740766,23.611935,0.0],[120.739663,23.610912,0.0],[120.739247,23.610377,0.0],[120.738651,23.610055,0.0],[120.73781,23.60996,0.0],[120.735817,23.610297,0.0],[120.735657,23.610488,0.0],[120.735314,23.610445,0.0],[120.734766,23.610832,0.0],[120.734297,23.61073,0.0],[120.734183,23.610568,0.0],[120.733611,23.610438,0.0],[120.732673,23.610833,0.0],[120.732129,23.610585,0.0],[120.731742,23.610549,0.0],[120.731328,23.610601,0.0],[120.731051,23.610741,0.0],[120.730876,23.610932,0.0],[120.730567,23.610887,0.0],[120.730705,23.611557,0.0],[120.73081,23.611679,0.0],[120.730993,23.613288,0.0],[120.730822,23.613717,0.0],[120.730823,23.61449,0.0],[120.730757,23.614734,0.0],[120.730422,23.615122,0.0],[120.730556,23.61555,0.0],[120.73041,23.615856,0.0],[120.7308,23.617175,0.0],[120.730603,23.617892,0.0],[120.730826,23.618425,0.0],[120.730584,23.619168,0.0],[120.730364,23.618984,0.0],[120.72983,23.619451,0.0],[120.729354,23.61958,0.0],[120.728752,23.620041,0.0],[120.728001,23.620147,0.0],[120.727169,23.62043,0.0],[120.727122,23.620612,0.0],[120.727188,23.621052,0.0],[120.726594,23.621711,0.0],[120.725708,23.62173,0.0],[120.72543,23.621663,0.0],[120.725145,23.621481,0.0],[120.724838,23.621477,0.0],[120.724437,23.621893,0.0],[120.723868,23.622142,0.0],[120.723717,23.622374,0.0],[120.723725,23.622603,0.0],[120.722846,23.623601,0.0],[120.722662,23.62403,0.0],[120.722298,23.62437,0.0],[120.721733,23.625224,0.0],[120.721518,23.625244,0.0],[120.721015,23.625675,0.0],[120.721049,23.625926,0.0],[120.720697,23.626485,0.0],[120.720623,23.626758,0.0],[120.720074,23.627072,0.0],[120.719928,23.627475,0.0],[120.720439,23.627892,0.0],[120.720024,23.628292,0.0],[120.719968,23.628467,0.0],[120.719733,23.628432,0.0],[120.719643,23.628793,0.0],[120.718661,23.630094,0.0],[120.718114,23.629809,0.0],[120.717251,23.629516,0.0],[120.716864,23.62953,0.0],[120.716671,23.62946,0.0],[120.716316,23.629572,0.0],[120.716177,23.62947,0.0],[120.715993,23.629668,0.0],[120.716357,23.628889,0.0],[120.717014,23.628198,0.0],[120.717158,23.627325,0.0],[120.71746,23.627085,0.0],[120.717615,23.626728,0.0],[120.718054,23.626707,0.0],[120.718465,23.62636,0.0],[120.718608,23.626101,0.0],[120.718555,23.625409,0.0],[120.719074,23.624957,0.0],[120.719254,23.624902,0.0],[120.719444,23.624626,0.0],[120.719669,23.624633,0.0],[120.720043,23.624454,0.0],[120.720155,23.624246,0.0],[120.719971,23.623779,0.0],[120.720077,23.623434,0.0],[120.720424,23.623115,0.0],[120.720542,23.62309,0.0],[120.72063,23.622658,0.0],[120.720847,23.622515,0.0],[120.720932,23.622277,0.0],[120.721182,23.622056,0.0],[120.721147,23.621619,0.0],[120.72122,23.621402,0.0],[120.721102,23.621247,0.0],[120.721121,23.621136,0.0],[120.721261,23.620919,0.0],[120.721584,23.620679,0.0],[120.721153,23.620026,0.0],[120.72126,23.61988,0.0],[120.721167,23.619559,0.0],[120.721322,23.618974,0.0],[120.721734,23.618601,0.0],[120.721951,23.618245,0.0],[120.722198,23.618128,0.0],[120.722275,23.617922,0.0],[120.722819,23.617837,0.0],[120.722937,23.617624,0.0],[120.723007,23.617621,0.0],[120.723015,23.617395,0.0],[120.722816,23.616996,0.0],[120.72274,23.616967,0.0],[120.722694,23.616758,0.0],[120.722367,23.616519,0.0],[120.722315,23.616271,0.0],[120.721369,23.615888,0.0],[120.721048,23.615624,0.0],[120.721084,23.615248,0.0],[120.721345,23.614551,0.0],[120.720821,23.613708,0.0],[120.719757,23.613296,0.0],[120.719322,23.613446,0.0],[120.719091,23.613395,0.0],[120.719124,23.613266,0.0],[120.719377,23.613105,0.0],[120.71901,23.613105,0.0],[120.719209,23.613003,0.0],[120.71922,23.612836,0.0],[120.718959,23.612675,0.0],[120.718962,23.612735,0.0],[120.718739,23.612384,0.0],[120.718676,23.611654,0.0],[120.717651,23.611144,0.0],[120.716615,23.61038,0.0],[120.715509,23.610122,0.0],[120.714921,23.609851,0.0],[120.71457,23.609515,0.0],[120.714392,23.608667,0.0],[120.714336,23.607751,0.0],[120.714198,23.6074,0.0],[120.714181,23.607156,0.0],[120.714298,23.606825,0.0],[120.713441,23.605829,0.0],[120.71237,23.605115,0.0],[120.712106,23.604638,0.0],[120.711934,23.603551,0.0],[120.711781,23.603089,0.0],[120.711843,23.60297,0.0],[120.711691,23.602833,0.0],[120.711378,23.602227,0.0],[120.711678,23.601719,0.0],[120.711428,23.601199,0.0],[120.710913,23.600704,0.0],[120.710616,23.599821,0.0],[120.710477,23.599624,0.0],[120.708846,23.598995,0.0],[120.708519,23.598722,0.0],[120.708429,23.598603,0.0],[120.708455,23.598515,0.0],[120.708353,23.598451,0.0],[120.708148,23.597115,0.0],[120.708196,23.596921,0.0],[120.708436,23.596662,0.0],[120.708488,23.596364,0.0],[120.708305,23.59598,0.0],[120.708205,23.595479,0.0],[120.707908,23.595363,0.0],[120.707327,23.595277,0.0],[120.707076,23.59508,0.0],[120.706758,23.595101,0.0],[120.706092,23.594872,0.0],[120.705621,23.594526,0.0],[120.705211,23.594364,0.0],[120.704974,23.594072,0.0],[120.70457,23.592912,0.0],[120.704352,23.591446,0.0],[120.703934,23.590679,0.0],[120.703434,23.590126,0.0],[120.70334,23.589524,0.0],[120.702981,23.588979,0.0],[120.702959,23.587895,0.0],[120.702807,23.587053,0.0],[120.702649,23.586717,0.0],[120.70321,23.58613,0.0],[120.703666,23.585282,0.0],[120.703677,23.585133,0.0],[120.703507,23.584612,0.0],[120.702762,23.583746,0.0],[120.70249,23.583075,0.0],[120.702102,23.582719,0.0],[120.701622,23.581829,0.0],[120.701624,23.581589,0.0],[120.701811,23.581103,0.0],[120.701769,23.580515,0.0],[120.702163,23.579539,0.0],[120.701922,23.579171,0.0],[120.701897,23.578791,0.0],[120.701696,23.578296,0.0],[120.70276,23.578255,0.0],[120.70289,23.577989,0.0],[120.702794,23.577869,0.0],[120.703332,23.577152,0.0],[120.703431,23.576249,0.0],[120.70381,23.576131,0.0],[120.704028,23.576296,0.0],[120.704123,23.576613,0.0],[120.704416,23.576724,0.0],[120.704735,23.577139,0.0],[120.705498,23.577281,0.0],[120.706362,23.577973,0.0],[120.706752,23.577823,0.0],[120.707507,23.57817,0.0],[120.707657,23.578367,0.0],[120.707561,23.578637,0.0],[120.707599,23.578705,0.0],[120.708436,23.579296,0.0],[120.708578,23.579295,0.0],[120.709094,23.578516,0.0],[120.70947,23.578136,0.0],[120.708932,23.577368,0.0],[120.708712,23.577352,0.0],[120.708286,23.577037,0.0],[120.708217,23.576508,0.0],[120.708016,23.576307,0.0],[120.707835,23.576256,0.0],[120.707629,23.575416,0.0],[120.708112,23.575552,0.0],[120.708353,23.575705,0.0],[120.708667,23.575718,0.0],[120.709427,23.57551,0.0],[120.709884,23.575165,0.0],[120.710011,23.574705,0.0],[120.710141,23.572628,0.0],[120.710557,23.571734,0.0],[120.710872,23.571291,0.0],[120.711361,23.571198,0.0],[120.712501,23.571304,0.0],[120.712955,23.571432,0.0],[120.713245,23.571694,0.0],[120.713398,23.571723,0.0],[120.713686,23.571638,0.0],[120.713848,23.571676,0.0],[120.714084,23.571401,0.0],[120.71448,23.571589,0.0],[120.715396,23.571227,0.0],[120.716695,23.571262,0.0],[120.71709,23.571134,0.0],[120.717626,23.570791,0.0],[120.718034,23.570247,0.0],[120.718314,23.569444,0.0],[120.718568,23.569268,0.0],[120.718865,23.569224,0.0],[120.719214,23.569597,0.0],[120.719513,23.570076,0.0],[120.719728,23.57061,0.0],[120.720356,23.571016,0.0],[120.720982,23.571638,0.0],[120.721683,23.571822,0.0],[120.722124,23.572109,0.0],[120.722761,23.572115,0.0],[120.723595,23.57239,0.0],[120.724376,23.572049,0.0],[120.72512,23.571992,0.0],[120.725749,23.571765,0.0],[120.726184,23.571406,0.0],[120.726804,23.570661,0.0],[120.72719,23.570537,0.0],[120.727862,23.570563,0.0],[120.730071,23.570888,0.0],[120.733214,23.571115,0.0],[120.735247,23.570725,0.0],[120.736876,23.570573,0.0],[120.737545,23.570224,0.0],[120.737491,23.570913,0.0],[120.737868,23.571164,0.0],[120.738308,23.571089,0.0],[120.73891,23.571491,0.0],[120.73955,23.572124,0.0],[120.739557,23.572463,0.0],[120.7401,23.572802,0.0],[120.740247,23.573016,0.0],[120.739645,23.572567,0.0],[120.739272,23.572503,0.0],[120.738541,23.57189,0.0],[120.738279,23.571519,0.0],[120.737936,23.571275,0.0],[120.735132,23.571139,0.0],[120.734722,23.571281,0.0],[120.734433,23.571559,0.0],[120.73376,23.571789,0.0],[120.733362,23.571712,0.0],[120.732769,23.571855,0.0],[120.732242,23.571692,0.0],[120.731211,23.571566,0.0],[120.730686,23.571021,0.0],[120.729378,23.570926,0.0],[120.728799,23.570988,0.0],[120.728219,23.570876,0.0],[120.727745,23.570934,0.0],[120.72742,23.57085,0.0],[120.727204,23.570972,0.0],[120.726801,23.571434,0.0],[120.726534,23.571914,0.0],[120.72611,23.572125,0.0],[120.725298,23.572346,0.0],[120.725081,23.572553,0.0],[120.724042,23.57284,0.0],[120.723462,23.572902,0.0],[120.723166,23.572755,0.0],[120.723068,23.572816,0.0],[120.723383,23.573098,0.0],[120.723615,23.5732,0.0],[120.723758,23.573162,0.0],[120.723828,23.573363,0.0],[120.723983,23.573436,0.0],[120.724156,23.573352,0.0],[120.724148,23.573258,0.0],[120.723938,23.573099,0.0],[120.725177,23.572688,0.0],[120.725265,23.573204,0.0],[120.726059,23.573205,0.0],[120.726386,23.572604,0.0],[120.726288,23.572443,0.0],[120.72667,23.572244,0.0],[120.727358,23.57139,0.0],[120.72808,23.571213,0.0],[120.729441,23.571527,0.0],[120.730027,23.571575,0.0],[120.730666,23.571924,0.0],[120.730973,23.571886,0.0],[120.73147,23.572295,0.0],[120.731705,23.572257,0.0],[120.732197,23.572021,0.0],[120.732504,23.57215,0.0],[120.732799,23.572115,0.0],[120.733376,23.572346,0.0],[120.733687,23.572324,0.0],[120.733975,23.572225,0.0],[120.734246,23.572016,0.0],[120.73514,23.571661,0.0],[120.73548,23.571636,0.0],[120.735648,23.571905,0.0],[120.735888,23.571784,0.0],[120.736532,23.571717,0.0],[120.737133,23.571465,0.0],[120.737318,23.571583,0.0],[120.737591,23.571554,0.0],[120.737942,23.571634,0.0],[120.738153,23.571898,0.0],[120.738357,23.571957,0.0],[120.738567,23.572296,0.0],[120.738867,23.572543,0.0],[120.739652,23.572935,0.0],[120.740172,23.573359,0.0],[120.740706,23.573541,0.0],[120.740942,23.574174,0.0],[120.741227,23.574472,0.0],[120.741758,23.574713,0.0],[120.742292,23.574817,0.0],[120.742348,23.575222,0.0],[120.74273,23.575227,0.0],[120.743369,23.575476,0.0],[120.743475,23.575605,0.0],[120.743464,23.575781,0.0],[120.744418,23.576513,0.0],[120.745254,23.576431,0.0],[120.745185,23.576735,0.0],[120.745345,23.577146,0.0],[120.745353,23.577607,0.0],[120.745536,23.578498,0.0],[120.745799,23.578941,0.0],[120.745851,23.57947,0.0],[120.745638,23.579898,0.0],[120.745529,23.580354,0.0],[120.745579,23.581434,0.0],[120.746161,23.58177,0.0],[120.74642,23.582083,0.0],[120.746453,23.582467,0.0],[120.74655,23.58268,0.0],[120.746539,23.583032,0.0],[120.746939,23.583639,0.0],[120.747206,23.583802,0.0],[120.747618,23.583894,0.0],[120.747955,23.584139,0.0],[120.748388,23.585328,0.0],[120.748194,23.585706,0.0],[120.748188,23.586394,0.0],[120.748034,23.586813,0.0],[120.747469,23.587195,0.0],[120.747242,23.587579,0.0],[120.746999,23.588409,0.0],[120.74709,23.588956,0.0],[120.746808,23.589872,0.0],[120.746502,23.590255,0.0],[120.746452,23.590634,0.0]],[[120.744162,23.591798,0.0],[120.74444,23.591844,0.0],[120.744485,23.591681,0.0],[120.744424,23.591515,0.0],[120.744577,23.591262,0.0],[120.74455,23.591026,0.0],[120.744413,23.591031,0.0],[120.744261,23.591218,0.0],[120.744035,23.591266,0.0],[120.743824,23.591785,0.0],[120.743884,23.591923,0.0],[120.74405,23.591927,0.0],[120.744162,23.591798,0.0]],[[120.765961,23.604601,0.0],[120.766693,23.605248,0.0],[120.766649,23.6051,0.0],[120.766081,23.60468,0.0],[120.765395,23.603985,0.0],[120.765961,23.604601,0.0]],[[120.764912,23.603051,0.0],[120.764945,23.603155,0.0],[120.764925,23.603073,0.0],[120.764855,23.602945,0.0],[120.764813,23.602898,0.0],[120.764912,23.603051,0.0]],[[120.764631,23.602689,0.0],[120.764616,23.602678,0.0],[120.764642,23.602702,0.0],[120.764631,23.602689,0.0]],[[120.763918,23.602267,0.0],[120.763711,23.60224,0.0],[120.764061,23.602339,0.0],[120.764269,23.60244,0.0],[120.763918,23.602267,0.0]],[[120.761507,23.601693,0.0],[120.761068,23.601682,0.0],[120.761404,23.601736,0.0],[120.761731,23.601888,0.0],[120.761507,23.601693,0.0]],[[120.760477,23.601393,0.0],[120.760068,23.601247,0.0],[120.760613,23.601633,0.0],[120.760826,23.601695,0.0],[120.760477,23.601393,0.0]],[[120.759053,23.599549,0.0],[120.758858,23.5989,0.0],[120.758905,23.599245,0.0],[120.759093,23.599894,0.0],[120.759053,23.599549,0.0]],[[120.757684,23.596357,0.0],[120.757858,23.597723,0.0],[120.758117,23.598258,0.0],[120.758422,23.598385,0.0],[120.758134,23.598088,0.0],[120.757841,23.597436,0.0],[120.757793,23.597199,0.0],[120.757852,23.596722,0.0],[120.757684,23.596357,0.0]],[[120.758812,23.578921,0.0],[120.759396,23.579568,0.0],[120.759721,23.580407,0.0],[120.760703,23.581186,0.0],[120.76179,23.580571,0.0],[120.762491,23.581217,0.0],[120.7628,23.580802,0.0],[120.764196,23.580812,0.0],[120.765202,23.580982,0.0],[120.765337,23.581136,0.0],[120.766707,23.580946,0.0],[120.767452,23.581929,0.0],[120.767436,23.581614,0.0],[120.76728,23.581253,0.0],[120.766963,23.580832,0.0],[120.766887,23.580416,0.0],[120.765865,23.579372,0.0],[120.765734,23.578141,0.0],[120.76476,23.578039,0.0],[120.763986,23.578099,0.0],[120.763632,23.578048,0.0],[120.763068,23.578176,0.0],[120.76287,23.578332,0.0],[120.762688,23.578669,0.0],[120.762021,23.579018,0.0],[120.761201,23.578978,0.0],[120.760739,23.578725,0.0],[120.759187,23.578878,0.0],[120.758822,23.578738,0.0],[120.758812,23.578921,0.0]],[[120.760137,23.577799,0.0],[120.760379,23.577593,0.0],[120.760174,23.577389,0.0],[120.759909,23.577534,0.0],[120.760137,23.577799,0.0]],[[120.75215,23.571829,0.0],[120.75185,23.571853,0.0],[120.751566,23.571753,0.0],[120.751481,23.571852,0.0],[120.751312,23.571816,0.0],[120.751722,23.572301,0.0],[120.752213,23.57242,0.0],[120.752259,23.572687,0.0],[120.752556,23.572878,0.0],[120.752646,23.57319,0.0],[120.752822,23.573312,0.0],[120.752956,23.573565,0.0],[120.753161,23.574431,0.0],[120.753589,23.57517,0.0],[120.753496,23.57543,0.0],[120.753555,23.575476,0.0],[120.753833,23.575202,0.0],[120.754071,23.574541,0.0],[120.753775,23.574079,0.0],[120.753639,23.574108,0.0],[120.753569,23.573976,0.0],[120.753683,23.572941,0.0],[120.752882,23.572625,0.0],[120.752687,23.572484,0.0],[120.752759,23.572324,0.0],[120.752588,23.572189,0.0],[120.752497,23.571912,0.0],[120.752396,23.571964,0.0],[120.75215,23.571829,0.0]],[[120.753313,23.575637,0.0],[120.753109,23.575649,0.0],[120.752818,23.575839,0.0],[120.753037,23.575991,0.0],[120.753313,23.575637,0.0]],[[120.752743,23.577126,0.0],[120.752468,23.577434,0.0],[120.752962,23.577842,0.0],[120.753138,23.577496,0.0],[120.752743,23.577126,0.0]],[[120.752179,23.576596,0.0],[120.752983,23.576022,0.0],[120.752782,23.575889,0.0],[120.752109,23.576545,0.0],[120.752179,23.576596,0.0]],[[120.752559,23.578924,0.0],[120.752562,23.578647,0.0],[120.752163,23.578437,0.0],[120.751761,23.578746,0.0],[120.751785,23.578949,0.0],[120.752166,23.579047,0.0],[120.752559,23.578924,0.0]],[[120.752278,23.576711,0.0],[120.751962,23.576779,0.0],[120.751959,23.576994,0.0],[120.752354,23.576822,0.0],[120.752278,23.576711,0.0]],[[120.750934,23.565416,0.0],[120.750989,23.565264,0.0],[120.750745,23.564958,0.0],[120.750388,23.565034,0.0],[120.750624,23.565202,0.0],[120.750686,23.565448,0.0],[120.750934,23.565416,0.0]],[[120.749583,23.565731,0.0],[120.749764,23.56554,0.0],[120.749578,23.565499,0.0],[120.749482,23.565353,0.0],[120.749327,23.56553,0.0],[120.749383,23.565748,0.0],[120.749459,23.565666,0.0],[120.749583,23.565731,0.0]],[[120.747223,23.593271,0.0],[120.747685,23.593542,0.0],[120.74782,23.593486,0.0],[120.747797,23.593105,0.0],[120.747516,23.592991,0.0],[120.747206,23.593034,0.0],[120.747223,23.593271,0.0]],[[120.746444,23.583997,0.0],[120.746616,23.584482,0.0],[120.746789,23.58448,0.0],[120.74687,23.584197,0.0],[120.747005,23.584073,0.0],[120.746961,23.58388,0.0],[120.746669,23.583898,0.0],[120.74652,23.583709,0.0],[120.746206,23.583737,0.0],[120.746182,23.583873,0.0],[120.746444,23.583997,0.0]],[[120.746277,23.583583,0.0],[120.74641,23.583274,0.0],[120.746289,23.583194,0.0],[120.746174,23.582806,0.0],[120.745798,23.583046,0.0],[120.745554,23.583099,0.0],[120.745438,23.583236,0.0],[120.745651,23.583419,0.0],[120.745753,23.583353,0.0],[120.745902,23.583387,0.0],[120.745962,23.583555,0.0],[120.746277,23.583583,0.0]],[[120.745005,23.590389,0.0],[120.745258,23.590484,0.0],[120.745458,23.59041,0.0],[120.745381,23.590168,0.0],[120.745026,23.590138,0.0],[120.74502,23.590055,0.0],[120.744759,23.589849,0.0],[120.744569,23.590016,0.0],[120.744526,23.590298,0.0],[120.744667,23.590427,0.0],[120.745005,23.590389,0.0]],[[120.7446,23.584385,0.0],[120.744522,23.584466,0.0],[120.744574,23.58476,0.0],[120.744505,23.584999,0.0],[120.744933,23.585152,0.0],[120.745035,23.584874,0.0],[120.745021,23.584526,0.0],[120.744723,23.584376,0.0],[120.7446,23.584385,0.0]],[[120.742582,23.586957,0.0],[120.742285,23.587127,0.0],[120.741973,23.58717,0.0],[120.742232,23.587459,0.0],[120.742633,23.587363,0.0],[120.742826,23.587673,0.0],[120.74329,23.587785,0.0],[120.74338,23.588058,0.0],[120.743076,23.588072,0.0],[120.743034,23.587889,0.0],[120.742375,23.587968,0.0],[120.741664,23.588383,0.0],[120.742504,23.58854,0.0],[120.743331,23.589265,0.0],[120.743719,23.589105,0.0],[120.743986,23.588767,0.0],[120.744213,23.58875,0.0],[120.744354,23.588507,0.0],[120.744585,23.588399,0.0],[120.744675,23.588141,0.0],[120.744244,23.587814,0.0],[120.744247,23.58752,0.0],[120.744574,23.587334,0.0],[120.744148,23.586766,0.0],[120.743762,23.586693,0.0],[120.743129,23.58706,0.0],[120.742582,23.586957,0.0]],[[120.74394,23.577894,0.0],[120.743896,23.578176,0.0],[120.743717,23.578381,0.0],[120.743888,23.578798,0.0],[120.744372,23.578953,0.0],[120.744598,23.578841,0.0],[120.744641,23.578436,0.0],[120.744199,23.57776,0.0],[120.74394,23.577894,0.0]],[[120.744339,23.585131,0.0],[120.744201,23.585047,0.0],[120.744376,23.584733,0.0],[120.744234,23.584646,0.0],[120.744133,23.584733,0.0],[120.744009,23.584712,0.0],[120.743843,23.584513,0.0],[120.743703,23.584666,0.0],[120.743879,23.584841,0.0],[120.744048,23.585309,0.0],[120.744125,23.585309,0.0],[120.744124,23.585472,0.0],[120.74425,23.585479,0.0],[120.744339,23.585131,0.0]],[[120.741434,23.600485,0.0],[120.74119,23.600223,0.0],[120.740862,23.600024,0.0],[120.739376,23.600626,0.0],[120.738092,23.601505,0.0],[120.738887,23.601842,0.0],[120.739816,23.601793,0.0],[120.740552,23.601184,0.0],[120.740998,23.6012,0.0],[120.741757,23.600587,0.0],[120.741434,23.600485,0.0]],[[120.739788,23.578956,0.0],[120.740081,23.578598,0.0],[120.739643,23.57853,0.0],[120.739352,23.578596,0.0],[120.739191,23.578859,0.0],[120.739496,23.579018,0.0],[120.739788,23.578956,0.0]],[[120.738251,23.581598,0.0],[120.738454,23.581409,0.0],[120.73848,23.580872,0.0],[120.737868,23.580932,0.0],[120.737728,23.581462,0.0],[120.737529,23.581719,0.0],[120.737871,23.581708,0.0],[120.738251,23.581598,0.0]],[[120.734908,23.577619,0.0],[120.73505,23.577505,0.0],[120.734706,23.577274,0.0],[120.734574,23.577438,0.0],[120.734908,23.577619,0.0]],[[120.725419,23.574309,0.0],[120.725806,23.574224,0.0],[120.725761,23.573904,0.0],[120.725495,23.573867,0.0],[120.725452,23.573989,0.0],[120.725257,23.574085,0.0],[120.725419,23.574309,0.0]],[[120.725371,23.583849,0.0],[120.725195,23.583808,0.0],[120.7249,23.583183,0.0],[120.724648,23.583206,0.0],[120.724428,23.583644,0.0],[120.7247,23.58417,0.0],[120.724978,23.584521,0.0],[120.725642,23.584464,0.0],[120.725735,23.584246,0.0],[120.725649,23.584111,0.0],[120.725507,23.584155,0.0],[120.725371,23.583849,0.0]],[[120.724846,23.58481,0.0],[120.724557,23.58534,0.0],[120.724724,23.58566,0.0],[120.72495,23.585678,0.0],[120.725132,23.584833,0.0],[120.724846,23.58481,0.0]],[[120.722265,23.584309,0.0],[120.722245,23.584484,0.0],[120.722501,23.584552,0.0],[120.722705,23.584388,0.0],[120.72272,23.584123,0.0],[120.722265,23.584309,0.0]],[[120.720115,23.575768,0.0],[120.719927,23.575664,0.0],[120.719831,23.575772,0.0],[120.719426,23.575668,0.0],[120.719283,23.575994,0.0],[120.71938,23.5763,0.0],[120.719352,23.576504,0.0],[120.71958,23.576796,0.0],[120.719594,23.577666,0.0],[120.720094,23.578139,0.0],[120.720421,23.579479,0.0],[120.721672,23.580255,0.0],[120.722061,23.577452,0.0],[120.722233,23.577157,0.0],[120.722083,23.577057,0.0],[120.721944,23.577249,0.0],[120.721974,23.577335,0.0],[120.721278,23.57744,0.0],[120.721231,23.577392,0.0],[120.721501,23.57709,0.0],[120.721499,23.576829,0.0],[120.720742,23.576595,0.0],[120.720717,23.576377,0.0],[120.720467,23.576194,0.0],[120.720533,23.575728,0.0],[120.720115,23.575768,0.0]],[[120.719519,23.592096,0.0],[120.719354,23.592375,0.0],[120.719554,23.592736,0.0],[120.719775,23.592288,0.0],[120.71964,23.592289,0.0],[120.719519,23.592096,0.0]],[[120.71902,23.591896,0.0],[120.719187,23.591663,0.0],[120.71906,23.591349,0.0],[120.718797,23.591676,0.0],[120.71902,23.591896,0.0]],[[120.718806,23.588653,0.0],[120.718429,23.588195,0.0],[120.718045,23.588204,0.0],[120.717127,23.589695,0.0],[120.717475,23.590248,0.0],[120.718784,23.590222,0.0],[120.718806,23.588653,0.0]],[[120.718104,23.590631,0.0],[120.718007,23.591058,0.0],[120.718299,23.591212,0.0],[120.71852,23.590942,0.0],[120.718356,23.590496,0.0],[120.718104,23.590631,0.0]],[[120.71354,23.591224,0.0],[120.713501,23.591491,0.0],[120.713834,23.591658,0.0],[120.714097,23.591999,0.0],[120.713447,23.592646,0.0],[120.714094,23.593685,0.0],[120.714205,23.593792,0.0],[120.714391,23.593815,0.0],[120.714867,23.593538,0.0],[120.71496,23.592827,0.0],[120.714539,23.591347,0.0],[120.714193,23.591253,0.0],[120.713972,23.591325,0.0],[120.71354,23.591224,0.0]],[[120.713762,23.58482,0.0],[120.713898,23.584892,0.0],[120.714318,23.584556,0.0],[120.7145,23.584595,0.0],[120.714626,23.583754,0.0],[120.714725,23.58356,0.0],[120.714651,23.583095,0.0],[120.714435,23.582838,0.0],[120.714012,23.582811,0.0],[120.713542,23.582921,0.0],[120.713388,23.582624,0.0],[120.712716,23.582599,0.0],[120.712683,23.582952,0.0],[120.712846,23.582959,0.0],[120.713006,23.583366,0.0],[120.713362,23.583446,0.0],[120.713817,23.58424,0.0],[120.713762,23.58482,0.0]],[[120.711387,23.583232,0.0],[120.711567,23.583021,0.0],[120.711387,23.582115,0.0],[120.711024,23.582156,0.0],[120.710918,23.582078,0.0],[120.710745,23.582192,0.0],[120.71074,23.582509,0.0],[120.710625,23.582628,0.0],[120.710839,23.582716,0.0],[120.711387,23.583232,0.0]],[[120.708857,23.582985,0.0],[120.709056,23.583242,0.0],[120.7091,23.58372,0.0],[120.709445,23.583996,0.0],[120.709607,23.584429,0.0],[120.710119,23.584615,0.0],[120.710924,23.584078,0.0],[120.71045,23.584013,0.0],[120.710129,23.58415,0.0],[120.71,23.583925,0.0],[120.709413,23.583338,0.0],[120.709375,23.583067,0.0],[120.709466,23.58306,0.0],[120.70934,23.582397,0.0],[120.709383,23.582023,0.0],[120.709087,23.581629,0.0],[120.709303,23.581147,0.0],[120.708441,23.58097,0.0],[120.708135,23.580201,0.0],[120.708147,23.579855,0.0],[120.707879,23.579851,0.0],[120.707823,23.579724,0.0],[120.707595,23.579764,0.0],[120.707259,23.580328,0.0],[120.707151,23.580785,0.0],[120.707458,23.581121,0.0],[120.707505,23.581275,0.0],[120.707694,23.581329,0.0],[120.707844,23.581702,0.0],[120.708039,23.581667,0.0],[120.708116,23.581361,0.0],[120.70842,23.581254,0.0],[120.708857,23.582985,0.0]],[[120.708471,23.583554,0.0],[120.708771,23.583774,0.0],[120.708829,23.58356,0.0],[120.708567,23.583381,0.0],[120.708471,23.583554,0.0]],[[120.708198,23.582889,0.0],[120.708396,23.583073,0.0],[120.708582,23.583057,0.0],[120.708278,23.582651,0.0],[120.708344,23.582158,0.0],[120.708002,23.581991,0.0],[120.707677,23.582617,0.0],[120.70817,23.58297,0.0],[120.708198,23.582889,0.0]],[[120.707584,23.579395,0.0],[120.707599,23.579716,0.0],[120.707799,23.579667,0.0],[120.707803,23.579427,0.0],[120.707584,23.579395,0.0]],[[120.707206,23.578235,0.0],[120.707218,23.578474,0.0],[120.70737,23.57857,0.0],[120.707501,23.578489,0.0],[120.707331,23.578234,0.0],[120.707206,23.578235,0.0]]],[[[120.653954,23.664583,0.0],[120.654178,23.664601,0.0],[120.655076,23.665796,0.0],[120.655126,23.666073,0.0],[120.654885,23.666155,0.0],[120.654985,23.66672,0.0],[120.65525,23.666695,0.0],[120.655405,23.667558,0.0],[120.655493,23.66867,0.0],[120.655608,23.66884,0.0],[120.656333,23.669264,0.0],[120.656467,23.669639,0.0],[120.655764,23.66969,0.0],[120.655757,23.6696,0.0],[120.655271,23.669664,0.0],[120.654493,23.669622,0.0],[120.653541,23.669351,0.0],[120.653027,23.6694,0.0],[120.653056,23.668523,0.0],[120.652977,23.668104,0.0],[120.652463,23.667363,0.0],[120.652033,23.666939,0.0],[120.651834,23.666567,0.0],[120.651709,23.665338,0.0],[120.652105,23.663186,0.0],[120.652228,23.66314,0.0],[120.652583,23.663196,0.0],[120.652911,23.663333,0.0],[120.653212,23.664164,0.0],[120.653335,23.664225,0.0],[120.653853,23.664222,0.0],[120.653954,23.664583,0.0]]],[[[120.85687,23.814437,0.0],[120.857496,23.814093,0.0],[120.857371,23.814257,0.0],[120.857356,23.814432,0.0],[120.857845,23.81481,0.0],[120.858757,23.814808,0.0],[120.85958,23.815071,0.0],[120.860206,23.815383,0.0],[120.860148,23.815534,0.0],[120.859551,23.815353,0.0],[120.858518,23.815348,0.0],[120.85814,23.815596,0.0],[120.857771,23.816416,0.0],[120.857653,23.816503,0.0],[120.857327,23.816551,0.0],[120.857331,23.81661,0.0],[120.857214,23.816595,0.0],[120.85633,23.815682,0.0],[120.856155,23.815249,0.0],[120.85631,23.815089,0.0],[120.856139,23.814819,0.0],[120.856077,23.814417,0.0],[120.856566,23.814113,0.0],[120.856644,23.814115,0.0],[120.856583,23.814435,0.0],[120.85687,23.814437,0.0]]],[[[120.636176,23.831593,0.0],[120.636944,23.831441,0.0],[120.636948,23.831378,0.0],[120.638509,23.831379,0.0],[120.63845,23.831534,0.0],[120.636907,23.832037,0.0],[120.636968,23.832269,0.0],[120.637184,23.832435,0.0],[120.637156,23.832625,0.0],[120.636887,23.832829,0.0],[120.636458,23.832719,0.0],[120.636299,23.83295,0.0],[120.635977,23.833175,0.0],[120.635482,23.833236,0.0],[120.635285,23.833141,0.0],[120.63506,23.83322,0.0],[120.634493,23.833201,0.0],[120.633815,23.832895,0.0],[120.633366,23.832989,0.0],[120.633227,23.832944,0.0],[120.631548,23.832025,0.0],[120.631437,23.831915,0.0],[120.631625,23.831643,0.0],[120.631174,23.831169,0.0],[120.630902,23.831219,0.0],[120.630657,23.831137,0.0],[120.630477,23.831368,0.0],[120.630318,23.83125,0.0],[120.630474,23.831648,0.0],[120.630993,23.832182,0.0],[120.63089,23.832525,0.0],[120.630555,23.832565,0.0],[120.630058,23.832463,0.0],[120.629225,23.831998,0.0],[120.628634,23.831763,0.0],[120.628459,23.831517,0.0],[120.628184,23.831306,0.0],[120.627348,23.83133,0.0],[120.627154,23.831219,0.0],[120.62705,23.831011,0.0],[120.626617,23.830871,0.0],[120.626286,23.830892,0.0],[120.626152,23.830763,0.0],[120.626102,23.830427,0.0],[120.626013,23.830318,0.0],[120.625734,23.830289,0.0],[120.625729,23.830166,0.0],[120.625572,23.830076,0.0],[120.625484,23.830065,0.0],[120.625324,23.830227,0.0],[120.62452,23.829543,0.0],[120.624117,23.829372,0.0],[120.623472,23.829744,0.0],[120.623408,23.829638,0.0],[120.623487,23.829394,0.0],[120.623422,23.829176,0.0],[120.623125,23.828936,0.0],[120.622661,23.828767,0.0],[120.62318,23.828711,0.0],[120.623707,23.828872,0.0],[120.623752,23.828757,0.0],[120.623566,23.828601,0.0],[120.622278,23.828288,0.0],[120.622045,23.828377,0.0],[120.621806,23.828218,0.0],[120.621505,23.828253,0.0],[120.621367,23.828418,0.0],[120.621281,23.828418,0.0],[120.621171,23.828379,0.0],[120.621078,23.828192,0.0],[120.620552,23.828141,0.0],[120.620307,23.828302,0.0],[120.620018,23.828167,0.0],[120.620044,23.828074,0.0],[120.620684,23.828006,0.0],[120.621286,23.828107,0.0],[120.621738,23.827984,0.0],[120.621887,23.827826,0.0],[120.621756,23.827659,0.0],[120.620609,23.827077,0.0],[120.6201,23.826683,0.0],[120.620111,23.826612,0.0],[120.620473,23.826415,0.0],[120.620507,23.826237,0.0],[120.620433,23.826142,0.0],[120.619739,23.825986,0.0],[120.619111,23.825457,0.0],[120.618351,23.825054,0.0],[120.618394,23.824863,0.0],[120.61862,23.824654,0.0],[120.618743,23.824402,0.0],[120.619727,23.824155,0.0],[120.619796,23.824023,0.0],[120.619589,23.823958,0.0],[120.618805,23.824051,0.0],[120.618135,23.824022,0.0],[120.617986,23.824271,0.0],[120.617701,23.824471,0.0],[120.617309,23.824475,0.0],[120.617237,23.824611,0.0],[120.617264,23.824889,0.0],[120.617669,23.825704,0.0],[120.617499,23.825582,0.0],[120.616987,23.824495,0.0],[120.617073,23.82431,0.0],[120.617495,23.824205,0.0],[120.617491,23.823884,0.0],[120.617563,23.823783,0.0],[120.618143,23.82357,0.0],[120.618168,23.823266,0.0],[120.618685,23.823268,0.0],[120.619861,23.823627,0.0],[120.620063,23.822967,0.0],[120.618943,23.822416,0.0],[120.618875,23.82163,0.0],[120.618167,23.820935,0.0],[120.618641,23.8201,0.0],[120.618304,23.819797,0.0],[120.618413,23.819513,0.0],[120.61919,23.819392,0.0],[120.619207,23.819338,0.0],[120.619391,23.819528,0.0],[120.619647,23.819302,0.0],[120.619803,23.819442,0.0],[120.620222,23.819477,0.0],[120.620482,23.819435,0.0],[120.620961,23.819219,0.0],[120.621267,23.819427,0.0],[120.621943,23.819637,0.0],[120.624216,23.821531,0.0],[120.625068,23.822031,0.0],[120.625273,23.82141,0.0],[120.623747,23.820432,0.0],[120.623239,23.819903,0.0],[120.622636,23.819517,0.0],[120.622283,23.819001,0.0],[120.621517,23.818588,0.0],[120.620852,23.818365,0.0],[120.620856,23.817722,0.0],[120.621182,23.817279,0.0],[120.621238,23.817325,0.0],[120.622105,23.816883,0.0],[120.622737,23.818081,0.0],[120.622601,23.818236,0.0],[120.622859,23.818519,0.0],[120.62364,23.818765,0.0],[120.624041,23.81881,0.0],[120.624351,23.818747,0.0],[120.624378,23.817952,0.0],[120.624522,23.817608,0.0],[120.624395,23.817407,0.0],[120.623716,23.817609,0.0],[120.623297,23.817334,0.0],[120.623591,23.817377,0.0],[120.623684,23.817228,0.0],[120.623512,23.81704,0.0],[120.623691,23.816895,0.0],[120.623321,23.815888,0.0],[120.623649,23.815713,0.0],[120.624399,23.815083,0.0],[120.624458,23.814616,0.0],[120.624923,23.81427,0.0],[120.625141,23.814281,0.0],[120.625187,23.814396,0.0],[120.625411,23.814293,0.0],[120.625257,23.81506,0.0],[120.625661,23.815122,0.0],[120.625853,23.81498,0.0],[120.6258,23.814881,0.0],[120.625888,23.814649,0.0],[120.626126,23.814668,0.0],[120.626454,23.815103,0.0],[120.62684,23.814996,0.0],[120.626704,23.814556,0.0],[120.626599,23.814604,0.0],[120.62651,23.814482,0.0],[120.62631,23.814444,0.0],[120.626593,23.814285,0.0],[120.626664,23.813983,0.0],[120.626873,23.813827,0.0],[120.626731,23.813525,0.0],[120.626765,23.813222,0.0],[120.626932,23.813169,0.0],[120.627019,23.812931,0.0],[120.627177,23.812962,0.0],[120.62711,23.812726,0.0],[120.627179,23.81252,0.0],[120.627101,23.812465,0.0],[120.627222,23.812265,0.0],[120.627579,23.812264,0.0],[120.628172,23.812048,0.0],[120.628292,23.811971,0.0],[120.628268,23.811923,0.0],[120.62868,23.811835,0.0],[120.628894,23.812481,0.0],[120.630779,23.811389,0.0],[120.631287,23.811399,0.0],[120.631568,23.811572,0.0],[120.631524,23.811663,0.0],[120.631698,23.811941,0.0],[120.631876,23.812015,0.0],[120.631996,23.811855,0.0],[120.631876,23.811749,0.0],[120.631803,23.81141,0.0],[120.631944,23.811267,0.0],[120.632468,23.811768,0.0],[120.632579,23.812009,0.0],[120.632829,23.812174,0.0],[120.63329,23.812207,0.0],[120.633351,23.81208,0.0],[120.632952,23.8119,0.0],[120.632405,23.811145,0.0],[120.63267,23.810926,0.0],[120.632735,23.811027,0.0],[120.633005,23.811053,0.0],[120.633227,23.811264,0.0],[120.633357,23.811153,0.0],[120.633034,23.810843,0.0],[120.633241,23.810634,0.0],[120.633608,23.810924,0.0],[120.633737,23.810849,0.0],[120.633668,23.810602,0.0],[120.633268,23.810221,0.0],[120.633665,23.809731,0.0],[120.633605,23.809627,0.0],[120.633954,23.809589,0.0],[120.634285,23.809887,0.0],[120.634546,23.809946,0.0],[120.634648,23.81017,0.0],[120.635094,23.810637,0.0],[120.635479,23.811231,0.0],[120.635836,23.811038,0.0],[120.63585,23.810701,0.0],[120.636898,23.809786,0.0],[120.637675,23.80934,0.0],[120.637814,23.809566,0.0],[120.637991,23.809633,0.0],[120.6382,23.809838,0.0],[120.638567,23.809804,0.0],[120.638788,23.809585,0.0],[120.638784,23.809424,0.0],[120.638911,23.809313,0.0],[120.638522,23.809002,0.0],[120.639027,23.808642,0.0],[120.639372,23.808842,0.0],[120.639282,23.809062,0.0],[120.639413,23.809291,0.0],[120.639354,23.809664,0.0],[120.639409,23.809851,0.0],[120.639567,23.809896,0.0],[120.639526,23.809996,0.0],[120.640511,23.809988,0.0],[120.640756,23.809901,0.0],[120.640841,23.809605,0.0],[120.640615,23.809384,0.0],[120.640235,23.808505,0.0],[120.639994,23.808235,0.0],[120.639506,23.807922,0.0],[120.639466,23.807974,0.0],[120.639262,23.807698,0.0],[120.639367,23.807672,0.0],[120.639336,23.807621,0.0],[120.639659,23.80733,0.0],[120.639749,23.80757,0.0],[120.640617,23.808541,0.0],[120.641332,23.808065,0.0],[120.641069,23.807631,0.0],[120.641894,23.807881,0.0],[120.642092,23.808092,0.0],[120.642053,23.80833,0.0],[120.642127,23.808452,0.0],[120.642492,23.8084,0.0],[120.64339,23.808753,0.0],[120.643354,23.8087,0.0],[120.643617,23.808524,0.0],[120.643619,23.80804,0.0],[120.644071,23.807553,0.0],[120.643834,23.807453,0.0],[120.643904,23.807084,0.0],[120.644076,23.807087,0.0],[120.643557,23.806304,0.0],[120.643938,23.806238,0.0],[120.644541,23.80578,0.0],[120.644788,23.806269,0.0],[120.645036,23.806181,0.0],[120.645137,23.805952,0.0],[120.645359,23.806142,0.0],[120.64549,23.805979,0.0],[120.645132,23.805596,0.0],[120.645286,23.805421,0.0],[120.645185,23.805338,0.0],[120.644882,23.805342,0.0],[120.644708,23.805074,0.0],[120.645096,23.804729,0.0],[120.645701,23.805088,0.0],[120.645869,23.804984,0.0],[120.645871,23.804515,0.0],[120.647007,23.804626,0.0],[120.647577,23.804463,0.0],[120.648286,23.804058,0.0],[120.648348,23.803873,0.0],[120.648204,23.803489,0.0],[120.648945,23.802648,0.0],[120.650184,23.802412,0.0],[120.65009,23.802024,0.0],[120.649802,23.801671,0.0],[120.650721,23.801864,0.0],[120.651849,23.801938,0.0],[120.652275,23.801706,0.0],[120.653469,23.801595,0.0],[120.654193,23.801449,0.0],[120.654885,23.801551,0.0],[120.656194,23.801489,0.0],[120.656439,23.801651,0.0],[120.656846,23.801556,0.0],[120.657199,23.801579,0.0],[120.658884,23.802082,0.0],[120.659557,23.802486,0.0],[120.660209,23.803469,0.0],[120.660427,23.803425,0.0],[120.660609,23.803641,0.0],[120.660539,23.80376,0.0],[120.660616,23.803833,0.0],[120.660841,23.80357,0.0],[120.660791,23.803792,0.0],[120.660895,23.803851,0.0],[120.66104,23.803639,0.0],[120.661153,23.803687,0.0],[120.661081,23.803902,0.0],[120.66134,23.803975,0.0],[120.661507,23.803655,0.0],[120.66176,23.803818,0.0],[120.662551,23.804462,0.0],[120.663736,23.805734,0.0],[120.664711,23.806516,0.0],[120.664798,23.806643,0.0],[120.664918,23.807292,0.0],[120.665273,23.80788,0.0],[120.666447,23.808698,0.0],[120.667139,23.809368,0.0],[120.667635,23.80972,0.0],[120.667503,23.809973,0.0],[120.667723,23.810084,0.0],[120.667843,23.809842,0.0],[120.668109,23.810041,0.0],[120.668967,23.811034,0.0],[120.668924,23.811326,0.0],[120.669206,23.811601,0.0],[120.669304,23.811551,0.0],[120.669202,23.812007,0.0],[120.669496,23.812148,0.0],[120.669602,23.811948,0.0],[120.669809,23.811985,0.0],[120.67002,23.811694,0.0],[120.670859,23.812209,0.0],[120.671126,23.812448,0.0],[120.671427,23.812918,0.0],[120.671606,23.814113,0.0],[120.671107,23.814357,0.0],[120.671353,23.81478,0.0],[120.671824,23.81458,0.0],[120.672455,23.815289,0.0],[120.672962,23.81609,0.0],[120.67353,23.816648,0.0],[120.673287,23.816894,0.0],[120.673496,23.817123,0.0],[120.673875,23.816848,0.0],[120.674429,23.817097,0.0],[120.674791,23.817346,0.0],[120.676134,23.818576,0.0],[120.676413,23.818791,0.0],[120.676678,23.818884,0.0],[120.676521,23.819055,0.0],[120.676813,23.819405,0.0],[120.676812,23.819561,0.0],[120.676668,23.819763,0.0],[120.67689,23.819909,0.0],[120.677172,23.820498,0.0],[120.677236,23.820464,0.0],[120.677568,23.821023,0.0],[120.677257,23.821227,0.0],[120.677452,23.821499,0.0],[120.677743,23.82132,0.0],[120.678379,23.822378,0.0],[120.679495,23.822803,0.0],[120.680465,23.823546,0.0],[120.681122,23.823785,0.0],[120.682015,23.824301,0.0],[120.683679,23.825505,0.0],[120.684013,23.825915,0.0],[120.683951,23.82599,0.0],[120.684043,23.826131,0.0],[120.684488,23.82647,0.0],[120.684619,23.826527,0.0],[120.684677,23.826448,0.0],[120.685044,23.826712,0.0],[120.685185,23.826999,0.0],[120.685105,23.827134,0.0],[120.685334,23.827321,0.0],[120.685527,23.82736,0.0],[120.685605,23.827304,0.0],[120.687485,23.829137,0.0],[120.688438,23.829578,0.0],[120.688516,23.829348,0.0],[120.690044,23.830554,0.0],[120.691369,23.831157,0.0],[120.691631,23.831338,0.0],[120.692471,23.831615,0.0],[120.693142,23.831928,0.0],[120.693822,23.832375,0.0],[120.694439,23.832956,0.0],[120.695045,23.833326,0.0],[120.6952,23.833499,0.0],[120.695056,23.833583,0.0],[120.694038,23.832914,0.0],[120.693078,23.832488,0.0],[120.692459,23.831995,0.0],[120.691707,23.83189,0.0],[120.689877,23.831046,0.0],[120.689301,23.831054,0.0],[120.688568,23.830814,0.0],[120.688195,23.830806,0.0],[120.687875,23.830889,0.0],[120.687531,23.830835,0.0],[120.686518,23.829715,0.0],[120.68682,23.829656,0.0],[120.686952,23.829475,0.0],[120.686645,23.829682,0.0],[120.686317,23.829618,0.0],[120.686576,23.829338,0.0],[120.686466,23.829247,0.0],[120.685425,23.828774,0.0],[120.685245,23.828601,0.0],[120.684966,23.828676,0.0],[120.684581,23.828489,0.0],[120.683909,23.827703,0.0],[120.683532,23.827602,0.0],[120.683092,23.826997,0.0],[120.68265,23.826751,0.0],[120.681933,23.826726,0.0],[120.681602,23.826221,0.0],[120.681323,23.826071,0.0],[120.681169,23.825755,0.0],[120.680516,23.82514,0.0],[120.680111,23.824936,0.0],[120.679705,23.824971,0.0],[120.679561,23.82492,0.0],[120.679416,23.824742,0.0],[120.679412,23.824604,0.0],[120.679293,23.824545,0.0],[120.679098,23.824535,0.0],[120.678688,23.824713,0.0],[120.678447,23.824393,0.0],[120.678392,23.824103,0.0],[120.678125,23.82375,0.0],[120.677224,23.823508,0.0],[120.676478,23.823491,0.0],[120.676386,23.823364,0.0],[120.676358,23.823034,0.0],[120.676236,23.822962,0.0],[120.6759,23.823005,0.0],[120.675764,23.822947,0.0],[120.675583,23.822598,0.0],[120.6747,23.822152,0.0],[120.674631,23.822009,0.0],[120.674738,23.821545,0.0],[120.674292,23.821464,0.0],[120.673846,23.821161,0.0],[120.674476,23.820319,0.0],[120.674399,23.820076,0.0],[120.67426,23.819943,0.0],[120.673328,23.819565,0.0],[120.672902,23.819205,0.0],[120.672103,23.819227,0.0],[120.671551,23.819133,0.0],[120.671172,23.8187,0.0],[120.670512,23.81864,0.0],[120.66954,23.818329,0.0],[120.66967,23.817852,0.0],[120.669128,23.817818,0.0],[120.668615,23.81744,0.0],[120.668143,23.817299,0.0],[120.66795,23.817102,0.0],[120.667996,23.816687,0.0],[120.667726,23.816499,0.0],[120.667476,23.816541,0.0],[120.66728,23.816668,0.0],[120.667039,23.816597,0.0],[120.666965,23.816652,0.0],[120.666859,23.816528,0.0],[120.666444,23.8164,0.0],[120.665705,23.816189,0.0],[120.665643,23.816273,0.0],[120.66599,23.814817,0.0],[120.663838,23.815383,0.0],[120.663461,23.815339,0.0],[120.662554,23.815438,0.0],[120.662025,23.815239,0.0],[120.661771,23.815055,0.0],[120.661233,23.814945,0.0],[120.660666,23.814714,0.0],[120.659803,23.814739,0.0],[120.659318,23.814625,0.0],[120.658716,23.814637,0.0],[120.658372,23.814558,0.0],[120.658014,23.814321,0.0],[120.657893,23.813983,0.0],[120.656882,23.813584,0.0],[120.656746,23.813372,0.0],[120.656546,23.813268,0.0],[120.656048,23.813166,0.0],[120.655775,23.812927,0.0],[120.654997,23.812689,0.0],[120.654761,23.812625,0.0],[120.654349,23.812752,0.0],[120.654268,23.812691,0.0],[120.653433,23.812637,0.0],[120.653182,23.812712,0.0],[120.652546,23.812572,0.0],[120.652062,23.81264,0.0],[120.651559,23.812381,0.0],[120.650723,23.812688,0.0],[120.650589,23.812898,0.0],[120.650204,23.814117,0.0],[120.649247,23.81567,0.0],[120.648951,23.81603,0.0],[120.647647,23.816776,0.0],[120.6466,23.817228,0.0],[120.646088,23.817326,0.0],[120.645726,23.817266,0.0],[120.644818,23.817398,0.0],[120.644339,23.817713,0.0],[120.643487,23.818556,0.0],[120.642458,23.819232,0.0],[120.64189,23.819746,0.0],[120.641435,23.819968,0.0],[120.640509,23.820142,0.0],[120.640197,23.820105,0.0],[120.639455,23.819844,0.0],[120.6392,23.820129,0.0],[120.639536,23.820157,0.0],[120.640116,23.820518,0.0],[120.640275,23.820834,0.0],[120.640141,23.820992,0.0],[120.639211,23.820914,0.0],[120.639145,23.821004,0.0],[120.639349,23.821124,0.0],[120.640359,23.821191,0.0],[120.640508,23.821382,0.0],[120.640387,23.8215,0.0],[120.639512,23.821696,0.0],[120.639185,23.821909,0.0],[120.638511,23.821794,0.0],[120.638166,23.821537,0.0],[120.637913,23.821512,0.0],[120.637083,23.821848,0.0],[120.637365,23.822066,0.0],[120.637394,23.822277,0.0],[120.637574,23.822425,0.0],[120.637923,23.822294,0.0],[120.63826,23.822262,0.0],[120.63872,23.822526,0.0],[120.638766,23.822776,0.0],[120.638524,23.822894,0.0],[120.638402,23.82325,0.0],[120.637553,23.823102,0.0],[120.637544,23.823449,0.0],[120.63743,23.82361,0.0],[120.637482,23.823749,0.0],[120.637634,23.82382,0.0],[120.637837,23.823818,0.0],[120.638182,23.823993,0.0],[120.638544,23.824021,0.0],[120.638955,23.824354,0.0],[120.638988,23.824467,0.0],[120.638824,23.82454,0.0],[120.638457,23.824529,0.0],[120.637949,23.824683,0.0],[120.63667,23.82481,0.0],[120.636605,23.82497,0.0],[120.636662,23.825349,0.0],[120.636536,23.825562,0.0],[120.635061,23.825799,0.0],[120.63511,23.825879,0.0],[120.635182,23.825933,0.0],[120.635553,23.825881,0.0],[120.635738,23.825942,0.0],[120.636078,23.825891,0.0],[120.636299,23.825776,0.0],[120.636782,23.82574,0.0],[120.636976,23.825767,0.0],[120.637106,23.825888,0.0],[120.637634,23.825537,0.0],[120.637941,23.82544,0.0],[120.638533,23.825516,0.0],[120.639003,23.825375,0.0],[120.639006,23.825295,0.0],[120.639782,23.825,0.0],[120.639899,23.825181,0.0],[120.639634,23.825452,0.0],[120.639496,23.825823,0.0],[120.63949,23.826064,0.0],[120.639163,23.826097,0.0],[120.639124,23.826042,0.0],[120.638309,23.826321,0.0],[120.638652,23.826589,0.0],[120.639056,23.826641,0.0],[120.639162,23.827182,0.0],[120.639423,23.827211,0.0],[120.639392,23.827297,0.0],[120.639512,23.827373,0.0],[120.639327,23.827546,0.0],[120.639112,23.827624,0.0],[120.638257,23.827446,0.0],[120.637982,23.827464,0.0],[120.637928,23.827305,0.0],[120.637562,23.827216,0.0],[120.637221,23.827431,0.0],[120.636731,23.827505,0.0],[120.63621,23.827837,0.0],[120.635602,23.827909,0.0],[120.635586,23.828045,0.0],[120.635768,23.828138,0.0],[120.63614,23.828155,0.0],[120.636614,23.828017,0.0],[120.636844,23.828026,0.0],[120.637131,23.828274,0.0],[120.637014,23.828429,0.0],[120.637408,23.828528,0.0],[120.638156,23.828912,0.0],[120.638125,23.829139,0.0],[120.637465,23.829177,0.0],[120.637028,23.829343,0.0],[120.637047,23.829734,0.0],[120.636718,23.830016,0.0],[120.63674,23.830101,0.0],[120.63733,23.83019,0.0],[120.637256,23.830527,0.0],[120.636651,23.83067,0.0],[120.636234,23.830965,0.0],[120.635847,23.831025,0.0],[120.635786,23.83111,0.0],[120.63437,23.831085,0.0],[120.634313,23.831174,0.0],[120.634384,23.831253,0.0],[120.634985,23.831434,0.0],[120.635462,23.831465,0.0],[120.635606,23.831748,0.0],[120.635923,23.83157,0.0],[120.636176,23.831593,0.0]],[[120.627067,23.819565,0.0],[120.627172,23.819762,0.0],[120.627768,23.819688,0.0],[120.627881,23.819575,0.0],[120.628287,23.819499,0.0],[120.628176,23.819005,0.0],[120.627869,23.818958,0.0],[120.627059,23.818532,0.0],[120.626645,23.818428,0.0],[120.625494,23.818577,0.0],[120.625159,23.818515,0.0],[120.625084,23.818568,0.0],[120.625078,23.818858,0.0],[120.625718,23.819908,0.0],[120.626432,23.820593,0.0],[120.626856,23.820889,0.0],[120.627399,23.821077,0.0],[120.627554,23.820788,0.0],[120.627038,23.820453,0.0],[120.626617,23.820305,0.0],[120.626514,23.819955,0.0],[120.626392,23.819806,0.0],[120.626752,23.819476,0.0],[120.627067,23.819565,0.0]],[[120.658701,23.813078,0.0],[120.658465,23.81282,0.0],[120.657208,23.812185,0.0],[120.655912,23.811698,0.0],[120.655275,23.811674,0.0],[120.654774,23.811413,0.0],[120.654564,23.811669,0.0],[120.654303,23.811789,0.0],[120.653983,23.811799,0.0],[120.653773,23.811731,0.0],[120.653351,23.812316,0.0],[120.653667,23.81224,0.0],[120.654455,23.812406,0.0],[120.654695,23.812178,0.0],[120.656043,23.812392,0.0],[120.656503,23.812549,0.0],[120.65824,23.813513,0.0],[120.658121,23.813773,0.0],[120.658365,23.814041,0.0],[120.65856,23.813875,0.0],[120.658357,23.813535,0.0],[120.658469,23.813465,0.0],[120.658701,23.813078,0.0]],[[120.660342,23.81199,0.0],[120.65974,23.811677,0.0],[120.659432,23.811624,0.0],[120.656574,23.809962,0.0],[120.656125,23.809599,0.0],[120.655529,23.809733,0.0],[120.656297,23.810349,0.0],[120.656339,23.810522,0.0],[120.656486,23.810629,0.0],[120.656945,23.810609,0.0],[120.657398,23.810875,0.0],[120.657826,23.811253,0.0],[120.659344,23.811903,0.0],[120.659503,23.812126,0.0],[120.660119,23.812329,0.0],[120.660705,23.812444,0.0],[120.66163,23.812405,0.0],[120.661679,23.812194,0.0],[120.661607,23.81206,0.0],[120.661085,23.812111,0.0],[120.660342,23.81199,0.0]],[[120.624555,23.825146,0.0],[120.62577,23.82574,0.0],[120.6263,23.825776,0.0],[120.625892,23.825303,0.0],[120.62563,23.825173,0.0],[120.625545,23.824692,0.0],[120.622714,23.823367,0.0],[120.622529,23.823606,0.0],[120.622592,23.823673,0.0],[120.624591,23.824792,0.0],[120.62445,23.82516,0.0],[120.624555,23.825146,0.0]],[[120.659925,23.810416,0.0],[120.658751,23.810065,0.0],[120.657578,23.808858,0.0],[120.656862,23.808607,0.0],[120.657874,23.809818,0.0],[120.658488,23.810215,0.0],[120.659863,23.810688,0.0],[120.660046,23.810625,0.0],[120.659925,23.810416,0.0]],[[120.626229,23.822318,0.0],[120.626053,23.822483,0.0],[120.626421,23.823264,0.0],[120.626836,23.823594,0.0],[120.627232,23.823772,0.0],[120.627408,23.823648,0.0],[120.627214,23.823339,0.0],[120.62651,23.822843,0.0],[120.626556,23.822628,0.0],[120.626229,23.822318,0.0]],[[120.629473,23.815181,0.0],[120.629509,23.815096,0.0],[120.628981,23.814769,0.0],[120.629177,23.814541,0.0],[120.628999,23.814488,0.0],[120.628833,23.814636,0.0],[120.628599,23.81455,0.0],[120.628565,23.814397,0.0],[120.628366,23.814344,0.0],[120.628148,23.814093,0.0],[120.627974,23.814445,0.0],[120.628374,23.814802,0.0],[120.629473,23.815181,0.0]],[[120.670353,23.812565,0.0],[120.670583,23.812806,0.0],[120.670705,23.81267,0.0],[120.670473,23.812499,0.0],[120.670353,23.812565,0.0]],[[120.624089,23.815955,0.0],[120.623964,23.815938,0.0],[120.623814,23.81603,0.0],[120.623888,23.816122,0.0],[120.624029,23.8161,0.0],[120.624089,23.815955,0.0]],[[120.68708,23.829567,0.0],[120.687465,23.829809,0.0],[120.688031,23.829962,0.0],[120.687465,23.829808,0.0],[120.68708,23.829567,0.0]],[[120.688512,23.829612,0.0],[120.68853,23.829838,0.0],[120.688395,23.830012,0.0],[120.688531,23.829839,0.0],[120.688512,23.829612,0.0]],[[120.677906,23.822332,0.0],[120.678047,23.822497,0.0],[120.678252,23.822321,0.0],[120.678033,23.822168,0.0],[120.677906,23.822332,0.0]]],[[[120.85106,23.81788,0.0],[120.850426,23.818038,0.0],[120.849653,23.818343,0.0],[120.848776,23.818439,0.0],[120.848929,23.818234,0.0],[120.848921,23.817911,0.0],[120.849736,23.817744,0.0],[120.849858,23.817859,0.0],[120.850139,23.817625,0.0],[120.850894,23.817566,0.0],[120.8515,23.817729,0.0],[120.852365,23.818294,0.0],[120.852329,23.81834,0.0],[120.85249,23.818507,0.0],[120.852435,23.818629,0.0],[120.851713,23.818221,0.0],[120.85148,23.817994,0.0],[120.85106,23.81788,0.0]]],[[[120.845378,23.818892,0.0],[120.845333,23.818792,0.0],[120.845255,23.81882,0.0],[120.845313,23.81898,0.0],[120.84514,23.819028,0.0],[120.845089,23.818949,0.0],[120.844757,23.819072,0.0],[120.844546,23.818962,0.0],[120.844019,23.819117,0.0],[120.84397,23.819029,0.0],[120.843725,23.819125,0.0],[120.843573,23.819305,0.0],[120.843762,23.819417,0.0],[120.842796,23.81994,0.0],[120.84235,23.819537,0.0],[120.844275,23.818879,0.0],[120.846263,23.818428,0.0],[120.846262,23.818635,0.0],[120.845639,23.81889,0.0],[120.845619,23.818827,0.0],[120.845378,23.818892,0.0]]],[[[120.85581,23.822309,0.0],[120.855919,23.822074,0.0],[120.855913,23.821836,0.0],[120.856007,23.82181,0.0],[120.855795,23.821374,0.0],[120.856,23.820862,0.0],[120.856185,23.821118,0.0],[120.856327,23.821036,0.0],[120.856354,23.821082,0.0],[120.856554,23.82151,0.0],[120.856603,23.82194,0.0],[120.856349,23.821791,0.0],[120.856358,23.822146,0.0],[120.856014,23.822493,0.0],[120.85581,23.822309,0.0]]],[[[120.839645,23.82212,0.0],[120.839965,23.821557,0.0],[120.840496,23.82106,0.0],[120.840902,23.820894,0.0],[120.842084,23.819648,0.0],[120.842351,23.819678,0.0],[120.842504,23.819878,0.0],[120.842761,23.820003,0.0],[120.841746,23.820541,0.0],[120.841392,23.82086,0.0],[120.841364,23.821321,0.0],[120.839692,23.822619,0.0],[120.835232,23.823788,0.0],[120.834667,23.823345,0.0],[120.834632,23.823193,0.0],[120.836299,23.823327,0.0],[120.838956,23.822486,0.0],[120.839236,23.82254,0.0],[120.839645,23.82212,0.0]],[[120.840654,23.821455,0.0],[120.8407,23.821503,0.0],[120.841022,23.821241,0.0],[120.840981,23.821136,0.0],[120.840656,23.821172,0.0],[120.840207,23.821449,0.0],[120.840284,23.821565,0.0],[120.840654,23.821455,0.0]]],[[[120.856367,23.823783,0.0],[120.85609,23.823433,0.0],[120.856009,23.823166,0.0],[120.856115,23.822633,0.0],[120.856366,23.82234,0.0],[120.856282,23.823392,0.0],[120.856435,23.823763,0.0],[120.856367,23.823783,0.0]]],[[[120.82487,23.824243,0.0],[120.826261,23.824454,0.0],[120.827926,23.82456,0.0],[120.829214,23.824482,0.0],[120.829297,23.824715,0.0],[120.828576,23.824831,0.0],[120.828347,23.825343,0.0],[120.827969,23.825915,0.0],[120.826523,23.826219,0.0],[120.825164,23.826973,0.0],[120.825097,23.827084,0.0],[120.824438,23.82697,0.0],[120.824314,23.826835,0.0],[120.824056,23.825856,0.0],[120.823325,23.82573,0.0],[120.823021,23.825239,0.0],[120.822576,23.824926,0.0],[120.821597,23.82495,0.0],[120.819955,23.824841,0.0],[120.819488,23.824879,0.0],[120.819353,23.824941,0.0],[120.819132,23.825284,0.0],[120.818981,23.825128,0.0],[120.818875,23.825183,0.0],[120.818298,23.824477,0.0],[120.81744,23.824315,0.0],[120.816964,23.82436,0.0],[120.815646,23.824801,0.0],[120.815234,23.823878,0.0],[120.813981,23.823617,0.0],[120.814234,23.823307,0.0],[120.812001,23.823274,0.0],[120.812533,23.822646,0.0],[120.811774,23.821975,0.0],[120.812302,23.82201,0.0],[120.812346,23.821849,0.0],[120.811675,23.821775,0.0],[120.811622,23.821668,0.0],[120.812051,23.821372,0.0],[120.813358,23.821521,0.0],[120.814166,23.821332,0.0],[120.81439,23.821344,0.0],[120.815252,23.821566,0.0],[120.817172,23.82186,0.0],[120.824833,23.823949,0.0],[120.824796,23.824183,0.0],[120.82487,23.824243,0.0]],[[120.815948,23.824277,0.0],[120.816046,23.82433,0.0],[120.816093,23.824258,0.0],[120.815992,23.824202,0.0],[120.815948,23.824277,0.0]],[[120.816166,23.824144,0.0],[120.816093,23.824258,0.0],[120.816174,23.824303,0.0],[120.816315,23.8241,0.0],[120.816116,23.823991,0.0],[120.81606,23.824087,0.0],[120.816166,23.824144,0.0]],[[120.818732,23.82387,0.0],[120.818841,23.823735,0.0],[120.818765,23.823683,0.0],[120.818656,23.823817,0.0],[120.818732,23.82387,0.0]],[[120.818772,23.823672,0.0],[120.818805,23.823622,0.0],[120.818672,23.823542,0.0],[120.818637,23.823595,0.0],[120.818772,23.823672,0.0]],[[120.817116,23.824035,0.0],[120.817075,23.823936,0.0],[120.817012,23.823957,0.0],[120.817097,23.824107,0.0],[120.81727,23.824057,0.0],[120.817236,23.823879,0.0],[120.817177,23.823898,0.0],[120.817218,23.824005,0.0],[120.817116,23.824035,0.0]]],[[[120.85601,23.824328,0.0],[120.855806,23.824121,0.0],[120.855888,23.824091,0.0],[120.855828,23.823051,0.0],[120.855908,23.822953,0.0],[120.855959,23.823426,0.0],[120.856292,23.823807,0.0],[120.856213,23.823866,0.0],[120.856313,23.823965,0.0],[120.856356,23.823934,0.0],[120.856756,23.824896,0.0],[120.857114,23.825409,0.0],[120.857401,23.826062,0.0],[120.857037,23.826212,0.0],[120.856299,23.825061,0.0],[120.85601,23.824328,0.0]],[[120.8569,23.825297,0.0],[120.856845,23.825094,0.0],[120.85679,23.825083,0.0],[120.856731,23.825299,0.0],[120.8569,23.825297,0.0]],[[120.856508,23.824972,0.0],[120.856493,23.825172,0.0],[120.856623,23.825178,0.0],[120.856642,23.824981,0.0],[120.856508,23.824972,0.0]]],[[[120.833522,23.826008,0.0],[120.833635,23.826588,0.0],[120.833571,23.826834,0.0],[120.833464,23.826869,0.0],[120.832904,23.826562,0.0],[120.832656,23.826543,0.0],[120.832305,23.826646,0.0],[120.832363,23.826508,0.0],[120.832213,23.826405,0.0],[120.83223,23.82621,0.0],[120.831993,23.826154,0.0],[120.832113,23.826731,0.0],[120.831873,23.827109,0.0],[120.831882,23.827564,0.0],[120.831701,23.828229,0.0],[120.83153,23.828478,0.0],[120.831564,23.828645,0.0],[120.831431,23.829201,0.0],[120.831071,23.829671,0.0],[120.830883,23.830244,0.0],[120.830574,23.830817,0.0],[120.830051,23.831293,0.0],[120.829942,23.831251,0.0],[120.829993,23.831029,0.0],[120.829828,23.830818,0.0],[120.829737,23.830367,0.0],[120.829919,23.830273,0.0],[120.829949,23.829884,0.0],[120.830044,23.829786,0.0],[120.829891,23.829558,0.0],[120.829775,23.829106,0.0],[120.829811,23.828775,0.0],[120.829983,23.828432,0.0],[120.829816,23.828092,0.0],[120.829994,23.827344,0.0],[120.829669,23.826943,0.0],[120.829526,23.826423,0.0],[120.829528,23.825926,0.0],[120.829366,23.82582,0.0],[120.829401,23.825599,0.0],[120.829583,23.82541,0.0],[120.829613,23.825275,0.0],[120.829521,23.824724,0.0],[120.8294,23.824684,0.0],[120.829357,23.824481,0.0],[120.829903,23.82433,0.0],[120.830861,23.824207,0.0],[120.831716,23.823777,0.0],[120.832498,23.823516,0.0],[120.834335,23.823293,0.0],[120.834462,23.823162,0.0],[120.834777,23.823568,0.0],[120.835139,23.823819,0.0],[120.835155,23.824004,0.0],[120.835889,23.824538,0.0],[120.835914,23.824666,0.0],[120.83621,23.824932,0.0],[120.83628,23.825356,0.0],[120.836603,23.825501,0.0],[120.836545,23.825603,0.0],[120.836625,23.82579,0.0],[120.836698,23.825829,0.0],[120.836909,23.825734,0.0],[120.83717,23.825956,0.0],[120.837282,23.826338,0.0],[120.837435,23.826326,0.0],[120.837644,23.826514,0.0],[120.837795,23.827549,0.0],[120.837541,23.827614,0.0],[120.837334,23.827486,0.0],[120.837378,23.82742,0.0],[120.837193,23.827314,0.0],[120.837209,23.827237,0.0],[120.836805,23.827163,0.0],[120.836792,23.827255,0.0],[120.836316,23.82721,0.0],[120.836177,23.827043,0.0],[120.836118,23.826646,0.0],[120.835964,23.826517,0.0],[120.83474,23.826526,0.0],[120.834484,23.826018,0.0],[120.833881,23.825833,0.0],[120.833714,23.825805,0.0],[120.833522,23.826008,0.0]],[[120.836939,23.826612,0.0],[120.836876,23.8266,0.0],[120.836854,23.826696,0.0],[120.83692,23.826699,0.0],[120.836939,23.826612,0.0]],[[120.836689,23.826735,0.0],[120.836835,23.826759,0.0],[120.836847,23.826695,0.0],[120.836702,23.82667,0.0],[120.836689,23.826735,0.0]],[[120.83474,23.826158,0.0],[120.834683,23.826217,0.0],[120.834762,23.826281,0.0],[120.834806,23.826236,0.0],[120.83474,23.826158,0.0]],[[120.833195,23.825018,0.0],[120.833172,23.825017,0.0],[120.833195,23.825041,0.0],[120.833195,23.825018,0.0]]],[[[120.858336,23.826941,0.0],[120.85882,23.827312,0.0],[120.858717,23.827358,0.0],[120.858584,23.827643,0.0],[120.858021,23.827347,0.0],[120.858336,23.826941,0.0]]],[[[120.859566,23.827803,0.0],[120.859391,23.827833,0.0],[120.859417,23.82795,0.0],[120.859102,23.827943,0.0],[120.858632,23.827687,0.0],[120.858876,23.827349,0.0],[120.859154,23.827467,0.0],[120.859802,23.827572,0.0],[120.861367,23.827314,0.0],[120.861732,23.827315,0.0],[120.862218,23.827591,0.0],[120.862328,23.827827,0.0],[120.862441,23.828657,0.0],[120.861017,23.827761,0.0],[120.860198,23.827958,0.0],[120.859596,23.827942,0.0],[120.859566,23.827803,0.0]],[[120.861565,23.827995,0.0],[120.861729,23.828012,0.0],[120.861748,23.827858,0.0],[120.861584,23.827842,0.0],[120.861565,23.827995,0.0]],[[120.859985,23.827822,0.0],[120.859988,23.827689,0.0],[120.859872,23.827629,0.0],[120.859897,23.827823,0.0],[120.859985,23.827822,0.0]]],[[[120.862643,23.828607,0.0],[120.862585,23.827868,0.0],[120.862493,23.827654,0.0],[120.862619,23.8277,0.0],[120.862756,23.827913,0.0],[120.8632,23.829232,0.0],[120.862904,23.82884,0.0],[120.862712,23.828772,0.0],[120.862643,23.828607,0.0]]],[[[120.865042,23.831687,0.0],[120.865025,23.831871,0.0],[120.864637,23.83212,0.0],[120.862956,23.830025,0.0],[120.862643,23.829238,0.0],[120.862862,23.829131,0.0],[120.862923,23.829208,0.0],[120.863125,23.829706,0.0],[120.86386,23.830618,0.0],[120.864149,23.831402,0.0],[120.864505,23.831573,0.0],[120.864957,23.831585,0.0],[120.865042,23.831687,0.0]]],[[[120.864483,23.831193,0.0],[120.864719,23.831177,0.0],[120.865031,23.831515,0.0],[120.864469,23.831467,0.0],[120.864225,23.831327,0.0],[120.86389,23.830476,0.0],[120.863938,23.830464,0.0],[120.864331,23.831125,0.0],[120.864483,23.831193,0.0]]],[[[120.865398,23.831733,0.0],[120.864766,23.831099,0.0],[120.865159,23.830979,0.0],[120.865742,23.830584,0.0],[120.865788,23.830673,0.0],[120.866099,23.830575,0.0],[120.866238,23.830713,0.0],[120.866808,23.830636,0.0],[120.866768,23.830907,0.0],[120.866621,23.831112,0.0],[120.866066,23.831361,0.0],[120.865772,23.831267,0.0],[120.86555,23.831697,0.0],[120.865398,23.831733,0.0]]],[[[120.830642,23.831475,0.0],[120.830149,23.831331,0.0],[120.830613,23.830932,0.0],[120.830798,23.831196,0.0],[120.831453,23.831619,0.0],[120.831499,23.83206,0.0],[120.831357,23.8325,0.0],[120.831246,23.83249,0.0],[120.831335,23.832033,0.0],[120.831224,23.83187,0.0],[120.830642,23.831475,0.0]]],[[[120.864717,23.832171,0.0],[120.865124,23.831881,0.0],[120.86512,23.831985,0.0],[120.864824,23.832276,0.0],[120.864717,23.832171,0.0]]],[[[120.844779,23.843336,0.0],[120.844137,23.843687,0.0],[120.843909,23.843947,0.0],[120.843799,23.844877,0.0],[120.84332,23.844868,0.0],[120.842779,23.844698,0.0],[120.842423,23.844887,0.0],[120.842136,23.844865,0.0],[120.841911,23.844727,0.0],[120.841599,23.844814,0.0],[120.840642,23.84479,0.0],[120.840335,23.844975,0.0],[120.839916,23.844962,0.0],[120.840688,23.846752,0.0],[120.840331,23.847924,0.0],[120.840681,23.848864,0.0],[120.840526,23.851437,0.0],[120.840897,23.851765,0.0],[120.842065,23.852291,0.0],[120.842196,23.852603,0.0],[120.841922,23.85309,0.0],[120.841775,23.853995,0.0],[120.841619,23.854234,0.0],[120.841648,23.854366,0.0],[120.842056,23.854832,0.0],[120.841972,23.855519,0.0],[120.841897,23.855619,0.0],[120.841465,23.855655,0.0],[120.840803,23.856004,0.0],[120.840422,23.856096,0.0],[120.839938,23.85595,0.0],[120.839537,23.855731,0.0],[120.839526,23.855625,0.0],[120.838698,23.85548,0.0],[120.838283,23.855179,0.0],[120.838138,23.854948,0.0],[120.83778,23.855031,0.0],[120.837457,23.855623,0.0],[120.836894,23.855742,0.0],[120.836693,23.855885,0.0],[120.836454,23.855928,0.0],[120.836243,23.856188,0.0],[120.836078,23.856245,0.0],[120.835788,23.856089,0.0],[120.835466,23.856339,0.0],[120.835308,23.85634,0.0],[120.834789,23.856548,0.0],[120.834009,23.856406,0.0],[120.833667,23.856428,0.0],[120.833344,23.856256,0.0],[120.831984,23.855981,0.0],[120.831636,23.855982,0.0],[120.8308,23.856396,0.0],[120.830587,23.856378,0.0],[120.830413,23.856466,0.0],[120.830415,23.856564,0.0],[120.83025,23.856572,0.0],[120.829483,23.856251,0.0],[120.828598,23.856124,0.0],[120.827785,23.855678,0.0],[120.827475,23.855608,0.0],[120.827065,23.855219,0.0],[120.826454,23.85424,0.0],[120.826452,23.854109,0.0],[120.825733,23.853552,0.0],[120.825309,23.85335,0.0],[120.824861,23.853276,0.0],[120.824531,23.853096,0.0],[120.824039,23.853292,0.0],[120.822996,23.853463,0.0],[120.822399,23.853302,0.0],[120.82193,23.85395,0.0],[120.821581,23.854214,0.0],[120.821166,23.854404,0.0],[120.820678,23.854459,0.0],[120.820199,23.854766,0.0],[120.819823,23.854896,0.0],[120.819125,23.855044,0.0],[120.818428,23.854616,0.0],[120.818005,23.854118,0.0],[120.817773,23.854019,0.0],[120.817243,23.853591,0.0],[120.816888,23.853441,0.0],[120.815575,23.853291,0.0],[120.815037,23.85313,0.0],[120.814231,23.852519,0.0],[120.813561,23.851702,0.0],[120.813425,23.851432,0.0],[120.812863,23.850969,0.0],[120.812464,23.850768,0.0],[120.811867,23.850653,0.0],[120.810915,23.850152,0.0],[120.810105,23.849345,0.0],[120.810312,23.849401,0.0],[120.810229,23.849137,0.0],[120.809721,23.848933,0.0],[120.809297,23.848563,0.0],[120.809528,23.848379,0.0],[120.809772,23.848457,0.0],[120.810187,23.848421,0.0],[120.810463,23.848598,0.0],[120.810973,23.848636,0.0],[120.811484,23.848456,0.0],[120.811537,23.848554,0.0],[120.812032,23.848046,0.0],[120.812147,23.847735,0.0],[120.812417,23.847585,0.0],[120.812634,23.846885,0.0],[120.81264,23.846566,0.0],[120.812916,23.846135,0.0],[120.813007,23.846245,0.0],[120.813519,23.845862,0.0],[120.813864,23.845254,0.0],[120.813894,23.844947,0.0],[120.81466,23.844482,0.0],[120.815358,23.843706,0.0],[120.816278,23.842924,0.0],[120.816682,23.842449,0.0],[120.816877,23.841349,0.0],[120.816983,23.841173,0.0],[120.817199,23.841232,0.0],[120.818049,23.840462,0.0],[120.818707,23.840141,0.0],[120.81974,23.839976,0.0],[120.82081,23.840347,0.0],[120.820996,23.840349,0.0],[120.821343,23.840179,0.0],[120.821496,23.840251,0.0],[120.821639,23.840162,0.0],[120.822094,23.840454,0.0],[120.821682,23.839949,0.0],[120.821749,23.839697,0.0],[120.821589,23.839607,0.0],[120.821695,23.839395,0.0],[120.822172,23.838957,0.0],[120.823187,23.838522,0.0],[120.823542,23.838295,0.0],[120.824367,23.838275,0.0],[120.824601,23.83797,0.0],[120.824696,23.837161,0.0],[120.825368,23.835387,0.0],[120.825648,23.835109,0.0],[120.826172,23.83507,0.0],[120.826588,23.834229,0.0],[120.82676,23.833569,0.0],[120.826803,23.832751,0.0],[120.826912,23.832636,0.0],[120.827048,23.832638,0.0],[120.827568,23.832801,0.0],[120.827904,23.833057,0.0],[120.827921,23.832326,0.0],[120.828226,23.831357,0.0],[120.828515,23.831059,0.0],[120.828796,23.831544,0.0],[120.829452,23.831834,0.0],[120.829691,23.831826,0.0],[120.830169,23.832063,0.0],[120.830425,23.83209,0.0],[120.830424,23.832218,0.0],[120.830648,23.832237,0.0],[120.831046,23.832715,0.0],[120.831323,23.832837,0.0],[120.831335,23.83296,0.0],[120.831403,23.8329,0.0],[120.831531,23.832606,0.0],[120.83164,23.831737,0.0],[120.831503,23.831548,0.0],[120.830866,23.831166,0.0],[120.830727,23.830915,0.0],[120.831196,23.829618,0.0],[120.831532,23.829223,0.0],[120.831694,23.828588,0.0],[120.831823,23.82833,0.0],[120.832103,23.828028,0.0],[120.8324,23.827295,0.0],[120.832611,23.827642,0.0],[120.832788,23.828446,0.0],[120.832754,23.828555,0.0],[120.832807,23.828556,0.0],[120.83265,23.829013,0.0],[120.833133,23.82945,0.0],[120.833926,23.830396,0.0],[120.834217,23.830535,0.0],[120.834347,23.830718,0.0],[120.834593,23.830815,0.0],[120.834683,23.831126,0.0],[120.83466,23.831419,0.0],[120.834788,23.831658,0.0],[120.835231,23.831954,0.0],[120.835304,23.832651,0.0],[120.835589,23.832998,0.0],[120.836041,23.834597,0.0],[120.836129,23.835154,0.0],[120.835902,23.835396,0.0],[120.835912,23.835479,0.0],[120.836187,23.835785,0.0],[120.836397,23.836282,0.0],[120.836735,23.836295,0.0],[120.836851,23.836434,0.0],[120.837717,23.836848,0.0],[120.838474,23.836968,0.0],[120.838787,23.83713,0.0],[120.839401,23.837144,0.0],[120.839783,23.837233,0.0],[120.840462,23.837209,0.0],[120.840759,23.837303,0.0],[120.843,23.837258,0.0],[120.843543,23.837167,0.0],[120.84374,23.837462,0.0],[120.84402,23.837562,0.0],[120.844102,23.837729,0.0],[120.844477,23.837741,0.0],[120.845272,23.838277,0.0],[120.845565,23.838706,0.0],[120.845762,23.839232,0.0],[120.846613,23.839532,0.0],[120.846907,23.839904,0.0],[120.847229,23.840879,0.0],[120.847144,23.8417,0.0],[120.847727,23.842326,0.0],[120.846937,23.842721,0.0],[120.845194,23.84263,0.0],[120.844779,23.843336,0.0]],[[120.843221,23.841028,0.0],[120.843322,23.841029,0.0],[120.843324,23.840944,0.0],[120.843224,23.840947,0.0],[120.843221,23.841028,0.0]],[[120.843207,23.842906,0.0],[120.843288,23.842769,0.0],[120.84315,23.842713,0.0],[120.84302,23.842858,0.0],[120.843207,23.842906,0.0]],[[120.843032,23.843824,0.0],[120.843067,23.843685,0.0],[120.84285,23.843638,0.0],[120.842816,23.843767,0.0],[120.843032,23.843824,0.0]],[[120.842909,23.84104,0.0],[120.843037,23.840945,0.0],[120.842981,23.840857,0.0],[120.842852,23.84097,0.0],[120.842909,23.84104,0.0]],[[120.842768,23.840058,0.0],[120.842913,23.839938,0.0],[120.842823,23.839827,0.0],[120.84268,23.839962,0.0],[120.842768,23.840058,0.0]],[[120.841597,23.837639,0.0],[120.841174,23.837564,0.0],[120.841004,23.838328,0.0],[120.841146,23.838488,0.0],[120.841843,23.838698,0.0],[120.841809,23.838741,0.0],[120.841961,23.838869,0.0],[120.842595,23.838753,0.0],[120.842752,23.837608,0.0],[120.841597,23.837639,0.0]],[[120.842352,23.844126,0.0],[120.842369,23.844194,0.0],[120.842483,23.844168,0.0],[120.842438,23.844103,0.0],[120.842352,23.844126,0.0]],[[120.841866,23.842415,0.0],[120.841955,23.842371,0.0],[120.841897,23.842271,0.0],[120.841789,23.842326,0.0],[120.841866,23.842415,0.0]],[[120.841195,23.84212,0.0],[120.841351,23.842056,0.0],[120.841279,23.841899,0.0],[120.84112,23.841982,0.0],[120.841195,23.84212,0.0]],[[120.840966,23.842496,0.0],[120.841128,23.842446,0.0],[120.841322,23.842246,0.0],[120.841291,23.84213,0.0],[120.841142,23.842173,0.0],[120.840892,23.842369,0.0],[120.840966,23.842496,0.0]],[[120.841192,23.841642,0.0],[120.841079,23.841569,0.0],[120.840974,23.841621,0.0],[120.840993,23.841914,0.0],[120.841278,23.841897,0.0],[120.84128,23.841826,0.0],[120.841188,23.841828,0.0],[120.841192,23.841642,0.0]],[[120.840974,23.844739,0.0],[120.841165,23.844685,0.0],[120.841108,23.844554,0.0],[120.840916,23.844625,0.0],[120.840974,23.844739,0.0]],[[120.840697,23.841775,0.0],[120.840638,23.841725,0.0],[120.840551,23.841798,0.0],[120.840607,23.84185,0.0],[120.840697,23.841775,0.0]],[[120.839861,23.842349,0.0],[120.839736,23.842259,0.0],[120.839546,23.84254,0.0],[120.839397,23.842528,0.0],[120.839414,23.842653,0.0],[120.839603,23.842657,0.0],[120.839861,23.842349,0.0]],[[120.839332,23.842175,0.0],[120.838948,23.842298,0.0],[120.839092,23.842497,0.0],[120.839468,23.842201,0.0],[120.839332,23.842175,0.0]],[[120.839061,23.841059,0.0],[120.839049,23.840903,0.0],[120.838922,23.840879,0.0],[120.838939,23.841031,0.0],[120.839061,23.841059,0.0]],[[120.838456,23.842674,0.0],[120.838112,23.842681,0.0],[120.838129,23.842851,0.0],[120.838439,23.842792,0.0],[120.838456,23.842674,0.0]],[[120.837913,23.838005,0.0],[120.837823,23.838063,0.0],[120.837874,23.838137,0.0],[120.837962,23.838082,0.0],[120.837913,23.838005,0.0]],[[120.837466,23.843838,0.0],[120.837756,23.843894,0.0],[120.837888,23.843731,0.0],[120.837589,23.843442,0.0],[120.837533,23.843606,0.0],[120.837479,23.843444,0.0],[120.836714,23.843481,0.0],[120.836677,23.843544,0.0],[120.836683,23.843209,0.0],[120.836209,23.843268,0.0],[120.83607,23.843399,0.0],[120.835896,23.843355,0.0],[120.835706,23.843467,0.0],[120.835452,23.843496,0.0],[120.835467,23.843647,0.0],[120.835316,23.843764,0.0],[120.835296,23.844015,0.0],[120.835501,23.843923,0.0],[120.835828,23.843948,0.0],[120.835935,23.843833,0.0],[120.836412,23.843966,0.0],[120.83742,23.843928,0.0],[120.837466,23.843838,0.0]],[[120.837429,23.841953,0.0],[120.837888,23.841562,0.0],[120.837678,23.841442,0.0],[120.837475,23.841528,0.0],[120.83725,23.841811,0.0],[120.837429,23.841953,0.0]],[[120.837775,23.843308,0.0],[120.837708,23.843137,0.0],[120.837595,23.843179,0.0],[120.83764,23.843329,0.0],[120.837775,23.843308,0.0]],[[120.837479,23.843012,0.0],[120.837485,23.843115,0.0],[120.837604,23.843079,0.0],[120.837574,23.843005,0.0],[120.837479,23.843012,0.0]],[[120.837407,23.842408,0.0],[120.837128,23.842325,0.0],[120.837108,23.842418,0.0],[120.837374,23.842491,0.0],[120.837407,23.842408,0.0]],[[120.836912,23.843427,0.0],[120.836917,23.843231,0.0],[120.836748,23.843223,0.0],[120.836753,23.843426,0.0],[120.836912,23.843427,0.0]],[[120.834946,23.845948,0.0],[120.834895,23.845814,0.0],[120.83467,23.845774,0.0],[120.834333,23.846034,0.0],[120.834673,23.846475,0.0],[120.835253,23.846168,0.0],[120.83518,23.84583,0.0],[120.834946,23.845948,0.0]],[[120.833054,23.849055,0.0],[120.832987,23.848909,0.0],[120.832896,23.849008,0.0],[120.833003,23.849113,0.0],[120.833054,23.849055,0.0]],[[120.83241,23.84769,0.0],[120.832727,23.847971,0.0],[120.832804,23.847961,0.0],[120.832754,23.847814,0.0],[120.832513,23.847612,0.0],[120.83241,23.84769,0.0]],[[120.832638,23.829349,0.0],[120.832612,23.829303,0.0],[120.832579,23.82938,0.0],[120.832638,23.829349,0.0]],[[120.83189,23.848647,0.0],[120.831774,23.848819,0.0],[120.831917,23.848921,0.0],[120.832052,23.848748,0.0],[120.83189,23.848647,0.0]],[[120.831742,23.847529,0.0],[120.831616,23.847698,0.0],[120.831833,23.847771,0.0],[120.831916,23.847664,0.0],[120.831742,23.847529,0.0]],[[120.831601,23.845666,0.0],[120.831568,23.845814,0.0],[120.831839,23.845878,0.0],[120.831845,23.845773,0.0],[120.831601,23.845666,0.0]],[[120.831584,23.850639,0.0],[120.831531,23.850492,0.0],[120.831252,23.850629,0.0],[120.831341,23.850761,0.0],[120.831584,23.850639,0.0]],[[120.830625,23.841354,0.0],[120.83068,23.841443,0.0],[120.83084,23.841478,0.0],[120.830899,23.841324,0.0],[120.830707,23.84117,0.0],[120.830625,23.841354,0.0]],[[120.830626,23.840784,0.0],[120.830483,23.840733,0.0],[120.830369,23.840861,0.0],[120.83051,23.840975,0.0],[120.830656,23.840883,0.0],[120.830626,23.840784,0.0]],[[120.830419,23.834027,0.0],[120.830543,23.833917,0.0],[120.830452,23.83384,0.0],[120.830322,23.833944,0.0],[120.830419,23.834027,0.0]],[[120.830121,23.848517,0.0],[120.830298,23.848485,0.0],[120.830286,23.848398,0.0],[120.830098,23.848427,0.0],[120.830121,23.848517,0.0]],[[120.830115,23.841074,0.0],[120.830055,23.841179,0.0],[120.830137,23.841239,0.0],[120.830289,23.841152,0.0],[120.830115,23.841074,0.0]],[[120.830089,23.848126,0.0],[120.830241,23.8482,0.0],[120.830266,23.848155,0.0],[120.830149,23.848115,0.0],[120.830202,23.848081,0.0],[120.83015,23.848018,0.0],[120.830089,23.848126,0.0]],[[120.830037,23.838138,0.0],[120.83009,23.837926,0.0],[120.829999,23.837907,0.0],[120.82995,23.838118,0.0],[120.830037,23.838138,0.0]],[[120.829907,23.849816,0.0],[120.829987,23.849765,0.0],[120.829896,23.849623,0.0],[120.829827,23.849654,0.0],[120.829907,23.849816,0.0]],[[120.829773,23.837962,0.0],[120.829776,23.838094,0.0],[120.829919,23.838101,0.0],[120.829941,23.83796,0.0],[120.829773,23.837962,0.0]],[[120.829773,23.837905,0.0],[120.829916,23.837864,0.0],[120.829868,23.837805,0.0],[120.829725,23.837847,0.0],[120.829773,23.837905,0.0]],[[120.829723,23.844254,0.0],[120.829868,23.844387,0.0],[120.8299,23.844294,0.0],[120.829783,23.8442,0.0],[120.829723,23.844254,0.0]],[[120.829674,23.848928,0.0],[120.829676,23.849061,0.0],[120.829853,23.849099,0.0],[120.829852,23.848977,0.0],[120.829674,23.848928,0.0]],[[120.829228,23.837155,0.0],[120.829175,23.837329,0.0],[120.829389,23.837438,0.0],[120.829498,23.83741,0.0],[120.829569,23.837197,0.0],[120.829228,23.837155,0.0]],[[120.828234,23.850516,0.0],[120.828161,23.850474,0.0],[120.828098,23.850583,0.0],[120.828174,23.850679,0.0],[120.828234,23.850516,0.0]],[[120.827591,23.850114,0.0],[120.827746,23.850342,0.0],[120.827852,23.850265,0.0],[120.827704,23.850063,0.0],[120.827591,23.850114,0.0]],[[120.827478,23.832941,0.0],[120.827585,23.83316,0.0],[120.827664,23.833139,0.0],[120.827691,23.833018,0.0],[120.827629,23.832877,0.0],[120.827478,23.832941,0.0]],[[120.827137,23.833073,0.0],[120.827234,23.833286,0.0],[120.827373,23.833338,0.0],[120.8274,23.833232,0.0],[120.827557,23.833164,0.0],[120.827281,23.832973,0.0],[120.827137,23.833073,0.0]],[[120.826354,23.842061,0.0],[120.826592,23.842006,0.0],[120.826516,23.841815,0.0],[120.826287,23.841925,0.0],[120.826354,23.842061,0.0]],[[120.825696,23.839776,0.0],[120.825834,23.839688,0.0],[120.825926,23.839525,0.0],[120.825844,23.839446,0.0],[120.82564,23.839552,0.0],[120.825609,23.839741,0.0],[120.825696,23.839776,0.0]],[[120.824689,23.838941,0.0],[120.824548,23.838871,0.0],[120.824476,23.838964,0.0],[120.824562,23.839048,0.0],[120.824689,23.838941,0.0]],[[120.824058,23.838854,0.0],[120.823918,23.83891,0.0],[120.823969,23.839019,0.0],[120.824085,23.838982,0.0],[120.824058,23.838854,0.0]],[[120.822632,23.839567,0.0],[120.82247,23.839573,0.0],[120.822468,23.839698,0.0],[120.822617,23.839693,0.0],[120.822632,23.839567,0.0]],[[120.820067,23.846617,0.0],[120.820078,23.846502,0.0],[120.819968,23.846462,0.0],[120.819956,23.846576,0.0],[120.820067,23.846617,0.0]],[[120.819589,23.846683,0.0],[120.819739,23.84658,0.0],[120.819667,23.846511,0.0],[120.819505,23.846608,0.0],[120.819589,23.846683,0.0]],[[120.818707,23.843107,0.0],[120.818634,23.843202,0.0],[120.81877,23.843277,0.0],[120.81883,23.843184,0.0],[120.818707,23.843107,0.0]],[[120.818255,23.846441,0.0],[120.818283,23.846595,0.0],[120.818488,23.846576,0.0],[120.818457,23.846424,0.0],[120.818255,23.846441,0.0]],[[120.818327,23.847568,0.0],[120.818209,23.847514,0.0],[120.818159,23.847632,0.0],[120.81832,23.847637,0.0],[120.818327,23.847568,0.0]],[[120.818129,23.846099,0.0],[120.818074,23.845686,0.0],[120.81801,23.845649,0.0],[120.817841,23.845778,0.0],[120.818014,23.846141,0.0],[120.818129,23.846099,0.0]],[[120.817818,23.841752,0.0],[120.817889,23.84169,0.0],[120.817736,23.841583,0.0],[120.817664,23.841644,0.0],[120.817818,23.841752,0.0]],[[120.817393,23.853296,0.0],[120.817453,23.853363,0.0],[120.817434,23.85325,0.0],[120.817393,23.853296,0.0]],[[120.816657,23.843008,0.0],[120.816523,23.842956,0.0],[120.816441,23.843074,0.0],[120.816557,23.843134,0.0],[120.816657,23.843008,0.0]],[[120.814456,23.845892,0.0],[120.814339,23.845849,0.0],[120.814298,23.845993,0.0],[120.814411,23.846013,0.0],[120.814456,23.845892,0.0]]],[[[120.950751,23.467659,0.0],[120.949378,23.46738,0.0],[120.949078,23.467418,0.0],[120.948474,23.46721,0.0],[120.948257,23.467185,0.0],[120.948705,23.467144,0.0],[120.949122,23.4672,0.0],[120.950751,23.467659,0.0]]],[[[120.946293,23.467486,0.0],[120.946636,23.467425,0.0],[120.946996,23.467383,0.0],[120.946806,23.46748,0.0],[120.946293,23.467486,0.0]]],[[[120.945062,23.467979,0.0],[120.944993,23.468101,0.0],[120.944577,23.468378,0.0],[120.94356,23.468852,0.0],[120.943126,23.469166,0.0],[120.943561,23.468853,0.0],[120.944577,23.468379,0.0],[120.944994,23.468102,0.0],[120.945064,23.467978,0.0],[120.945405,23.467743,0.0],[120.945751,23.467608,0.0],[120.946288,23.467487,0.0],[120.946806,23.467481,0.0],[120.946999,23.467383,0.0],[120.948254,23.467185,0.0],[120.948257,23.467185,0.0],[120.948474,23.467211,0.0],[120.949078,23.467418,0.0],[120.949079,23.467419,0.0],[120.949378,23.467381,0.0],[120.950196,23.46759,0.0],[120.951899,23.467912,0.0],[120.9519,23.467912,0.0],[120.952356,23.468012,0.0],[120.953321,23.468412,0.0],[120.954665,23.46941,0.0],[120.955102,23.469652,0.0],[120.955913,23.469972,0.0],[120.95666,23.470125,0.0],[120.956118,23.470139,0.0],[120.956119,23.47014,0.0],[120.956662,23.470126,0.0],[120.95703,23.47027,0.0],[120.956559,23.470614,0.0],[120.956124,23.47118,0.0],[120.955849,23.4716,0.0],[120.955798,23.471912,0.0],[120.955729,23.471836,0.0],[120.955768,23.471247,0.0],[120.956112,23.470766,0.0],[120.956111,23.470766,0.0],[120.955767,23.471247,0.0],[120.955728,23.471836,0.0],[120.955797,23.471912,0.0],[120.955872,23.472575,0.0],[120.956455,23.474421,0.0],[120.956561,23.474713,0.0],[120.956702,23.474946,0.0],[120.956777,23.475337,0.0],[120.957037,23.475853,0.0],[120.957038,23.475853,0.0],[120.956778,23.475337,0.0],[120.956703,23.474946,0.0],[120.956456,23.474421,0.0],[120.956325,23.473898,0.0],[120.95699,23.47533,0.0],[120.957598,23.476231,0.0],[120.958456,23.477308,0.0],[120.959018,23.47855,0.0],[120.959392,23.481141,0.0],[120.959922,23.482927,0.0],[120.959998,23.483476,0.0],[120.959486,23.486521,0.0],[120.959698,23.487126,0.0],[120.960629,23.487341,0.0],[120.960727,23.487364,0.0],[120.962005,23.487366,0.0],[120.960869,23.487345,0.0],[120.962659,23.487251,0.0],[120.962908,23.487265,0.0],[120.962496,23.487271,0.0],[120.963692,23.487335,0.0],[120.964194,23.487423,0.0],[120.96664,23.48797,0.0],[120.967672,23.488343,0.0],[120.968439,23.488654,0.0],[120.968962,23.488763,0.0],[120.971338,23.488786,0.0],[120.972889,23.489032,0.0],[120.975875,23.489951,0.0],[120.97542,23.489934,0.0],[120.976456,23.490028,0.0],[120.977539,23.490011,0.0],[120.978028,23.489918,0.0],[120.978547,23.489962,0.0],[120.97811,23.489916,0.0],[120.979507,23.489876,0.0],[120.980053,23.489859,0.0],[120.982868,23.49003,0.0],[120.98302,23.490038,0.0],[120.983443,23.490104,0.0],[120.984679,23.490479,0.0],[120.985425,23.490673,0.0],[120.986284,23.490786,0.0],[120.987333,23.490714,0.0],[120.989029,23.490264,0.0],[120.990071,23.490122,0.0],[120.992866,23.490134,0.0],[120.993308,23.490143,0.0],[120.993553,23.490976,0.0],[120.993747,23.491364,0.0],[120.99455,23.492112,0.0],[120.994558,23.492033,0.0],[120.995088,23.491902,0.0],[120.996161,23.49099,0.0],[120.997242,23.490813,0.0],[120.997718,23.490853,0.0],[120.998867,23.491269,0.0],[120.999568,23.491332,0.0],[121.000422,23.491629,0.0],[121.002208,23.491542,0.0],[121.002513,23.491362,0.0],[121.003789,23.489735,0.0],[121.003852,23.49084,0.0],[121.003878,23.49089,0.0],[121.004154,23.491264,0.0],[121.004398,23.491733,0.0],[121.004576,23.491965,0.0],[121.004732,23.492368,0.0],[121.004614,23.492743,0.0],[121.004426,23.492984,0.0],[121.004398,23.493353,0.0],[121.004016,23.49442,0.0],[121.004029,23.494811,0.0],[121.003833,23.495067,0.0],[121.003795,23.495129,0.0],[121.003713,23.495396,0.0],[121.003671,23.495443,0.0],[121.003427,23.495805,0.0],[121.003323,23.495914,0.0],[121.003367,23.495872,0.0],[121.00343,23.495803,0.0],[121.003504,23.495704,0.0],[121.003578,23.495597,0.0],[121.003674,23.495441,0.0],[121.003716,23.495394,0.0],[121.003784,23.495185,0.0],[121.003798,23.495127,0.0],[121.003836,23.495065,0.0],[121.003939,23.49494,0.0],[121.004032,23.494808,0.0],[121.004038,23.494758,0.0],[121.004041,23.494681,0.0],[121.004032,23.494477,0.0],[121.004019,23.494418,0.0],[121.004084,23.494299,0.0],[121.004129,23.494179,0.0],[121.004401,23.493351,0.0],[121.00442,23.49328,0.0],[121.00443,23.493181,0.0],[121.004429,23.492982,0.0],[121.004517,23.492885,0.0],[121.004578,23.492812,0.0],[121.004617,23.492741,0.0],[121.00469,23.492591,0.0],[121.004706,23.492535,0.0],[121.004735,23.492366,0.0],[121.00473,23.492304,0.0],[121.004684,23.492159,0.0],[121.004579,23.491963,0.0],[121.004401,23.491731,0.0],[121.004157,23.491262,0.0],[121.004015,23.491052,0.0],[121.003881,23.490888,0.0],[121.003855,23.490838,0.0],[121.003856,23.490337,0.0],[121.003792,23.489733,0.0],[121.004273,23.489562,0.0],[121.004816,23.489682,0.0],[121.005296,23.489537,0.0],[121.005854,23.489611,0.0],[121.006905,23.489487,0.0],[121.008109,23.489783,0.0],[121.008387,23.489965,0.0],[121.008901,23.490488,0.0],[121.009198,23.490431,0.0],[121.009457,23.490243,0.0],[121.010487,23.49021,0.0],[121.011427,23.490581,0.0],[121.011779,23.491019,0.0],[121.012087,23.491192,0.0],[121.012286,23.491233,0.0],[121.012599,23.491154,0.0],[121.013167,23.491268,0.0],[121.013937,23.491606,0.0],[121.01621,23.492126,0.0],[121.016544,23.492125,0.0],[121.017505,23.491919,0.0],[121.017695,23.491953,0.0],[121.018248,23.492293,0.0],[121.018517,23.492305,0.0],[121.018856,23.492181,0.0],[121.019349,23.49234,0.0],[121.019703,23.492314,0.0],[121.020332,23.492038,0.0],[121.021741,23.492216,0.0],[121.02199,23.492367,0.0],[121.022241,23.492394,0.0],[121.022598,23.492243,0.0],[121.023509,23.49209,0.0],[121.023799,23.492153,0.0],[121.02417,23.492124,0.0],[121.024712,23.491797,0.0],[121.025413,23.492009,0.0],[121.02609,23.492107,0.0],[121.026325,23.492068,0.0],[121.026637,23.491861,0.0],[121.026945,23.491863,0.0],[121.027474,23.492515,0.0],[121.028279,23.492783,0.0],[121.028615,23.493214,0.0],[121.028728,23.493248,0.0],[121.029336,23.493159,0.0],[121.02984,23.49322,0.0],[121.030792,23.493161,0.0],[121.031238,23.493278,0.0],[121.031254,23.493132,0.0],[121.031163,23.492984,0.0],[121.031292,23.49293,0.0],[121.032329,23.493029,0.0],[121.033283,23.492874,0.0],[121.033444,23.492913,0.0],[121.033933,23.492681,0.0],[121.034222,23.492805,0.0],[121.034397,23.492799,0.0],[121.034622,23.492568,0.0],[121.034628,23.492444,0.0],[121.03759,23.491387,0.0],[121.0379,23.491219,0.0],[121.03828,23.491143,0.0],[121.040145,23.491143,0.0],[121.040588,23.491284,0.0],[121.041181,23.491604,0.0],[121.041517,23.491597,0.0],[121.042011,23.491467,0.0],[121.042435,23.491572,0.0],[121.043313,23.49195,0.0],[121.043998,23.491975,0.0],[121.045068,23.491741,0.0],[121.045521,23.491747,0.0],[121.046236,23.49191,0.0],[121.047238,23.492393,0.0],[121.047472,23.492373,0.0],[121.047827,23.492645,0.0],[121.048535,23.492908,0.0],[121.048677,23.493037,0.0],[121.048776,23.49329,0.0],[121.048927,23.493361,0.0],[121.04909,23.493593,0.0],[121.04978,23.493835,0.0],[121.050023,23.494092,0.0],[121.050626,23.493969,0.0],[121.052748,23.494093,0.0],[121.05312,23.494917,0.0],[121.053535,23.495336,0.0],[121.053679,23.495653,0.0],[121.054186,23.49611,0.0],[121.054666,23.496397,0.0],[121.054854,23.49642,0.0],[121.055455,23.496258,0.0],[121.055918,23.496248,0.0],[121.056321,23.496284,0.0],[121.057064,23.4965,0.0],[121.057971,23.497226,0.0],[121.05846,23.497324,0.0],[121.058774,23.497281,0.0],[121.060254,23.498475,0.0],[121.060939,23.49874,0.0],[121.061045,23.49884,0.0],[121.061796,23.499023,0.0],[121.062334,23.499513,0.0],[121.062513,23.499971,0.0],[121.062494,23.500221,0.0],[121.062698,23.500862,0.0],[121.062845,23.501835,0.0],[121.06276,23.503728,0.0],[121.062658,23.504003,0.0],[121.061987,23.504379,0.0],[121.060423,23.504191,0.0],[121.06021,23.504308,0.0],[121.059794,23.504791,0.0],[121.059321,23.504881,0.0],[121.058878,23.50521,0.0],[121.057604,23.505411,0.0],[121.057103,23.505563,0.0],[121.056372,23.505928,0.0],[121.05542,23.506623,0.0],[121.054498,23.507155,0.0],[121.054292,23.507451,0.0],[121.053199,23.50775,0.0],[121.053003,23.507847,0.0],[121.052774,23.508093,0.0],[121.051689,23.508438,0.0],[121.051582,23.508528,0.0],[121.051453,23.50893,0.0],[121.051254,23.509057,0.0],[121.050837,23.509064,0.0],[121.050571,23.509247,0.0],[121.05038,23.509262,0.0],[121.049932,23.509037,0.0],[121.049716,23.50902,0.0],[121.049267,23.509087,0.0],[121.048905,23.50927,0.0],[121.048606,23.509313,0.0],[121.047473,23.509201,0.0],[121.046738,23.509004,0.0],[121.045305,23.508858,0.0],[121.044885,23.508882,0.0],[121.043903,23.509493,0.0],[121.042222,23.510119,0.0],[121.040267,23.510163,0.0],[121.039426,23.51033,0.0],[121.038648,23.510358,0.0],[121.036592,23.511343,0.0],[121.035154,23.511799,0.0],[121.034149,23.512296,0.0],[121.033102,23.512388,0.0],[121.032157,23.512634,0.0],[121.031185,23.512711,0.0],[121.030723,23.512854,0.0],[121.03029,23.512892,0.0],[121.029114,23.513247,0.0],[121.028097,23.512939,0.0],[121.027625,23.51313,0.0],[121.027439,23.513113,0.0],[121.027103,23.513239,0.0],[121.026314,23.513061,0.0],[121.025911,23.513282,0.0],[121.025783,23.513736,0.0],[121.025709,23.513772,0.0],[121.024663,23.513811,0.0],[121.024278,23.513589,0.0],[121.023436,23.513449,0.0],[121.023036,23.513667,0.0],[121.022684,23.513688,0.0],[121.022287,23.51415,0.0],[121.021899,23.513907,0.0],[121.020973,23.513719,0.0],[121.020386,23.513331,0.0],[121.019954,23.513288,0.0],[121.019658,23.513496,0.0],[121.019359,23.513542,0.0],[121.019076,23.51344,0.0],[121.018708,23.513091,0.0],[121.017973,23.513252,0.0],[121.01762,23.513187,0.0],[121.017414,23.513011,0.0],[121.017385,23.512405,0.0],[121.017164,23.512208,0.0],[121.01698,23.512145,0.0],[121.016603,23.512611,0.0],[121.016078,23.513066,0.0],[121.015753,23.513103,0.0],[121.015308,23.513007,0.0],[121.014883,23.513185,0.0],[121.014209,23.514151,0.0],[121.012727,23.514646,0.0],[121.012188,23.514722,0.0],[121.011926,23.514923,0.0],[121.01187,23.515457,0.0],[121.011156,23.515545,0.0],[121.010857,23.515671,0.0],[121.010452,23.5161,0.0],[121.0101,23.516266,0.0],[121.009718,23.516646,0.0],[121.00951,23.517144,0.0],[121.008937,23.517482,0.0],[121.008782,23.518478,0.0],[121.008571,23.519045,0.0],[121.008812,23.519411,0.0],[121.008986,23.519941,0.0],[121.009465,23.520728,0.0],[121.009484,23.521392,0.0],[121.009447,23.521574,0.0],[121.009231,23.521806,0.0],[121.009211,23.522249,0.0],[121.009051,23.522528,0.0],[121.008813,23.522668,0.0],[121.008393,23.523426,0.0],[121.007847,23.525253,0.0],[121.007511,23.525476,0.0],[121.006834,23.525336,0.0],[121.006359,23.525471,0.0],[121.005893,23.525925,0.0],[121.005793,23.52637,0.0],[121.005974,23.526594,0.0],[121.007098,23.527077,0.0],[121.007367,23.527413,0.0],[121.007499,23.527745,0.0],[121.007513,23.527939,0.0],[121.007209,23.528437,0.0],[121.007146,23.528684,0.0],[121.007062,23.529916,0.0],[121.007756,23.530087,0.0],[121.008333,23.53038,0.0],[121.008648,23.530778,0.0],[121.009299,23.531347,0.0],[121.009455,23.531579,0.0],[121.009626,23.532247,0.0],[121.010252,23.532957,0.0],[121.010295,23.533104,0.0],[121.01023,23.533223,0.0],[121.009803,23.533451,0.0],[121.009453,23.533764,0.0],[121.009216,23.534513,0.0],[121.00867,23.535309,0.0],[121.008315,23.536367,0.0],[121.008009,23.536492,0.0],[121.007689,23.536371,0.0],[121.007457,23.53638,0.0],[121.007198,23.536516,0.0],[121.007055,23.53674,0.0],[121.00698,23.537656,0.0],[121.00715,23.538709,0.0],[121.007301,23.53883,0.0],[121.007617,23.538873,0.0],[121.007771,23.538985,0.0],[121.00788,23.539207,0.0],[121.007896,23.539691,0.0],[121.007642,23.540311,0.0],[121.00714,23.541015,0.0],[121.006899,23.541325,0.0],[121.006529,23.541525,0.0],[121.006456,23.54167,0.0],[121.006724,23.542355,0.0],[121.007114,23.542659,0.0],[121.007769,23.543398,0.0],[121.007946,23.544356,0.0],[121.007865,23.544862,0.0],[121.007649,23.545454,0.0],[121.007705,23.546444,0.0],[121.007641,23.547084,0.0],[121.007508,23.547634,0.0],[121.00721,23.548287,0.0],[121.007113,23.549256,0.0],[121.006517,23.549695,0.0],[121.004647,23.55007,0.0],[121.004357,23.550255,0.0],[121.00422,23.550478,0.0],[121.00443,23.550753,0.0],[121.004406,23.551928,0.0],[121.004498,23.552328,0.0],[121.004505,23.553226,0.0],[121.005279,23.5539,0.0],[121.005514,23.55431,0.0],[121.005549,23.554683,0.0],[121.005759,23.554938,0.0],[121.005951,23.555065,0.0],[121.006847,23.555239,0.0],[121.007077,23.555449,0.0],[121.007001,23.555855,0.0],[121.006454,23.556549,0.0],[121.006426,23.557003,0.0],[121.006515,23.557126,0.0],[121.007169,23.557429,0.0],[121.00755,23.557833,0.0],[121.007574,23.558101,0.0],[121.007279,23.558655,0.0],[121.007292,23.558876,0.0],[121.008011,23.559083,0.0],[121.008308,23.559276,0.0],[121.008207,23.559434,0.0],[121.007406,23.560032,0.0],[121.007754,23.560303,0.0],[121.009093,23.560726,0.0],[121.009329,23.560923,0.0],[121.009312,23.56117,0.0],[121.008954,23.56158,0.0],[121.008516,23.562672,0.0],[121.007841,23.562862,0.0],[121.00762,23.563076,0.0],[121.007522,23.563303,0.0],[121.00762,23.563631,0.0],[121.008159,23.564091,0.0],[121.008204,23.564303,0.0],[121.008052,23.564494,0.0],[121.008072,23.564651,0.0],[121.008684,23.565165,0.0],[121.008798,23.565341,0.0],[121.008801,23.565522,0.0],[121.008342,23.566082,0.0],[121.007944,23.567039,0.0],[121.007425,23.5676,0.0],[121.00686,23.56779,0.0],[121.006786,23.568118,0.0],[121.006996,23.568415,0.0],[121.007494,23.568736,0.0],[121.007799,23.569032,0.0],[121.008204,23.56971,0.0],[121.008265,23.569972,0.0],[121.008142,23.570628,0.0],[121.008274,23.571129,0.0],[121.009055,23.571736,0.0],[121.00968,23.572052,0.0],[121.009831,23.572212,0.0],[121.010042,23.573076,0.0],[121.009884,23.57402,0.0],[121.009947,23.574215,0.0],[121.010522,23.574221,0.0],[121.010973,23.574324,0.0],[121.011426,23.574725,0.0],[121.010797,23.574792,0.0],[121.009771,23.575311,0.0],[121.008993,23.57531,0.0],[121.008366,23.575639,0.0],[121.0079,23.575793,0.0],[121.007485,23.575731,0.0],[121.006474,23.575399,0.0],[121.005983,23.575498,0.0],[121.005263,23.575349,0.0],[121.005075,23.575275,0.0],[121.004729,23.574935,0.0],[121.004422,23.574798,0.0],[121.003799,23.574832,0.0],[121.002846,23.575127,0.0],[121.001753,23.574982,0.0],[121.00139,23.574763,0.0],[121.0006,23.57447,0.0],[121.000654,23.574022,0.0],[121.000523,23.573605,0.0],[121.000042,23.573275,0.0],[120.999662,23.572408,0.0],[120.99936,23.57231,0.0],[120.998493,23.572225,0.0],[120.997738,23.571863,0.0],[120.996915,23.571694,0.0],[120.99634,23.571415,0.0],[120.996156,23.571209,0.0],[120.99566,23.570959,0.0],[120.995173,23.570332,0.0],[120.994618,23.570183,0.0],[120.994211,23.570203,0.0],[120.993672,23.570384,0.0],[120.993372,23.570902,0.0],[120.992892,23.571169,0.0],[120.992536,23.571144,0.0],[120.992075,23.571507,0.0],[120.991796,23.57132,0.0],[120.991523,23.571246,0.0],[120.990896,23.571263,0.0],[120.990404,23.571363,0.0],[120.989959,23.571111,0.0],[120.989369,23.570943,0.0],[120.989202,23.570605,0.0],[120.988788,23.570585,0.0],[120.987167,23.571563,0.0],[120.986734,23.57164,0.0],[120.986477,23.571968,0.0],[120.98611,23.572244,0.0],[120.985774,23.572809,0.0],[120.985268,23.573265,0.0],[120.984029,23.573831,0.0],[120.983385,23.573894,0.0],[120.983074,23.573846,0.0],[120.98261,23.57328,0.0],[120.982542,23.57287,0.0],[120.982579,23.572461,0.0],[120.982197,23.571949,0.0],[120.982038,23.571827,0.0],[120.981447,23.571824,0.0],[120.980981,23.571638,0.0],[120.9802,23.571868,0.0],[120.980016,23.572185,0.0],[120.979728,23.572326,0.0],[120.978909,23.572265,0.0],[120.97807,23.572686,0.0],[120.977753,23.573233,0.0],[120.977417,23.57364,0.0],[120.97726,23.573728,0.0],[120.976816,23.573658,0.0],[120.976253,23.573737,0.0],[120.974063,23.573679,0.0],[120.973611,23.573752,0.0],[120.972873,23.573382,0.0],[120.971949,23.573232,0.0],[120.971569,23.57293,0.0],[120.971399,23.572639,0.0],[120.970996,23.572345,0.0],[120.970445,23.572177,0.0],[120.970025,23.57193,0.0],[120.968207,23.571452,0.0],[120.967966,23.571281,0.0],[120.96754,23.571202,0.0],[120.966457,23.571311,0.0],[120.965064,23.571051,0.0],[120.96459,23.571143,0.0],[120.964326,23.571121,0.0],[120.964461,23.57076,0.0],[120.964549,23.570635,0.0],[120.964777,23.570419,0.0],[120.964821,23.570344,0.0],[120.964831,23.570105,0.0],[120.965204,23.569353,0.0],[120.965329,23.56884,0.0],[120.965532,23.568553,0.0],[120.965536,23.568048,0.0],[120.965621,23.567928,0.0],[120.966054,23.56691,0.0],[120.967325,23.565454,0.0],[120.96745,23.565198,0.0],[120.967813,23.56485,0.0],[120.967909,23.564737,0.0],[120.96813,23.564324,0.0],[120.968202,23.563885,0.0],[120.968361,23.563694,0.0],[120.968316,23.563725,0.0],[120.968242,23.563798,0.0],[120.968195,23.563888,0.0],[120.968123,23.564327,0.0],[120.967901,23.56474,0.0],[120.967805,23.564853,0.0],[120.967625,23.565006,0.0],[120.967442,23.565201,0.0],[120.967317,23.565458,0.0],[120.967138,23.565603,0.0],[120.967092,23.565649,0.0],[120.966046,23.566914,0.0],[120.965786,23.567424,0.0],[120.965736,23.567544,0.0],[120.965613,23.567931,0.0],[120.965528,23.568051,0.0],[120.965484,23.568191,0.0],[120.965523,23.568556,0.0],[120.965365,23.568748,0.0],[120.965321,23.568843,0.0],[120.965196,23.569356,0.0],[120.964822,23.570108,0.0],[120.964813,23.570348,0.0],[120.964769,23.570422,0.0],[120.964644,23.570522,0.0],[120.964541,23.570638,0.0],[120.964453,23.570764,0.0],[120.964225,23.571273,0.0],[120.963629,23.571641,0.0],[120.963338,23.571938,0.0],[120.963145,23.572529,0.0],[120.96318,23.572834,0.0],[120.963112,23.572999,0.0],[120.962023,23.574058,0.0],[120.961285,23.574413,0.0],[120.960646,23.573958,0.0],[120.960061,23.57373,0.0],[120.959777,23.573308,0.0],[120.959358,23.573429,0.0],[120.958977,23.573388,0.0],[120.958265,23.572985,0.0],[120.957746,23.573001,0.0],[120.957334,23.572676,0.0],[120.956124,23.572054,0.0],[120.955468,23.571529,0.0],[120.954495,23.569938,0.0],[120.953892,23.56954,0.0],[120.953606,23.569456,0.0],[120.95267,23.569506,0.0],[120.952396,23.569424,0.0],[120.95212,23.56899,0.0],[120.951702,23.568723,0.0],[120.951119,23.568201,0.0],[120.950358,23.567234,0.0],[120.949802,23.566744,0.0],[120.949128,23.565722,0.0],[120.948561,23.565452,0.0],[120.948214,23.565116,0.0],[120.947915,23.564459,0.0],[120.947435,23.563852,0.0],[120.946329,23.563416,0.0],[120.945797,23.56313,0.0],[120.944975,23.562231,0.0],[120.944298,23.561257,0.0],[120.944009,23.56101,0.0],[120.943399,23.560693,0.0],[120.941954,23.560147,0.0],[120.940602,23.559475,0.0],[120.940139,23.559165,0.0],[120.939666,23.559059,0.0],[120.939352,23.558876,0.0],[120.938834,23.558732,0.0],[120.938284,23.558347,0.0],[120.937894,23.5582,0.0],[120.937399,23.557803,0.0],[120.936955,23.557658,0.0],[120.936227,23.557624,0.0],[120.93551,23.557173,0.0],[120.935153,23.55709,0.0],[120.93487,23.556759,0.0],[120.93463,23.55602,0.0],[120.934492,23.555892,0.0],[120.934735,23.554872,0.0],[120.935108,23.554053,0.0],[120.935165,23.553649,0.0],[120.935002,23.553289,0.0],[120.935031,23.553083,0.0],[120.934456,23.553724,0.0],[120.933701,23.554035,0.0],[120.933311,23.554058,0.0],[120.932399,23.553645,0.0],[120.931286,23.551819,0.0],[120.930946,23.55154,0.0],[120.929012,23.551386,0.0],[120.928188,23.551095,0.0],[120.927763,23.55114,0.0],[120.927395,23.551045,0.0],[120.926998,23.550811,0.0],[120.925973,23.550564,0.0],[120.925472,23.550637,0.0],[120.92537,23.550421,0.0],[120.925116,23.550226,0.0],[120.924983,23.549653,0.0],[120.924993,23.549191,0.0],[120.925141,23.548713,0.0],[120.926134,23.548251,0.0],[120.926902,23.547414,0.0],[120.927225,23.546956,0.0],[120.927277,23.546047,0.0],[120.927223,23.545392,0.0],[120.926685,23.544928,0.0],[120.926793,23.544588,0.0],[120.926775,23.543695,0.0],[120.926889,23.543075,0.0],[120.927035,23.542993,0.0],[120.926837,23.542705,0.0],[120.926282,23.542314,0.0],[120.926891,23.540501,0.0],[120.926872,23.540243,0.0],[120.927029,23.539549,0.0],[120.92647,23.538307,0.0],[120.925404,23.537693,0.0],[120.925065,23.537626,0.0],[120.924735,23.537238,0.0],[120.923987,23.537348,0.0],[120.923753,23.53758,0.0],[120.923482,23.537356,0.0],[120.923525,23.537018,0.0],[120.923747,23.536727,0.0],[120.923691,23.535424,0.0],[120.923324,23.534909,0.0],[120.922877,23.534761,0.0],[120.922825,23.534288,0.0],[120.922948,23.534122,0.0],[120.922949,23.533723,0.0],[120.923215,23.533407,0.0],[120.92369,23.533155,0.0],[120.923849,23.532838,0.0],[120.923401,23.532308,0.0],[120.923259,23.531968,0.0],[120.923386,23.5314,0.0],[120.923159,23.531099,0.0],[120.922228,23.530797,0.0],[120.921972,23.530521,0.0],[120.92124,23.529976,0.0],[120.921424,23.529358,0.0],[120.921805,23.528668,0.0],[120.922047,23.527925,0.0],[120.921842,23.527096,0.0],[120.921767,23.526188,0.0],[120.920336,23.527132,0.0],[120.920039,23.527487,0.0],[120.917827,23.528994,0.0],[120.916612,23.530017,0.0],[120.91521,23.531041,0.0],[120.914367,23.531472,0.0],[120.913478,23.532042,0.0],[120.912494,23.532471,0.0],[120.911648,23.533029,0.0],[120.909951,23.533141,0.0],[120.908492,23.532485,0.0],[120.907258,23.533406,0.0],[120.906299,23.533059,0.0],[120.904757,23.532241,0.0],[120.903957,23.532168,0.0],[120.901987,23.531345,0.0],[120.901881,23.531523,0.0],[120.899136,23.530736,0.0],[120.898467,23.530217,0.0],[120.897404,23.52868,0.0],[120.89678,23.527082,0.0],[120.896496,23.525167,0.0],[120.896513,23.524833,0.0],[120.896782,23.524356,0.0],[120.896959,23.52349,0.0],[120.897039,23.522274,0.0],[120.896224,23.521317,0.0],[120.895662,23.520028,0.0],[120.89557,23.519059,0.0],[120.895375,23.518373,0.0],[120.89495,23.517707,0.0],[120.894546,23.516877,0.0],[120.894704,23.516425,0.0],[120.892858,23.514819,0.0],[120.892824,23.514655,0.0],[120.891561,23.514893,0.0],[120.891454,23.513923,0.0],[120.891178,23.513504,0.0],[120.891168,23.513198,0.0],[120.893007,23.510812,0.0],[120.892784,23.508804,0.0],[120.89295,23.508431,0.0],[120.893793,23.507346,0.0],[120.894169,23.506393,0.0],[120.89316,23.503403,0.0],[120.892958,23.503058,0.0],[120.893425,23.502456,0.0],[120.893645,23.501794,0.0],[120.894598,23.501305,0.0],[120.895617,23.500523,0.0],[120.896113,23.499912,0.0],[120.896149,23.499755,0.0],[120.895523,23.498561,0.0],[120.894906,23.498393,0.0],[120.894631,23.496552,0.0],[120.894275,23.4963,0.0],[120.893923,23.495716,0.0],[120.893617,23.495393,0.0],[120.893422,23.494867,0.0],[120.893547,23.493535,0.0],[120.893319,23.492794,0.0],[120.89361,23.491714,0.0],[120.893148,23.490938,0.0],[120.892252,23.49036,0.0],[120.892191,23.489842,0.0],[120.892641,23.489234,0.0],[120.892416,23.488765,0.0],[120.891927,23.488333,0.0],[120.89128,23.488175,0.0],[120.89015,23.48596,0.0],[120.889916,23.485002,0.0],[120.890072,23.484475,0.0],[120.889317,23.483191,0.0],[120.889278,23.482617,0.0],[120.888792,23.482042,0.0],[120.888942,23.480698,0.0],[120.88867,23.480177,0.0],[120.888749,23.479631,0.0],[120.888254,23.478934,0.0],[120.888019,23.478273,0.0],[120.888261,23.477925,0.0],[120.888038,23.477234,0.0],[120.887895,23.476005,0.0],[120.888055,23.47587,0.0],[120.888056,23.47587,0.0],[120.889526,23.47579,0.0],[120.889929,23.475711,0.0],[120.88993,23.475711,0.0],[120.890753,23.475734,0.0],[120.890754,23.475734,0.0],[120.892253,23.475716,0.0],[120.892698,23.475908,0.0],[120.89388,23.475737,0.0],[120.897405,23.476047,0.0],[120.897124,23.476087,0.0],[120.896261,23.475954,0.0],[120.897124,23.476088,0.0],[120.897669,23.476072,0.0],[120.897933,23.475977,0.0],[120.89849,23.475936,0.0],[120.897935,23.475976,0.0],[120.898537,23.475738,0.0],[120.898728,23.475705,0.0],[120.898491,23.475936,0.0],[120.898639,23.475844,0.0],[120.898729,23.475705,0.0],[120.898947,23.475666,0.0],[120.90134,23.476038,0.0],[120.904404,23.476232,0.0],[120.903747,23.476204,0.0],[120.90273,23.47628,0.0],[120.903748,23.476205,0.0],[120.90627,23.476362,0.0],[120.909104,23.476282,0.0],[120.910157,23.476411,0.0],[120.911049,23.476726,0.0],[120.911636,23.477119,0.0],[120.911831,23.476719,0.0],[120.912428,23.476641,0.0],[120.913838,23.475704,0.0],[120.912809,23.476789,0.0],[120.91281,23.476789,0.0],[120.913823,23.475751,0.0],[120.913839,23.475703,0.0],[120.914633,23.475247,0.0],[120.915005,23.47513,0.0],[120.915446,23.475107,0.0],[120.916852,23.475172,0.0],[120.916853,23.475172,0.0],[120.917686,23.475587,0.0],[120.918176,23.475173,0.0],[120.918177,23.475173,0.0],[120.918944,23.474976,0.0],[120.920482,23.47498,0.0],[120.922194,23.474985,0.0],[120.922052,23.47508,0.0],[120.920599,23.475057,0.0],[120.9206,23.475058,0.0],[120.922053,23.475081,0.0],[120.923122,23.474621,0.0],[120.924103,23.473972,0.0],[120.925364,23.473352,0.0],[120.92625,23.473092,0.0],[120.926622,23.473038,0.0],[120.927044,23.472953,0.0],[120.927596,23.472842,0.0],[120.927867,23.472604,0.0],[120.92787,23.472602,0.0],[120.928269,23.472367,0.0],[120.92831,23.472312,0.0],[120.929619,23.471523,0.0],[120.930914,23.471159,0.0],[120.93096,23.471075,0.0],[120.931476,23.470923,0.0],[120.932277,23.47091,0.0],[120.932639,23.471057,0.0],[120.933021,23.471333,0.0],[120.933379,23.47152,0.0],[120.93338,23.47152,0.0],[120.934286,23.472346,0.0],[120.934758,23.472767,0.0],[120.935449,23.47302,0.0],[120.938597,23.472991,0.0],[120.939635,23.472137,0.0],[120.940314,23.471778,0.0],[120.940315,23.471778,0.0],[120.941834,23.46991,0.0],[120.941947,23.469723,0.0],[120.942676,23.469228,0.0],[120.943125,23.469166,0.0],[120.942721,23.469203,0.0],[120.944542,23.468312,0.0],[120.945062,23.467979,0.0]],[[120.912329,23.477183,0.0],[120.912809,23.476789,0.0],[120.912328,23.477182,0.0],[120.910345,23.477149,0.0],[120.912329,23.477183,0.0]],[[120.890582,23.475831,0.0],[120.890753,23.475734,0.0],[120.890581,23.47583,0.0],[120.890395,23.475809,0.0],[120.890582,23.475831,0.0]],[[120.959885,23.487327,0.0],[120.960629,23.487341,0.0],[120.959269,23.487272,0.0],[120.959509,23.487305,0.0],[120.959885,23.487327,0.0]],[[120.954255,23.469502,0.0],[120.953428,23.468942,0.0],[120.954255,23.469503,0.0],[120.955911,23.469979,0.0],[120.95591,23.469978,0.0],[120.954255,23.469502,0.0]],[[120.900334,23.47591,0.0],[120.900835,23.476069,0.0],[120.90175,23.47625,0.0],[120.900334,23.47591,0.0]],[[120.957774,23.47735,0.0],[120.957668,23.477017,0.0],[120.957614,23.47639,0.0],[120.957667,23.477017,0.0],[120.957773,23.47735,0.0],[120.957774,23.47735,0.0]],[[120.969976,23.488994,0.0],[120.968775,23.488837,0.0],[120.96835,23.488823,0.0],[120.969976,23.488994,0.0]],[[120.97104,23.489007,0.0],[120.971667,23.488938,0.0],[120.97104,23.489006,0.0],[120.97047,23.488938,0.0],[120.97104,23.489007,0.0]],[[120.988377,23.490493,0.0],[120.987678,23.490693,0.0],[120.988725,23.490418,0.0],[120.988377,23.490493,0.0]],[[120.989739,23.490318,0.0],[120.988725,23.490418,0.0],[120.990539,23.490284,0.0],[120.989739,23.490318,0.0]],[[120.968627,23.563337,0.0],[120.968406,23.563676,0.0],[120.96876,23.56325,0.0],[120.968705,23.563274,0.0],[120.968659,23.563306,0.0],[120.968627,23.563337,0.0]],[[120.969061,23.560805,0.0],[120.969047,23.560853,0.0],[120.969046,23.561474,0.0],[120.969077,23.561626,0.0],[120.969165,23.561835,0.0],[120.969105,23.562046,0.0],[120.969097,23.562119,0.0],[120.969105,23.562197,0.0],[120.969333,23.562551,0.0],[120.969254,23.562796,0.0],[120.96924,23.563079,0.0],[120.969177,23.563225,0.0],[120.969247,23.563076,0.0],[120.969341,23.562548,0.0],[120.969113,23.562194,0.0],[120.969173,23.561832,0.0],[120.969053,23.561471,0.0],[120.969055,23.56085,0.0],[120.969189,23.560665,0.0],[120.969185,23.56033,0.0],[120.96945,23.560047,0.0],[120.969452,23.559625,0.0],[120.969615,23.559358,0.0],[120.969802,23.559174,0.0],[120.97,23.558961,0.0],[120.97079,23.558349,0.0],[120.970702,23.558388,0.0],[120.970632,23.558435,0.0],[120.969992,23.558964,0.0],[120.969906,23.559045,0.0],[120.969795,23.559178,0.0],[120.969745,23.559221,0.0],[120.969608,23.559361,0.0],[120.969527,23.559467,0.0],[120.969463,23.559563,0.0],[120.969444,23.559628,0.0],[120.969443,23.56005,0.0],[120.969202,23.560277,0.0],[120.969177,23.560333,0.0],[120.969181,23.560668,0.0],[120.96909,23.560762,0.0],[120.969061,23.560805,0.0]],[[120.971325,23.557846,0.0],[120.971144,23.558037,0.0],[120.970997,23.558276,0.0],[120.971049,23.558248,0.0],[120.971152,23.558034,0.0],[120.971333,23.557843,0.0],[120.97149,23.557572,0.0],[120.971437,23.557599,0.0],[120.97141,23.557635,0.0],[120.971325,23.557846,0.0]],[[120.971227,23.556566,0.0],[120.971032,23.556186,0.0],[120.971414,23.555713,0.0],[120.971324,23.555781,0.0],[120.971159,23.55595,0.0],[120.971104,23.556018,0.0],[120.971023,23.556149,0.0],[120.971024,23.556189,0.0],[120.971046,23.55627,0.0],[120.971219,23.556569,0.0],[120.971331,23.556892,0.0],[120.971595,23.557567,0.0],[120.971227,23.556566,0.0]],[[120.972,23.55555,0.0],[120.97204,23.555513,0.0],[120.972179,23.55542,0.0],[120.971881,23.555615,0.0],[120.972,23.55555,0.0]],[[120.971952,23.552754,0.0],[120.972255,23.552778,0.0],[120.972435,23.553024,0.0],[120.972512,23.553057,0.0],[120.972679,23.553082,0.0],[120.972824,23.553249,0.0],[120.972901,23.553852,0.0],[120.973005,23.554208,0.0],[120.972995,23.554555,0.0],[120.972891,23.554927,0.0],[120.97253,23.555221,0.0],[120.972426,23.555366,0.0],[120.972898,23.554925,0.0],[120.973003,23.554552,0.0],[120.973013,23.554205,0.0],[120.972831,23.553246,0.0],[120.972686,23.553079,0.0],[120.972443,23.553021,0.0],[120.972262,23.552775,0.0],[120.97196,23.552751,0.0],[120.971637,23.552663,0.0],[120.971582,23.552653,0.0],[120.971484,23.55265,0.0],[120.971446,23.552665,0.0],[120.971575,23.552656,0.0],[120.971952,23.552754,0.0]],[[120.971151,23.551692,0.0],[120.970951,23.551925,0.0],[120.970889,23.552042,0.0],[120.970867,23.5521,0.0],[120.970846,23.552175,0.0],[120.970845,23.552232,0.0],[120.97087,23.552342,0.0],[120.970955,23.552504,0.0],[120.97109,23.552611,0.0],[120.97125,23.552709,0.0],[120.971327,23.552717,0.0],[120.971257,23.552706,0.0],[120.970962,23.552501,0.0],[120.970852,23.552229,0.0],[120.970958,23.551922,0.0],[120.971241,23.551635,0.0],[120.971151,23.551692,0.0]],[[120.973205,23.548476,0.0],[120.973099,23.548668,0.0],[120.973,23.548961,0.0],[120.972986,23.54912,0.0],[120.972986,23.549335,0.0],[120.97305,23.54964,0.0],[120.973043,23.549978,0.0],[120.973061,23.550304,0.0],[120.973092,23.550568,0.0],[120.973011,23.550788,0.0],[120.972882,23.55129,0.0],[120.972516,23.551544,0.0],[120.972889,23.551288,0.0],[120.973099,23.550565,0.0],[120.973057,23.549637,0.0],[120.972993,23.549118,0.0],[120.973106,23.548665,0.0],[120.973404,23.54827,0.0],[120.973429,23.548217,0.0],[120.973439,23.548104,0.0],[120.973433,23.548107,0.0],[120.973416,23.548154,0.0],[120.973422,23.548219,0.0],[120.973398,23.548273,0.0],[120.973257,23.548402,0.0],[120.973205,23.548476,0.0]],[[120.973526,23.548048,0.0],[120.973439,23.548104,0.0],[120.973745,23.547938,0.0],[120.973526,23.548048,0.0]],[[120.974537,23.547107,0.0],[120.974492,23.547306,0.0],[120.974449,23.547768,0.0],[120.974373,23.547819,0.0],[120.974456,23.547766,0.0],[120.97453,23.54716,0.0],[120.974636,23.546977,0.0],[120.974586,23.547013,0.0],[120.974537,23.547107,0.0]],[[120.976761,23.545918,0.0],[120.976705,23.545966,0.0],[120.97638,23.546443,0.0],[120.976239,23.546536,0.0],[120.975976,23.546762,0.0],[120.976387,23.54644,0.0],[120.976844,23.545875,0.0],[120.976761,23.545918,0.0]],[[120.97774,23.545582,0.0],[120.977802,23.545548,0.0],[120.977658,23.545617,0.0],[120.977505,23.545697,0.0],[120.97774,23.545582,0.0]],[[120.978608,23.545281,0.0],[120.978966,23.545067,0.0],[120.978739,23.545199,0.0],[120.978601,23.545284,0.0],[120.978608,23.545281,0.0]],[[120.978371,23.5454,0.0],[120.978601,23.545284,0.0],[120.978417,23.545373,0.0],[120.978371,23.5454,0.0]],[[120.981138,23.543225,0.0],[120.981098,23.543293,0.0],[120.981054,23.543344,0.0],[120.980959,23.543473,0.0],[120.980674,23.543768,0.0],[120.980632,23.54383,0.0],[120.980608,23.543892,0.0],[120.980609,23.544022,0.0],[120.980624,23.544141,0.0],[120.980667,23.544315,0.0],[120.980633,23.54438,0.0],[120.980232,23.544778,0.0],[120.98064,23.544377,0.0],[120.980674,23.544312,0.0],[120.980639,23.543827,0.0],[120.980966,23.543471,0.0],[120.981104,23.543291,0.0],[120.981145,23.543222,0.0],[120.981264,23.542836,0.0],[120.981446,23.542565,0.0],[120.981735,23.541787,0.0],[120.981806,23.541435,0.0],[120.981764,23.541158,0.0],[120.981839,23.540983,0.0],[120.981882,23.540829,0.0],[120.981893,23.54042,0.0],[120.981989,23.540309,0.0],[120.982279,23.54008,0.0],[120.982348,23.540013,0.0],[120.98285,23.539359,0.0],[120.98278,23.539388,0.0],[120.982746,23.539425,0.0],[120.982341,23.540016,0.0],[120.982272,23.540082,0.0],[120.982221,23.540119,0.0],[120.982163,23.540166,0.0],[120.982104,23.540208,0.0],[120.981983,23.540312,0.0],[120.981887,23.540422,0.0],[120.981872,23.540536,0.0],[120.981876,23.540831,0.0],[120.981833,23.540986,0.0],[120.981764,23.541123,0.0],[120.981758,23.541161,0.0],[120.9818,23.541438,0.0],[120.981758,23.541581,0.0],[120.981728,23.541789,0.0],[120.981657,23.541983,0.0],[120.981536,23.542193,0.0],[120.981506,23.542274,0.0],[120.98144,23.542568,0.0],[120.981258,23.542839,0.0],[120.981182,23.543036,0.0],[120.981138,23.543225,0.0]],[[120.983822,23.536462,0.0],[120.983945,23.537022,0.0],[120.983881,23.537424,0.0],[120.983911,23.537587,0.0],[120.98385,23.538125,0.0],[120.983861,23.538414,0.0],[120.983789,23.538544,0.0],[120.983674,23.538629,0.0],[120.983577,23.538711,0.0],[120.983497,23.5388,0.0],[120.983455,23.538857,0.0],[120.983241,23.53934,0.0],[120.983461,23.538855,0.0],[120.983795,23.538541,0.0],[120.983867,23.538412,0.0],[120.983951,23.53702,0.0],[120.983828,23.536214,0.0],[120.984148,23.535587,0.0],[120.984355,23.535389,0.0],[120.984317,23.535405,0.0],[120.984282,23.535423,0.0],[120.984237,23.535453,0.0],[120.984142,23.53559,0.0],[120.984006,23.535804,0.0],[120.983903,23.535988,0.0],[120.983822,23.536217,0.0],[120.983813,23.536301,0.0],[120.983822,23.536462,0.0]],[[120.984841,23.531702,0.0],[120.984789,23.531999,0.0],[120.984785,23.532071,0.0],[120.9848,23.532982,0.0],[120.98483,23.53309,0.0],[120.984894,23.533248,0.0],[120.984878,23.533295,0.0],[120.984822,23.533365,0.0],[120.984771,23.533464,0.0],[120.984677,23.533917,0.0],[120.984614,23.53478,0.0],[120.984394,23.535373,0.0],[120.984488,23.535267,0.0],[120.98462,23.534777,0.0],[120.984683,23.533915,0.0],[120.984777,23.533461,0.0],[120.984884,23.533293,0.0],[120.984899,23.533245,0.0],[120.984806,23.532979,0.0],[120.98479,23.532068,0.0],[120.984866,23.531635,0.0],[120.984873,23.531505,0.0],[120.984739,23.530305,0.0],[120.984872,23.529443,0.0],[120.984786,23.528437,0.0],[120.984935,23.528073,0.0],[120.984966,23.527723,0.0],[120.985228,23.527219,0.0],[120.985366,23.526563,0.0],[120.985924,23.526,0.0],[120.986275,23.525215,0.0],[120.986228,23.525254,0.0],[120.986125,23.525433,0.0],[120.985919,23.526003,0.0],[120.985527,23.526344,0.0],[120.985474,23.526399,0.0],[120.985442,23.526439,0.0],[120.985361,23.526566,0.0],[120.985301,23.526763,0.0],[120.985222,23.527222,0.0],[120.98496,23.527726,0.0],[120.984937,23.527875,0.0],[120.984929,23.528076,0.0],[120.984816,23.528309,0.0],[120.984781,23.52844,0.0],[120.984775,23.528528,0.0],[120.984823,23.529171,0.0],[120.984866,23.529445,0.0],[120.984766,23.52998,0.0],[120.984735,23.530232,0.0],[120.984733,23.530308,0.0],[120.984779,23.531056,0.0],[120.984867,23.531507,0.0],[120.98486,23.531638,0.0],[120.984841,23.531702,0.0]],[[120.986944,23.524906,0.0],[120.986744,23.525115,0.0],[120.98695,23.524904,0.0],[120.986999,23.524452,0.0],[120.986957,23.524472,0.0],[120.986944,23.524906,0.0]],[[120.987826,23.523218,0.0],[120.987763,23.523267,0.0],[120.987687,23.523343,0.0],[120.987649,23.523393,0.0],[120.98758,23.523595,0.0],[120.987412,23.52372,0.0],[120.987361,23.523773,0.0],[120.987376,23.523985,0.0],[120.987407,23.524072,0.0],[120.987424,23.524223,0.0],[120.987441,23.524268,0.0],[120.987389,23.524358,0.0],[120.987446,23.524266,0.0],[120.987367,23.523771,0.0],[120.987585,23.523592,0.0],[120.987654,23.523391,0.0],[120.987861,23.523198,0.0],[120.987826,23.523218,0.0]],[[120.988692,23.522736,0.0],[120.988351,23.523148,0.0],[120.988917,23.522573,0.0],[120.988841,23.522608,0.0],[120.988794,23.52264,0.0],[120.988692,23.522736,0.0]],[[120.989041,23.52123,0.0],[120.988993,23.521271,0.0],[120.988948,23.52132,0.0],[120.98892,23.521357,0.0],[120.988861,23.521468,0.0],[120.988815,23.521633,0.0],[120.988806,23.521694,0.0],[120.988816,23.521727,0.0],[120.989017,23.521886,0.0],[120.989171,23.522171,0.0],[120.989208,23.522443,0.0],[120.989113,23.522507,0.0],[120.989214,23.522441,0.0],[120.989176,23.522169,0.0],[120.989022,23.521884,0.0],[120.988822,23.521724,0.0],[120.988867,23.521465,0.0],[120.988953,23.521318,0.0],[120.989088,23.521206,0.0],[120.989163,23.521113,0.0],[120.989479,23.520682,0.0],[120.989682,23.520387,0.0],[120.990132,23.519971,0.0],[120.990324,23.519692,0.0],[120.99023,23.519395,0.0],[120.990424,23.518758,0.0],[120.99044,23.518437,0.0],[120.990275,23.517943,0.0],[120.990438,23.517554,0.0],[120.990463,23.517304,0.0],[120.99034,23.516702,0.0],[120.990512,23.516268,0.0],[120.990531,23.516098,0.0],[120.990525,23.515909,0.0],[120.991337,23.515299,0.0],[120.991149,23.515439,0.0],[120.991093,23.515472,0.0],[120.991019,23.51552,0.0],[120.990803,23.515675,0.0],[120.990556,23.515862,0.0],[120.99052,23.515911,0.0],[120.990514,23.515948,0.0],[120.990526,23.5161,0.0],[120.990507,23.516271,0.0],[120.990453,23.516392,0.0],[120.990391,23.516485,0.0],[120.990371,23.516531,0.0],[120.99034,23.51665,0.0],[120.990335,23.516704,0.0],[120.990343,23.516808,0.0],[120.990458,23.517306,0.0],[120.990433,23.517557,0.0],[120.990284,23.517882,0.0],[120.99027,23.517945,0.0],[120.990283,23.518039,0.0],[120.990435,23.51844,0.0],[120.990419,23.51876,0.0],[120.990225,23.519397,0.0],[120.990319,23.519695,0.0],[120.990127,23.519974,0.0],[120.989812,23.520244,0.0],[120.989677,23.520389,0.0],[120.989525,23.520595,0.0],[120.989474,23.520684,0.0],[120.989333,23.520866,0.0],[120.989158,23.521115,0.0],[120.989082,23.521208,0.0],[120.989041,23.52123,0.0]],[[120.991549,23.515101,0.0],[120.991337,23.515299,0.0],[120.991342,23.515296,0.0],[120.991554,23.515099,0.0],[120.991772,23.514847,0.0],[120.991738,23.514873,0.0],[120.991549,23.515101,0.0]],[[120.992214,23.514868,0.0],[120.992403,23.51473,0.0],[120.993015,23.513814,0.0],[120.993011,23.513817,0.0],[120.992816,23.514057,0.0],[120.992773,23.514121,0.0],[120.992398,23.514732,0.0],[120.992214,23.514868,0.0]],[[120.993135,23.513702,0.0],[120.993077,23.513767,0.0],[120.993485,23.513461,0.0],[120.993239,23.513608,0.0],[120.993135,23.513702,0.0]],[[120.993868,23.513017,0.0],[120.993822,23.513268,0.0],[120.99368,23.513385,0.0],[120.993826,23.513266,0.0],[120.993897,23.512978,0.0],[120.994241,23.51273,0.0],[120.994092,23.512807,0.0],[120.994039,23.51285,0.0],[120.993893,23.51298,0.0],[120.993868,23.513017,0.0]],[[120.995116,23.511864,0.0],[120.994579,23.512574,0.0],[120.995121,23.511862,0.0],[120.995199,23.511594,0.0],[120.995165,23.511629,0.0],[120.995116,23.511864,0.0]],[[120.996664,23.509822,0.0],[120.996569,23.509976,0.0],[120.995995,23.510514,0.0],[120.995898,23.51062,0.0],[120.995817,23.51074,0.0],[120.995782,23.510797,0.0],[120.995714,23.510941,0.0],[120.995641,23.51111,0.0],[120.995613,23.511198,0.0],[120.9956,23.511271,0.0],[120.995571,23.511537,0.0],[120.995525,23.511618,0.0],[120.995575,23.511535,0.0],[120.995645,23.511108,0.0],[120.995821,23.510738,0.0],[120.996573,23.509974,0.0],[120.996669,23.50982,0.0],[120.996777,23.509372,0.0],[120.997203,23.508931,0.0],[120.997011,23.509081,0.0],[120.996907,23.509181,0.0],[120.996817,23.509305,0.0],[120.996772,23.509375,0.0],[120.996742,23.509443,0.0],[120.996718,23.509517,0.0],[120.996664,23.509822,0.0]],[[120.999502,23.50266,0.0],[120.999454,23.502888,0.0],[120.999155,23.505052,0.0],[120.999058,23.505281,0.0],[120.998966,23.505426,0.0],[120.998665,23.505968,0.0],[120.99852,23.506246,0.0],[120.99835,23.50659,0.0],[120.998236,23.506857,0.0],[120.998066,23.507314,0.0],[120.997717,23.50836,0.0],[120.997402,23.50885,0.0],[120.997721,23.508358,0.0],[120.998354,23.506587,0.0],[120.999062,23.505279,0.0],[120.999159,23.505049,0.0],[120.999458,23.502886,0.0],[120.99957,23.502438,0.0],[120.999702,23.501777,0.0],[120.999925,23.501146,0.0],[121.000267,23.500619,0.0],[121.000468,23.500115,0.0],[121.000883,23.498684,0.0],[121.000897,23.497914,0.0],[121.001031,23.497716,0.0],[121.000934,23.497803,0.0],[121.000908,23.497862,0.0],[121.000893,23.497916,0.0],[121.000859,23.498217,0.0],[121.00088,23.498686,0.0],[121.0006,23.499574,0.0],[121.000489,23.499988,0.0],[121.000465,23.500117,0.0],[121.000264,23.500622,0.0],[121.000219,23.500673,0.0],[121.000131,23.500794,0.0],[121.0,23.500984,0.0],[120.999921,23.501148,0.0],[120.999886,23.501228,0.0],[120.999812,23.50142,0.0],[120.999698,23.501779,0.0],[120.99961,23.502159,0.0],[120.999566,23.502441,0.0],[120.999502,23.50266,0.0]],[[121.001506,23.497418,0.0],[121.001675,23.497273,0.0],[121.001736,23.497207,0.0],[121.002063,23.496775,0.0],[121.002006,23.496823,0.0],[121.00196,23.496874,0.0],[121.001732,23.497209,0.0],[121.001671,23.497275,0.0],[121.001594,23.497337,0.0],[121.001536,23.497385,0.0],[121.001502,23.497421,0.0],[121.001405,23.497575,0.0],[121.001506,23.497418,0.0]],[[121.002506,23.496311,0.0],[121.00242,23.496379,0.0],[121.002334,23.496469,0.0],[121.002115,23.496741,0.0],[121.002506,23.496311,0.0]],[[120.95866,23.478072,0.0],[120.958769,23.47859,0.0],[120.958661,23.478072,0.0],[120.95866,23.478072,0.0]],[[120.958872,23.47876,0.0],[120.958769,23.478591,0.0],[120.958871,23.478764,0.0],[120.958883,23.479085,0.0],[120.958978,23.479488,0.0],[120.958868,23.479876,0.0],[120.958986,23.480827,0.0],[120.958869,23.479876,0.0],[120.958979,23.479488,0.0],[120.958872,23.47876,0.0]],[[120.959005,23.481669,0.0],[120.959185,23.481981,0.0],[120.959429,23.482234,0.0],[120.959006,23.481669,0.0],[120.959158,23.481253,0.0],[120.959005,23.481669,0.0]],[[120.95971,23.483671,0.0],[120.959429,23.482234,0.0],[120.959552,23.483106,0.0],[120.959709,23.483671,0.0],[120.959273,23.484725,0.0],[120.95925,23.48537,0.0],[120.959274,23.484725,0.0],[120.95971,23.483671,0.0]],[[120.959111,23.486588,0.0],[120.95925,23.48537,0.0],[120.95915,23.485871,0.0],[120.959111,23.486588,0.0]]],[[[120.940314,23.471778,0.0],[120.939792,23.472031,0.0],[120.940754,23.471193,0.0],[120.94166,23.469981,0.0],[120.941944,23.469725,0.0],[120.940314,23.471778,0.0]]],[[[120.93283,23.471179,0.0],[120.933001,23.471289,0.0],[120.933052,23.47132,0.0],[120.933023,23.471331,0.0],[120.93283,23.471179,0.0]]],[[[120.930287,23.471259,0.0],[120.930959,23.471075,0.0],[120.930913,23.471158,0.0],[120.92963,23.471519,0.0],[120.930287,23.471259,0.0]]],[[[120.93338,23.47152,0.0],[120.934532,23.47224,0.0],[120.934868,23.472699,0.0],[120.935961,23.472921,0.0],[120.93696,23.472928,0.0],[120.937996,23.472793,0.0],[120.938936,23.472502,0.0],[120.939629,23.472141,0.0],[120.938597,23.47299,0.0],[120.935449,23.47302,0.0],[120.934758,23.472766,0.0],[120.93338,23.47152,0.0]]],[[[120.928281,23.472333,0.0],[120.928269,23.472367,0.0],[120.928157,23.472418,0.0],[120.928281,23.472333,0.0]]],[[[120.883458,23.472452,0.0],[120.883647,23.472646,0.0],[120.883781,23.472868,0.0],[120.883458,23.472452,0.0]]],[[[120.927044,23.472953,0.0],[120.927576,23.472772,0.0],[120.927867,23.472604,0.0],[120.927596,23.472841,0.0],[120.927044,23.472953,0.0]]],[[[120.917542,23.475224,0.0],[120.918176,23.475173,0.0],[120.917686,23.475586,0.0],[120.916853,23.475172,0.0],[120.917542,23.475224,0.0]]],[[[120.889531,23.475719,0.0],[120.889929,23.475711,0.0],[120.889526,23.475789,0.0],[120.888718,23.475804,0.0],[120.889531,23.475719,0.0]]],[[[120.886064,23.475625,0.0],[120.887226,23.475848,0.0],[120.888055,23.47587,0.0],[120.887946,23.475915,0.0],[120.887894,23.476005,0.0],[120.887478,23.476176,0.0],[120.886064,23.475625,0.0]]],[[[120.910688,23.632608,0.0],[120.909947,23.633115,0.0],[120.909611,23.633626,0.0],[120.909406,23.633774,0.0],[120.908817,23.633893,0.0],[120.907774,23.633703,0.0],[120.907537,23.633848,0.0],[120.907127,23.633942,0.0],[120.906631,23.633878,0.0],[120.906064,23.633917,0.0],[120.905254,23.634742,0.0],[120.903219,23.637358,0.0],[120.902718,23.637801,0.0],[120.902682,23.638259,0.0],[120.902497,23.63875,0.0],[120.902109,23.639091,0.0],[120.901888,23.639419,0.0],[120.901055,23.639898,0.0],[120.899843,23.641061,0.0],[120.898995,23.641063,0.0],[120.897992,23.641278,0.0],[120.895181,23.642106,0.0],[120.894246,23.642679,0.0],[120.893512,23.643529,0.0],[120.893079,23.643692,0.0],[120.892732,23.643971,0.0],[120.89242,23.64441,0.0],[120.892012,23.644794,0.0],[120.891918,23.645021,0.0],[120.89188,23.645485,0.0],[120.891969,23.646805,0.0],[120.89186,23.647306,0.0],[120.891563,23.647921,0.0],[120.891286,23.648142,0.0],[120.89023,23.648384,0.0],[120.889102,23.649166,0.0],[120.888859,23.649475,0.0],[120.88888,23.649685,0.0],[120.888457,23.650509,0.0],[120.888394,23.650945,0.0],[120.886922,23.652072,0.0],[120.885884,23.653528,0.0],[120.885685,23.654031,0.0],[120.885581,23.654785,0.0],[120.885291,23.655298,0.0],[120.884841,23.655822,0.0],[120.884119,23.656174,0.0],[120.883336,23.657019,0.0],[120.882762,23.657421,0.0],[120.882411,23.657872,0.0],[120.882288,23.658377,0.0],[120.882182,23.658421,0.0],[120.882368,23.657752,0.0],[120.882422,23.657763,0.0],[120.882666,23.656997,0.0],[120.88305,23.656164,0.0],[120.882987,23.656138,0.0],[120.883521,23.655248,0.0],[120.883728,23.653922,0.0],[120.884876,23.653048,0.0],[120.885412,23.651826,0.0],[120.886145,23.650745,0.0],[120.886158,23.650455,0.0],[120.886319,23.650258,0.0],[120.886562,23.649202,0.0],[120.886559,23.647341,0.0],[120.886811,23.646127,0.0],[120.88736,23.644219,0.0],[120.888007,23.643505,0.0],[120.888452,23.642728,0.0],[120.889348,23.641459,0.0],[120.889802,23.640605,0.0],[120.889852,23.640375,0.0],[120.890668,23.638987,0.0],[120.890921,23.638415,0.0],[120.89166,23.63771,0.0],[120.891951,23.637182,0.0],[120.892302,23.636827,0.0],[120.89265,23.636628,0.0],[120.894392,23.635908,0.0],[120.89466,23.635866,0.0],[120.894782,23.635614,0.0],[120.894682,23.63549,0.0],[120.894671,23.635271,0.0],[120.89483,23.634729,0.0],[120.895581,23.633647,0.0],[120.896378,23.632982,0.0],[120.896555,23.632386,0.0],[120.896748,23.632024,0.0],[120.896658,23.631656,0.0],[120.896711,23.631399,0.0],[120.896846,23.631395,0.0],[120.896922,23.631263,0.0],[120.896918,23.630772,0.0],[120.897041,23.630476,0.0],[120.896964,23.630359,0.0],[120.897004,23.630009,0.0],[120.897151,23.629845,0.0],[120.897432,23.629814,0.0],[120.897422,23.629659,0.0],[120.897636,23.629372,0.0],[120.897655,23.629238,0.0],[120.897533,23.628924,0.0],[120.897187,23.628735,0.0],[120.897174,23.628599,0.0],[120.896684,23.627795,0.0],[120.896436,23.627643,0.0],[120.896367,23.627747,0.0],[120.895823,23.627141,0.0],[120.895642,23.626703,0.0],[120.89582,23.626544,0.0],[120.896183,23.626499,0.0],[120.896249,23.626499,0.0],[120.896208,23.626653,0.0],[120.896272,23.626711,0.0],[120.89677,23.626654,0.0],[120.897349,23.626209,0.0],[120.897767,23.625746,0.0],[120.898461,23.625356,0.0],[120.898559,23.624592,0.0],[120.898847,23.624316,0.0],[120.898786,23.623922,0.0],[120.898971,23.623245,0.0],[120.899174,23.622912,0.0],[120.899229,23.622522,0.0],[120.899494,23.621986,0.0],[120.899518,23.62143,0.0],[120.899419,23.620919,0.0],[120.898999,23.620021,0.0],[120.898907,23.619474,0.0],[120.898467,23.618728,0.0],[120.897754,23.618194,0.0],[120.897303,23.616704,0.0],[120.896808,23.615979,0.0],[120.896433,23.615237,0.0],[120.896241,23.615146,0.0],[120.89631,23.614927,0.0],[120.896168,23.614499,0.0],[120.89595,23.614232,0.0],[120.895702,23.613724,0.0],[120.895428,23.613527,0.0],[120.89539,23.613229,0.0],[120.895211,23.612813,0.0],[120.894981,23.612542,0.0],[120.89498,23.61201,0.0],[120.89512,23.611557,0.0],[120.895273,23.611385,0.0],[120.895899,23.611447,0.0],[120.896326,23.611648,0.0],[120.900071,23.614406,0.0],[120.900756,23.614692,0.0],[120.901424,23.614668,0.0],[120.902062,23.614777,0.0],[120.902502,23.61501,0.0],[120.903084,23.615455,0.0],[120.903676,23.615355,0.0],[120.90402,23.615514,0.0],[120.905489,23.616532,0.0],[120.906415,23.618157,0.0],[120.906847,23.618238,0.0],[120.907953,23.61818,0.0],[120.908277,23.618302,0.0],[120.90867,23.618584,0.0],[120.909733,23.619826,0.0],[120.910092,23.620041,0.0],[120.911175,23.620091,0.0],[120.912277,23.620272,0.0],[120.913608,23.620232,0.0],[120.914249,23.620413,0.0],[120.915049,23.620813,0.0],[120.915755,23.620916,0.0],[120.916169,23.621119,0.0],[120.916716,23.621217,0.0],[120.917161,23.621162,0.0],[120.917823,23.621292,0.0],[120.918069,23.621204,0.0],[120.91857,23.620833,0.0],[120.919505,23.620381,0.0],[120.920599,23.620367,0.0],[120.921392,23.619974,0.0],[120.922078,23.619528,0.0],[120.922657,23.619463,0.0],[120.923001,23.619512,0.0],[120.923416,23.619652,0.0],[120.923521,23.619954,0.0],[120.923901,23.6204,0.0],[120.924401,23.620668,0.0],[120.924571,23.62123,0.0],[120.924973,23.621637,0.0],[120.925739,23.622771,0.0],[120.926147,23.623113,0.0],[120.927143,23.623616,0.0],[120.926733,23.623796,0.0],[120.925899,23.623962,0.0],[120.925152,23.624306,0.0],[120.924297,23.624565,0.0],[120.92359,23.625088,0.0],[120.923077,23.625297,0.0],[120.922042,23.625512,0.0],[120.921581,23.626154,0.0],[120.920865,23.626439,0.0],[120.920359,23.626934,0.0],[120.919713,23.627256,0.0],[120.919038,23.627445,0.0],[120.918625,23.627847,0.0],[120.916939,23.629011,0.0],[120.916007,23.629304,0.0],[120.914687,23.629537,0.0],[120.913509,23.630158,0.0],[120.912877,23.630389,0.0],[120.912098,23.631171,0.0],[120.911618,23.63179,0.0],[120.910688,23.632608,0.0]]],[[[120.951778,23.635602,0.0],[120.952504,23.636774,0.0],[120.953155,23.637147,0.0],[120.953599,23.637694,0.0],[120.953782,23.638155,0.0],[120.954378,23.638882,0.0],[120.95479,23.639322,0.0],[120.955072,23.639475,0.0],[120.955345,23.639766,0.0],[120.95547,23.640787,0.0],[120.955581,23.641,0.0],[120.956825,23.641792,0.0],[120.957951,23.641693,0.0],[120.958398,23.641499,0.0],[120.958765,23.641518,0.0],[120.959647,23.641825,0.0],[120.961939,23.642278,0.0],[120.96223,23.642382,0.0],[120.962355,23.642509,0.0],[120.96297,23.642442,0.0],[120.963437,23.642721,0.0],[120.963896,23.642594,0.0],[120.964255,23.642768,0.0],[120.964506,23.642975,0.0],[120.964327,23.643106,0.0],[120.964128,23.643539,0.0],[120.963913,23.643607,0.0],[120.963865,23.643754,0.0],[120.963944,23.644165,0.0],[120.964246,23.644929,0.0],[120.964228,23.645305,0.0],[120.964104,23.645686,0.0],[120.964144,23.646329,0.0],[120.963821,23.646677,0.0],[120.963411,23.646802,0.0],[120.963203,23.647023,0.0],[120.962802,23.647135,0.0],[120.962571,23.647323,0.0],[120.962332,23.647386,0.0],[120.962291,23.647498,0.0],[120.962069,23.647621,0.0],[120.961925,23.647897,0.0],[120.961592,23.648254,0.0],[120.961355,23.64834,0.0],[120.961202,23.648497,0.0],[120.960991,23.648523,0.0],[120.960881,23.648699,0.0],[120.960281,23.649188,0.0],[120.960156,23.649549,0.0],[120.959896,23.649841,0.0],[120.959222,23.650341,0.0],[120.959052,23.650651,0.0],[120.958813,23.650799,0.0],[120.958244,23.65094,0.0],[120.957773,23.651147,0.0],[120.957622,23.651664,0.0],[120.95777,23.651839,0.0],[120.957676,23.652324,0.0],[120.957159,23.652946,0.0],[120.956655,23.653725,0.0],[120.956314,23.65392,0.0],[120.95631,23.654672,0.0],[120.955514,23.655766,0.0],[120.955448,23.656157,0.0],[120.954863,23.657348,0.0],[120.954658,23.657426,0.0],[120.954563,23.657643,0.0],[120.954355,23.657811,0.0],[120.954057,23.658638,0.0],[120.954032,23.659004,0.0],[120.953883,23.659447,0.0],[120.953624,23.65961,0.0],[120.953351,23.659926,0.0],[120.953406,23.660802,0.0],[120.953932,23.661427,0.0],[120.95499,23.663249,0.0],[120.955176,23.66402,0.0],[120.954369,23.665077,0.0],[120.954161,23.665526,0.0],[120.95389,23.665859,0.0],[120.953408,23.666828,0.0],[120.953196,23.667509,0.0],[120.95284,23.668,0.0],[120.952762,23.668553,0.0],[120.952592,23.668976,0.0],[120.952664,23.670031,0.0],[120.952863,23.6706,0.0],[120.952808,23.670729,0.0],[120.952553,23.670935,0.0],[120.952971,23.671483,0.0],[120.952927,23.671966,0.0],[120.953069,23.672439,0.0],[120.953097,23.672894,0.0],[120.952792,23.673614,0.0],[120.952339,23.673982,0.0],[120.952146,23.674358,0.0],[120.9517,23.674591,0.0],[120.951056,23.674807,0.0],[120.950479,23.674703,0.0],[120.949953,23.674754,0.0],[120.949529,23.674698,0.0],[120.948929,23.674824,0.0],[120.948522,23.67459,0.0],[120.948046,23.674508,0.0],[120.947339,23.674222,0.0],[120.945647,23.672977,0.0],[120.94519,23.672796,0.0],[120.944756,23.672326,0.0],[120.944191,23.672196,0.0],[120.943015,23.671497,0.0],[120.942272,23.671143,0.0],[120.94159,23.670541,0.0],[120.940889,23.670228,0.0],[120.940505,23.669882,0.0],[120.940171,23.669701,0.0],[120.93975,23.669268,0.0],[120.939404,23.669116,0.0],[120.939986,23.668487,0.0],[120.940189,23.667891,0.0],[120.940555,23.667405,0.0],[120.940586,23.667179,0.0],[120.940385,23.666869,0.0],[120.940286,23.666351,0.0],[120.939865,23.666078,0.0],[120.939695,23.665596,0.0],[120.939695,23.66528,0.0],[120.939861,23.66493,0.0],[120.939778,23.663827,0.0],[120.939667,23.663399,0.0],[120.939844,23.662421,0.0],[120.939643,23.662202,0.0],[120.939772,23.661987,0.0],[120.939717,23.661886,0.0],[120.939776,23.661741,0.0],[120.93966,23.661525,0.0],[120.939694,23.661336,0.0],[120.939581,23.661035,0.0],[120.939657,23.660759,0.0],[120.939594,23.660288,0.0],[120.93952,23.660186,0.0],[120.93932,23.660208,0.0],[120.939468,23.659945,0.0],[120.939502,23.659624,0.0],[120.939698,23.65913,0.0],[120.939715,23.658412,0.0],[120.939631,23.658112,0.0],[120.939518,23.657915,0.0],[120.939325,23.657912,0.0],[120.939124,23.657795,0.0],[120.938735,23.657272,0.0],[120.938263,23.656955,0.0],[120.938204,23.656767,0.0],[120.937679,23.656546,0.0],[120.937356,23.65612,0.0],[120.937095,23.65599,0.0],[120.936665,23.655488,0.0],[120.936366,23.655319,0.0],[120.935968,23.654925,0.0],[120.935706,23.654965,0.0],[120.935044,23.655729,0.0],[120.934436,23.65616,0.0],[120.934308,23.656077,0.0],[120.934062,23.65555,0.0],[120.933365,23.65506,0.0],[120.932675,23.654884,0.0],[120.932134,23.65497,0.0],[120.931641,23.654942,0.0],[120.931125,23.654785,0.0],[120.931092,23.654646,0.0],[120.931193,23.654543,0.0],[120.93135,23.653949,0.0],[120.931287,23.65326,0.0],[120.930937,23.652676,0.0],[120.930089,23.652003,0.0],[120.930036,23.651776,0.0],[120.930088,23.651414,0.0],[120.929787,23.650915,0.0],[120.929758,23.650599,0.0],[120.929649,23.650458,0.0],[120.929336,23.650282,0.0],[120.929687,23.650191,0.0],[120.929825,23.650047,0.0],[120.929848,23.649187,0.0],[120.929951,23.648907,0.0],[120.93052,23.648545,0.0],[120.930882,23.648419,0.0],[120.931422,23.647849,0.0],[120.931819,23.647565,0.0],[120.932081,23.647221,0.0],[120.932399,23.647046,0.0],[120.932965,23.646523,0.0],[120.933749,23.645966,0.0],[120.9342,23.645448,0.0],[120.934803,23.645068,0.0],[120.935791,23.644106,0.0],[120.93702,23.643341,0.0],[120.937211,23.643296,0.0],[120.937597,23.642934,0.0],[120.939029,23.642581,0.0],[120.939888,23.641835,0.0],[120.940327,23.641705,0.0],[120.940462,23.641589,0.0],[120.940893,23.641748,0.0],[120.941034,23.641658,0.0],[120.941148,23.641027,0.0],[120.941054,23.640784,0.0],[120.940824,23.640625,0.0],[120.940709,23.640373,0.0],[120.940888,23.640045,0.0],[120.940912,23.639809,0.0],[120.941244,23.639702,0.0],[120.941302,23.639466,0.0],[120.941528,23.639346,0.0],[120.941668,23.639395,0.0],[120.941768,23.639208,0.0],[120.941903,23.639147,0.0],[120.941936,23.639039,0.0],[120.942079,23.638977,0.0],[120.94211,23.638841,0.0],[120.942314,23.638698,0.0],[120.94232,23.638611,0.0],[120.942235,23.638346,0.0],[120.942046,23.638166,0.0],[120.941862,23.637753,0.0],[120.941691,23.637567,0.0],[120.941731,23.636543,0.0],[120.941656,23.636317,0.0],[120.941903,23.635974,0.0],[120.941898,23.635879,0.0],[120.941704,23.635676,0.0],[120.941341,23.63549,0.0],[120.941022,23.63547,0.0],[120.940764,23.635096,0.0],[120.94091,23.634902,0.0],[120.941063,23.634379,0.0],[120.94102,23.634131,0.0],[120.940784,23.633889,0.0],[120.940761,23.633603,0.0],[120.940896,23.633318,0.0],[120.941092,23.633214,0.0],[120.941102,23.632985,0.0],[120.941253,23.632762,0.0],[120.942626,23.63212,0.0],[120.942935,23.632088,0.0],[120.943103,23.63217,0.0],[120.943561,23.632098,0.0],[120.943762,23.631829,0.0],[120.944161,23.631576,0.0],[120.944185,23.631305,0.0],[120.943835,23.630924,0.0],[120.943446,23.630747,0.0],[120.942906,23.630743,0.0],[120.942846,23.630563,0.0],[120.943285,23.630522,0.0],[120.943869,23.63028,0.0],[120.944468,23.630347,0.0],[120.944717,23.630229,0.0],[120.944798,23.630075,0.0],[120.945038,23.630058,0.0],[120.945475,23.630266,0.0],[120.946837,23.630602,0.0],[120.948076,23.631152,0.0],[120.948843,23.631782,0.0],[120.949083,23.632297,0.0],[120.949748,23.633052,0.0],[120.950016,23.633633,0.0],[120.950313,23.634044,0.0],[120.951211,23.634389,0.0],[120.951778,23.635602,0.0]]],[[[120.965806,23.8401,0.0],[120.965288,23.839704,0.0],[120.964807,23.839059,0.0],[120.964977,23.839216,0.0],[120.965806,23.8401,0.0]]],[[[120.934305,23.868644,0.0],[120.933921,23.868196,0.0],[120.933025,23.867743,0.0],[120.9319,23.868358,0.0],[120.931272,23.868438,0.0],[120.930827,23.868301,0.0],[120.930187,23.86849,0.0],[120.929803,23.868799,0.0],[120.929807,23.868928,0.0],[120.929543,23.869075,0.0],[120.929191,23.868996,0.0],[120.928919,23.869451,0.0],[120.928577,23.869663,0.0],[120.928548,23.869811,0.0],[120.928289,23.870031,0.0],[120.928076,23.869584,0.0],[120.92782,23.869257,0.0],[120.927077,23.869235,0.0],[120.927041,23.868481,0.0],[120.927118,23.868394,0.0],[120.92706,23.868387,0.0],[120.927063,23.868264,0.0],[120.927274,23.86842,0.0],[120.927425,23.86844,0.0],[120.927783,23.868053,0.0],[120.927693,23.867948,0.0],[120.92771,23.867744,0.0],[120.927377,23.867484,0.0],[120.927366,23.867206,0.0],[120.927958,23.866311,0.0],[120.927983,23.866096,0.0],[120.927923,23.865922,0.0],[120.927597,23.865709,0.0],[120.9275,23.86535,0.0],[120.92688,23.865149,0.0],[120.926465,23.865109,0.0],[120.926369,23.864666,0.0],[120.926434,23.864538,0.0],[120.926531,23.864546,0.0],[120.926968,23.864891,0.0],[120.927477,23.864916,0.0],[120.927912,23.865053,0.0],[120.928381,23.864961,0.0],[120.928835,23.864983,0.0],[120.929184,23.864657,0.0],[120.92945,23.864643,0.0],[120.929592,23.864865,0.0],[120.92995,23.86517,0.0],[120.930173,23.865617,0.0],[120.9304,23.865728,0.0],[120.930466,23.866034,0.0],[120.930605,23.866135,0.0],[120.930659,23.866346,0.0],[120.930925,23.866445,0.0],[120.931289,23.866827,0.0],[120.931498,23.866559,0.0],[120.931833,23.866539,0.0],[120.932196,23.866069,0.0],[120.932177,23.865939,0.0],[120.932386,23.865806,0.0],[120.932801,23.866349,0.0],[120.93315,23.866446,0.0],[120.933167,23.866558,0.0],[120.933351,23.86663,0.0],[120.93368,23.866981,0.0],[120.934179,23.866986,0.0],[120.934329,23.866899,0.0],[120.93457,23.867018,0.0],[120.935201,23.866804,0.0],[120.935283,23.866498,0.0],[120.935546,23.866318,0.0],[120.93554,23.866214,0.0],[120.93517,23.865738,0.0],[120.935521,23.865268,0.0],[120.935741,23.865223,0.0],[120.936033,23.865423,0.0],[120.936108,23.865271,0.0],[120.936569,23.865277,0.0],[120.936876,23.865044,0.0],[120.937127,23.864187,0.0],[120.936751,23.863325,0.0],[120.936806,23.862994,0.0],[120.936619,23.862863,0.0],[120.936632,23.862768,0.0],[120.937157,23.862555,0.0],[120.937225,23.862665,0.0],[120.937531,23.862726,0.0],[120.937587,23.862964,0.0],[120.937733,23.863127,0.0],[120.938001,23.863119,0.0],[120.938428,23.86324,0.0],[120.938681,23.86321,0.0],[120.938798,23.863117,0.0],[120.938932,23.863185,0.0],[120.938939,23.863116,0.0],[120.939121,23.863108,0.0],[120.939178,23.863197,0.0],[120.939496,23.86329,0.0],[120.939744,23.863454,0.0],[120.940101,23.863422,0.0],[120.940128,23.863333,0.0],[120.940296,23.863252,0.0],[120.940454,23.86331,0.0],[120.940631,23.863256,0.0],[120.940805,23.863395,0.0],[120.940899,23.862988,0.0],[120.941525,23.862974,0.0],[120.942006,23.862704,0.0],[120.942115,23.862076,0.0],[120.942491,23.861773,0.0],[120.942655,23.861415,0.0],[120.942288,23.861494,0.0],[120.942032,23.861195,0.0],[120.942098,23.860971,0.0],[120.942493,23.860534,0.0],[120.942489,23.860391,0.0],[120.942127,23.859818,0.0],[120.941644,23.859385,0.0],[120.941498,23.859094,0.0],[120.94152,23.858983,0.0],[120.941094,23.858825,0.0],[120.941035,23.858713,0.0],[120.940837,23.858708,0.0],[120.940775,23.858604,0.0],[120.940352,23.858361,0.0],[120.940108,23.858313,0.0],[120.93962,23.858499,0.0],[120.939458,23.858293,0.0],[120.939039,23.858627,0.0],[120.938765,23.858717,0.0],[120.938459,23.858662,0.0],[120.937896,23.858253,0.0],[120.937741,23.858283,0.0],[120.937631,23.858198,0.0],[120.93736,23.858164,0.0],[120.936913,23.858352,0.0],[120.936842,23.858505,0.0],[120.936404,23.85863,0.0],[120.936044,23.858847,0.0],[120.935684,23.858756,0.0],[120.935648,23.858675,0.0],[120.93573,23.858555,0.0],[120.935872,23.858507,0.0],[120.936219,23.858177,0.0],[120.936451,23.857644,0.0],[120.936408,23.857171,0.0],[120.936541,23.857056,0.0],[120.93696,23.857002,0.0],[120.937171,23.856758,0.0],[120.937186,23.856299,0.0],[120.937077,23.855885,0.0],[120.936288,23.855451,0.0],[120.935855,23.855501,0.0],[120.935266,23.855875,0.0],[120.934402,23.855997,0.0],[120.934009,23.855677,0.0],[120.933998,23.855377,0.0],[120.933356,23.855611,0.0],[120.933276,23.855466,0.0],[120.933008,23.85545,0.0],[120.932893,23.855347,0.0],[120.932862,23.855105,0.0],[120.933026,23.854961,0.0],[120.93292,23.854828,0.0],[120.933056,23.854658,0.0],[120.932938,23.854429,0.0],[120.93228,23.853818,0.0],[120.93163,23.853643,0.0],[120.931844,23.853265,0.0],[120.932066,23.853051,0.0],[120.932032,23.852916,0.0],[120.932197,23.852564,0.0],[120.932291,23.852517,0.0],[120.932529,23.852516,0.0],[120.933317,23.852725,0.0],[120.933573,23.852496,0.0],[120.933786,23.852511,0.0],[120.934018,23.852343,0.0],[120.934992,23.853208,0.0],[120.935297,23.853066,0.0],[120.935921,23.853016,0.0],[120.936234,23.85292,0.0],[120.936052,23.851472,0.0],[120.935881,23.85081,0.0],[120.935593,23.850856,0.0],[120.934764,23.850524,0.0],[120.934705,23.850111,0.0],[120.933999,23.849691,0.0],[120.93372,23.84963,0.0],[120.933237,23.84969,0.0],[120.932799,23.849574,0.0],[120.9324,23.849575,0.0],[120.932416,23.849487,0.0],[120.932245,23.849471,0.0],[120.932776,23.84917,0.0],[120.932718,23.849025,0.0],[120.932942,23.848951,0.0],[120.933105,23.848789,0.0],[120.933652,23.848842,0.0],[120.934315,23.848745,0.0],[120.934301,23.848916,0.0],[120.934856,23.848986,0.0],[120.935495,23.848969,0.0],[120.935974,23.848667,0.0],[120.936107,23.84845,0.0],[120.936225,23.847914,0.0],[120.935341,23.847929,0.0],[120.934733,23.847806,0.0],[120.934596,23.847844,0.0],[120.93421,23.847315,0.0],[120.935162,23.84635,0.0],[120.935861,23.846281,0.0],[120.93621,23.84644,0.0],[120.936677,23.846483,0.0],[120.936989,23.846696,0.0],[120.93739,23.846786,0.0],[120.937744,23.846758,0.0],[120.937325,23.846528,0.0],[120.937285,23.846396,0.0],[120.936961,23.846061,0.0],[120.936614,23.845954,0.0],[120.936386,23.845681,0.0],[120.936165,23.845663,0.0],[120.936162,23.845085,0.0],[120.936017,23.845013,0.0],[120.93604,23.844884,0.0],[120.935746,23.844824,0.0],[120.935704,23.84464,0.0],[120.935525,23.844544,0.0],[120.935414,23.844315,0.0],[120.935464,23.843808,0.0],[120.93588,23.843328,0.0],[120.936081,23.84256,0.0],[120.935821,23.842499,0.0],[120.9356,23.842857,0.0],[120.934857,23.843419,0.0],[120.934454,23.843867,0.0],[120.934241,23.843788,0.0],[120.934043,23.844015,0.0],[120.934204,23.844146,0.0],[120.933669,23.844752,0.0],[120.932596,23.845798,0.0],[120.931819,23.846145,0.0],[120.931663,23.846341,0.0],[120.931444,23.846376,0.0],[120.930581,23.847433,0.0],[120.930377,23.84729,0.0],[120.930307,23.847376,0.0],[120.930156,23.847354,0.0],[120.929242,23.846982,0.0],[120.928943,23.847071,0.0],[120.928931,23.846544,0.0],[120.929056,23.846536,0.0],[120.929094,23.846132,0.0],[120.928851,23.84554,0.0],[120.928633,23.845479,0.0],[120.928987,23.84487,0.0],[120.928988,23.844666,0.0],[120.928836,23.844352,0.0],[120.928854,23.844182,0.0],[120.929642,23.843369,0.0],[120.929482,23.843244,0.0],[120.928818,23.843018,0.0],[120.928439,23.843965,0.0],[120.928362,23.843861,0.0],[120.928391,23.843704,0.0],[120.928243,23.843634,0.0],[120.928254,23.843542,0.0],[120.927631,23.843312,0.0],[120.927547,23.843335,0.0],[120.92772,23.843184,0.0],[120.927491,23.84305,0.0],[120.927275,23.843362,0.0],[120.92781,23.843718,0.0],[120.927962,23.844123,0.0],[120.927857,23.844348,0.0],[120.927712,23.84437,0.0],[120.92748,23.844257,0.0],[120.927156,23.843992,0.0],[120.9269,23.844395,0.0],[120.926718,23.844514,0.0],[120.926613,23.844479,0.0],[120.926708,23.84493,0.0],[120.926653,23.845095,0.0],[120.926339,23.845289,0.0],[120.926378,23.84552,0.0],[120.926011,23.845978,0.0],[120.925389,23.84639,0.0],[120.925356,23.846476,0.0],[120.925342,23.847241,0.0],[120.925246,23.847372,0.0],[120.925063,23.847453,0.0],[120.9252,23.848088,0.0],[120.924921,23.848346,0.0],[120.924866,23.848499,0.0],[120.924983,23.848962,0.0],[120.925118,23.849157,0.0],[120.92498,23.849494,0.0],[120.92482,23.849565,0.0],[120.924594,23.849448,0.0],[120.92446,23.84951,0.0],[120.92434,23.85007,0.0],[120.923828,23.849902,0.0],[120.923591,23.850091,0.0],[120.923929,23.851109,0.0],[120.923804,23.851496,0.0],[120.923451,23.851742,0.0],[120.923207,23.852068,0.0],[120.923079,23.852394,0.0],[120.923139,23.852636,0.0],[120.923072,23.852744,0.0],[120.923035,23.85334,0.0],[120.92326,23.853531,0.0],[120.923288,23.853714,0.0],[120.92316,23.853952,0.0],[120.923105,23.854537,0.0],[120.922872,23.854548,0.0],[120.922844,23.854676,0.0],[120.922746,23.854704,0.0],[120.922576,23.854485,0.0],[120.922371,23.854411,0.0],[120.922472,23.854101,0.0],[120.922341,23.853909,0.0],[120.92174,23.853535,0.0],[120.921599,23.853285,0.0],[120.921404,23.853267,0.0],[120.921329,23.853029,0.0],[120.921077,23.852902,0.0],[120.920935,23.852726,0.0],[120.921128,23.852308,0.0],[120.921053,23.85224,0.0],[120.92103,23.851846,0.0],[120.921452,23.851583,0.0],[120.921527,23.85141,0.0],[120.921334,23.851212,0.0],[120.92129,23.851046,0.0],[120.921181,23.851015,0.0],[120.921154,23.850871,0.0],[120.920896,23.850755,0.0],[120.920831,23.850186,0.0],[120.920693,23.849965,0.0],[120.9206,23.849995,0.0],[120.920474,23.84992,0.0],[120.920443,23.849571,0.0],[120.920307,23.849396,0.0],[120.920292,23.84924,0.0],[120.920318,23.849111,0.0],[120.920577,23.848878,0.0],[120.921112,23.848966,0.0],[120.921293,23.848905,0.0],[120.921301,23.848685,0.0],[120.921116,23.848381,0.0],[120.921363,23.847682,0.0],[120.921322,23.847412,0.0],[120.921238,23.847342,0.0],[120.920772,23.847403,0.0],[120.920084,23.848257,0.0],[120.91973,23.848404,0.0],[120.919397,23.848694,0.0],[120.919028,23.848869,0.0],[120.918841,23.849526,0.0],[120.918607,23.849918,0.0],[120.918517,23.849953,0.0],[120.918433,23.850412,0.0],[120.91835,23.850511,0.0],[120.917964,23.85033,0.0],[120.917788,23.850149,0.0],[120.91749,23.850094,0.0],[120.917191,23.850143,0.0],[120.916905,23.849961,0.0],[120.916746,23.849986,0.0],[120.916491,23.850211,0.0],[120.916381,23.850227,0.0],[120.916039,23.850101,0.0],[120.915907,23.849898,0.0],[120.915444,23.849784,0.0],[120.914957,23.849999,0.0],[120.914687,23.849894,0.0],[120.914651,23.850215,0.0],[120.914506,23.850325,0.0],[120.914468,23.851214,0.0],[120.914348,23.851555,0.0],[120.914417,23.851903,0.0],[120.914373,23.852134,0.0],[120.914593,23.85219,0.0],[120.914647,23.85236,0.0],[120.91451,23.852423,0.0],[120.914477,23.852607,0.0],[120.914288,23.85263,0.0],[120.914197,23.852965,0.0],[120.913991,23.853078,0.0],[120.913923,23.85326,0.0],[120.913786,23.853235,0.0],[120.91348,23.85284,0.0],[120.913839,23.852793,0.0],[120.914072,23.85256,0.0],[120.91405,23.852093,0.0],[120.913737,23.851763,0.0],[120.913848,23.851761,0.0],[120.913886,23.851566,0.0],[120.913767,23.851553,0.0],[120.913852,23.851061,0.0],[120.913724,23.851057,0.0],[120.913399,23.851395,0.0],[120.913535,23.851461,0.0],[120.913544,23.851675,0.0],[120.912999,23.851754,0.0],[120.912768,23.85172,0.0],[120.912632,23.851464,0.0],[120.912618,23.851025,0.0],[120.913244,23.850538,0.0],[120.913273,23.850255,0.0],[120.913346,23.850211,0.0],[120.913262,23.849747,0.0],[120.913111,23.849406,0.0],[120.91263,23.84881,0.0],[120.912511,23.848449,0.0],[120.912564,23.847977,0.0],[120.91246,23.847716,0.0],[120.912553,23.84748,0.0],[120.912454,23.847126,0.0],[120.912514,23.846673,0.0],[120.912602,23.846584,0.0],[120.912589,23.846279,0.0],[120.912846,23.846012,0.0],[120.913129,23.846164,0.0],[120.91333,23.846446,0.0],[120.913298,23.846604,0.0],[120.913522,23.847103,0.0],[120.913776,23.84714,0.0],[120.913812,23.846612,0.0],[120.913989,23.846294,0.0],[120.914076,23.846266,0.0],[120.914034,23.845951,0.0],[120.91423,23.845584,0.0],[120.91471,23.845602,0.0],[120.914863,23.845683,0.0],[120.915072,23.845512,0.0],[120.915401,23.845493,0.0],[120.915523,23.845401,0.0],[120.915483,23.84529,0.0],[120.915544,23.845225,0.0],[120.916259,23.844764,0.0],[120.916323,23.844564,0.0],[120.916454,23.844488,0.0],[120.916483,23.844238,0.0],[120.916909,23.843854,0.0],[120.917094,23.843815,0.0],[120.917244,23.843476,0.0],[120.917214,23.843238,0.0],[120.917077,23.843269,0.0],[120.917085,23.843317,0.0],[120.916863,23.843376,0.0],[120.916825,23.843635,0.0],[120.916738,23.843625,0.0],[120.916666,23.843564,0.0],[120.91664,23.843271,0.0],[120.91649,23.843174,0.0],[120.916144,23.843283,0.0],[120.915375,23.84327,0.0],[120.915187,23.843432,0.0],[120.914984,23.843447,0.0],[120.914753,23.843258,0.0],[120.914751,23.843058,0.0],[120.914479,23.842837,0.0],[120.91446,23.842648,0.0],[120.914044,23.842463,0.0],[120.91397,23.842608,0.0],[120.913767,23.842699,0.0],[120.913608,23.843042,0.0],[120.913313,23.843162,0.0],[120.91307,23.843062,0.0],[120.912903,23.842618,0.0],[120.91297,23.842434,0.0],[120.913079,23.842399,0.0],[120.913169,23.842081,0.0],[120.913461,23.841723,0.0],[120.91377,23.841781,0.0],[120.914047,23.842041,0.0],[120.914255,23.841815,0.0],[120.914556,23.84169,0.0],[120.914627,23.841536,0.0],[120.914884,23.841484,0.0],[120.915,23.841383,0.0],[120.914889,23.840993,0.0],[120.915029,23.84063,0.0],[120.915334,23.84039,0.0],[120.915435,23.840099,0.0],[120.916181,23.8398,0.0],[120.916808,23.839903,0.0],[120.916815,23.83976,0.0],[120.916928,23.839621,0.0],[120.916882,23.839393,0.0],[120.916048,23.839147,0.0],[120.916113,23.838827,0.0],[120.916229,23.838782,0.0],[120.916701,23.838877,0.0],[120.916827,23.838997,0.0],[120.916962,23.8389,0.0],[120.917055,23.838966,0.0],[120.917198,23.838892,0.0],[120.917151,23.838494,0.0],[120.916863,23.838326,0.0],[120.916642,23.83808,0.0],[120.916538,23.837835,0.0],[120.916898,23.837458,0.0],[120.916878,23.837287,0.0],[120.91696,23.837184,0.0],[120.917364,23.8369,0.0],[120.917391,23.836665,0.0],[120.917295,23.836387,0.0],[120.917692,23.836116,0.0],[120.917712,23.835888,0.0],[120.917571,23.835541,0.0],[120.917633,23.835426,0.0],[120.91759,23.835192,0.0],[120.91772,23.835005,0.0],[120.917527,23.834591,0.0],[120.917021,23.834563,0.0],[120.916892,23.834628,0.0],[120.916754,23.834477,0.0],[120.916751,23.833879,0.0],[120.916873,23.833658,0.0],[120.917062,23.833548,0.0],[120.91676,23.832847,0.0],[120.916781,23.832756,0.0],[120.916647,23.832611,0.0],[120.916652,23.832308,0.0],[120.916418,23.832215,0.0],[120.916272,23.83224,0.0],[120.916209,23.832414,0.0],[120.915875,23.8326,0.0],[120.915588,23.832436,0.0],[120.915468,23.832443,0.0],[120.915461,23.832762,0.0],[120.915342,23.832859,0.0],[120.914774,23.832714,0.0],[120.914701,23.832544,0.0],[120.914624,23.832534,0.0],[120.914493,23.832853,0.0],[120.914666,23.832907,0.0],[120.914736,23.833026,0.0],[120.914773,23.833242,0.0],[120.914677,23.833352,0.0],[120.914401,23.833433,0.0],[120.91414,23.833117,0.0],[120.913901,23.833124,0.0],[120.913617,23.83332,0.0],[120.913546,23.833487,0.0],[120.912916,23.833687,0.0],[120.912907,23.833946,0.0],[120.913033,23.834152,0.0],[120.912976,23.834578,0.0],[120.91288,23.834664,0.0],[120.912725,23.834702,0.0],[120.912627,23.834633,0.0],[120.912339,23.834264,0.0],[120.911829,23.834315,0.0],[120.911649,23.834194,0.0],[120.911531,23.834212,0.0],[120.911471,23.834298,0.0],[120.911518,23.834449,0.0],[120.911332,23.834678,0.0],[120.911137,23.834782,0.0],[120.910959,23.834699,0.0],[120.910628,23.835109,0.0],[120.910562,23.835336,0.0],[120.910828,23.835637,0.0],[120.910798,23.835729,0.0],[120.910922,23.835949,0.0],[120.910731,23.835979,0.0],[120.910577,23.835889,0.0],[120.910208,23.835933,0.0],[120.910053,23.836319,0.0],[120.90994,23.836369,0.0],[120.909979,23.836514,0.0],[120.909768,23.836665,0.0],[120.9096,23.836714,0.0],[120.909533,23.836557,0.0],[120.909334,23.836579,0.0],[120.909242,23.836496,0.0],[120.909147,23.836178,0.0],[120.90919,23.836001,0.0],[120.908419,23.836045,0.0],[120.908366,23.836266,0.0],[120.908438,23.837117,0.0],[120.908328,23.837346,0.0],[120.908357,23.837646,0.0],[120.908581,23.837907,0.0],[120.908818,23.837973,0.0],[120.90904,23.838146,0.0],[120.909113,23.838307,0.0],[120.909278,23.838343,0.0],[120.909363,23.838534,0.0],[120.909053,23.838903,0.0],[120.909071,23.839099,0.0],[120.909261,23.839422,0.0],[120.908952,23.839797,0.0],[120.908866,23.840133,0.0],[120.908949,23.84036,0.0],[120.908901,23.840584,0.0],[120.908738,23.84068,0.0],[120.90866,23.840933,0.0],[120.908611,23.841123,0.0],[120.908664,23.841367,0.0],[120.908354,23.841556,0.0],[120.908285,23.84174,0.0],[120.908073,23.841878,0.0],[120.907731,23.841718,0.0],[120.907631,23.841568,0.0],[120.907589,23.841242,0.0],[120.907103,23.839821,0.0],[120.907055,23.839417,0.0],[120.906783,23.839195,0.0],[120.906131,23.839354,0.0],[120.906012,23.839215,0.0],[120.906,23.839004,0.0],[120.907413,23.838527,0.0],[120.907558,23.838156,0.0],[120.90754,23.837291,0.0],[120.907826,23.836846,0.0],[120.907922,23.835967,0.0],[120.908087,23.835906,0.0],[120.907974,23.835718,0.0],[120.908015,23.835591,0.0],[120.90845,23.835622,0.0],[120.908751,23.835758,0.0],[120.909336,23.83567,0.0],[120.909321,23.835603,0.0],[120.909472,23.835666,0.0],[120.909773,23.835578,0.0],[120.909996,23.835428,0.0],[120.910207,23.83493,0.0],[120.910964,23.834212,0.0],[120.911104,23.833937,0.0],[120.911438,23.833661,0.0],[120.9121,23.833339,0.0],[120.912197,23.833049,0.0],[120.912403,23.832772,0.0],[120.912461,23.832228,0.0],[120.912295,23.832094,0.0],[120.912296,23.831509,0.0],[120.912061,23.831189,0.0],[120.911805,23.830564,0.0],[120.912221,23.829413,0.0],[120.912397,23.82927,0.0],[120.912515,23.829286,0.0],[120.912884,23.82939,0.0],[120.913254,23.829601,0.0],[120.913569,23.830252,0.0],[120.913882,23.830458,0.0],[120.914769,23.830562,0.0],[120.915285,23.830848,0.0],[120.916194,23.830805,0.0],[120.916775,23.830982,0.0],[120.917536,23.83106,0.0],[120.917818,23.832265,0.0],[120.918269,23.832971,0.0],[120.918328,23.833205,0.0],[120.918426,23.833864,0.0],[120.918475,23.835232,0.0],[120.91936,23.836334,0.0],[120.919117,23.836833,0.0],[120.919002,23.83744,0.0],[120.919286,23.838538,0.0],[120.919314,23.83893,0.0],[120.9197,23.839424,0.0],[120.920387,23.84102,0.0],[120.920316,23.84104,0.0],[120.920437,23.841574,0.0],[120.920436,23.842041,0.0],[120.920686,23.842257,0.0],[120.92096,23.842362,0.0],[120.921233,23.842361,0.0],[120.921292,23.84232,0.0],[120.921271,23.841995,0.0],[120.921177,23.84184,0.0],[120.922006,23.84153,0.0],[120.922675,23.84163,0.0],[120.923057,23.841941,0.0],[120.924004,23.841055,0.0],[120.92461,23.840822,0.0],[120.92525,23.840302,0.0],[120.926543,23.839645,0.0],[120.928495,23.839293,0.0],[120.929957,23.839542,0.0],[120.931052,23.839577,0.0],[120.931096,23.839445,0.0],[120.931278,23.83937,0.0],[120.931587,23.838937,0.0],[120.932057,23.838638,0.0],[120.932515,23.838502,0.0],[120.933731,23.838398,0.0],[120.933922,23.837326,0.0],[120.934269,23.836662,0.0],[120.934281,23.836768,0.0],[120.93485,23.836937,0.0],[120.935245,23.836906,0.0],[120.935978,23.837073,0.0],[120.937581,23.837962,0.0],[120.93773,23.838199,0.0],[120.937841,23.838768,0.0],[120.937796,23.839188,0.0],[120.93792,23.83945,0.0],[120.938124,23.839671,0.0],[120.938343,23.839658,0.0],[120.938568,23.839796,0.0],[120.938793,23.840338,0.0],[120.93882,23.841339,0.0],[120.939113,23.841751,0.0],[120.939063,23.842658,0.0],[120.939133,23.8427,0.0],[120.939213,23.843296,0.0],[120.939792,23.84329,0.0],[120.940155,23.84345,0.0],[120.94055,23.843331,0.0],[120.941662,23.843852,0.0],[120.94208,23.844164,0.0],[120.942459,23.844698,0.0],[120.942723,23.844892,0.0],[120.944116,23.844956,0.0],[120.944935,23.845339,0.0],[120.945242,23.845329,0.0],[120.946276,23.844556,0.0],[120.946396,23.844544,0.0],[120.947231,23.844039,0.0],[120.947773,23.843562,0.0],[120.947949,23.843507,0.0],[120.947972,23.843725,0.0],[120.947994,23.84306,0.0],[120.947911,23.842419,0.0],[120.948456,23.842022,0.0],[120.948512,23.841437,0.0],[120.948401,23.840585,0.0],[120.948515,23.840193,0.0],[120.948217,23.839531,0.0],[120.946952,23.83762,0.0],[120.946507,23.836739,0.0],[120.946696,23.835775,0.0],[120.947118,23.834724,0.0],[120.947642,23.83373,0.0],[120.947774,23.833265,0.0],[120.948066,23.83287,0.0],[120.948538,23.83247,0.0],[120.949154,23.831622,0.0],[120.949541,23.831301,0.0],[120.949979,23.83074,0.0],[120.950299,23.830459,0.0],[120.950679,23.829719,0.0],[120.951812,23.829063,0.0],[120.952654,23.828736,0.0],[120.953057,23.828477,0.0],[120.953232,23.828462,0.0],[120.953381,23.827939,0.0],[120.953556,23.827957,0.0],[120.953594,23.827751,0.0],[120.953361,23.827727,0.0],[120.952782,23.827834,0.0],[120.952792,23.82752,0.0],[120.952018,23.827386,0.0],[120.951704,23.827173,0.0],[120.951614,23.826896,0.0],[120.952176,23.826542,0.0],[120.952229,23.826074,0.0],[120.951505,23.826028,0.0],[120.951238,23.826125,0.0],[120.951067,23.826061,0.0],[120.951287,23.82594,0.0],[120.950579,23.825465,0.0],[120.950331,23.82514,0.0],[120.94981,23.824945,0.0],[120.94975,23.824838,0.0],[120.950207,23.824387,0.0],[120.950391,23.823968,0.0],[120.950262,23.823722,0.0],[120.950273,23.823445,0.0],[120.950362,23.82322,0.0],[120.950542,23.823065,0.0],[120.949435,23.82179,0.0],[120.950653,23.821312,0.0],[120.950606,23.820338,0.0],[120.95084,23.818991,0.0],[120.950738,23.818232,0.0],[120.950901,23.817882,0.0],[120.951635,23.817904,0.0],[120.952723,23.81619,0.0],[120.952559,23.815606,0.0],[120.952679,23.815261,0.0],[120.952626,23.814876,0.0],[120.9521,23.814718,0.0],[120.95197,23.814857,0.0],[120.95169,23.814477,0.0],[120.95129,23.814439,0.0],[120.951352,23.8138,0.0],[120.95117,23.813765,0.0],[120.951125,23.813471,0.0],[120.951312,23.813256,0.0],[120.950339,23.81247,0.0],[120.950902,23.811695,0.0],[120.951385,23.811607,0.0],[120.951864,23.810978,0.0],[120.951968,23.8108,0.0],[120.951745,23.810494,0.0],[120.953456,23.809969,0.0],[120.954922,23.80969,0.0],[120.955276,23.809775,0.0],[120.955509,23.809753,0.0],[120.955855,23.809595,0.0],[120.956667,23.809497,0.0],[120.958123,23.811321,0.0],[120.958953,23.812701,0.0],[120.959694,23.813711,0.0],[120.960057,23.813914,0.0],[120.961041,23.81425,0.0],[120.961466,23.814538,0.0],[120.962496,23.815491,0.0],[120.963197,23.815953,0.0],[120.963723,23.816074,0.0],[120.964571,23.817108,0.0],[120.965251,23.817621,0.0],[120.965667,23.818198,0.0],[120.966483,23.818697,0.0],[120.967608,23.819811,0.0],[120.968139,23.820147,0.0],[120.968784,23.8204,0.0],[120.969777,23.820464,0.0],[120.970208,23.820654,0.0],[120.970902,23.820571,0.0],[120.971273,23.820625,0.0],[120.972786,23.821324,0.0],[120.973081,23.821732,0.0],[120.973463,23.822781,0.0],[120.97394,23.823432,0.0],[120.974208,23.824015,0.0],[120.973986,23.824615,0.0],[120.973741,23.824925,0.0],[120.973746,23.825114,0.0],[120.973572,23.825357,0.0],[120.973337,23.825383,0.0],[120.973624,23.825717,0.0],[120.973385,23.825776,0.0],[120.973187,23.825929,0.0],[120.972982,23.826278,0.0],[120.973097,23.827707,0.0],[120.972811,23.828445,0.0],[120.972775,23.828803,0.0],[120.972655,23.828867,0.0],[120.972479,23.829278,0.0],[120.972129,23.829634,0.0],[120.971896,23.830022,0.0],[120.971312,23.830672,0.0],[120.97148,23.831251,0.0],[120.972145,23.831787,0.0],[120.972263,23.832456,0.0],[120.972445,23.832615,0.0],[120.972689,23.833011,0.0],[120.9728,23.833373,0.0],[120.972938,23.833481,0.0],[120.972957,23.833904,0.0],[120.973083,23.834064,0.0],[120.973118,23.83444,0.0],[120.973375,23.834844,0.0],[120.973356,23.835096,0.0],[120.973454,23.835169,0.0],[120.973302,23.835415,0.0],[120.973362,23.835809,0.0],[120.973102,23.836256,0.0],[120.973222,23.836491,0.0],[120.972243,23.838753,0.0],[120.972508,23.839309,0.0],[120.972095,23.839319,0.0],[120.971243,23.839732,0.0],[120.970158,23.84058,0.0],[120.968707,23.841253,0.0],[120.968001,23.841874,0.0],[120.967472,23.841871,0.0],[120.967347,23.841792,0.0],[120.96707,23.841616,0.0],[120.966118,23.840434,0.0],[120.966,23.840228,0.0],[120.965806,23.8401,0.0],[120.964702,23.838907,0.0],[120.963915,23.838225,0.0],[120.963454,23.83815,0.0],[120.962993,23.838177,0.0],[120.962528,23.838362,0.0],[120.961645,23.838556,0.0],[120.960837,23.838913,0.0],[120.960358,23.839012,0.0],[120.960103,23.839296,0.0],[120.959216,23.839653,0.0],[120.958929,23.83987,0.0],[120.958749,23.840312,0.0],[120.958658,23.841068,0.0],[120.958472,23.841531,0.0],[120.957994,23.842341,0.0],[120.957683,23.84261,0.0],[120.957211,23.842732,0.0],[120.956685,23.842978,0.0],[120.956001,23.844079,0.0],[120.955538,23.844483,0.0],[120.953874,23.845302,0.0],[120.953353,23.845426,0.0],[120.952739,23.845438,0.0],[120.951721,23.845659,0.0],[120.950937,23.84597,0.0],[120.950551,23.846155,0.0],[120.950048,23.846539,0.0],[120.949869,23.84694,0.0],[120.949978,23.846381,0.0],[120.949946,23.846502,0.0],[120.949924,23.846611,0.0],[120.949868,23.846941,0.0],[120.949541,23.847749,0.0],[120.948894,23.848841,0.0],[120.948463,23.85008,0.0],[120.948415,23.850192,0.0],[120.948415,23.850193,0.0],[120.948151,23.850864,0.0],[120.948182,23.850647,0.0],[120.948181,23.850648,0.0],[120.948168,23.850683,0.0],[120.948145,23.850759,0.0],[120.948147,23.850795,0.0],[120.948151,23.85083,0.0],[120.94815,23.850863,0.0],[120.948151,23.850866,0.0],[120.948109,23.851001,0.0],[120.948663,23.852356,0.0],[120.949152,23.853157,0.0],[120.949152,23.853202,0.0],[120.949154,23.853245,0.0],[120.949166,23.853333,0.0],[120.949181,23.853406,0.0],[120.949216,23.853503,0.0],[120.949237,23.853648,0.0],[120.949235,23.854059,0.0],[120.949252,23.854389,0.0],[120.949267,23.854593,0.0],[120.949279,23.854637,0.0],[120.949261,23.854842,0.0],[120.949261,23.854996,0.0],[120.949263,23.855037,0.0],[120.949271,23.855084,0.0],[120.949274,23.855145,0.0],[120.949338,23.855524,0.0],[120.949363,23.855624,0.0],[120.949392,23.855722,0.0],[120.949399,23.855756,0.0],[120.949414,23.855794,0.0],[120.949454,23.855952,0.0],[120.949462,23.856058,0.0],[120.949514,23.856324,0.0],[120.949202,23.857799,0.0],[120.948965,23.85814,0.0],[120.948878,23.858238,0.0],[120.948709,23.85837,0.0],[120.948555,23.858579,0.0],[120.948465,23.858562,0.0],[120.948448,23.858672,0.0],[120.948059,23.859106,0.0],[120.947795,23.859843,0.0],[120.947426,23.860386,0.0],[120.946672,23.861,0.0],[120.946358,23.861085,0.0],[120.946164,23.861287,0.0],[120.945875,23.862111,0.0],[120.945189,23.863374,0.0],[120.944094,23.864547,0.0],[120.943653,23.86517,0.0],[120.94278,23.865586,0.0],[120.942404,23.866229,0.0],[120.941758,23.866748,0.0],[120.940751,23.866843,0.0],[120.939163,23.866623,0.0],[120.93767,23.867347,0.0],[120.937143,23.867458,0.0],[120.936746,23.867681,0.0],[120.935739,23.868518,0.0],[120.935292,23.868658,0.0],[120.934718,23.868749,0.0],[120.934437,23.868702,0.0],[120.934305,23.868644,0.0]],[[120.948223,23.85056,0.0],[120.948182,23.850647,0.0],[120.948282,23.850457,0.0],[120.948223,23.85056,0.0]],[[120.948283,23.850456,0.0],[120.948415,23.850193,0.0],[120.948395,23.850229,0.0],[120.948358,23.8503,0.0],[120.948283,23.850456,0.0]],[[120.948901,23.85821,0.0],[120.94894,23.858158,0.0],[120.948938,23.858159,0.0],[120.948901,23.85821,0.0]],[[120.917641,23.846691,0.0],[120.917259,23.846629,0.0],[120.916698,23.84747,0.0],[120.916908,23.847656,0.0],[120.917168,23.84775,0.0],[120.917338,23.84775,0.0],[120.917538,23.847644,0.0],[120.917978,23.847253,0.0],[120.917861,23.847185,0.0],[120.91795,23.847051,0.0],[120.917641,23.846691,0.0]]],[[[120.906422,23.85024,0.0],[120.906735,23.850369,0.0],[120.906822,23.850287,0.0],[120.906779,23.849927,0.0],[120.906904,23.849825,0.0],[120.907057,23.849852,0.0],[120.907441,23.85048,0.0],[120.907527,23.850759,0.0],[120.907406,23.851086,0.0],[120.907038,23.851574,0.0],[120.907038,23.851772,0.0],[120.906717,23.851819,0.0],[120.906324,23.851697,0.0],[120.906049,23.852829,0.0],[120.906013,23.853576,0.0],[120.905889,23.853789,0.0],[120.90558,23.853927,0.0],[120.905459,23.85417,0.0],[120.90543,23.854605,0.0],[120.905536,23.854917,0.0],[120.905434,23.855103,0.0],[120.905276,23.855139,0.0],[120.905155,23.854845,0.0],[120.905,23.854693,0.0],[120.904229,23.85434,0.0],[120.904097,23.854164,0.0],[120.90407,23.853975,0.0],[120.903449,23.853656,0.0],[120.903368,23.853372,0.0],[120.902886,23.852759,0.0],[120.902817,23.852383,0.0],[120.902903,23.852211,0.0],[120.903111,23.850541,0.0],[120.902995,23.850143,0.0],[120.903085,23.84975,0.0],[120.903504,23.84953,0.0],[120.903627,23.849531,0.0],[120.903946,23.849897,0.0],[120.904296,23.849333,0.0],[120.904238,23.848854,0.0],[120.904418,23.848892,0.0],[120.904749,23.849201,0.0],[120.905514,23.849473,0.0],[120.905983,23.849123,0.0],[120.90605,23.84956,0.0],[120.906422,23.85024,0.0]]],[[[120.900333,23.859632,0.0],[120.899681,23.859383,0.0],[120.899517,23.859513,0.0],[120.899706,23.860031,0.0],[120.899607,23.860103,0.0],[120.8996,23.860286,0.0],[120.89922,23.860451,0.0],[120.899195,23.86063,0.0],[120.899298,23.860725,0.0],[120.899753,23.860865,0.0],[120.900117,23.861144,0.0],[120.900239,23.861869,0.0],[120.900362,23.861925,0.0],[120.90025,23.861958,0.0],[120.899705,23.861807,0.0],[120.899317,23.861827,0.0],[120.8994,23.86239,0.0],[120.899359,23.862589,0.0],[120.899032,23.863317,0.0],[120.898894,23.864317,0.0],[120.898668,23.864595,0.0],[120.89867,23.864668,0.0],[120.898839,23.86467,0.0],[120.899152,23.8653,0.0],[120.899162,23.865591,0.0],[120.898672,23.866277,0.0],[120.898078,23.866599,0.0],[120.89799,23.866968,0.0],[120.898223,23.868769,0.0],[120.898321,23.868889,0.0],[120.898613,23.868949,0.0],[120.89874,23.869293,0.0],[120.898792,23.869174,0.0],[120.89908,23.869724,0.0],[120.899503,23.870194,0.0],[120.899685,23.870639,0.0],[120.900097,23.871117,0.0],[120.900137,23.871269,0.0],[120.900348,23.871377,0.0],[120.900454,23.871559,0.0],[120.900251,23.872488,0.0],[120.900253,23.87416,0.0],[120.900188,23.874338,0.0],[120.90149,23.873548,0.0],[120.901585,23.873551,0.0],[120.901903,23.873294,0.0],[120.902066,23.872437,0.0],[120.902525,23.872293,0.0],[120.903124,23.872293,0.0],[120.90391,23.872189,0.0],[120.903892,23.871955,0.0],[120.904233,23.870816,0.0],[120.904524,23.870228,0.0],[120.905677,23.86905,0.0],[120.907021,23.868313,0.0],[120.907671,23.86864,0.0],[120.908314,23.868619,0.0],[120.908407,23.868892,0.0],[120.908573,23.869021,0.0],[120.9092,23.869099,0.0],[120.909981,23.870031,0.0],[120.910623,23.87153,0.0],[120.91034,23.8723,0.0],[120.910667,23.872875,0.0],[120.911241,23.87321,0.0],[120.911235,23.873353,0.0],[120.910777,23.873652,0.0],[120.910847,23.873848,0.0],[120.910966,23.874117,0.0],[120.911326,23.87441,0.0],[120.911787,23.874127,0.0],[120.91205,23.874597,0.0],[120.912193,23.875052,0.0],[120.912044,23.875292,0.0],[120.911893,23.875339,0.0],[120.911908,23.875184,0.0],[120.911745,23.874942,0.0],[120.911256,23.875198,0.0],[120.911285,23.875377,0.0],[120.911793,23.875533,0.0],[120.911861,23.875704,0.0],[120.912116,23.875829,0.0],[120.912384,23.875698,0.0],[120.912524,23.87614,0.0],[120.912822,23.876683,0.0],[120.91287,23.87708,0.0],[120.912995,23.87716,0.0],[120.913103,23.877134,0.0],[120.913377,23.876711,0.0],[120.913445,23.87672,0.0],[120.913332,23.876965,0.0],[120.912573,23.87777,0.0],[120.911846,23.878302,0.0],[120.911113,23.879136,0.0],[120.911056,23.878997,0.0],[120.910916,23.879353,0.0],[120.910555,23.879907,0.0],[120.909614,23.88073,0.0],[120.909282,23.880947,0.0],[120.908494,23.881196,0.0],[120.908465,23.881112,0.0],[120.907956,23.881324,0.0],[120.907564,23.880876,0.0],[120.906643,23.880635,0.0],[120.906251,23.880214,0.0],[120.906126,23.879362,0.0],[120.905843,23.878482,0.0],[120.905639,23.878153,0.0],[120.904449,23.878292,0.0],[120.904083,23.878003,0.0],[120.903116,23.877544,0.0],[120.902771,23.877294,0.0],[120.902501,23.877255,0.0],[120.901856,23.87735,0.0],[120.901035,23.877169,0.0],[120.900512,23.876944,0.0],[120.89904,23.875955,0.0],[120.898614,23.875755,0.0],[120.897708,23.875856,0.0],[120.896567,23.875804,0.0],[120.895495,23.875881,0.0],[120.894769,23.875415,0.0],[120.893799,23.875058,0.0],[120.893349,23.874687,0.0],[120.892306,23.87465,0.0],[120.891292,23.875174,0.0],[120.890516,23.874873,0.0],[120.889648,23.874359,0.0],[120.88961,23.874554,0.0],[120.88976,23.874863,0.0],[120.889679,23.874889,0.0],[120.889149,23.874968,0.0],[120.888453,23.874932,0.0],[120.887112,23.875305,0.0],[120.886811,23.875255,0.0],[120.886377,23.874917,0.0],[120.8858,23.874628,0.0],[120.884931,23.873478,0.0],[120.884818,23.872956,0.0],[120.88442,23.872383,0.0],[120.88424,23.871592,0.0],[120.883231,23.870334,0.0],[120.882895,23.87008,0.0],[120.882705,23.869692,0.0],[120.882588,23.869278,0.0],[120.882582,23.868759,0.0],[120.882342,23.868261,0.0],[120.882343,23.867656,0.0],[120.882221,23.867274,0.0],[120.881293,23.86614,0.0],[120.881272,23.866162,0.0],[120.881347,23.866266,0.0],[120.882162,23.867228,0.0],[120.882259,23.867417,0.0],[120.882326,23.868273,0.0],[120.882567,23.868771,0.0],[120.882573,23.869289,0.0],[120.882608,23.869478,0.0],[120.882689,23.869704,0.0],[120.882901,23.870108,0.0],[120.882526,23.870138,0.0],[120.882269,23.870321,0.0],[120.882139,23.870739,0.0],[120.88169,23.871372,0.0],[120.881665,23.871622,0.0],[120.881774,23.872172,0.0],[120.882148,23.872821,0.0],[120.882023,23.8736,0.0],[120.882762,23.875217,0.0],[120.882777,23.875622,0.0],[120.883009,23.876282,0.0],[120.882694,23.876772,0.0],[120.882643,23.876991,0.0],[120.882692,23.877248,0.0],[120.883026,23.877742,0.0],[120.883232,23.878289,0.0],[120.882858,23.878798,0.0],[120.882866,23.878934,0.0],[120.88309,23.879296,0.0],[120.883693,23.879971,0.0],[120.88395,23.880563,0.0],[120.883972,23.880918,0.0],[120.883826,23.88119,0.0],[120.88383,23.881907,0.0],[120.883722,23.882219,0.0],[120.883282,23.882578,0.0],[120.882546,23.882884,0.0],[120.882254,23.88333,0.0],[120.882232,23.883711,0.0],[120.882093,23.884035,0.0],[120.881957,23.884146,0.0],[120.882207,23.885108,0.0],[120.882125,23.886268,0.0],[120.881641,23.886896,0.0],[120.881361,23.888711,0.0],[120.881426,23.889182,0.0],[120.88168,23.889655,0.0],[120.881707,23.890493,0.0],[120.881252,23.890243,0.0],[120.88129,23.890156,0.0],[120.881111,23.890005,0.0],[120.880943,23.889993,0.0],[120.880927,23.890056,0.0],[120.879967,23.889702,0.0],[120.879718,23.889466,0.0],[120.879495,23.888992,0.0],[120.879525,23.888838,0.0],[120.879684,23.888658,0.0],[120.879583,23.888482,0.0],[120.879343,23.888517,0.0],[120.879413,23.888226,0.0],[120.879599,23.887996,0.0],[120.879492,23.887644,0.0],[120.8792,23.887556,0.0],[120.879056,23.88762,0.0],[120.878672,23.887474,0.0],[120.877916,23.886899,0.0],[120.877978,23.8865,0.0],[120.877534,23.886352,0.0],[120.877463,23.886158,0.0],[120.877206,23.886118,0.0],[120.877142,23.885838,0.0],[120.876671,23.885519,0.0],[120.876216,23.885497,0.0],[120.875667,23.885326,0.0],[120.874878,23.885508,0.0],[120.874606,23.885462,0.0],[120.874418,23.885388,0.0],[120.874196,23.88504,0.0],[120.874221,23.884657,0.0],[120.874797,23.883263,0.0],[120.8749,23.881846,0.0],[120.874815,23.881432,0.0],[120.87465,23.881234,0.0],[120.873701,23.881076,0.0],[120.873531,23.880925,0.0],[120.873345,23.880364,0.0],[120.873412,23.879412,0.0],[120.87347,23.879298,0.0],[120.87451,23.879015,0.0],[120.874533,23.879095,0.0],[120.875465,23.879339,0.0],[120.875762,23.879303,0.0],[120.875855,23.879222,0.0],[120.876372,23.879391,0.0],[120.876952,23.879227,0.0],[120.877527,23.878763,0.0],[120.877676,23.878423,0.0],[120.877666,23.877851,0.0],[120.877557,23.877429,0.0],[120.877405,23.877233,0.0],[120.876923,23.876807,0.0],[120.87653,23.87668,0.0],[120.876083,23.875992,0.0],[120.876013,23.875594,0.0],[120.875684,23.874947,0.0],[120.875823,23.874873,0.0],[120.875776,23.874858,0.0],[120.876022,23.874392,0.0],[120.875668,23.874365,0.0],[120.875567,23.874571,0.0],[120.875438,23.874263,0.0],[120.874994,23.873774,0.0],[120.874866,23.873302,0.0],[120.874668,23.87321,0.0],[120.874622,23.873261,0.0],[120.874703,23.873369,0.0],[120.87462,23.873347,0.0],[120.874324,23.872989,0.0],[120.873752,23.872718,0.0],[120.873381,23.872261,0.0],[120.872983,23.872012,0.0],[120.872415,23.871479,0.0],[120.872847,23.871437,0.0],[120.872859,23.871374,0.0],[120.873737,23.871366,0.0],[120.87382,23.870876,0.0],[120.874152,23.870745,0.0],[120.87449,23.870437,0.0],[120.874655,23.869829,0.0],[120.874364,23.869171,0.0],[120.874487,23.868604,0.0],[120.873839,23.867138,0.0],[120.873291,23.866515,0.0],[120.87314,23.86624,0.0],[120.873098,23.866027,0.0],[120.873173,23.865411,0.0],[120.872787,23.864821,0.0],[120.872762,23.862816,0.0],[120.872901,23.861638,0.0],[120.872886,23.860918,0.0],[120.872724,23.860529,0.0],[120.872311,23.859929,0.0],[120.873324,23.859871,0.0],[120.873683,23.85948,0.0],[120.873867,23.859477,0.0],[120.874043,23.859322,0.0],[120.874494,23.859223,0.0],[120.874808,23.859416,0.0],[120.875402,23.859326,0.0],[120.875707,23.859365,0.0],[120.876088,23.858056,0.0],[120.876486,23.857805,0.0],[120.877189,23.857158,0.0],[120.877523,23.85702,0.0],[120.877588,23.856817,0.0],[120.877855,23.856623,0.0],[120.878252,23.85704,0.0],[120.878298,23.856671,0.0],[120.878377,23.856587,0.0],[120.878876,23.856769,0.0],[120.879565,23.856414,0.0],[120.879529,23.855894,0.0],[120.879713,23.855748,0.0],[120.880306,23.855668,0.0],[120.881293,23.856051,0.0],[120.880882,23.855598,0.0],[120.880593,23.855619,0.0],[120.880092,23.855504,0.0],[120.879627,23.855166,0.0],[120.879628,23.854826,0.0],[120.879999,23.85424,0.0],[120.879837,23.853977,0.0],[120.879364,23.853842,0.0],[120.879202,23.853722,0.0],[120.878877,23.853307,0.0],[120.878507,23.852993,0.0],[120.878043,23.852103,0.0],[120.878023,23.851357,0.0],[120.877882,23.851311,0.0],[120.877585,23.851472,0.0],[120.877265,23.851801,0.0],[120.876969,23.851885,0.0],[120.876629,23.851763,0.0],[120.876228,23.851478,0.0],[120.875583,23.851501,0.0],[120.875375,23.851271,0.0],[120.87527,23.851113,0.0],[120.875313,23.851021,0.0],[120.87513,23.850795,0.0],[120.87526,23.850705,0.0],[120.874987,23.85018,0.0],[120.874916,23.849661,0.0],[120.874562,23.848738,0.0],[120.873981,23.848197,0.0],[120.874106,23.848037,0.0],[120.873975,23.848198,0.0],[120.873419,23.848095,0.0],[120.873305,23.847975,0.0],[120.872739,23.847817,0.0],[120.87257,23.847663,0.0],[120.872403,23.84718,0.0],[120.872108,23.846994,0.0],[120.871836,23.846856,0.0],[120.871055,23.846779,0.0],[120.870746,23.846872,0.0],[120.870345,23.846867,0.0],[120.869435,23.847166,0.0],[120.868842,23.84702,0.0],[120.86863,23.847043,0.0],[120.868058,23.847321,0.0],[120.86764,23.847798,0.0],[120.867199,23.848137,0.0],[120.866219,23.847485,0.0],[120.86696,23.847037,0.0],[120.867055,23.846828,0.0],[120.868226,23.845856,0.0],[120.868799,23.845194,0.0],[120.869086,23.844606,0.0],[120.869081,23.844373,0.0],[120.868884,23.843928,0.0],[120.868984,23.843502,0.0],[120.868946,23.842869,0.0],[120.868879,23.842855,0.0],[120.86894,23.84279,0.0],[120.868908,23.842343,0.0],[120.868971,23.842066,0.0],[120.869219,23.841829,0.0],[120.869225,23.841425,0.0],[120.870042,23.841608,0.0],[120.870359,23.841769,0.0],[120.87082,23.841768,0.0],[120.871191,23.84202,0.0],[120.872048,23.841777,0.0],[120.871939,23.840971,0.0],[120.871232,23.840809,0.0],[120.870794,23.840564,0.0],[120.870471,23.84023,0.0],[120.870303,23.839624,0.0],[120.8699,23.839179,0.0],[120.869631,23.838383,0.0],[120.869771,23.83728,0.0],[120.870079,23.83663,0.0],[120.869856,23.835473,0.0],[120.869471,23.835027,0.0],[120.86943,23.834732,0.0],[120.869061,23.834253,0.0],[120.868995,23.834263,0.0],[120.868599,23.833768,0.0],[120.867668,23.833142,0.0],[120.867292,23.832494,0.0],[120.867265,23.831896,0.0],[120.867737,23.830435,0.0],[120.867776,23.829693,0.0],[120.867312,23.829183,0.0],[120.866919,23.828876,0.0],[120.865776,23.828458,0.0],[120.865221,23.828125,0.0],[120.864573,23.82801,0.0],[120.864763,23.827861,0.0],[120.865091,23.827898,0.0],[120.86523,23.827643,0.0],[120.865133,23.8276,0.0],[120.865149,23.827467,0.0],[120.865566,23.827551,0.0],[120.865654,23.827068,0.0],[120.864767,23.826467,0.0],[120.864727,23.825973,0.0],[120.86489,23.825633,0.0],[120.86474,23.824926,0.0],[120.864499,23.824609,0.0],[120.863938,23.824438,0.0],[120.862928,23.82489,0.0],[120.862617,23.824903,0.0],[120.862136,23.825095,0.0],[120.861467,23.825102,0.0],[120.860868,23.82495,0.0],[120.86033,23.824641,0.0],[120.859579,23.824024,0.0],[120.859298,23.823614,0.0],[120.859142,23.823156,0.0],[120.858848,23.82265,0.0],[120.858562,23.822299,0.0],[120.858125,23.821938,0.0],[120.85791,23.821599,0.0],[120.857949,23.821223,0.0],[120.857876,23.820872,0.0],[120.857946,23.820386,0.0],[120.858,23.820394,0.0],[120.858111,23.819946,0.0],[120.858129,23.819584,0.0],[120.858226,23.81952,0.0],[120.8581,23.81924,0.0],[120.857944,23.819215,0.0],[120.857897,23.819114,0.0],[120.857766,23.818723,0.0],[120.857867,23.818688,0.0],[120.857749,23.818328,0.0],[120.857414,23.817993,0.0],[120.857887,23.817983,0.0],[120.859822,23.818229,0.0],[120.859876,23.817946,0.0],[120.859659,23.817958,0.0],[120.859657,23.817884,0.0],[120.859485,23.817955,0.0],[120.859348,23.817829,0.0],[120.859236,23.81801,0.0],[120.857388,23.817767,0.0],[120.857933,23.816979,0.0],[120.858026,23.817027,0.0],[120.858348,23.816857,0.0],[120.858498,23.816683,0.0],[120.858566,23.816738,0.0],[120.858827,23.816355,0.0],[120.85863,23.816328,0.0],[120.858549,23.816245,0.0],[120.858436,23.816289,0.0],[120.858876,23.815989,0.0],[120.859301,23.815938,0.0],[120.859062,23.815632,0.0],[120.858998,23.815417,0.0],[120.859583,23.815449,0.0],[120.860111,23.815622,0.0],[120.860266,23.815571,0.0],[120.860324,23.815447,0.0],[120.860106,23.815193,0.0],[120.859391,23.814894,0.0],[120.858723,23.814713,0.0],[120.857956,23.814753,0.0],[120.857786,23.81468,0.0],[120.85806,23.814569,0.0],[120.858049,23.814516,0.0],[120.858179,23.814472,0.0],[120.858157,23.81439,0.0],[120.858531,23.814319,0.0],[120.85866,23.814257,0.0],[120.858641,23.814161,0.0],[120.858758,23.814207,0.0],[120.85918,23.814142,0.0],[120.85911,23.813866,0.0],[120.85946,23.813985,0.0],[120.859417,23.814178,0.0],[120.860661,23.814553,0.0],[120.860683,23.813872,0.0],[120.86102,23.813965,0.0],[120.861571,23.814293,0.0],[120.862371,23.814181,0.0],[120.862555,23.814361,0.0],[120.862344,23.814554,0.0],[120.862657,23.814678,0.0],[120.862924,23.814561,0.0],[120.862993,23.81462,0.0],[120.863358,23.814265,0.0],[120.86371,23.814238,0.0],[120.863894,23.814059,0.0],[120.864452,23.814147,0.0],[120.864779,23.813964,0.0],[120.864915,23.813596,0.0],[120.865339,23.813838,0.0],[120.865721,23.813858,0.0],[120.865898,23.813714,0.0],[120.866255,23.814014,0.0],[120.866641,23.81392,0.0],[120.866742,23.813669,0.0],[120.867406,23.81432,0.0],[120.867508,23.814259,0.0],[120.867794,23.814352,0.0],[120.868455,23.814855,0.0],[120.869182,23.815173,0.0],[120.869568,23.815555,0.0],[120.869814,23.816,0.0],[120.870168,23.816118,0.0],[120.870564,23.816122,0.0],[120.871129,23.815838,0.0],[120.871194,23.816013,0.0],[120.871539,23.81637,0.0],[120.871516,23.816483,0.0],[120.871641,23.816535,0.0],[120.872255,23.816367,0.0],[120.872454,23.815839,0.0],[120.872615,23.815749,0.0],[120.872706,23.815398,0.0],[120.872713,23.815291,0.0],[120.872559,23.815246,0.0],[120.872488,23.815107,0.0],[120.872607,23.814958,0.0],[120.87274,23.815091,0.0],[120.872884,23.815099,0.0],[120.872948,23.815366,0.0],[120.873303,23.815474,0.0],[120.873594,23.816195,0.0],[120.873597,23.816378,0.0],[120.873381,23.816684,0.0],[120.873417,23.816835,0.0],[120.873347,23.817063,0.0],[120.873549,23.81747,0.0],[120.87298,23.817826,0.0],[120.872686,23.818514,0.0],[120.873201,23.818425,0.0],[120.87421,23.817894,0.0],[120.874733,23.817251,0.0],[120.874649,23.817512,0.0],[120.874934,23.817754,0.0],[120.875046,23.817637,0.0],[120.87492,23.817525,0.0],[120.874835,23.817266,0.0],[120.874801,23.81678,0.0],[120.874866,23.816553,0.0],[120.875079,23.816469,0.0],[120.87564,23.816714,0.0],[120.876052,23.817011,0.0],[120.87688,23.817135,0.0],[120.877728,23.817689,0.0],[120.878144,23.817767,0.0],[120.87847,23.817753,0.0],[120.879072,23.817586,0.0],[120.879434,23.81757,0.0],[120.87964,23.81764,0.0],[120.878955,23.818119,0.0],[120.878894,23.818237,0.0],[120.878481,23.818345,0.0],[120.87904,23.819194,0.0],[120.879182,23.819159,0.0],[120.879271,23.818917,0.0],[120.879508,23.818742,0.0],[120.879713,23.818806,0.0],[120.880107,23.81848,0.0],[120.88016,23.818191,0.0],[120.880378,23.817914,0.0],[120.880383,23.81805,0.0],[120.880685,23.818131,0.0],[120.880459,23.818258,0.0],[120.88034,23.819015,0.0],[120.88008,23.819343,0.0],[120.879715,23.819526,0.0],[120.879576,23.819814,0.0],[120.879725,23.820003,0.0],[120.879856,23.819952,0.0],[120.879994,23.820105,0.0],[120.880361,23.819779,0.0],[120.880479,23.819993,0.0],[120.880392,23.820178,0.0],[120.880366,23.82056,0.0],[120.880265,23.820645,0.0],[120.879536,23.82083,0.0],[120.879311,23.821301,0.0],[120.87889,23.82161,0.0],[120.878473,23.822335,0.0],[120.879013,23.823149,0.0],[120.879269,23.82454,0.0],[120.879779,23.8249,0.0],[120.880451,23.825805,0.0],[120.880759,23.826809,0.0],[120.880821,23.8273,0.0],[120.881185,23.827575,0.0],[120.881295,23.82815,0.0],[120.881178,23.828377,0.0],[120.881435,23.828614,0.0],[120.881502,23.828799,0.0],[120.881103,23.829116,0.0],[120.880974,23.829587,0.0],[120.88072,23.830066,0.0],[120.880059,23.830778,0.0],[120.880043,23.830985,0.0],[120.880151,23.831104,0.0],[120.880019,23.831598,0.0],[120.879738,23.832053,0.0],[120.879137,23.832574,0.0],[120.879021,23.832853,0.0],[120.878327,23.833491,0.0],[120.877908,23.833426,0.0],[120.877309,23.834118,0.0],[120.876268,23.834543,0.0],[120.876167,23.834454,0.0],[120.876083,23.834542,0.0],[120.8761,23.834689,0.0],[120.875788,23.835302,0.0],[120.877052,23.83609,0.0],[120.878159,23.836622,0.0],[120.879048,23.836592,0.0],[120.881211,23.837621,0.0],[120.881739,23.836935,0.0],[120.88245,23.836488,0.0],[120.882636,23.836384,0.0],[120.882885,23.836396,0.0],[120.883629,23.836152,0.0],[120.884518,23.836353,0.0],[120.886534,23.836605,0.0],[120.886593,23.836522,0.0],[120.887684,23.836753,0.0],[120.888504,23.836794,0.0],[120.888898,23.837013,0.0],[120.889543,23.8377,0.0],[120.889702,23.838012,0.0],[120.889674,23.838125,0.0],[120.890222,23.838052,0.0],[120.89062,23.838158,0.0],[120.891666,23.838091,0.0],[120.892246,23.838514,0.0],[120.892372,23.838451,0.0],[120.893274,23.838868,0.0],[120.893346,23.839025,0.0],[120.893232,23.839112,0.0],[120.893382,23.839328,0.0],[120.893308,23.839522,0.0],[120.893078,23.839737,0.0],[120.893254,23.840002,0.0],[120.893457,23.840061,0.0],[120.894264,23.840785,0.0],[120.894751,23.840646,0.0],[120.895094,23.840733,0.0],[120.895241,23.840691,0.0],[120.895501,23.841039,0.0],[120.895456,23.841201,0.0],[120.895788,23.841137,0.0],[120.896137,23.840966,0.0],[120.896983,23.841194,0.0],[120.897169,23.841475,0.0],[120.897378,23.841577,0.0],[120.897487,23.841769,0.0],[120.89768,23.841848,0.0],[120.898427,23.842038,0.0],[120.898924,23.842023,0.0],[120.899968,23.842183,0.0],[120.900459,23.842479,0.0],[120.901096,23.842574,0.0],[120.901594,23.842976,0.0],[120.902111,23.843234,0.0],[120.902301,23.843206,0.0],[120.902334,23.843064,0.0],[120.902583,23.84296,0.0],[120.902961,23.842521,0.0],[120.903705,23.842106,0.0],[120.903743,23.841801,0.0],[120.903871,23.841571,0.0],[120.904515,23.841196,0.0],[120.904802,23.84136,0.0],[120.904808,23.842323,0.0],[120.904975,23.842714,0.0],[120.906546,23.845194,0.0],[120.906912,23.84529,0.0],[120.907102,23.845549,0.0],[120.906743,23.846024,0.0],[120.906661,23.846247,0.0],[120.906329,23.846535,0.0],[120.906273,23.846703,0.0],[120.906329,23.847269,0.0],[120.906151,23.847506,0.0],[120.906048,23.847492,0.0],[120.90599,23.847374,0.0],[120.906099,23.847346,0.0],[120.905978,23.84729,0.0],[120.905574,23.84727,0.0],[120.905217,23.847142,0.0],[120.904974,23.847158,0.0],[120.90463,23.846986,0.0],[120.90394,23.847141,0.0],[120.903926,23.846977,0.0],[120.903835,23.846902,0.0],[120.903637,23.846898,0.0],[120.903495,23.847069,0.0],[120.903635,23.847371,0.0],[120.903358,23.847939,0.0],[120.903107,23.848185,0.0],[120.903099,23.848365,0.0],[120.902644,23.848321,0.0],[120.902092,23.849054,0.0],[120.902223,23.849242,0.0],[120.902026,23.849414,0.0],[120.901664,23.849668,0.0],[120.901211,23.849178,0.0],[120.900748,23.848982,0.0],[120.900653,23.849154,0.0],[120.901016,23.849987,0.0],[120.900818,23.850036,0.0],[120.900071,23.849916,0.0],[120.900069,23.85009,0.0],[120.900286,23.850247,0.0],[120.900538,23.850819,0.0],[120.900937,23.851,0.0],[120.901038,23.851132,0.0],[120.901061,23.851264,0.0],[120.900851,23.851502,0.0],[120.900834,23.851684,0.0],[120.900982,23.851849,0.0],[120.901329,23.852012,0.0],[120.901654,23.852365,0.0],[120.901989,23.852553,0.0],[120.902118,23.852962,0.0],[120.90204,23.853003,0.0],[120.902119,23.853119,0.0],[120.90207,23.85315,0.0],[120.901686,23.852971,0.0],[120.901638,23.853085,0.0],[120.901704,23.853401,0.0],[120.901979,23.853602,0.0],[120.901264,23.853753,0.0],[120.90123,23.853887,0.0],[120.900749,23.854104,0.0],[120.900665,23.854234,0.0],[120.901416,23.854012,0.0],[120.901984,23.85393,0.0],[120.901998,23.853998,0.0],[120.902185,23.853977,0.0],[120.902302,23.85405,0.0],[120.902316,23.854167,0.0],[120.902078,23.854368,0.0],[120.902091,23.85447,0.0],[120.901995,23.854505,0.0],[120.901804,23.854846,0.0],[120.901851,23.855073,0.0],[120.90207,23.855018,0.0],[120.902235,23.854805,0.0],[120.902422,23.854717,0.0],[120.902827,23.854646,0.0],[120.9032,23.855028,0.0],[120.903232,23.855181,0.0],[120.90308,23.85541,0.0],[120.902545,23.855673,0.0],[120.902606,23.85582,0.0],[120.902912,23.855894,0.0],[120.90248,23.855992,0.0],[120.902428,23.85592,0.0],[120.902348,23.855935,0.0],[120.902484,23.856708,0.0],[120.902408,23.85681,0.0],[120.902243,23.856869,0.0],[120.902174,23.856794,0.0],[120.902052,23.856928,0.0],[120.901611,23.856957,0.0],[120.901249,23.85754,0.0],[120.900656,23.857751,0.0],[120.900612,23.858156,0.0],[120.90044,23.858539,0.0],[120.900706,23.858754,0.0],[120.901026,23.858776,0.0],[120.901098,23.858904,0.0],[120.901063,23.859086,0.0],[120.90077,23.859374,0.0],[120.900333,23.859632,0.0]],[[120.901432,23.847892,0.0],[120.900967,23.84783,0.0],[120.901415,23.847902,0.0],[120.901535,23.847867,0.0],[120.901605,23.847838,0.0],[120.901677,23.847797,0.0],[120.901432,23.847892,0.0]],[[120.90039,23.848143,0.0],[120.900567,23.84807,0.0],[120.900775,23.847966,0.0],[120.900855,23.847919,0.0],[120.90039,23.848143,0.0]],[[120.900241,23.84823,0.0],[120.900274,23.848214,0.0],[120.900241,23.848228,0.0],[120.900241,23.84823,0.0]],[[120.899793,23.848545,0.0],[120.899937,23.848475,0.0],[120.899857,23.848509,0.0],[120.899793,23.848545,0.0]],[[120.898877,23.848914,0.0],[120.898539,23.849044,0.0],[120.898859,23.848924,0.0],[120.899247,23.848834,0.0],[120.899481,23.848763,0.0],[120.899572,23.848721,0.0],[120.898877,23.848914,0.0]],[[120.898278,23.853784,0.0],[120.898015,23.853902,0.0],[120.89826,23.853794,0.0],[120.898336,23.853777,0.0],[120.898876,23.853592,0.0],[120.898939,23.853563,0.0],[120.898278,23.853784,0.0]],[[120.897883,23.853973,0.0],[120.897944,23.853945,0.0],[120.897896,23.853965,0.0],[120.897883,23.853973,0.0]],[[120.897088,23.857082,0.0],[120.897081,23.857088,0.0],[120.897223,23.857027,0.0],[120.897282,23.856996,0.0],[120.897088,23.857082,0.0]],[[120.891041,23.856936,0.0],[120.891071,23.857037,0.0],[120.891452,23.857268,0.0],[120.891979,23.857756,0.0],[120.892036,23.858398,0.0],[120.892958,23.85891,0.0],[120.893625,23.859742,0.0],[120.894349,23.859009,0.0],[120.894948,23.858868,0.0],[120.895664,23.858895,0.0],[120.895978,23.858757,0.0],[120.89608,23.858619,0.0],[120.895081,23.857598,0.0],[120.894818,23.857619,0.0],[120.894516,23.857845,0.0],[120.894078,23.857953,0.0],[120.89292,23.856651,0.0],[120.892537,23.855241,0.0],[120.892653,23.855003,0.0],[120.891849,23.853327,0.0],[120.890469,23.851458,0.0],[120.889729,23.84976,0.0],[120.889897,23.848983,0.0],[120.889827,23.848627,0.0],[120.889944,23.84811,0.0],[120.88955,23.847896,0.0],[120.889206,23.847251,0.0],[120.888415,23.847133,0.0],[120.887202,23.846013,0.0],[120.886699,23.845828,0.0],[120.88613,23.845272,0.0],[120.885884,23.845361,0.0],[120.885908,23.846944,0.0],[120.886578,23.847766,0.0],[120.887051,23.849896,0.0],[120.887894,23.850577,0.0],[120.88806,23.851047,0.0],[120.88857,23.851343,0.0],[120.88892,23.851646,0.0],[120.888811,23.852121,0.0],[120.888447,23.852898,0.0],[120.888894,23.853781,0.0],[120.888913,23.854086,0.0],[120.888806,23.854492,0.0],[120.889087,23.854966,0.0],[120.889128,23.855284,0.0],[120.889499,23.855824,0.0],[120.889752,23.855946,0.0],[120.889924,23.855941,0.0],[120.890125,23.856077,0.0],[120.890895,23.856934,0.0],[120.891041,23.856936,0.0]],[[120.904119,23.843551,0.0],[120.904003,23.843224,0.0],[120.903875,23.8432,0.0],[120.903922,23.843632,0.0],[120.904119,23.843551,0.0]],[[120.901838,23.855069,0.0],[120.901644,23.854944,0.0],[120.901473,23.855139,0.0],[120.901619,23.855272,0.0],[120.901832,23.855155,0.0],[120.901838,23.855069,0.0]],[[120.884462,23.860104,0.0],[120.884537,23.859854,0.0],[120.884376,23.859834,0.0],[120.884022,23.860172,0.0],[120.883894,23.860179,0.0],[120.8834,23.859885,0.0],[120.883684,23.859545,0.0],[120.883649,23.859316,0.0],[120.883484,23.859539,0.0],[120.883314,23.858794,0.0],[120.882936,23.858465,0.0],[120.882668,23.857813,0.0],[120.882303,23.85721,0.0],[120.882831,23.858496,0.0],[120.883215,23.858835,0.0],[120.883379,23.859568,0.0],[120.883231,23.859902,0.0],[120.882909,23.8602,0.0],[120.882676,23.861108,0.0],[120.883408,23.862391,0.0],[120.88358,23.862609,0.0],[120.883775,23.862702,0.0],[120.883703,23.863236,0.0],[120.883527,23.863442,0.0],[120.883646,23.863326,0.0],[120.883719,23.863224,0.0],[120.883763,23.863002,0.0],[120.883774,23.862721,0.0],[120.884323,23.862825,0.0],[120.884481,23.862792,0.0],[120.884472,23.862474,0.0],[120.884282,23.862355,0.0],[120.884297,23.862201,0.0],[120.884595,23.862182,0.0],[120.884642,23.862092,0.0],[120.884578,23.862025,0.0],[120.884469,23.862101,0.0],[120.884383,23.861983,0.0],[120.884302,23.86159,0.0],[120.884392,23.861644,0.0],[120.884558,23.861339,0.0],[120.884544,23.860992,0.0],[120.884612,23.860685,0.0],[120.884726,23.86056,0.0],[120.88434,23.860429,0.0],[120.884608,23.860002,0.0],[120.884462,23.860104,0.0]],[[120.883274,23.863754,0.0],[120.883527,23.863442,0.0],[120.883169,23.86386,0.0],[120.883274,23.863754,0.0]],[[120.874527,23.847496,0.0],[120.874444,23.847588,0.0],[120.874378,23.847687,0.0],[120.874527,23.847496,0.0]],[[120.871989,23.826431,0.0],[120.871466,23.825847,0.0],[120.870891,23.824981,0.0],[120.869731,23.824569,0.0],[120.8693,23.824059,0.0],[120.86885,23.8239,0.0],[120.868705,23.823733,0.0],[120.868456,23.823565,0.0],[120.86813,23.823092,0.0],[120.867798,23.822685,0.0],[120.867689,23.822624,0.0],[120.867535,23.822371,0.0],[120.867692,23.822666,0.0],[120.868462,23.823606,0.0],[120.868856,23.82394,0.0],[120.869307,23.824098,0.0],[120.869738,23.824608,0.0],[120.870899,23.825018,0.0],[120.871476,23.825883,0.0],[120.871989,23.826431,0.0]],[[120.869535,23.817535,0.0],[120.869491,23.816275,0.0],[120.869528,23.817574,0.0],[120.869645,23.818092,0.0],[120.869535,23.817535,0.0]],[[120.875469,23.833665,0.0],[120.875148,23.833741,0.0],[120.874949,23.833712,0.0],[120.875174,23.83377,0.0],[120.875495,23.833693,0.0],[120.87605,23.834198,0.0],[120.875469,23.833665,0.0]],[[120.873684,23.831512,0.0],[120.87369,23.831529,0.0],[120.873882,23.83169,0.0],[120.873684,23.831512,0.0]],[[120.873534,23.831179,0.0],[120.873547,23.8312,0.0],[120.873588,23.831248,0.0],[120.873534,23.831179,0.0]],[[120.872353,23.828321,0.0],[120.872351,23.82834,0.0],[120.873017,23.828883,0.0],[120.872353,23.828321,0.0]],[[120.872334,23.827389,0.0],[120.872083,23.826964,0.0],[120.872087,23.826984,0.0],[120.872395,23.827516,0.0],[120.872334,23.827389,0.0]],[[120.87852,23.825063,0.0],[120.878934,23.825147,0.0],[120.878998,23.825106,0.0],[120.879146,23.824923,0.0],[120.87877,23.824591,0.0],[120.878502,23.824727,0.0],[120.87852,23.825063,0.0]],[[120.878088,23.833034,0.0],[120.878213,23.832929,0.0],[120.878103,23.832816,0.0],[120.877978,23.832923,0.0],[120.878088,23.833034,0.0]],[[120.8775,23.822994,0.0],[120.877427,23.822852,0.0],[120.877141,23.822822,0.0],[120.876909,23.822952,0.0],[120.876605,23.82288,0.0],[120.876135,23.823161,0.0],[120.875706,23.823194,0.0],[120.875613,23.823536,0.0],[120.875839,23.824077,0.0],[120.875956,23.824218,0.0],[120.876134,23.82407,0.0],[120.876495,23.824248,0.0],[120.876945,23.82433,0.0],[120.877123,23.824436,0.0],[120.87719,23.824319,0.0],[120.877096,23.824112,0.0],[120.877257,23.824015,0.0],[120.877756,23.823369,0.0],[120.877662,23.823071,0.0],[120.8775,23.822994,0.0]],[[120.876482,23.820487,0.0],[120.876698,23.82038,0.0],[120.876696,23.819845,0.0],[120.876429,23.819663,0.0],[120.876261,23.819671,0.0],[120.876063,23.819573,0.0],[120.875888,23.819742,0.0],[120.875627,23.819683,0.0],[120.875457,23.819833,0.0],[120.87504,23.820006,0.0],[120.874947,23.819913,0.0],[120.874061,23.82063,0.0],[120.873897,23.821076,0.0],[120.874377,23.821298,0.0],[120.87446,23.821235,0.0],[120.874454,23.820918,0.0],[120.874549,23.82084,0.0],[120.875039,23.820846,0.0],[120.875487,23.820527,0.0],[120.875725,23.820497,0.0],[120.876044,23.820332,0.0],[120.876482,23.820487,0.0]],[[120.875458,23.817359,0.0],[120.876266,23.817431,0.0],[120.876328,23.81732,0.0],[120.87525,23.817282,0.0],[120.875309,23.817423,0.0],[120.875458,23.817359,0.0]],[[120.875122,23.841983,0.0],[120.875194,23.842073,0.0],[120.875398,23.841981,0.0],[120.875527,23.841791,0.0],[120.875398,23.841692,0.0],[120.875122,23.841983,0.0]],[[120.87479,23.828418,0.0],[120.874966,23.828271,0.0],[120.874889,23.828136,0.0],[120.874737,23.828156,0.0],[120.874413,23.827982,0.0],[120.874223,23.828195,0.0],[120.87479,23.828418,0.0]],[[120.874358,23.818573,0.0],[120.874263,23.818849,0.0],[120.874085,23.818971,0.0],[120.874184,23.819333,0.0],[120.874445,23.819013,0.0],[120.874626,23.818912,0.0],[120.874638,23.818706,0.0],[120.87489,23.818286,0.0],[120.87482,23.817799,0.0],[120.874718,23.817786,0.0],[120.874466,23.818482,0.0],[120.874358,23.818573,0.0]],[[120.867062,23.827419,0.0],[120.867096,23.827297,0.0],[120.867416,23.827286,0.0],[120.867419,23.827119,0.0],[120.866712,23.827138,0.0],[120.866717,23.827368,0.0],[120.866895,23.827501,0.0],[120.867062,23.827419,0.0]],[[120.863214,23.816324,0.0],[120.863341,23.816135,0.0],[120.863491,23.816089,0.0],[120.863482,23.816026,0.0],[120.863358,23.816047,0.0],[120.863263,23.815806,0.0],[120.863046,23.815619,0.0],[120.863269,23.81585,0.0],[120.863327,23.816045,0.0],[120.863127,23.816039,0.0],[120.862729,23.816303,0.0],[120.862681,23.81653,0.0],[120.862779,23.816594,0.0],[120.863214,23.816324,0.0]],[[120.862883,23.815757,0.0],[120.862825,23.815712,0.0],[120.862805,23.815759,0.0],[120.862849,23.815806,0.0],[120.862883,23.815757,0.0]],[[120.861692,23.814686,0.0],[120.861767,23.814654,0.0],[120.861732,23.814585,0.0],[120.861657,23.814617,0.0],[120.861692,23.814686,0.0]],[[120.860929,23.814539,0.0],[120.861014,23.81437,0.0],[120.860804,23.814236,0.0],[120.860832,23.814493,0.0],[120.860929,23.814539,0.0]],[[120.859835,23.823222,0.0],[120.85993,23.823187,0.0],[120.859798,23.82304,0.0],[120.859703,23.823073,0.0],[120.859835,23.823222,0.0]],[[120.858599,23.821935,0.0],[120.858716,23.821844,0.0],[120.858397,23.821493,0.0],[120.858285,23.821601,0.0],[120.858599,23.821935,0.0]],[[120.858448,23.821284,0.0],[120.858513,23.821247,0.0],[120.858468,23.821177,0.0],[120.858397,23.821214,0.0],[120.858448,23.821284,0.0]],[[120.882088,23.865861,0.0],[120.882116,23.865828,0.0],[120.882613,23.865073,0.0],[120.882704,23.864852,0.0],[120.882853,23.864051,0.0],[120.882598,23.865085,0.0],[120.881995,23.865939,0.0],[120.882088,23.865861,0.0]],[[120.898128,23.862167,0.0],[120.898205,23.862106,0.0],[120.898133,23.861955,0.0],[120.89784,23.861832,0.0],[120.897681,23.861872,0.0],[120.897733,23.862093,0.0],[120.897608,23.862131,0.0],[120.897641,23.862266,0.0],[120.897575,23.862285,0.0],[120.897663,23.862698,0.0],[120.897913,23.8627,0.0],[120.897963,23.862955,0.0],[120.897899,23.863119,0.0],[120.897956,23.864176,0.0],[120.897889,23.864203,0.0],[120.897904,23.864284,0.0],[120.89808,23.864273,0.0],[120.89818,23.864017,0.0],[120.898183,23.863135,0.0],[120.898276,23.862897,0.0],[120.89819,23.862829,0.0],[120.898164,23.862591,0.0],[120.898195,23.862208,0.0],[120.898128,23.862167,0.0]],[[120.884233,23.858702,0.0],[120.884284,23.858644,0.0],[120.88421,23.858597,0.0],[120.884163,23.858654,0.0],[120.884233,23.858702,0.0]],[[120.882325,23.856636,0.0],[120.88239,23.856592,0.0],[120.882346,23.856538,0.0],[120.882277,23.856583,0.0],[120.882325,23.856636,0.0]],[[120.890607,23.861763,0.0],[120.890573,23.861822,0.0],[120.890633,23.861845,0.0],[120.890668,23.861786,0.0],[120.890607,23.861763,0.0]],[[120.887306,23.86021,0.0],[120.88734,23.860154,0.0],[120.887284,23.860128,0.0],[120.887246,23.860181,0.0],[120.887306,23.86021,0.0]],[[120.907996,23.869809,0.0],[120.907943,23.869785,0.0],[120.90797,23.869857,0.0],[120.907996,23.869809,0.0]],[[120.909417,23.870451,0.0],[120.909364,23.870428,0.0],[120.909392,23.8705,0.0],[120.909417,23.870451,0.0]],[[120.891572,23.862136,0.0],[120.891623,23.862154,0.0],[120.891591,23.862089,0.0],[120.891572,23.862136,0.0]],[[120.895383,23.862833,0.0],[120.89542,23.862844,0.0],[120.895397,23.862799,0.0],[120.895383,23.862833,0.0]],[[120.879141,23.886428,0.0],[120.878966,23.886195,0.0],[120.878954,23.886278,0.0],[120.878741,23.88634,0.0],[120.878721,23.886496,0.0],[120.878418,23.886662,0.0],[120.878515,23.886911,0.0],[120.8786,23.886975,0.0],[120.878729,23.886934,0.0],[120.878869,23.88706,0.0],[120.879115,23.887119,0.0],[120.879055,23.887209,0.0],[120.879111,23.887311,0.0],[120.879554,23.887205,0.0],[120.879505,23.887123,0.0],[120.879638,23.887115,0.0],[120.879657,23.88691,0.0],[120.879575,23.886783,0.0],[120.879392,23.886729,0.0],[120.879354,23.886397,0.0],[120.879141,23.886428,0.0]],[[120.876581,23.87569,0.0],[120.876205,23.876053,0.0],[120.876518,23.876308,0.0],[120.876705,23.876132,0.0],[120.877018,23.876668,0.0],[120.877113,23.876636,0.0],[120.877095,23.876494,0.0],[120.876581,23.87569,0.0]],[[120.87876,23.886066,0.0],[120.878857,23.886122,0.0],[120.879067,23.885804,0.0],[120.878881,23.885695,0.0],[120.878838,23.885535,0.0],[120.878559,23.885405,0.0],[120.878529,23.88547,0.0],[120.878642,23.885522,0.0],[120.878659,23.885691,0.0],[120.878458,23.886281,0.0],[120.878557,23.88636,0.0],[120.87876,23.886066,0.0]],[[120.880954,23.867996,0.0],[120.880562,23.868597,0.0],[120.880723,23.868603,0.0],[120.880841,23.868807,0.0],[120.881216,23.868181,0.0],[120.880954,23.867996,0.0]],[[120.872753,23.860017,0.0],[120.872675,23.860085,0.0],[120.872985,23.860358,0.0],[120.873009,23.860518,0.0],[120.873097,23.860527,0.0],[120.873128,23.860367,0.0],[120.873275,23.860388,0.0],[120.873312,23.860225,0.0],[120.873171,23.860202,0.0],[120.873159,23.86008,0.0],[120.872753,23.860017,0.0]],[[120.87542,23.87288,0.0],[120.87556,23.873001,0.0],[120.875714,23.872892,0.0],[120.875534,23.872785,0.0],[120.87542,23.87288,0.0]],[[120.875521,23.874097,0.0],[120.875704,23.874019,0.0],[120.875598,23.87387,0.0],[120.875418,23.873958,0.0],[120.875521,23.874097,0.0]]],[[[120.949693,23.853955,0.0],[120.949367,23.85518,0.0],[120.949528,23.855986,0.0],[120.949515,23.856316,0.0],[120.949456,23.855951,0.0],[120.949275,23.855144,0.0],[120.94928,23.854636,0.0],[120.949238,23.853646,0.0],[120.949222,23.85353,0.0],[120.94921,23.853469,0.0],[120.949167,23.853331,0.0],[120.949153,23.853158,0.0],[120.949468,23.853523,0.0],[120.949693,23.853955,0.0]]],[[[120.901098,23.858688,0.0],[120.900668,23.858595,0.0],[120.900593,23.858405,0.0],[120.90077,23.858242,0.0],[120.900783,23.858423,0.0],[120.901237,23.858342,0.0],[120.901199,23.858643,0.0],[120.901333,23.858686,0.0],[120.901503,23.858915,0.0],[120.901436,23.859174,0.0],[120.901077,23.859382,0.0],[120.901013,23.859546,0.0],[120.901249,23.859836,0.0],[120.901468,23.859947,0.0],[120.901365,23.860167,0.0],[120.901123,23.860295,0.0],[120.900923,23.860253,0.0],[120.900469,23.859956,0.0],[120.900404,23.859777,0.0],[120.900651,23.859518,0.0],[120.900746,23.85952,0.0],[120.900979,23.859333,0.0],[120.901249,23.859019,0.0],[120.901271,23.858831,0.0],[120.901098,23.858688,0.0]]],[[[120.907762,23.863411,0.0],[120.908173,23.863379,0.0],[120.908336,23.863648,0.0],[120.908343,23.864096,0.0],[120.908471,23.864226,0.0],[120.908843,23.864233,0.0],[120.90922,23.864423,0.0],[120.910089,23.86401,0.0],[120.910168,23.864181,0.0],[120.9095,23.864643,0.0],[120.909005,23.864836,0.0],[120.908582,23.864584,0.0],[120.90818,23.864693,0.0],[120.908076,23.864962,0.0],[120.907586,23.864763,0.0],[120.907531,23.864417,0.0],[120.907674,23.864215,0.0],[120.907865,23.864107,0.0],[120.907641,23.863912,0.0],[120.907352,23.864338,0.0],[120.907048,23.864492,0.0],[120.906729,23.864493,0.0],[120.90629,23.86433,0.0],[120.906198,23.864196,0.0],[120.906135,23.86387,0.0],[120.906246,23.863578,0.0],[120.906231,23.862912,0.0],[120.906365,23.862078,0.0],[120.906808,23.861831,0.0],[120.907043,23.861765,0.0],[120.907473,23.861886,0.0],[120.907631,23.862012,0.0],[120.907771,23.861961,0.0],[120.907993,23.862004,0.0],[120.908208,23.862069,0.0],[120.908279,23.862195,0.0],[120.908641,23.862303,0.0],[120.908628,23.862355,0.0],[120.908947,23.862409,0.0],[120.909607,23.862713,0.0],[120.909788,23.862666,0.0],[120.909975,23.862718,0.0],[120.910374,23.862984,0.0],[120.91066,23.863321,0.0],[120.910319,23.863493,0.0],[120.910326,23.863306,0.0],[120.909963,23.863371,0.0],[120.909961,23.863309,0.0],[120.909744,23.863326,0.0],[120.90946,23.863414,0.0],[120.909391,23.86333,0.0],[120.909382,23.863146,0.0],[120.909491,23.862995,0.0],[120.90943,23.862878,0.0],[120.909103,23.862772,0.0],[120.908777,23.862861,0.0],[120.908504,23.862842,0.0],[120.90785,23.862454,0.0],[120.907479,23.862351,0.0],[120.907205,23.862488,0.0],[120.907091,23.862773,0.0],[120.906791,23.863065,0.0],[120.906644,23.863395,0.0],[120.906692,23.863694,0.0],[120.906428,23.863868,0.0],[120.90637,23.864025,0.0],[120.906904,23.864341,0.0],[120.907052,23.864313,0.0],[120.907021,23.864208,0.0],[120.906956,23.864211,0.0],[120.907161,23.86394,0.0],[120.907126,23.863854,0.0],[120.907355,23.863587,0.0],[120.907762,23.863411,0.0]],[[120.906602,23.862673,0.0],[120.906728,23.862679,0.0],[120.906746,23.862077,0.0],[120.906671,23.862058,0.0],[120.906602,23.862673,0.0]]],[[[120.908747,23.863762,0.0],[120.909286,23.863812,0.0],[120.909493,23.863777,0.0],[120.909885,23.863467,0.0],[120.90997,23.863484,0.0],[120.909984,23.863589,0.0],[120.90977,23.863754,0.0],[120.9091,23.864047,0.0],[120.909097,23.864194,0.0],[120.90928,23.864264,0.0],[120.910034,23.863917,0.0],[120.909724,23.864146,0.0],[120.909174,23.864358,0.0],[120.908838,23.864161,0.0],[120.908457,23.864119,0.0],[120.908368,23.863417,0.0],[120.908521,23.863393,0.0],[120.908747,23.863762,0.0]]],[[[120.914673,23.865279,0.0],[120.914044,23.8651,0.0],[120.912793,23.865368,0.0],[120.912776,23.865256,0.0],[120.912663,23.865266,0.0],[120.912671,23.865196,0.0],[120.913055,23.865205,0.0],[120.914066,23.864928,0.0],[120.914753,23.865137,0.0],[120.915211,23.865811,0.0],[120.915197,23.866026,0.0],[120.914987,23.866384,0.0],[120.914772,23.866409,0.0],[120.914822,23.865717,0.0],[120.914908,23.865833,0.0],[120.914811,23.866149,0.0],[120.914943,23.866198,0.0],[120.915085,23.865826,0.0],[120.914972,23.865714,0.0],[120.914998,23.865528,0.0],[120.914817,23.865557,0.0],[120.914673,23.865279,0.0]]],[[[120.908007,23.865636,0.0],[120.909956,23.866241,0.0],[120.910596,23.866346,0.0],[120.9105,23.866613,0.0],[120.910109,23.867053,0.0],[120.909133,23.867479,0.0],[120.908498,23.867547,0.0],[120.907973,23.867354,0.0],[120.908026,23.866472,0.0],[120.907593,23.865968,0.0],[120.908007,23.865636,0.0]]],[[[120.915255,23.866938,0.0],[120.915158,23.867008,0.0],[120.914928,23.866737,0.0],[120.915122,23.866676,0.0],[120.915255,23.866938,0.0]]],[[[120.916277,23.868007,0.0],[120.916207,23.867741,0.0],[120.915902,23.86739,0.0],[120.91619,23.86762,0.0],[120.916277,23.868007,0.0]]],[[[120.91626,23.86865,0.0],[120.915957,23.868014,0.0],[120.915244,23.867136,0.0],[120.915503,23.867231,0.0],[120.915728,23.86742,0.0],[120.915681,23.867468,0.0],[120.915962,23.867845,0.0],[120.916332,23.868567,0.0],[120.916459,23.868606,0.0],[120.916474,23.86868,0.0],[120.91662,23.868669,0.0],[120.916662,23.868857,0.0],[120.91658,23.869483,0.0],[120.916683,23.870223,0.0],[120.916638,23.870561,0.0],[120.916731,23.870754,0.0],[120.916747,23.871053,0.0],[120.916695,23.871224,0.0],[120.916363,23.871551,0.0],[120.916327,23.871323,0.0],[120.916546,23.870896,0.0],[120.916565,23.870639,0.0],[120.91626,23.86865,0.0]],[[120.916404,23.869283,0.0],[120.916423,23.86942,0.0],[120.916506,23.869409,0.0],[120.916404,23.869283,0.0]]],[[[120.917035,23.872224,0.0],[120.917277,23.872185,0.0],[120.917478,23.871898,0.0],[120.917633,23.871875,0.0],[120.918322,23.872279,0.0],[120.918302,23.872618,0.0],[120.917724,23.87274,0.0],[120.916809,23.872702,0.0],[120.91644,23.873267,0.0],[120.916305,23.873229,0.0],[120.916304,23.87332,0.0],[120.916405,23.87332,0.0],[120.915541,23.875293,0.0],[120.914798,23.87562,0.0],[120.914353,23.875608,0.0],[120.914356,23.87573,0.0],[120.914277,23.875747,0.0],[120.914268,23.875648,0.0],[120.913496,23.875356,0.0],[120.913321,23.874824,0.0],[120.913079,23.874933,0.0],[120.912865,23.875537,0.0],[120.912375,23.875435,0.0],[120.912117,23.874586,0.0],[120.911749,23.87392,0.0],[120.911695,23.873453,0.0],[120.911894,23.873506,0.0],[120.912116,23.873072,0.0],[120.911996,23.872925,0.0],[120.912029,23.872867,0.0],[120.91209,23.87295,0.0],[120.912319,23.872894,0.0],[120.912594,23.872487,0.0],[120.911727,23.872227,0.0],[120.910891,23.871434,0.0],[120.910741,23.87116,0.0],[120.910789,23.870937,0.0],[120.910653,23.870388,0.0],[120.910422,23.869871,0.0],[120.90991,23.869199,0.0],[120.90995,23.869156,0.0],[120.909729,23.868763,0.0],[120.909487,23.868612,0.0],[120.909395,23.868413,0.0],[120.909503,23.868288,0.0],[120.909945,23.868284,0.0],[120.910194,23.868356,0.0],[120.910182,23.868623,0.0],[120.910875,23.869093,0.0],[120.911736,23.868095,0.0],[120.91197,23.868208,0.0],[120.912122,23.867867,0.0],[120.912322,23.867828,0.0],[120.91245,23.86768,0.0],[120.912302,23.867279,0.0],[120.912035,23.867177,0.0],[120.911774,23.866782,0.0],[120.912118,23.866586,0.0],[120.912346,23.865645,0.0],[120.912246,23.865548,0.0],[120.912316,23.865508,0.0],[120.913085,23.865428,0.0],[120.914047,23.865195,0.0],[120.914644,23.865413,0.0],[120.91472,23.865602,0.0],[120.914641,23.866296,0.0],[120.914685,23.866512,0.0],[120.914997,23.867002,0.0],[120.915652,23.867745,0.0],[120.916146,23.868616,0.0],[120.916472,23.870721,0.0],[120.916209,23.871358,0.0],[120.916323,23.871844,0.0],[120.916474,23.871983,0.0],[120.91677,23.872026,0.0],[120.917035,23.872224,0.0]],[[120.913335,23.86695,0.0],[120.913684,23.866367,0.0],[120.913331,23.866198,0.0],[120.912964,23.866761,0.0],[120.913335,23.86695,0.0]],[[120.914234,23.873253,0.0],[120.914461,23.873519,0.0],[120.914764,23.873285,0.0],[120.914559,23.873085,0.0],[120.914327,23.872955,0.0],[120.914251,23.872823,0.0],[120.914073,23.872986,0.0],[120.913914,23.872897,0.0],[120.913837,23.872951,0.0],[120.913828,23.87301,0.0],[120.914234,23.873253,0.0]],[[120.914275,23.87272,0.0],[120.914432,23.872803,0.0],[120.914845,23.872129,0.0],[120.913958,23.872692,0.0],[120.913873,23.872804,0.0],[120.914049,23.872867,0.0],[120.914275,23.87272,0.0]],[[120.913231,23.872141,0.0],[120.913279,23.87216,0.0],[120.913251,23.872096,0.0],[120.913231,23.872141,0.0]],[[120.912119,23.871676,0.0],[120.912071,23.871656,0.0],[120.912097,23.87172,0.0],[120.912119,23.871676,0.0]]],[[[120.922757,23.869781,0.0],[120.922855,23.869701,0.0],[120.923106,23.87014,0.0],[120.923217,23.870164,0.0],[120.923256,23.870382,0.0],[120.923078,23.870589,0.0],[120.922732,23.870644,0.0],[120.92261,23.870857,0.0],[120.923059,23.871581,0.0],[120.923054,23.871979,0.0],[120.923271,23.872376,0.0],[120.923163,23.872527,0.0],[120.9227,23.872568,0.0],[120.922261,23.87234,0.0],[120.921371,23.872311,0.0],[120.921245,23.872188,0.0],[120.921105,23.871794,0.0],[120.921214,23.871427,0.0],[120.921017,23.871375,0.0],[120.920527,23.872036,0.0],[120.920252,23.872131,0.0],[120.918989,23.872124,0.0],[120.918416,23.872209,0.0],[120.917619,23.87177,0.0],[120.916706,23.871903,0.0],[120.916431,23.871759,0.0],[120.916719,23.871809,0.0],[120.91701,23.871732,0.0],[120.917068,23.871655,0.0],[120.917094,23.871747,0.0],[120.917354,23.871735,0.0],[120.91756,23.871612,0.0],[120.917775,23.871678,0.0],[120.91798,23.87192,0.0],[120.918202,23.871955,0.0],[120.918308,23.872058,0.0],[120.918494,23.872007,0.0],[120.918575,23.872066,0.0],[120.918662,23.871985,0.0],[120.918809,23.872058,0.0],[120.919151,23.871955,0.0],[120.919288,23.871974,0.0],[120.919379,23.872085,0.0],[120.920332,23.872013,0.0],[120.920497,23.871936,0.0],[120.921067,23.871226,0.0],[120.921357,23.871425,0.0],[120.921211,23.87157,0.0],[120.921181,23.87171,0.0],[120.921307,23.871754,0.0],[120.921309,23.872051,0.0],[120.921411,23.872211,0.0],[120.921882,23.872005,0.0],[120.922016,23.872225,0.0],[120.92243,23.872154,0.0],[120.92253,23.872377,0.0],[120.923036,23.872488,0.0],[120.923228,23.872376,0.0],[120.922982,23.871918,0.0],[120.922996,23.871526,0.0],[120.922873,23.871345,0.0],[120.922692,23.871295,0.0],[120.92257,23.871061,0.0],[120.9224,23.87097,0.0],[120.922472,23.870506,0.0],[120.922643,23.870551,0.0],[120.922946,23.870395,0.0],[120.922867,23.86997,0.0],[120.922757,23.869781,0.0]]],[[[120.926844,23.873192,0.0],[120.926798,23.873155,0.0],[120.926842,23.873165,0.0],[120.927223,23.873192,0.0],[120.926844,23.873192,0.0]]],[[[120.908457,23.881213,0.0],[120.908361,23.881321,0.0],[120.908336,23.881269,0.0],[120.908457,23.881213,0.0]]],[[[120.90852,23.88301,0.0],[120.908532,23.883829,0.0],[120.908673,23.884168,0.0],[120.908628,23.884556,0.0],[120.908478,23.884883,0.0],[120.908463,23.88451,0.0],[120.908342,23.884323,0.0],[120.90827,23.883955,0.0],[120.908388,23.883016,0.0],[120.908238,23.882345,0.0],[120.908048,23.882106,0.0],[120.907927,23.881789,0.0],[120.90819,23.881553,0.0],[120.908409,23.882197,0.0],[120.90852,23.88301,0.0]]],[[[120.908163,23.885523,0.0],[120.908349,23.88522,0.0],[120.908349,23.886405,0.0],[120.908527,23.887195,0.0],[120.908472,23.887597,0.0],[120.908196,23.887914,0.0],[120.908096,23.887225,0.0],[120.908211,23.886377,0.0],[120.908073,23.886172,0.0],[120.908203,23.885981,0.0],[120.908163,23.885523,0.0]]],[[[120.907465,23.889991,0.0],[120.907185,23.889181,0.0],[120.907354,23.888807,0.0],[120.907528,23.888758,0.0],[120.907431,23.889145,0.0],[120.907487,23.889529,0.0],[120.907488,23.889953,0.0],[120.907433,23.890164,0.0],[120.907465,23.889991,0.0]]],[[[120.907394,23.890314,0.0],[120.9074,23.890667,0.0],[120.907354,23.890447,0.0],[120.907411,23.890251,0.0],[120.907394,23.890314,0.0]]],[[[120.907344,23.89145,0.0],[120.907248,23.890934,0.0],[120.907412,23.890747,0.0],[120.907527,23.891084,0.0],[120.908007,23.891528,0.0],[120.907344,23.89145,0.0]]],[[[120.90975,23.892524,0.0],[120.90995,23.892643,0.0],[120.910388,23.893072,0.0],[120.910166,23.892984,0.0],[120.90975,23.892524,0.0]]],[[[120.910698,23.893544,0.0],[120.910876,23.893977,0.0],[120.910616,23.893644,0.0],[120.910417,23.893101,0.0],[120.910698,23.893544,0.0]]],[[[120.977512,23.489956,0.0],[120.978023,23.489918,0.0],[120.977539,23.490011,0.0],[120.977158,23.489998,0.0],[120.977512,23.489956,0.0]]],[[[120.976665,23.83793,0.0],[120.976566,23.837926,0.0],[120.976082,23.837931,0.0],[120.976391,23.837896,0.0],[120.976665,23.83793,0.0]]],[[[120.974316,23.83855,0.0],[120.973328,23.839247,0.0],[120.972692,23.839304,0.0],[120.973147,23.839085,0.0],[120.974316,23.83855,0.0]]],[[[120.992375,23.839431,0.0],[120.99221,23.839367,0.0],[120.992516,23.839386,0.0],[120.992536,23.839676,0.0],[120.992375,23.839431,0.0]]],[[[120.997586,23.85817,0.0],[120.996965,23.858109,0.0],[120.997371,23.857939,0.0],[120.997708,23.858211,0.0],[120.997586,23.85817,0.0]]],[[[120.995169,23.858597,0.0],[120.995072,23.858377,0.0],[120.995172,23.85839,0.0],[120.995543,23.858465,0.0],[120.995169,23.858597,0.0]]],[[[121.002111,23.862042,0.0],[121.001964,23.861955,0.0],[121.001814,23.861794,0.0],[121.002002,23.861937,0.0],[121.002111,23.862042,0.0]]],[[[121.002855,23.862369,0.0],[121.002391,23.862208,0.0],[121.002244,23.862121,0.0],[121.002539,23.862218,0.0],[121.002855,23.862369,0.0]]],[[[121.008102,23.868342,0.0],[121.007813,23.867742,0.0],[121.00727,23.866204,0.0],[121.008367,23.86751,0.0],[121.008459,23.867826,0.0],[121.008456,23.868768,0.0],[121.008102,23.868342,0.0]]],[[[121.007907,23.870164,0.0],[121.008262,23.86998,0.0],[121.007721,23.870451,0.0],[121.007469,23.870605,0.0],[121.007907,23.870164,0.0]]],[[[121.100464,23.921948,0.0],[121.10004,23.92276,0.0],[121.099234,23.923842,0.0],[121.096046,23.925246,0.0],[121.09482,23.925595,0.0],[121.094512,23.925747,0.0],[121.093677,23.926522,0.0],[121.092746,23.927054,0.0],[121.091503,23.928211,0.0],[121.090934,23.927938,0.0],[121.090798,23.927801,0.0],[121.090206,23.927982,0.0],[121.089912,23.928179,0.0],[121.088809,23.92852,0.0],[121.088406,23.928443,0.0],[121.088188,23.928248,0.0],[121.087656,23.926939,0.0],[121.086632,23.926334,0.0],[121.086177,23.925905,0.0],[121.08587,23.925737,0.0],[121.085987,23.925449,0.0],[121.085819,23.925086,0.0],[121.085192,23.924316,0.0],[121.084683,23.923935,0.0],[121.084318,23.922556,0.0],[121.084144,23.92215,0.0],[121.084038,23.921628,0.0],[121.084524,23.920535,0.0],[121.084239,23.920502,0.0],[121.08365,23.920059,0.0],[121.083057,23.920187,0.0],[121.082243,23.920469,0.0],[121.082002,23.920626,0.0],[121.081579,23.920675,0.0],[121.081343,23.920778,0.0],[121.080639,23.921418,0.0],[121.080301,23.921374,0.0],[121.080092,23.921569,0.0],[121.079702,23.921393,0.0],[121.079651,23.921291,0.0],[121.078779,23.92125,0.0],[121.077719,23.921375,0.0],[121.077364,23.921117,0.0],[121.076821,23.920976,0.0],[121.076333,23.920546,0.0],[121.076122,23.920096,0.0],[121.075944,23.919904,0.0],[121.075719,23.919872,0.0],[121.075877,23.9187,0.0],[121.074563,23.917755,0.0],[121.073835,23.917671,0.0],[121.073269,23.917983,0.0],[121.07211,23.918447,0.0],[121.070693,23.919202,0.0],[121.070347,23.919682,0.0],[121.070166,23.920294,0.0],[121.069623,23.921241,0.0],[121.069744,23.922438,0.0],[121.069235,23.92213,0.0],[121.068938,23.921853,0.0],[121.068555,23.92117,0.0],[121.067949,23.920727,0.0],[121.067623,23.920257,0.0],[121.067281,23.920072,0.0],[121.067179,23.919939,0.0],[121.067056,23.919397,0.0],[121.066918,23.919213,0.0],[121.0666,23.919018,0.0],[121.066427,23.918555,0.0],[121.066395,23.918202,0.0],[121.066701,23.917783,0.0],[121.066721,23.917335,0.0],[121.065887,23.916727,0.0],[121.065679,23.916708,0.0],[121.06522,23.916421,0.0],[121.064716,23.915872,0.0],[121.064506,23.915481,0.0],[121.064136,23.915703,0.0],[121.064321,23.915938,0.0],[121.064546,23.916009,0.0],[121.065234,23.916684,0.0],[121.065609,23.916838,0.0],[121.06571,23.91706,0.0],[121.066209,23.917263,0.0],[121.066396,23.917464,0.0],[121.0664,23.917814,0.0],[121.066203,23.917954,0.0],[121.066258,23.91876,0.0],[121.066455,23.919119,0.0],[121.06684,23.919505,0.0],[121.066945,23.919935,0.0],[121.067794,23.920852,0.0],[121.068293,23.92116,0.0],[121.068704,23.921543,0.0],[121.068853,23.921903,0.0],[121.06917,23.922198,0.0],[121.069739,23.922531,0.0],[121.069659,23.923119,0.0],[121.069427,23.923275,0.0],[121.069062,23.922865,0.0],[121.068914,23.922834,0.0],[121.068812,23.922703,0.0],[121.067703,23.922039,0.0],[121.067238,23.920943,0.0],[121.06677,23.920503,0.0],[121.065806,23.918704,0.0],[121.065599,23.918198,0.0],[121.065457,23.917274,0.0],[121.064484,23.91627,0.0],[121.06447,23.916071,0.0],[121.063933,23.91605,0.0],[121.063758,23.915908,0.0],[121.063493,23.915977,0.0],[121.063313,23.91593,0.0],[121.062086,23.91488,0.0],[121.061818,23.915031,0.0],[121.061566,23.914961,0.0],[121.06125,23.915189,0.0],[121.060861,23.915312,0.0],[121.060529,23.915277,0.0],[121.060443,23.915163,0.0],[121.060279,23.914731,0.0],[121.060465,23.914705,0.0],[121.061288,23.914244,0.0],[121.061879,23.913658,0.0],[121.062102,23.913756,0.0],[121.062293,23.91339,0.0],[121.061848,23.913169,0.0],[121.062033,23.912748,0.0],[121.061506,23.912969,0.0],[121.059898,23.912207,0.0],[121.059444,23.912275,0.0],[121.058754,23.912806,0.0],[121.058577,23.913114,0.0],[121.058231,23.913377,0.0],[121.058029,23.913656,0.0],[121.058216,23.91374,0.0],[121.058362,23.913671,0.0],[121.058537,23.913429,0.0],[121.058959,23.913121,0.0],[121.058272,23.913792,0.0],[121.058228,23.914297,0.0],[121.057145,23.914612,0.0],[121.056765,23.914572,0.0],[121.055579,23.914803,0.0],[121.055318,23.914915,0.0],[121.054911,23.915538,0.0],[121.054686,23.916276,0.0],[121.054781,23.916478,0.0],[121.054763,23.916929,0.0],[121.054066,23.916148,0.0],[121.054226,23.915209,0.0],[121.054031,23.914455,0.0],[121.056067,23.913091,0.0],[121.056425,23.912996,0.0],[121.056811,23.912464,0.0],[121.05705,23.912254,0.0],[121.057828,23.911048,0.0],[121.058104,23.910869,0.0],[121.058187,23.910634,0.0],[121.058473,23.910337,0.0],[121.058793,23.910296,0.0],[121.059408,23.91047,0.0],[121.059922,23.910063,0.0],[121.060207,23.90955,0.0],[121.060208,23.909115,0.0],[121.060639,23.908112,0.0],[121.060619,23.90789,0.0],[121.060708,23.907592,0.0],[121.061495,23.906693,0.0],[121.061605,23.906625,0.0],[121.061952,23.906701,0.0],[121.062397,23.906441,0.0],[121.062716,23.906431,0.0],[121.063186,23.906109,0.0],[121.063445,23.906021,0.0],[121.064288,23.906047,0.0],[121.064808,23.905616,0.0],[121.065722,23.904405,0.0],[121.066307,23.903815,0.0],[121.066365,23.903612,0.0],[121.066307,23.903248,0.0],[121.066599,23.902231,0.0],[121.067209,23.901928,0.0],[121.067719,23.901149,0.0],[121.06822,23.900806,0.0],[121.068836,23.900224,0.0],[121.069395,23.899926,0.0],[121.070122,23.899335,0.0],[121.070498,23.898925,0.0],[121.071003,23.897857,0.0],[121.071461,23.897744,0.0],[121.071675,23.897306,0.0],[121.071624,23.897271,0.0],[121.072018,23.897317,0.0],[121.072392,23.89749,0.0],[121.073174,23.897591,0.0],[121.073589,23.897934,0.0],[121.073955,23.898077,0.0],[121.074984,23.898197,0.0],[121.075282,23.898478,0.0],[121.076643,23.899415,0.0],[121.07752,23.899721,0.0],[121.078549,23.900389,0.0],[121.079078,23.900274,0.0],[121.079845,23.900377,0.0],[121.080225,23.90057,0.0],[121.081189,23.90027,0.0],[121.082811,23.900088,0.0],[121.08352,23.899872,0.0],[121.084233,23.899757,0.0],[121.085068,23.900008,0.0],[121.085949,23.900107,0.0],[121.087356,23.900657,0.0],[121.088055,23.901091,0.0],[121.088447,23.900987,0.0],[121.088714,23.900997,0.0],[121.090518,23.901578,0.0],[121.09108,23.901604,0.0],[121.092587,23.901358,0.0],[121.093555,23.901055,0.0],[121.094137,23.901121,0.0],[121.094696,23.901304,0.0],[121.096467,23.902197,0.0],[121.098226,23.902595,0.0],[121.098915,23.902643,0.0],[121.099575,23.902862,0.0],[121.10065,23.903625,0.0],[121.101007,23.903756,0.0],[121.101692,23.903757,0.0],[121.102224,23.903939,0.0],[121.102736,23.904014,0.0],[121.10343,23.903997,0.0],[121.104074,23.903871,0.0],[121.104824,23.903487,0.0],[121.104995,23.903237,0.0],[121.105321,23.903904,0.0],[121.105475,23.904471,0.0],[121.105151,23.905164,0.0],[121.10534,23.905962,0.0],[121.105181,23.906851,0.0],[121.104968,23.907206,0.0],[121.104924,23.907461,0.0],[121.105069,23.908364,0.0],[121.105232,23.908845,0.0],[121.105175,23.909625,0.0],[121.105448,23.910554,0.0],[121.104805,23.911214,0.0],[121.104443,23.912064,0.0],[121.103939,23.912512,0.0],[121.10349,23.913068,0.0],[121.103072,23.913381,0.0],[121.102316,23.913673,0.0],[121.101966,23.913937,0.0],[121.101022,23.915299,0.0],[121.100918,23.916,0.0],[121.100632,23.916578,0.0],[121.10007,23.91708,0.0],[121.099958,23.917715,0.0],[121.099949,23.91855,0.0],[121.100367,23.919661,0.0],[121.100449,23.920151,0.0],[121.100421,23.920712,0.0],[121.100576,23.921374,0.0],[121.100464,23.921948,0.0]]],[[[121.05715,23.945605,0.0],[121.056828,23.946466,0.0],[121.05713,23.947332,0.0],[121.056634,23.947601,0.0],[121.056431,23.947791,0.0],[121.055953,23.947917,0.0],[121.055577,23.947886,0.0],[121.05488,23.948003,0.0],[121.054589,23.948115,0.0],[121.054383,23.948285,0.0],[121.053361,23.948572,0.0],[121.053012,23.948761,0.0],[121.053083,23.948892,0.0],[121.052289,23.94984,0.0],[121.05161,23.950164,0.0],[121.050796,23.949984,0.0],[121.050144,23.949376,0.0],[121.049964,23.948956,0.0],[121.049621,23.948739,0.0],[121.048355,23.948482,0.0],[121.047749,23.948276,0.0],[121.047064,23.948266,0.0],[121.04669,23.94814,0.0],[121.046552,23.947752,0.0],[121.046445,23.947029,0.0],[121.046585,23.943844,0.0],[121.046204,23.943422,0.0],[121.044826,23.94321,0.0],[121.044146,23.942833,0.0],[121.043831,23.942906,0.0],[121.043342,23.943188,0.0],[121.042538,23.943459,0.0],[121.041983,23.943418,0.0],[121.040618,23.943064,0.0],[121.0402,23.943031,0.0],[121.039757,23.943105,0.0],[121.037851,23.944133,0.0],[121.036635,23.944529,0.0],[121.033381,23.94476,0.0],[121.032458,23.944618,0.0],[121.032103,23.944469,0.0],[121.030849,23.943623,0.0],[121.030337,23.943027,0.0],[121.03018,23.942605,0.0],[121.03018,23.942099,0.0],[121.030322,23.941279,0.0],[121.030297,23.940925,0.0],[121.03011,23.940537,0.0],[121.029611,23.94025,0.0],[121.029086,23.939735,0.0],[121.02873,23.93883,0.0],[121.028611,23.937828,0.0],[121.028635,23.937392,0.0],[121.028852,23.936568,0.0],[121.028851,23.934947,0.0],[121.029087,23.933807,0.0],[121.029541,23.93305,0.0],[121.029734,23.932599,0.0],[121.029755,23.932348,0.0],[121.030476,23.932314,0.0],[121.031456,23.932026,0.0],[121.031699,23.931873,0.0],[121.031973,23.931485,0.0],[121.032433,23.931137,0.0],[121.032886,23.930917,0.0],[121.034942,23.930243,0.0],[121.035329,23.930334,0.0],[121.037139,23.929992,0.0],[121.038027,23.929313,0.0],[121.038348,23.929113,0.0],[121.038704,23.929013,0.0],[121.039082,23.928659,0.0],[121.040976,23.928242,0.0],[121.041369,23.928283,0.0],[121.041729,23.927685,0.0],[121.043682,23.926693,0.0],[121.044307,23.926603,0.0],[121.045215,23.926263,0.0],[121.046904,23.925,0.0],[121.047251,23.924862,0.0],[121.047985,23.925145,0.0],[121.048463,23.925092,0.0],[121.049258,23.924701,0.0],[121.049734,23.924674,0.0],[121.050783,23.924197,0.0],[121.051645,23.92402,0.0],[121.052931,23.924069,0.0],[121.053484,23.923337,0.0],[121.054311,23.92333,0.0],[121.053307,23.922202,0.0],[121.052083,23.921904,0.0],[121.051901,23.921558,0.0],[121.051568,23.921169,0.0],[121.051548,23.92103,0.0],[121.050517,23.919776,0.0],[121.050249,23.919031,0.0],[121.050001,23.918602,0.0],[121.050859,23.918908,0.0],[121.052224,23.919216,0.0],[121.052446,23.918977,0.0],[121.054583,23.919138,0.0],[121.055517,23.918715,0.0],[121.055852,23.917669,0.0],[121.055909,23.9172,0.0],[121.055725,23.916723,0.0],[121.055867,23.916442,0.0],[121.055975,23.916595,0.0],[121.056073,23.916431,0.0],[121.056154,23.91672,0.0],[121.056251,23.916446,0.0],[121.056271,23.91723,0.0],[121.056549,23.91772,0.0],[121.056944,23.917662,0.0],[121.057554,23.917907,0.0],[121.058085,23.918015,0.0],[121.058281,23.917863,0.0],[121.058643,23.918099,0.0],[121.058979,23.918153,0.0],[121.060989,23.91815,0.0],[121.061189,23.91825,0.0],[121.061285,23.918504,0.0],[121.061879,23.919251,0.0],[121.062066,23.9197,0.0],[121.062376,23.920048,0.0],[121.062663,23.920677,0.0],[121.06253,23.921641,0.0],[121.063397,23.922206,0.0],[121.06357,23.922544,0.0],[121.063575,23.923537,0.0],[121.063757,23.924058,0.0],[121.063982,23.924438,0.0],[121.063927,23.924585,0.0],[121.064224,23.925088,0.0],[121.064575,23.925387,0.0],[121.064466,23.925509,0.0],[121.064475,23.925615,0.0],[121.064803,23.925717,0.0],[121.065523,23.926162,0.0],[121.06558,23.926407,0.0],[121.065478,23.926661,0.0],[121.065397,23.927406,0.0],[121.065488,23.92762,0.0],[121.065437,23.92784,0.0],[121.065609,23.927895,0.0],[121.065679,23.928188,0.0],[121.066007,23.928583,0.0],[121.065995,23.928797,0.0],[121.066166,23.929002,0.0],[121.066364,23.929646,0.0],[121.066237,23.929985,0.0],[121.066439,23.930324,0.0],[121.066582,23.930452,0.0],[121.06666,23.93044,0.0],[121.066962,23.930896,0.0],[121.067539,23.931188,0.0],[121.067715,23.931415,0.0],[121.066984,23.932493,0.0],[121.066424,23.933094,0.0],[121.066494,23.933172,0.0],[121.066456,23.933521,0.0],[121.067052,23.933878,0.0],[121.06726,23.934132,0.0],[121.067853,23.934584,0.0],[121.068277,23.934564,0.0],[121.068578,23.934812,0.0],[121.068962,23.934934,0.0],[121.069879,23.935508,0.0],[121.070134,23.935577,0.0],[121.069079,23.935851,0.0],[121.068699,23.935817,0.0],[121.06773,23.936045,0.0],[121.067607,23.936224,0.0],[121.067134,23.936445,0.0],[121.066677,23.93645,0.0],[121.066223,23.936655,0.0],[121.064834,23.93615,0.0],[121.063502,23.936043,0.0],[121.062762,23.936138,0.0],[121.062171,23.936488,0.0],[121.061877,23.936545,0.0],[121.060352,23.938018,0.0],[121.059659,23.939454,0.0],[121.059605,23.940133,0.0],[121.059128,23.94097,0.0],[121.058972,23.941669,0.0],[121.058058,23.943268,0.0],[121.057609,23.94449,0.0],[121.057209,23.945025,0.0],[121.05715,23.945605,0.0]]],[[[121.272122,23.975433,0.0],[121.272327,23.975514,0.0],[121.270951,23.975493,0.0],[121.268591,23.975252,0.0],[121.269281,23.975259,0.0],[121.270115,23.975065,0.0],[121.270532,23.975207,0.0],[121.270574,23.975203,0.0],[121.270856,23.975072,0.0],[121.271492,23.975032,0.0],[121.27177,23.975135,0.0],[121.272122,23.975433,0.0]]],[[[121.2723,23.938456,0.0],[121.272729,23.938945,0.0],[121.272771,23.939318,0.0],[121.273049,23.93991,0.0],[121.273086,23.940268,0.0],[121.273238,23.940655,0.0],[121.27368,23.9411,0.0],[121.27392,23.941753,0.0],[121.273473,23.942894,0.0],[121.273327,23.943509,0.0],[121.273316,23.944348,0.0],[121.273421,23.94484,0.0],[121.273783,23.945065,0.0],[121.274249,23.94523,0.0],[121.27399,23.945613,0.0],[121.273314,23.945908,0.0],[121.272457,23.94649,0.0],[121.271736,23.947272,0.0],[121.270808,23.948569,0.0],[121.272539,23.949092,0.0],[121.273205,23.949446,0.0],[121.27461,23.950502,0.0],[121.275119,23.951013,0.0],[121.275224,23.951347,0.0],[121.275233,23.953365,0.0],[121.2754,23.953699,0.0],[121.275834,23.954193,0.0],[121.276156,23.954779,0.0],[121.276101,23.95596,0.0],[121.275636,23.958017,0.0],[121.275688,23.960184,0.0],[121.275826,23.961594,0.0],[121.276292,23.963386,0.0],[121.276539,23.963925,0.0],[121.277428,23.964635,0.0],[121.277791,23.965347,0.0],[121.277628,23.965822,0.0],[121.277171,23.966422,0.0],[121.277004,23.966504,0.0],[121.277167,23.966427,0.0],[121.276938,23.966703,0.0],[121.276643,23.966993,0.0],[121.275723,23.96762,0.0],[121.275503,23.967907,0.0],[121.275444,23.968519,0.0],[121.275651,23.96978,0.0],[121.275208,23.970995,0.0],[121.274944,23.972885,0.0],[121.274754,23.973549,0.0],[121.274288,23.97443,0.0],[121.273692,23.975226,0.0],[121.273385,23.975448,0.0],[121.272678,23.97551,0.0],[121.273033,23.975385,0.0],[121.273296,23.975391,0.0],[121.273487,23.975301,0.0],[121.273303,23.975385,0.0],[121.27304,23.975379,0.0],[121.272669,23.975508,0.0],[121.272364,23.975514,0.0],[121.272129,23.975427,0.0],[121.271851,23.975182,0.0],[121.27174,23.975108,0.0],[121.271666,23.975066,0.0],[121.271499,23.975026,0.0],[121.271347,23.975016,0.0],[121.27112,23.975028,0.0],[121.270863,23.975066,0.0],[121.270779,23.975098,0.0],[121.270581,23.975197,0.0],[121.270539,23.975201,0.0],[121.270277,23.97508,0.0],[121.270212,23.975064,0.0],[121.270122,23.975059,0.0],[121.269985,23.975072,0.0],[121.269907,23.975107,0.0],[121.269754,23.975129,0.0],[121.269624,23.975175,0.0],[121.269426,23.975211,0.0],[121.269288,23.975253,0.0],[121.268931,23.97522,0.0],[121.268693,23.975229,0.0],[121.268573,23.975251,0.0],[121.267249,23.975186,0.0],[121.266735,23.974975,0.0],[121.266559,23.974934,0.0],[121.26495,23.975278,0.0],[121.264753,23.975377,0.0],[121.264943,23.975284,0.0],[121.265,23.97528,0.0],[121.265273,23.975227,0.0],[121.265377,23.975219,0.0],[121.265712,23.975151,0.0],[121.266156,23.975056,0.0],[121.266552,23.974941,0.0],[121.266728,23.974981,0.0],[121.267102,23.975153,0.0],[121.267215,23.975185,0.0],[121.26596,23.975197,0.0],[121.264849,23.975341,0.0],[121.264223,23.97571,0.0],[121.263589,23.976463,0.0],[121.263601,23.976556,0.0],[121.263422,23.976605,0.0],[121.263602,23.976559,0.0],[121.263686,23.977176,0.0],[121.26372,23.977842,0.0],[121.263587,23.978316,0.0],[121.261776,23.980887,0.0],[121.261815,23.980864,0.0],[121.261854,23.980837,0.0],[121.261646,23.981112,0.0],[121.261456,23.981701,0.0],[121.261466,23.983563,0.0],[121.26121,23.987566,0.0],[121.261006,23.988521,0.0],[121.260389,23.989676,0.0],[121.259878,23.991034,0.0],[121.259806,23.991499,0.0],[121.260015,23.992191,0.0],[121.26039,23.993272,0.0],[121.26107,23.994628,0.0],[121.262616,23.996379,0.0],[121.262994,23.996992,0.0],[121.26314,23.99759,0.0],[121.263834,23.997497,0.0],[121.26446,23.998114,0.0],[121.264688,23.998511,0.0],[121.265135,23.998846,0.0],[121.265305,23.999203,0.0],[121.265632,24.000988,0.0],[121.266027,24.001558,0.0],[121.266952,24.002065,0.0],[121.267458,24.002495,0.0],[121.268805,24.004113,0.0],[121.269033,24.004691,0.0],[121.269163,24.005334,0.0],[121.270156,24.006398,0.0],[121.2705,24.006953,0.0],[121.27054,24.007725,0.0],[121.270668,24.008277,0.0],[121.270977,24.008844,0.0],[121.271105,24.009717,0.0],[121.271469,24.011156,0.0],[121.272206,24.012866,0.0],[121.273783,24.015062,0.0],[121.274464,24.016463,0.0],[121.275367,24.017944,0.0],[121.276378,24.019405,0.0],[121.276678,24.019996,0.0],[121.276749,24.020741,0.0],[121.276636,24.022619,0.0],[121.27683,24.023192,0.0],[121.276829,24.02356,0.0],[121.27668,24.024136,0.0],[121.276793,24.024746,0.0],[121.279403,24.027475,0.0],[121.279723,24.028036,0.0],[121.279973,24.029582,0.0],[121.280104,24.029911,0.0],[121.28174,24.031811,0.0],[121.282377,24.033731,0.0],[121.282635,24.034286,0.0],[121.283419,24.035432,0.0],[121.284046,24.036523,0.0],[121.284524,24.036978,0.0],[121.284945,24.037524,0.0],[121.285626,24.039114,0.0],[121.285783,24.039707,0.0],[121.285878,24.041922,0.0],[121.285611,24.0432,0.0],[121.285917,24.044168,0.0],[121.285969,24.044727,0.0],[121.285786,24.046129,0.0],[121.285569,24.046737,0.0],[121.285189,24.047322,0.0],[121.285245,24.047995,0.0],[121.285156,24.048406,0.0],[121.284832,24.049014,0.0],[121.284162,24.049794,0.0],[121.283993,24.050514,0.0],[121.283793,24.050648,0.0],[121.283958,24.05054,0.0],[121.283993,24.050515,0.0],[121.282954,24.053261,0.0],[121.282992,24.053909,0.0],[121.283098,24.054238,0.0],[121.283444,24.054764,0.0],[121.283922,24.055219,0.0],[121.284596,24.05555,0.0],[121.285694,24.056622,0.0],[121.285925,24.056929,0.0],[121.286109,24.057443,0.0],[121.286658,24.057808,0.0],[121.288981,24.058796,0.0],[121.289605,24.059134,0.0],[121.290417,24.060137,0.0],[121.290783,24.060285,0.0],[121.292143,24.061576,0.0],[121.29287,24.061491,0.0],[121.29384,24.062065,0.0],[121.295071,24.063352,0.0],[121.295571,24.063646,0.0],[121.296137,24.063124,0.0],[121.29629,24.063048,0.0],[121.295775,24.063526,0.0],[121.295846,24.063474,0.0],[121.296064,24.063299,0.0],[121.296181,24.063185,0.0],[121.296292,24.063047,0.0],[121.296855,24.062784,0.0],[121.298014,24.061919,0.0],[121.299016,24.062064,0.0],[121.299964,24.062453,0.0],[121.300481,24.062874,0.0],[121.300713,24.063164,0.0],[121.301056,24.06415,0.0],[121.301558,24.064795,0.0],[121.301748,24.065336,0.0],[121.301742,24.065686,0.0],[121.301936,24.066004,0.0],[121.302798,24.066691,0.0],[121.303532,24.067529,0.0],[121.304547,24.068322,0.0],[121.305721,24.069062,0.0],[121.305965,24.069335,0.0],[121.306086,24.069876,0.0],[121.30717,24.071723,0.0],[121.307333,24.072321,0.0],[121.307643,24.072849,0.0],[121.30821,24.073267,0.0],[121.308776,24.074049,0.0],[121.309621,24.074962,0.0],[121.310196,24.075297,0.0],[121.311634,24.075536,0.0],[121.312132,24.075968,0.0],[121.312466,24.076484,0.0],[121.313035,24.076813,0.0],[121.313656,24.077001,0.0],[121.314224,24.077395,0.0],[121.314582,24.077914,0.0],[121.31491,24.078084,0.0],[121.315589,24.078198,0.0],[121.316844,24.079335,0.0],[121.317849,24.079718,0.0],[121.318474,24.080069,0.0],[121.318781,24.080366,0.0],[121.318918,24.0807,0.0],[121.319962,24.082058,0.0],[121.320251,24.082297,0.0],[121.321395,24.082947,0.0],[121.323371,24.085177,0.0],[121.323391,24.08583,0.0],[121.323491,24.08617,0.0],[121.323348,24.086796,0.0],[121.321897,24.087926,0.0],[121.321432,24.088446,0.0],[121.321238,24.088776,0.0],[121.320399,24.090981,0.0],[121.319687,24.092296,0.0],[121.319475,24.092895,0.0],[121.319431,24.093256,0.0],[121.319072,24.094083,0.0],[121.319167,24.094697,0.0],[121.320034,24.096555,0.0],[121.32085,24.097382,0.0],[121.321476,24.098304,0.0],[121.322792,24.099836,0.0],[121.323075,24.10007,0.0],[121.324393,24.100835,0.0],[121.324829,24.101265,0.0],[121.325989,24.103139,0.0],[121.326551,24.105939,0.0],[121.326505,24.107163,0.0],[121.326249,24.107861,0.0],[121.326394,24.108477,0.0],[121.326802,24.109465,0.0],[121.327178,24.110103,0.0],[121.328587,24.111018,0.0],[121.328106,24.112769,0.0],[121.328403,24.113328,0.0],[121.329283,24.114432,0.0],[121.32943,24.115242,0.0],[121.329286,24.115103,0.0],[121.328576,24.114829,0.0],[121.327635,24.115034,0.0],[121.327287,24.114983,0.0],[121.326829,24.115054,0.0],[121.326148,24.11545,0.0],[121.324063,24.115806,0.0],[121.323486,24.115824,0.0],[121.321746,24.116406,0.0],[121.321438,24.116351,0.0],[121.32083,24.116512,0.0],[121.320364,24.116392,0.0],[121.318691,24.116607,0.0],[121.315777,24.116552,0.0],[121.315673,24.116759,0.0],[121.315393,24.116795,0.0],[121.314866,24.117135,0.0],[121.313927,24.118024,0.0],[121.313374,24.118441,0.0],[121.312809,24.118781,0.0],[121.312145,24.119066,0.0],[121.311852,24.119313,0.0],[121.311232,24.119601,0.0],[121.310149,24.119901,0.0],[121.309819,24.12006,0.0],[121.309218,24.120382,0.0],[121.307651,24.12146,0.0],[121.30675,24.121867,0.0],[121.305444,24.12229,0.0],[121.305161,24.122245,0.0],[121.304928,24.122341,0.0],[121.304858,24.122609,0.0],[121.304385,24.123035,0.0],[121.304072,24.123571,0.0],[121.303494,24.123907,0.0],[121.302659,24.12419,0.0],[121.301978,24.125351,0.0],[121.301417,24.125719,0.0],[121.300844,24.125949,0.0],[121.300277,24.126624,0.0],[121.299914,24.126937,0.0],[121.299018,24.127519,0.0],[121.297609,24.129674,0.0],[121.296862,24.130442,0.0],[121.296659,24.131084,0.0],[121.295398,24.132201,0.0],[121.295013,24.132899,0.0],[121.294677,24.133073,0.0],[121.294154,24.133189,0.0],[121.292715,24.133256,0.0],[121.290659,24.133539,0.0],[121.287225,24.134148,0.0],[121.284702,24.134383,0.0],[121.283656,24.134561,0.0],[121.282696,24.134843,0.0],[121.281727,24.135303,0.0],[121.281612,24.135569,0.0],[121.281119,24.135644,0.0],[121.281314,24.135848,0.0],[121.280841,24.135758,0.0],[121.279458,24.135785,0.0],[121.278852,24.135818,0.0],[121.278301,24.135948,0.0],[121.277534,24.136479,0.0],[121.274558,24.137855,0.0],[121.272996,24.138984,0.0],[121.27215,24.139139,0.0],[121.272243,24.137965,0.0],[121.271421,24.133659,0.0],[121.271148,24.132732,0.0],[121.27089,24.132342,0.0],[121.270141,24.131607,0.0],[121.27,24.131093,0.0],[121.269732,24.129213,0.0],[121.269591,24.127263,0.0],[121.269087,24.12597,0.0],[121.268916,24.125054,0.0],[121.268978,24.12453,0.0],[121.2685,24.124021,0.0],[121.267063,24.123509,0.0],[121.265042,24.122196,0.0],[121.263791,24.121878,0.0],[121.262914,24.121579,0.0],[121.260585,24.121477,0.0],[121.2584,24.120869,0.0],[121.257846,24.120457,0.0],[121.257235,24.119783,0.0],[121.256861,24.119592,0.0],[121.253425,24.118354,0.0],[121.253486,24.117787,0.0],[121.25363,24.117525,0.0],[121.253551,24.117242,0.0],[121.253577,24.116911,0.0],[121.253841,24.117024,0.0],[121.254018,24.11754,0.0],[121.253947,24.117579,0.0],[121.254259,24.117915,0.0],[121.254949,24.11817,0.0],[121.255389,24.118209,0.0],[121.255766,24.118574,0.0],[121.256227,24.118617,0.0],[121.256669,24.118772,0.0],[121.257013,24.118818,0.0],[121.257347,24.119033,0.0],[121.258133,24.119178,0.0],[121.258687,24.119476,0.0],[121.259211,24.119401,0.0],[121.259946,24.119702,0.0],[121.260251,24.120055,0.0],[121.260146,24.120075,0.0],[121.260906,24.120451,0.0],[121.26116,24.12046,0.0],[121.261616,24.120253,0.0],[121.262297,24.119726,0.0],[121.262484,24.119744,0.0],[121.262672,24.120294,0.0],[121.262781,24.120427,0.0],[121.263277,24.120636,0.0],[121.263764,24.120501,0.0],[121.264039,24.120538,0.0],[121.264618,24.12123,0.0],[121.265339,24.121708,0.0],[121.265845,24.121736,0.0],[121.266217,24.121494,0.0],[121.26662,24.121565,0.0],[121.267945,24.121099,0.0],[121.268462,24.120652,0.0],[121.268786,24.120634,0.0],[121.269273,24.120715,0.0],[121.269859,24.121017,0.0],[121.270752,24.121104,0.0],[121.271081,24.121289,0.0],[121.271059,24.121363,0.0],[121.270953,24.121378,0.0],[121.270532,24.121179,0.0],[121.270251,24.121136,0.0],[121.269741,24.121345,0.0],[121.269035,24.121117,0.0],[121.268816,24.121246,0.0],[121.26891,24.121448,0.0],[121.269646,24.121608,0.0],[121.270188,24.121509,0.0],[121.270415,24.121671,0.0],[121.27032,24.121727,0.0],[121.270804,24.121824,0.0],[121.271213,24.121748,0.0],[121.27151,24.122028,0.0],[121.272674,24.121828,0.0],[121.272659,24.121955,0.0],[121.27235,24.122166,0.0],[121.272043,24.122849,0.0],[121.27107,24.12378,0.0],[121.270643,24.12434,0.0],[121.270616,24.124799,0.0],[121.270709,24.125267,0.0],[121.270929,24.125775,0.0],[121.270889,24.126003,0.0],[121.270616,24.126323,0.0],[121.270651,24.126589,0.0],[121.270466,24.127116,0.0],[121.27064,24.127632,0.0],[121.270521,24.128008,0.0],[121.270592,24.128853,0.0],[121.27047,24.129177,0.0],[121.270881,24.130259,0.0],[121.271008,24.131171,0.0],[121.270974,24.131371,0.0],[121.271292,24.132165,0.0],[121.271317,24.13251,0.0],[121.271589,24.1334,0.0],[121.271484,24.133359,0.0],[121.272089,24.134539,0.0],[121.272375,24.135322,0.0],[121.272416,24.135694,0.0],[121.272602,24.136131,0.0],[121.272722,24.137042,0.0],[121.27303,24.137276,0.0],[121.273405,24.137433,0.0],[121.273462,24.137526,0.0],[121.273399,24.13784,0.0],[121.273592,24.137965,0.0],[121.274198,24.137828,0.0],[121.275339,24.137267,0.0],[121.27577,24.137223,0.0],[121.275797,24.137155,0.0],[121.275397,24.137145,0.0],[121.274861,24.137461,0.0],[121.274421,24.137622,0.0],[121.274202,24.137789,0.0],[121.273562,24.137902,0.0],[121.273455,24.137806,0.0],[121.273523,24.137509,0.0],[121.273423,24.137377,0.0],[121.272746,24.13698,0.0],[121.27267,24.136171,0.0],[121.272419,24.135261,0.0],[121.272222,24.134609,0.0],[121.271723,24.133639,0.0],[121.271297,24.131997,0.0],[121.271042,24.131362,0.0],[121.270961,24.130314,0.0],[121.270534,24.129137,0.0],[121.270687,24.128833,0.0],[121.270601,24.128572,0.0],[121.270648,24.128331,0.0],[121.270596,24.128045,0.0],[121.270707,24.127595,0.0],[121.270514,24.127068,0.0],[121.270712,24.126561,0.0],[121.270699,24.126306,0.0],[121.270948,24.126014,0.0],[121.270999,24.125822,0.0],[121.270773,24.125267,0.0],[121.270678,24.124753,0.0],[121.270704,24.124395,0.0],[121.271158,24.123759,0.0],[121.271538,24.123385,0.0],[121.271999,24.123073,0.0],[121.27237,24.122328,0.0],[121.272797,24.121964,0.0],[121.272869,24.121764,0.0],[121.27278,24.12171,0.0],[121.271526,24.121968,0.0],[121.271265,24.121701,0.0],[121.270761,24.121756,0.0],[121.270195,24.121423,0.0],[121.269706,24.12156,0.0],[121.269388,24.121444,0.0],[121.268949,24.1214,0.0],[121.268883,24.121255,0.0],[121.269008,24.121184,0.0],[121.269692,24.121423,0.0],[121.270301,24.121192,0.0],[121.27065,24.121277,0.0],[121.270974,24.121466,0.0],[121.271137,24.121417,0.0],[121.271172,24.121326,0.0],[121.27109,24.121189,0.0],[121.270848,24.121063,0.0],[121.269901,24.120973,0.0],[121.269596,24.120871,0.0],[121.26924,24.120637,0.0],[121.268671,24.120565,0.0],[121.268333,24.120621,0.0],[121.267949,24.121026,0.0],[121.267088,24.121365,0.0],[121.266539,24.121484,0.0],[121.266182,24.121413,0.0],[121.265792,24.121677,0.0],[121.26539,24.121657,0.0],[121.264619,24.121173,0.0],[121.264124,24.12053,0.0],[121.263842,24.120455,0.0],[121.263192,24.120584,0.0],[121.262822,24.120406,0.0],[121.262715,24.120278,0.0],[121.262578,24.119797,0.0],[121.262405,24.119602,0.0],[121.262262,24.119644,0.0],[121.262031,24.119905,0.0],[121.26154,24.120244,0.0],[121.261139,24.120416,0.0],[121.260936,24.120424,0.0],[121.260445,24.120161,0.0],[121.259976,24.11965,0.0],[121.259303,24.119369,0.0],[121.259161,24.119329,0.0],[121.258786,24.119438,0.0],[121.257984,24.119086,0.0],[121.257357,24.118979,0.0],[121.257055,24.118765,0.0],[121.256635,24.118726,0.0],[121.256352,24.11858,0.0],[121.255745,24.118497,0.0],[121.255421,24.118163,0.0],[121.254947,24.118115,0.0],[121.254292,24.117843,0.0],[121.254023,24.117411,0.0],[121.253881,24.116975,0.0],[121.253563,24.116847,0.0],[121.253523,24.11669,0.0],[121.253529,24.116516,0.0],[121.253853,24.11605,0.0],[121.253935,24.11568,0.0],[121.254419,24.115108,0.0],[121.25463,24.114317,0.0],[121.255091,24.113668,0.0],[121.255332,24.113145,0.0],[121.255542,24.11284,0.0],[121.256356,24.112097,0.0],[121.25687,24.111105,0.0],[121.25662,24.110089,0.0],[121.256806,24.109468,0.0],[121.257044,24.109037,0.0],[121.257095,24.108704,0.0],[121.257055,24.107989,0.0],[121.256751,24.107438,0.0],[121.25676,24.106808,0.0],[121.256925,24.106514,0.0],[121.256941,24.105705,0.0],[121.256897,24.10557,0.0],[121.255927,24.104883,0.0],[121.255214,24.104702,0.0],[121.254845,24.104524,0.0],[121.254448,24.10407,0.0],[121.254422,24.103808,0.0],[121.254629,24.102615,0.0],[121.254647,24.101749,0.0],[121.254581,24.10133,0.0],[121.25414,24.100175,0.0],[121.254145,24.099659,0.0],[121.253996,24.098599,0.0],[121.254026,24.098331,0.0],[121.254267,24.097904,0.0],[121.255011,24.097232,0.0],[121.255109,24.096887,0.0],[121.255068,24.09651,0.0],[121.255143,24.096191,0.0],[121.255403,24.095546,0.0],[121.255636,24.095196,0.0],[121.25579,24.094637,0.0],[121.256294,24.094095,0.0],[121.256903,24.093668,0.0],[121.257306,24.093258,0.0],[121.258641,24.092481,0.0],[121.260971,24.092059,0.0],[121.262517,24.091211,0.0],[121.263358,24.090862,0.0],[121.264056,24.090675,0.0],[121.264665,24.090685,0.0],[121.265168,24.090591,0.0],[121.266016,24.090245,0.0],[121.266806,24.089774,0.0],[121.267415,24.089837,0.0],[121.268128,24.089669,0.0],[121.269187,24.090149,0.0],[121.269576,24.090231,0.0],[121.270189,24.090119,0.0],[121.27055,24.089785,0.0],[121.26989,24.089408,0.0],[121.269659,24.088966,0.0],[121.269557,24.088583,0.0],[121.269214,24.088275,0.0],[121.268172,24.088524,0.0],[121.267361,24.088424,0.0],[121.266455,24.088412,0.0],[121.265791,24.088196,0.0],[121.2655,24.088175,0.0],[121.263589,24.08889,0.0],[121.26312,24.089342,0.0],[121.262766,24.089521,0.0],[121.261903,24.089629,0.0],[121.260976,24.089473,0.0],[121.260683,24.089868,0.0],[121.260265,24.090042,0.0],[121.259992,24.090054,0.0],[121.25933,24.089809,0.0],[121.258962,24.089878,0.0],[121.258151,24.089857,0.0],[121.257815,24.089685,0.0],[121.257579,24.089196,0.0],[121.257401,24.089113,0.0],[121.257203,24.089165,0.0],[121.25685,24.089458,0.0],[121.256485,24.089552,0.0],[121.255547,24.090234,0.0],[121.25463,24.090534,0.0],[121.252808,24.09072,0.0],[121.252249,24.090603,0.0],[121.251746,24.090349,0.0],[121.251429,24.090326,0.0],[121.251235,24.090528,0.0],[121.250913,24.09137,0.0],[121.250481,24.091611,0.0],[121.250114,24.091566,0.0],[121.249701,24.091245,0.0],[121.249399,24.091152,0.0],[121.24916,24.091133,0.0],[121.248567,24.09125,0.0],[121.248652,24.090351,0.0],[121.2489,24.089925,0.0],[121.249223,24.089067,0.0],[121.249592,24.088713,0.0],[121.251239,24.0882,0.0],[121.252472,24.087442,0.0],[121.25368,24.087006,0.0],[121.254372,24.086899,0.0],[121.255143,24.087092,0.0],[121.255456,24.087043,0.0],[121.25604,24.086599,0.0],[121.256478,24.08593,0.0],[121.256486,24.085692,0.0],[121.256198,24.085583,0.0],[121.255444,24.085902,0.0],[121.255094,24.085903,0.0],[121.254214,24.08542,0.0],[121.254185,24.085338,0.0],[121.254254,24.085111,0.0],[121.254509,24.084899,0.0],[121.256392,24.084202,0.0],[121.256619,24.083933,0.0],[121.256497,24.083763,0.0],[121.256009,24.083724,0.0],[121.255573,24.083788,0.0],[121.254874,24.084051,0.0],[121.254838,24.083181,0.0],[121.254475,24.082787,0.0],[121.254631,24.082643,0.0],[121.255005,24.082685,0.0],[121.255299,24.082614,0.0],[121.255871,24.082192,0.0],[121.256374,24.081945,0.0],[121.25649,24.081731,0.0],[121.256167,24.081348,0.0],[121.255843,24.081258,0.0],[121.255392,24.081272,0.0],[121.254816,24.080909,0.0],[121.254479,24.080787,0.0],[121.253956,24.080786,0.0],[121.253476,24.080999,0.0],[121.25282,24.081836,0.0],[121.252108,24.081884,0.0],[121.2515,24.081779,0.0],[121.250829,24.081758,0.0],[121.250409,24.081342,0.0],[121.250069,24.081201,0.0],[121.248641,24.081205,0.0],[121.247963,24.080907,0.0],[121.247781,24.080665,0.0],[121.247842,24.080525,0.0],[121.248062,24.080376,0.0],[121.249109,24.079912,0.0],[121.249927,24.079333,0.0],[121.250472,24.079082,0.0],[121.250553,24.078755,0.0],[121.250199,24.078511,0.0],[121.25014,24.078379,0.0],[121.2502,24.07807,0.0],[121.250355,24.077847,0.0],[121.251068,24.0774,0.0],[121.252283,24.076909,0.0],[121.252896,24.076579,0.0],[121.253066,24.076243,0.0],[121.252826,24.075962,0.0],[121.253188,24.075468,0.0],[121.253448,24.075323,0.0],[121.253887,24.075517,0.0],[121.254216,24.075465,0.0],[121.254618,24.075003,0.0],[121.255123,24.074871,0.0],[121.255176,24.074668,0.0],[121.255125,24.074509,0.0],[121.255031,24.074399,0.0],[121.254623,24.07423,0.0],[121.254437,24.073895,0.0],[121.25416,24.073652,0.0],[121.254111,24.073463,0.0],[121.254341,24.073332,0.0],[121.253858,24.07331,0.0],[121.253697,24.073177,0.0],[121.253135,24.07309,0.0],[121.24976,24.072983,0.0],[121.24871,24.072447,0.0],[121.247774,24.071734,0.0],[121.247498,24.071358,0.0],[121.247143,24.0711,0.0],[121.24599,24.070725,0.0],[121.245364,24.07074,0.0],[121.244202,24.070273,0.0],[121.242731,24.069969,0.0],[121.242512,24.069981,0.0],[121.242355,24.069858,0.0],[121.24186,24.070058,0.0],[121.241645,24.070291,0.0],[121.240284,24.069733,0.0],[121.240126,24.069004,0.0],[121.239581,24.06831,0.0],[121.237861,24.068085,0.0],[121.237439,24.067753,0.0],[121.237365,24.067421,0.0],[121.236794,24.066628,0.0],[121.236808,24.066428,0.0],[121.236476,24.065782,0.0],[121.235814,24.065015,0.0],[121.235788,24.064564,0.0],[121.23568,24.064248,0.0],[121.235425,24.064019,0.0],[121.235416,24.063918,0.0],[121.235665,24.063561,0.0],[121.235865,24.062896,0.0],[121.235301,24.061706,0.0],[121.235162,24.059876,0.0],[121.23523,24.058596,0.0],[121.235383,24.058101,0.0],[121.235412,24.057647,0.0],[121.235612,24.057325,0.0],[121.235527,24.057006,0.0],[121.235581,24.05668,0.0],[121.23522,24.056665,0.0],[121.234651,24.056502,0.0],[121.234469,24.056325,0.0],[121.234184,24.055784,0.0],[121.233703,24.055909,0.0],[121.233221,24.055811,0.0],[121.232752,24.056008,0.0],[121.23188,24.055943,0.0],[121.231445,24.056279,0.0],[121.230792,24.05596,0.0],[121.230514,24.055748,0.0],[121.230153,24.055684,0.0],[121.229445,24.055817,0.0],[121.229113,24.056038,0.0],[121.228251,24.056319,0.0],[121.227824,24.05639,0.0],[121.226906,24.056383,0.0],[121.226512,24.055764,0.0],[121.225793,24.055175,0.0],[121.225433,24.054656,0.0],[121.225222,24.054041,0.0],[121.225158,24.053262,0.0],[121.225213,24.052562,0.0],[121.224862,24.051261,0.0],[121.224803,24.050284,0.0],[121.224472,24.049399,0.0],[121.224504,24.04839,0.0],[121.224443,24.047782,0.0],[121.224659,24.047252,0.0],[121.225172,24.046748,0.0],[121.225383,24.046404,0.0],[121.225245,24.045405,0.0],[121.225346,24.044957,0.0],[121.225447,24.044743,0.0],[121.225847,24.044364,0.0],[121.225933,24.043615,0.0],[121.226121,24.043254,0.0],[121.226546,24.041724,0.0],[121.226863,24.041349,0.0],[121.227334,24.04042,0.0],[121.22747,24.03871,0.0],[121.227769,24.038436,0.0],[121.228214,24.037246,0.0],[121.228601,24.036615,0.0],[121.228758,24.036195,0.0],[121.228425,24.03538,0.0],[121.228738,24.033867,0.0],[121.228723,24.033285,0.0],[121.229151,24.032418,0.0],[121.229834,24.031412,0.0],[121.229998,24.030695,0.0],[121.230263,24.030392,0.0],[121.230882,24.030564,0.0],[121.231665,24.03056,0.0],[121.23197,24.030717,0.0],[121.232225,24.03102,0.0],[121.232383,24.031028,0.0],[121.232616,24.03084,0.0],[121.232804,24.030429,0.0],[121.233155,24.030042,0.0],[121.233703,24.029684,0.0],[121.234138,24.029534,0.0],[121.23544,24.029539,0.0],[121.2365,24.028527,0.0],[121.237027,24.028338,0.0],[121.237647,24.028335,0.0],[121.238125,24.028038,0.0],[121.238585,24.028052,0.0],[121.238811,24.027989,0.0],[121.239123,24.027741,0.0],[121.239333,24.027308,0.0],[121.238906,24.027203,0.0],[121.238235,24.027221,0.0],[121.237453,24.02739,0.0],[121.235736,24.027597,0.0],[121.234411,24.027044,0.0],[121.233522,24.026563,0.0],[121.232274,24.026427,0.0],[121.230857,24.02613,0.0],[121.230342,24.026134,0.0],[121.229683,24.026009,0.0],[121.227171,24.025154,0.0],[121.225448,24.024832,0.0],[121.224805,24.024517,0.0],[121.223254,24.023206,0.0],[121.222801,24.022638,0.0],[121.222672,24.022132,0.0],[121.222342,24.021602,0.0],[121.221887,24.021088,0.0],[121.221394,24.020259,0.0],[121.221381,24.01967,0.0],[121.220847,24.01908,0.0],[121.220255,24.018132,0.0],[121.218799,24.016356,0.0],[121.217715,24.015375,0.0],[121.217935,24.014979,0.0],[121.218082,24.014232,0.0],[121.218125,24.013546,0.0],[121.218255,24.013175,0.0],[121.217999,24.01253,0.0],[121.218232,24.011832,0.0],[121.218316,24.011001,0.0],[121.218488,24.01039,0.0],[121.218833,24.009676,0.0],[121.219537,24.00863,0.0],[121.219565,24.007172,0.0],[121.219526,24.007002,0.0],[121.219178,24.00619,0.0],[121.21866,24.00541,0.0],[121.218651,24.004491,0.0],[121.218583,24.004318,0.0],[121.218262,24.003787,0.0],[121.217999,24.003496,0.0],[121.21755,24.003138,0.0],[121.217301,24.00248,0.0],[121.216589,24.001318,0.0],[121.216359,24.000717,0.0],[121.215945,24.000046,0.0],[121.215447,23.999842,0.0],[121.215067,23.999433,0.0],[121.21429,23.999286,0.0],[121.214079,23.998975,0.0],[121.214007,23.998496,0.0],[121.21408,23.997588,0.0],[121.213877,23.996445,0.0],[121.214057,23.996014,0.0],[121.214426,23.995592,0.0],[121.214856,23.994598,0.0],[121.215142,23.993388,0.0],[121.215104,23.993387,0.0],[121.215129,23.993437,0.0],[121.214961,23.993985,0.0],[121.214843,23.994601,0.0],[121.214413,23.995595,0.0],[121.214044,23.996018,0.0],[121.213939,23.996239,0.0],[121.213864,23.996448,0.0],[121.213853,23.996594,0.0],[121.21388,23.996764,0.0],[121.214067,23.997591,0.0],[121.213994,23.998499,0.0],[121.214022,23.9988,0.0],[121.214067,23.998979,0.0],[121.214217,23.999246,0.0],[121.214277,23.99929,0.0],[121.214402,23.999338,0.0],[121.214665,23.9994,0.0],[121.215054,23.999436,0.0],[121.215354,23.999781,0.0],[121.215434,23.999845,0.0],[121.215932,24.00005,0.0],[121.216086,24.000353,0.0],[121.216346,24.00072,0.0],[121.216576,24.001321,0.0],[121.217048,24.002153,0.0],[121.217288,24.002483,0.0],[121.217537,24.003142,0.0],[121.217621,24.003251,0.0],[121.217986,24.003499,0.0],[121.218249,24.00379,0.0],[121.218452,24.00417,0.0],[121.21857,24.004321,0.0],[121.218638,24.004494,0.0],[121.218629,24.00497,0.0],[121.218647,24.005413,0.0],[121.218749,24.005631,0.0],[121.218962,24.005955,0.0],[121.219165,24.006193,0.0],[121.219315,24.006628,0.0],[121.219513,24.007006,0.0],[121.219552,24.007175,0.0],[121.219524,24.008633,0.0],[121.218879,24.009578,0.0],[121.218475,24.010393,0.0],[121.218287,24.011084,0.0],[121.21822,24.011835,0.0],[121.217996,24.012471,0.0],[121.217988,24.012587,0.0],[121.218243,24.013178,0.0],[121.218156,24.013376,0.0],[121.218113,24.01355,0.0],[121.218085,24.013786,0.0],[121.21807,24.014235,0.0],[121.217955,24.014635,0.0],[121.217923,24.014982,0.0],[121.217706,24.015377,0.0],[121.216617,24.015552,0.0],[121.216132,24.015708,0.0],[121.215842,24.015928,0.0],[121.215018,24.016348,0.0],[121.214417,24.017028,0.0],[121.213342,24.017452,0.0],[121.213063,24.018081,0.0],[121.213002,24.018959,0.0],[121.212595,24.01937,0.0],[121.211572,24.019842,0.0],[121.211048,24.020557,0.0],[121.210984,24.020846,0.0],[121.211085,24.02157,0.0],[121.210715,24.022245,0.0],[121.209584,24.022947,0.0],[121.208417,24.023122,0.0],[121.207796,24.02361,0.0],[121.207303,24.023835,0.0],[121.206297,24.02408,0.0],[121.205377,24.024068,0.0],[121.204884,24.024141,0.0],[121.20414,24.024347,0.0],[121.202887,24.024881,0.0],[121.201485,24.025174,0.0],[121.201404,24.025093,0.0],[121.201393,24.024696,0.0],[121.201078,24.024724,0.0],[121.200655,24.024223,0.0],[121.200025,24.023007,0.0],[121.200162,24.022118,0.0],[121.199293,24.021756,0.0],[121.198355,24.021198,0.0],[121.198083,24.020944,0.0],[121.197352,24.020596,0.0],[121.197077,24.019719,0.0],[121.196634,24.018897,0.0],[121.196749,24.018602,0.0],[121.196686,24.018498,0.0],[121.196491,24.018492,0.0],[121.196264,24.017831,0.0],[121.196004,24.017565,0.0],[121.19603,24.017099,0.0],[121.194224,24.01684,0.0],[121.194202,24.015903,0.0],[121.193899,24.015612,0.0],[121.193515,24.015514,0.0],[121.19256,24.015881,0.0],[121.192191,24.0157,0.0],[121.191653,24.015046,0.0],[121.192207,24.015239,0.0],[121.192503,24.01525,0.0],[121.193436,24.014936,0.0],[121.194725,24.014269,0.0],[121.194399,24.013837,0.0],[121.194,24.013097,0.0],[121.194096,24.011931,0.0],[121.193909,24.010101,0.0],[121.192845,24.009469,0.0],[121.192021,24.009129,0.0],[121.191232,24.008622,0.0],[121.191052,24.008382,0.0],[121.190726,24.007621,0.0],[121.19027,24.006988,0.0],[121.190205,24.006443,0.0],[121.189872,24.006056,0.0],[121.189744,24.005768,0.0],[121.189522,24.005634,0.0],[121.188863,24.00487,0.0],[121.188573,24.004786,0.0],[121.187945,24.004386,0.0],[121.187331,24.004135,0.0],[121.186439,24.004119,0.0],[121.185884,24.003886,0.0],[121.185607,24.003937,0.0],[121.18448,24.003636,0.0],[121.184271,24.00343,0.0],[121.184059,24.003382,0.0],[121.183763,24.003044,0.0],[121.182949,24.003226,0.0],[121.182372,24.003153,0.0],[121.18137,24.002685,0.0],[121.181464,24.002151,0.0],[121.181177,24.001728,0.0],[121.18077,24.001469,0.0],[121.180396,24.001638,0.0],[121.180298,24.001773,0.0],[121.180256,24.001678,0.0],[121.180405,24.00204,0.0],[121.180179,24.002376,0.0],[121.180407,24.003242,0.0],[121.179985,24.003645,0.0],[121.179852,24.003968,0.0],[121.179917,24.004172,0.0],[121.179623,24.004405,0.0],[121.179465,24.004928,0.0],[121.179124,24.005375,0.0],[121.17901,24.005252,0.0],[121.178964,24.005324,0.0],[121.179396,24.0058,0.0],[121.179454,24.006344,0.0],[121.179335,24.006464,0.0],[121.179722,24.006905,0.0],[121.179977,24.007609,0.0],[121.179852,24.008596,0.0],[121.17947,24.008837,0.0],[121.17898,24.008909,0.0],[121.178404,24.009221,0.0],[121.177326,24.010035,0.0],[121.177392,24.010309,0.0],[121.17716,24.010483,0.0],[121.17725,24.010758,0.0],[121.17711,24.011139,0.0],[121.177285,24.011592,0.0],[121.176955,24.011909,0.0],[121.176893,24.012434,0.0],[121.176498,24.013054,0.0],[121.176047,24.013441,0.0],[121.174686,24.013202,0.0],[121.173767,24.013217,0.0],[121.172796,24.014361,0.0],[121.17271,24.014188,0.0],[121.172636,24.014222,0.0],[121.172669,24.0145,0.0],[121.172603,24.014306,0.0],[121.171944,24.013903,0.0],[121.171243,24.012816,0.0],[121.171449,24.012505,0.0],[121.171807,24.011563,0.0],[121.171843,24.011085,0.0],[121.172414,24.010419,0.0],[121.172356,24.009583,0.0],[121.17201,24.009354,0.0],[121.171636,24.009283,0.0],[121.171144,24.009378,0.0],[121.169782,24.008432,0.0],[121.169579,24.007926,0.0],[121.169408,24.007726,0.0],[121.168793,24.007448,0.0],[121.168444,24.007004,0.0],[121.168323,24.006219,0.0],[121.167825,24.0055,0.0],[121.167349,24.004574,0.0],[121.166593,24.003969,0.0],[121.166598,24.003773,0.0],[121.166903,24.0034,0.0],[121.166841,24.002452,0.0],[121.166537,24.001747,0.0],[121.165419,24.000957,0.0],[121.16276,24.00015,0.0],[121.160687,24.000018,0.0],[121.158432,23.99998,0.0],[121.157667,24.000296,0.0],[121.157428,24.00023,0.0],[121.156572,24.000546,0.0],[121.156186,24.001421,0.0],[121.155662,24.001735,0.0],[121.155202,24.002125,0.0],[121.154203,24.00258,0.0],[121.153955,24.002507,0.0],[121.153315,24.002875,0.0],[121.153268,24.002975,0.0],[121.153014,24.004054,0.0],[121.15301,24.004718,0.0],[121.153184,24.005418,0.0],[121.153801,24.006055,0.0],[121.154386,24.006912,0.0],[121.154447,24.007634,0.0],[121.15501,24.008356,0.0],[121.155025,24.008692,0.0],[121.155262,24.009276,0.0],[121.155065,24.009925,0.0],[121.1553,24.010815,0.0],[121.155743,24.011082,0.0],[121.156817,24.013719,0.0],[121.15701,24.01385,0.0],[121.157491,24.014579,0.0],[121.157642,24.01567,0.0],[121.156915,24.016498,0.0],[121.156537,24.017344,0.0],[121.156286,24.017596,0.0],[121.156217,24.01809,0.0],[121.155683,24.018245,0.0],[121.155419,24.018542,0.0],[121.15478,24.018431,0.0],[121.154604,24.018574,0.0],[121.15373,24.018751,0.0],[121.153042,24.018682,0.0],[121.152382,24.019088,0.0],[121.15116,24.019533,0.0],[121.149717,24.01975,0.0],[121.148901,24.019751,0.0],[121.147931,24.019864,0.0],[121.147134,24.020052,0.0],[121.146533,24.020434,0.0],[121.146029,24.020374,0.0],[121.145346,24.020564,0.0],[121.144827,24.020543,0.0],[121.14422,24.020629,0.0],[121.143863,24.020813,0.0],[121.143399,24.021352,0.0],[121.14279,24.021329,0.0],[121.141861,24.020806,0.0],[121.141636,24.020406,0.0],[121.14162,24.020152,0.0],[121.141851,24.019541,0.0],[121.141804,24.019146,0.0],[121.142063,24.018801,0.0],[121.141814,24.017947,0.0],[121.141716,24.016937,0.0],[121.141447,24.016374,0.0],[121.141405,24.015888,0.0],[121.140878,24.014943,0.0],[121.140978,24.014142,0.0],[121.14032,24.01358,0.0],[121.139606,24.013302,0.0],[121.13941,24.013012,0.0],[121.139526,24.012492,0.0],[121.139849,24.011831,0.0],[121.139476,24.011674,0.0],[121.139409,24.011575,0.0],[121.139549,24.01129,0.0],[121.139485,24.010734,0.0],[121.139738,24.010423,0.0],[121.139477,24.010244,0.0],[121.139137,24.01015,0.0],[121.139008,24.010009,0.0],[121.13904,24.009831,0.0],[121.139222,24.009809,0.0],[121.139331,24.009675,0.0],[121.139332,24.0089,0.0],[121.139434,24.008617,0.0],[121.138955,24.007888,0.0],[121.138799,24.007761,0.0],[121.138795,24.007419,0.0],[121.138392,24.006717,0.0],[121.138468,24.00625,0.0],[121.138403,24.005634,0.0],[121.138619,24.004722,0.0],[121.138619,24.00437,0.0],[121.138916,24.003477,0.0],[121.138964,24.002985,0.0],[121.139086,24.002739,0.0],[121.139415,24.001237,0.0],[121.139545,24.001103,0.0],[121.139872,24.001089,0.0],[121.14005,24.000995,0.0],[121.139832,24.000681,0.0],[121.139549,24.000554,0.0],[121.139429,24.000346,0.0],[121.13969,23.999273,0.0],[121.139725,23.998705,0.0],[121.139861,23.998597,0.0],[121.140162,23.99857,0.0],[121.139687,23.998099,0.0],[121.139647,23.997658,0.0],[121.139534,23.997357,0.0],[121.139405,23.997292,0.0],[121.139402,23.99697,0.0],[121.139243,23.996708,0.0],[121.139423,23.996726,0.0],[121.139551,23.996655,0.0],[121.139575,23.996552,0.0],[121.139396,23.996172,0.0],[121.139625,23.996019,0.0],[121.139633,23.995932,0.0],[121.139448,23.99574,0.0],[121.139346,23.995471,0.0],[121.139138,23.995371,0.0],[121.139028,23.995121,0.0],[121.13907,23.994719,0.0],[121.139322,23.994124,0.0],[121.139086,23.994004,0.0],[121.139071,23.993774,0.0],[121.138969,23.993678,0.0],[121.138998,23.993546,0.0],[121.138765,23.993311,0.0],[121.138728,23.993006,0.0],[121.139648,23.992109,0.0],[121.140224,23.992176,0.0],[121.140447,23.992134,0.0],[121.140673,23.991829,0.0],[121.141003,23.991657,0.0],[121.141079,23.991495,0.0],[121.14156,23.991478,0.0],[121.142738,23.991041,0.0],[121.142902,23.990887,0.0],[121.14199,23.990998,0.0],[121.141401,23.990943,0.0],[121.140559,23.991154,0.0],[121.139964,23.991477,0.0],[121.139516,23.991194,0.0],[121.138936,23.991132,0.0],[121.138903,23.990776,0.0],[121.138688,23.990447,0.0],[121.138804,23.990128,0.0],[121.139042,23.989807,0.0],[121.13914,23.9894,0.0],[121.139397,23.989055,0.0],[121.139269,23.988822,0.0],[121.139236,23.988515,0.0],[121.139293,23.987828,0.0],[121.138899,23.986755,0.0],[121.138597,23.986244,0.0],[121.13867,23.985828,0.0],[121.138613,23.985554,0.0],[121.138746,23.985312,0.0],[121.138621,23.984885,0.0],[121.138513,23.984835,0.0],[121.138487,23.984697,0.0],[121.138639,23.984295,0.0],[121.138632,23.98308,0.0],[121.138776,23.982794,0.0],[121.138853,23.982049,0.0],[121.139155,23.981617,0.0],[121.139136,23.981375,0.0],[121.139637,23.981063,0.0],[121.1397,23.981144,0.0],[121.13976,23.981102,0.0],[121.14009,23.980373,0.0],[121.141209,23.979899,0.0],[121.141955,23.979151,0.0],[121.141987,23.978662,0.0],[121.142078,23.97859,0.0],[121.142091,23.978291,0.0],[121.141687,23.977623,0.0],[121.141258,23.977432,0.0],[121.140575,23.977687,0.0],[121.140514,23.977486,0.0],[121.141489,23.977061,0.0],[121.141869,23.976777,0.0],[121.142332,23.976711,0.0],[121.142476,23.976771,0.0],[121.142896,23.976527,0.0],[121.143694,23.976278,0.0],[121.144791,23.97562,0.0],[121.144951,23.975589,0.0],[121.145634,23.974914,0.0],[121.146335,23.974451,0.0],[121.146595,23.973892,0.0],[121.147098,23.973521,0.0],[121.147995,23.97321,0.0],[121.148446,23.972918,0.0],[121.148926,23.972918,0.0],[121.14932,23.972723,0.0],[121.149772,23.972674,0.0],[121.149968,23.972509,0.0],[121.149985,23.972326,0.0],[121.150243,23.97211,0.0],[121.150589,23.972047,0.0],[121.151074,23.971525,0.0],[121.151256,23.971469,0.0],[121.151394,23.970977,0.0],[121.151369,23.970819,0.0],[121.151944,23.96986,0.0],[121.15196,23.969562,0.0],[121.152084,23.969444,0.0],[121.152633,23.969569,0.0],[121.153245,23.969582,0.0],[121.154944,23.969925,0.0],[121.155685,23.969468,0.0],[121.156534,23.969289,0.0],[121.157164,23.969422,0.0],[121.157689,23.969785,0.0],[121.15806,23.969943,0.0],[121.158994,23.969739,0.0],[121.15971,23.969794,0.0],[121.160163,23.969982,0.0],[121.160309,23.968784,0.0],[121.160244,23.967587,0.0],[121.16039,23.966669,0.0],[121.160699,23.966186,0.0],[121.160724,23.965385,0.0],[121.161006,23.965032,0.0],[121.161029,23.964404,0.0],[121.161127,23.964247,0.0],[121.161096,23.963936,0.0],[121.161185,23.963595,0.0],[121.161523,23.963236,0.0],[121.161188,23.962588,0.0],[121.161233,23.961992,0.0],[121.160887,23.96167,0.0],[121.160813,23.960888,0.0],[121.160633,23.960383,0.0],[121.160333,23.959894,0.0],[121.15981,23.959605,0.0],[121.159591,23.95924,0.0],[121.158942,23.958663,0.0],[121.158395,23.958426,0.0],[121.158173,23.957428,0.0],[121.158998,23.957564,0.0],[121.159953,23.957508,0.0],[121.160659,23.957584,0.0],[121.16141,23.957418,0.0],[121.161847,23.95722,0.0],[121.162092,23.957365,0.0],[121.162849,23.957107,0.0],[121.162723,23.95686,0.0],[121.163454,23.956433,0.0],[121.16464,23.955945,0.0],[121.165772,23.955962,0.0],[121.166884,23.955476,0.0],[121.168195,23.955324,0.0],[121.16859,23.955054,0.0],[121.168842,23.954508,0.0],[121.168984,23.954369,0.0],[121.169196,23.95431,0.0],[121.169627,23.954345,0.0],[121.17002,23.954174,0.0],[121.170179,23.954206,0.0],[121.170398,23.954394,0.0],[121.170597,23.954688,0.0],[121.171469,23.954689,0.0],[121.171762,23.954788,0.0],[121.172021,23.955462,0.0],[121.172046,23.955331,0.0],[121.172228,23.955329,0.0],[121.172399,23.95521,0.0],[121.173197,23.955153,0.0],[121.174262,23.954619,0.0],[121.174316,23.954732,0.0],[121.174455,23.954787,0.0],[121.174754,23.954672,0.0],[121.176392,23.954829,0.0],[121.177885,23.954466,0.0],[121.178788,23.954167,0.0],[121.179127,23.953861,0.0],[121.180234,23.953646,0.0],[121.180485,23.953347,0.0],[121.181,23.953196,0.0],[121.181142,23.952172,0.0],[121.180803,23.951703,0.0],[121.180505,23.951583,0.0],[121.180553,23.95117,0.0],[121.181226,23.951261,0.0],[121.181322,23.951552,0.0],[121.181483,23.951724,0.0],[121.182126,23.952157,0.0],[121.182681,23.952383,0.0],[121.182786,23.952345,0.0],[121.18296,23.952056,0.0],[121.182596,23.951742,0.0],[121.182484,23.95139,0.0],[121.182141,23.951228,0.0],[121.182085,23.951057,0.0],[121.182434,23.950613,0.0],[121.182668,23.950432,0.0],[121.183047,23.94982,0.0],[121.184821,23.949162,0.0],[121.185823,23.949086,0.0],[121.186658,23.948931,0.0],[121.18692,23.948716,0.0],[121.187739,23.948329,0.0],[121.189625,23.947853,0.0],[121.190028,23.947395,0.0],[121.190756,23.946936,0.0],[121.190932,23.9459,0.0],[121.190666,23.94504,0.0],[121.189871,23.945034,0.0],[121.189224,23.94479,0.0],[121.188681,23.944186,0.0],[121.188504,23.94383,0.0],[121.187221,23.943037,0.0],[121.18685,23.942924,0.0],[121.186741,23.942757,0.0],[121.186544,23.942644,0.0],[121.18593,23.942591,0.0],[121.185489,23.942782,0.0],[121.185207,23.942775,0.0],[121.184241,23.943715,0.0],[121.18401,23.943749,0.0],[121.183868,23.943891,0.0],[121.18389,23.944321,0.0],[121.183675,23.945104,0.0],[121.183791,23.945349,0.0],[121.183398,23.946178,0.0],[121.183149,23.94639,0.0],[121.183005,23.946858,0.0],[121.182756,23.946995,0.0],[121.182764,23.94735,0.0],[121.182634,23.947593,0.0],[121.182631,23.947805,0.0],[121.182508,23.947959,0.0],[121.182297,23.948052,0.0],[121.182177,23.948018,0.0],[121.182048,23.948236,0.0],[121.181446,23.948576,0.0],[121.181386,23.948757,0.0],[121.181487,23.948866,0.0],[121.181205,23.949239,0.0],[121.180937,23.9494,0.0],[121.180751,23.94928,0.0],[121.180658,23.949318,0.0],[121.180655,23.949496,0.0],[121.180555,23.949646,0.0],[121.180425,23.949664,0.0],[121.180515,23.950369,0.0],[121.180152,23.950683,0.0],[121.178144,23.951081,0.0],[121.177836,23.951199,0.0],[121.176972,23.951226,0.0],[121.176427,23.951424,0.0],[121.176339,23.951515,0.0],[121.175918,23.951582,0.0],[121.17573,23.951463,0.0],[121.174755,23.951543,0.0],[121.173942,23.951501,0.0],[121.173629,23.951566,0.0],[121.173373,23.951523,0.0],[121.173081,23.951646,0.0],[121.172042,23.951647,0.0],[121.171922,23.951743,0.0],[121.171371,23.95174,0.0],[121.1711,23.951829,0.0],[121.170806,23.952042,0.0],[121.170172,23.952117,0.0],[121.169728,23.952467,0.0],[121.168163,23.952678,0.0],[121.167218,23.95296,0.0],[121.166256,23.953086,0.0],[121.166015,23.953171,0.0],[121.165767,23.953499,0.0],[121.165158,23.953929,0.0],[121.163059,23.954221,0.0],[121.162792,23.954132,0.0],[121.162705,23.95402,0.0],[121.162184,23.953916,0.0],[121.161733,23.953999,0.0],[121.16149,23.954261,0.0],[121.160769,23.954328,0.0],[121.160533,23.95445,0.0],[121.160048,23.954894,0.0],[121.160064,23.954987,0.0],[121.159437,23.955288,0.0],[121.159306,23.955252,0.0],[121.15904,23.955321,0.0],[121.158992,23.955421,0.0],[121.159103,23.955522,0.0],[121.15883,23.955644,0.0],[121.15813,23.955495,0.0],[121.157219,23.955494,0.0],[121.157014,23.955147,0.0],[121.155793,23.954482,0.0],[121.155305,23.954065,0.0],[121.154629,23.952846,0.0],[121.152881,23.950851,0.0],[121.151821,23.949303,0.0],[121.151321,23.948436,0.0],[121.150964,23.947538,0.0],[121.150518,23.946789,0.0],[121.14984,23.945951,0.0],[121.148679,23.9449,0.0],[121.148145,23.94408,0.0],[121.147618,23.943529,0.0],[121.146193,23.941082,0.0],[121.146992,23.94072,0.0],[121.147261,23.940508,0.0],[121.148255,23.939218,0.0],[121.149063,23.938475,0.0],[121.149163,23.938158,0.0],[121.149035,23.937567,0.0],[121.149169,23.937159,0.0],[121.149115,23.936111,0.0],[121.149184,23.935776,0.0],[121.148888,23.934966,0.0],[121.148988,23.934329,0.0],[121.148847,23.93388,0.0],[121.148798,23.933255,0.0],[121.148945,23.930887,0.0],[121.148752,23.930422,0.0],[121.148573,23.929621,0.0],[121.148048,23.928348,0.0],[121.148031,23.928024,0.0],[121.148512,23.927722,0.0],[121.149781,23.92728,0.0],[121.150551,23.926774,0.0],[121.151908,23.926366,0.0],[121.15241,23.92607,0.0],[121.153026,23.925137,0.0],[121.153168,23.924745,0.0],[121.153009,23.92398,0.0],[121.15257,23.923387,0.0],[121.152639,23.923207,0.0],[121.148352,23.921031,0.0],[121.14796,23.920729,0.0],[121.147705,23.920661,0.0],[121.146971,23.92072,0.0],[121.146747,23.920668,0.0],[121.146516,23.920458,0.0],[121.146209,23.919998,0.0],[121.145014,23.919341,0.0],[121.144777,23.919261,0.0],[121.143392,23.919257,0.0],[121.142715,23.91915,0.0],[121.14218,23.918796,0.0],[121.141719,23.918266,0.0],[121.14058,23.91793,0.0],[121.139959,23.917895,0.0],[121.139241,23.918117,0.0],[121.138382,23.918644,0.0],[121.138021,23.918777,0.0],[121.136911,23.918889,0.0],[121.136088,23.918649,0.0],[121.134548,23.919153,0.0],[121.133645,23.919814,0.0],[121.133152,23.919492,0.0],[121.132789,23.918996,0.0],[121.132203,23.918504,0.0],[121.131115,23.916783,0.0],[121.130618,23.916538,0.0],[121.130012,23.916359,0.0],[121.129425,23.916339,0.0],[121.128938,23.916203,0.0],[121.12816,23.91572,0.0],[121.127971,23.915277,0.0],[121.127653,23.915041,0.0],[121.126757,23.914568,0.0],[121.12605,23.91446,0.0],[121.12689,23.914107,0.0],[121.12756,23.914137,0.0],[121.127731,23.914244,0.0],[121.127971,23.914244,0.0],[121.12837,23.913964,0.0],[121.130221,23.913719,0.0],[121.131247,23.913494,0.0],[121.131825,23.913272,0.0],[121.132171,23.913344,0.0],[121.131828,23.912968,0.0],[121.130267,23.912171,0.0],[121.128832,23.910773,0.0],[121.128045,23.909778,0.0],[121.127619,23.908596,0.0],[121.127345,23.908261,0.0],[121.126603,23.908006,0.0],[121.125604,23.907516,0.0],[121.124655,23.906709,0.0],[121.124246,23.906485,0.0],[121.123516,23.905242,0.0],[121.123372,23.904846,0.0],[121.123361,23.90435,0.0],[121.123266,23.904141,0.0],[121.122681,23.903766,0.0],[121.122446,23.903235,0.0],[121.12164,23.902916,0.0],[121.121219,23.902888,0.0],[121.120915,23.902777,0.0],[121.120869,23.902493,0.0],[121.120671,23.902291,0.0],[121.12006,23.902039,0.0],[121.119763,23.902013,0.0],[121.119076,23.901766,0.0],[121.118099,23.901641,0.0],[121.117713,23.900893,0.0],[121.117153,23.90016,0.0],[121.117007,23.899799,0.0],[121.117005,23.899499,0.0],[121.115734,23.897709,0.0],[121.115791,23.897586,0.0],[121.115719,23.896881,0.0],[121.115822,23.896699,0.0],[121.116433,23.896314,0.0],[121.116839,23.89593,0.0],[121.117128,23.895816,0.0],[121.117712,23.895761,0.0],[121.118047,23.89424,0.0],[121.118234,23.893933,0.0],[121.118781,23.893502,0.0],[121.118927,23.8933,0.0],[121.119291,23.891937,0.0],[121.119592,23.891624,0.0],[121.119961,23.891435,0.0],[121.120137,23.891039,0.0],[121.120629,23.890674,0.0],[121.120955,23.890627,0.0],[121.121518,23.889747,0.0],[121.122198,23.889138,0.0],[121.12273,23.888908,0.0],[121.122674,23.888574,0.0],[121.122969,23.887706,0.0],[121.122896,23.886997,0.0],[121.122662,23.886316,0.0],[121.122673,23.885987,0.0],[121.122887,23.885079,0.0],[121.123164,23.884676,0.0],[121.123191,23.884061,0.0],[121.12335,23.883579,0.0],[121.123073,23.882335,0.0],[121.12336,23.881632,0.0],[121.12444,23.880573,0.0],[121.124862,23.879985,0.0],[121.125121,23.879174,0.0],[121.125724,23.878845,0.0],[121.125398,23.878611,0.0],[121.125,23.878052,0.0],[121.125721,23.877487,0.0],[121.126104,23.877418,0.0],[121.127132,23.876953,0.0],[121.12766,23.876875,0.0],[121.128301,23.876484,0.0],[121.128831,23.876905,0.0],[121.129768,23.877273,0.0],[121.130029,23.877609,0.0],[121.130385,23.8777,0.0],[121.130629,23.877862,0.0],[121.131977,23.878147,0.0],[121.132648,23.878107,0.0],[121.134117,23.877562,0.0],[121.134451,23.877342,0.0],[121.135854,23.876874,0.0],[121.136517,23.876447,0.0],[121.137409,23.876042,0.0],[121.138985,23.875973,0.0],[121.139192,23.875769,0.0],[121.139285,23.875259,0.0],[121.139437,23.875146,0.0],[121.140296,23.875284,0.0],[121.142036,23.874787,0.0],[121.142345,23.874575,0.0],[121.142762,23.874068,0.0],[121.143172,23.873208,0.0],[121.144012,23.872776,0.0],[121.145084,23.872394,0.0],[121.145828,23.871798,0.0],[121.146004,23.87159,0.0],[121.146115,23.871153,0.0],[121.146694,23.870412,0.0],[121.147226,23.870028,0.0],[121.14761,23.869506,0.0],[121.148047,23.869258,0.0],[121.148709,23.868722,0.0],[121.148922,23.86842,0.0],[121.150253,23.867794,0.0],[121.150782,23.867096,0.0],[121.151258,23.866918,0.0],[121.151632,23.866904,0.0],[121.152247,23.86672,0.0],[121.152431,23.866513,0.0],[121.152859,23.866459,0.0],[121.153058,23.866303,0.0],[121.153578,23.865574,0.0],[121.153659,23.865291,0.0],[121.153645,23.864929,0.0],[121.154621,23.864939,0.0],[121.155155,23.864717,0.0],[121.155855,23.864333,0.0],[121.15693,23.863425,0.0],[121.157354,23.863305,0.0],[121.158146,23.86272,0.0],[121.1593,23.862632,0.0],[121.160348,23.862821,0.0],[121.161269,23.862119,0.0],[121.162079,23.861815,0.0],[121.163742,23.861824,0.0],[121.164306,23.861526,0.0],[121.164923,23.861366,0.0],[121.165378,23.861155,0.0],[121.166492,23.861045,0.0],[121.166928,23.860913,0.0],[121.167582,23.860529,0.0],[121.168451,23.860512,0.0],[121.168967,23.860393,0.0],[121.169947,23.859785,0.0],[121.170689,23.859537,0.0],[121.171106,23.859325,0.0],[121.171253,23.859158,0.0],[121.171685,23.859021,0.0],[121.172161,23.858685,0.0],[121.172597,23.858208,0.0],[121.17349,23.857761,0.0],[121.173937,23.857452,0.0],[121.174429,23.856944,0.0],[121.176039,23.856339,0.0],[121.17638,23.856049,0.0],[121.17706,23.85511,0.0],[121.177836,23.85454,0.0],[121.178513,23.854212,0.0],[121.179767,23.853138,0.0],[121.180642,23.853344,0.0],[121.180912,23.853344,0.0],[121.181136,23.853224,0.0],[121.181393,23.852864,0.0],[121.181754,23.852842,0.0],[121.183205,23.852141,0.0],[121.183417,23.852069,0.0],[121.185313,23.851889,0.0],[121.186491,23.851133,0.0],[121.186698,23.851074,0.0],[121.18759,23.851126,0.0],[121.188154,23.851292,0.0],[121.189428,23.851285,0.0],[121.191735,23.851783,0.0],[121.192785,23.851802,0.0],[121.193114,23.851869,0.0],[121.194199,23.851532,0.0],[121.194709,23.851195,0.0],[121.196659,23.851353,0.0],[121.197161,23.851225,0.0],[121.197715,23.850803,0.0],[121.19907,23.849385,0.0],[121.199921,23.848106,0.0],[121.201353,23.848113,0.0],[121.201623,23.84804,0.0],[121.202054,23.847788,0.0],[121.202346,23.847448,0.0],[121.202722,23.846513,0.0],[121.203055,23.846017,0.0],[121.204012,23.84546,0.0],[121.204455,23.845076,0.0],[121.20485,23.844966,0.0],[121.205296,23.844716,0.0],[121.205968,23.844873,0.0],[121.206775,23.844794,0.0],[121.207652,23.844593,0.0],[121.208242,23.844245,0.0],[121.209939,23.844099,0.0],[121.210524,23.843782,0.0],[121.211195,23.843163,0.0],[121.21151,23.842998,0.0],[121.212206,23.842027,0.0],[121.212664,23.84155,0.0],[121.213384,23.841165,0.0],[121.214205,23.840928,0.0],[121.2145,23.840748,0.0],[121.215037,23.840123,0.0],[121.216443,23.838939,0.0],[121.216555,23.838928,0.0],[121.21724,23.839249,0.0],[121.218321,23.838835,0.0],[121.219446,23.83867,0.0],[121.219808,23.838541,0.0],[121.220702,23.836908,0.0],[121.220985,23.836266,0.0],[121.220996,23.836084,0.0],[121.220928,23.835842,0.0],[121.220091,23.834617,0.0],[121.220054,23.833836,0.0],[121.21986,23.832987,0.0],[121.219945,23.832604,0.0],[121.219505,23.831423,0.0],[121.219524,23.831225,0.0],[121.219799,23.830752,0.0],[121.219852,23.830481,0.0],[121.219643,23.830121,0.0],[121.218784,23.82914,0.0],[121.218746,23.828978,0.0],[121.21893,23.828655,0.0],[121.219444,23.828284,0.0],[121.219681,23.828252,0.0],[121.219809,23.827878,0.0],[121.220297,23.827255,0.0],[121.220632,23.826642,0.0],[121.220757,23.825747,0.0],[121.220581,23.825126,0.0],[121.220718,23.824675,0.0],[121.220799,23.823932,0.0],[121.220668,23.822388,0.0],[121.220818,23.821933,0.0],[121.221019,23.821646,0.0],[121.221724,23.821494,0.0],[121.222635,23.820522,0.0],[121.222674,23.819983,0.0],[121.222503,23.81961,0.0],[121.222249,23.819342,0.0],[121.222749,23.819272,0.0],[121.223912,23.819318,0.0],[121.225199,23.818943,0.0],[121.225702,23.818524,0.0],[121.226025,23.817914,0.0],[121.226161,23.817834,0.0],[121.226936,23.817962,0.0],[121.227428,23.818163,0.0],[121.228084,23.818154,0.0],[121.228649,23.817945,0.0],[121.228984,23.817603,0.0],[121.229416,23.818106,0.0],[121.229569,23.818171,0.0],[121.230892,23.81777,0.0],[121.231493,23.817783,0.0],[121.23232,23.817891,0.0],[121.233082,23.818509,0.0],[121.233525,23.818478,0.0],[121.2345,23.818263,0.0],[121.23525,23.818412,0.0],[121.235801,23.81881,0.0],[121.236208,23.819307,0.0],[121.236448,23.819486,0.0],[121.236762,23.820152,0.0],[121.237468,23.820407,0.0],[121.238067,23.821047,0.0],[121.238867,23.821617,0.0],[121.238344,23.821912,0.0],[121.236542,23.823201,0.0],[121.236898,23.825706,0.0],[121.23708,23.826509,0.0],[121.237325,23.826835,0.0],[121.237451,23.827465,0.0],[121.237373,23.828514,0.0],[121.238249,23.829672,0.0],[121.238302,23.829837,0.0],[121.237717,23.831692,0.0],[121.237687,23.831952,0.0],[121.237809,23.832716,0.0],[121.23776,23.833087,0.0],[121.237889,23.833559,0.0],[121.2386,23.834562,0.0],[121.238833,23.83547,0.0],[121.239131,23.835946,0.0],[121.239124,23.836172,0.0],[121.238752,23.83721,0.0],[121.238872,23.837833,0.0],[121.239069,23.838244,0.0],[121.23978,23.838332,0.0],[121.239943,23.839084,0.0],[121.23985,23.839275,0.0],[121.239918,23.840539,0.0],[121.240175,23.841092,0.0],[121.240652,23.841572,0.0],[121.241226,23.842477,0.0],[121.241625,23.842695,0.0],[121.242189,23.843183,0.0],[121.242583,23.844158,0.0],[121.243417,23.844816,0.0],[121.243905,23.845526,0.0],[121.244042,23.846415,0.0],[121.243986,23.847413,0.0],[121.244116,23.847747,0.0],[121.244619,23.848298,0.0],[121.24566,23.849721,0.0],[121.246363,23.850264,0.0],[121.246428,23.850405,0.0],[121.246652,23.850428,0.0],[121.247324,23.850759,0.0],[121.247879,23.851155,0.0],[121.248465,23.851396,0.0],[121.248808,23.851894,0.0],[121.248751,23.853563,0.0],[121.24887,23.854111,0.0],[121.249398,23.854915,0.0],[121.249485,23.855827,0.0],[121.249682,23.856387,0.0],[121.250159,23.856939,0.0],[121.250143,23.858297,0.0],[121.25057,23.858755,0.0],[121.250612,23.85948,0.0],[121.250403,23.859995,0.0],[121.250412,23.860335,0.0],[121.250922,23.861066,0.0],[121.251375,23.86136,0.0],[121.251783,23.861483,0.0],[121.252204,23.861775,0.0],[121.252815,23.862543,0.0],[121.25268,23.863201,0.0],[121.252873,23.863722,0.0],[121.25268,23.864742,0.0],[121.252894,23.865317,0.0],[121.252685,23.866033,0.0],[121.252611,23.867117,0.0],[121.252628,23.867374,0.0],[121.25288,23.867776,0.0],[121.252821,23.868169,0.0],[121.252993,23.868332,0.0],[121.253532,23.868508,0.0],[121.254741,23.868517,0.0],[121.256363,23.869289,0.0],[121.257715,23.869737,0.0],[121.258004,23.870071,0.0],[121.258518,23.87102,0.0],[121.259052,23.87237,0.0],[121.259295,23.872612,0.0],[121.260452,23.872866,0.0],[121.261203,23.872948,0.0],[121.261512,23.872848,0.0],[121.262275,23.872347,0.0],[121.262512,23.872293,0.0],[121.263018,23.872385,0.0],[121.263867,23.872845,0.0],[121.265079,23.872925,0.0],[121.265424,23.872873,0.0],[121.265439,23.872955,0.0],[121.265147,23.873216,0.0],[121.264628,23.873423,0.0],[121.264438,23.873665,0.0],[121.264515,23.874094,0.0],[121.264439,23.87511,0.0],[121.264514,23.876491,0.0],[121.264126,23.876898,0.0],[121.263599,23.877698,0.0],[121.263274,23.878268,0.0],[121.263088,23.878829,0.0],[121.263024,23.879362,0.0],[121.263356,23.880791,0.0],[121.263113,23.881273,0.0],[121.263033,23.881718,0.0],[121.263312,23.882066,0.0],[121.263871,23.882442,0.0],[121.265121,23.883006,0.0],[121.265775,23.883251,0.0],[121.267812,23.883638,0.0],[121.268428,23.883843,0.0],[121.268413,23.884391,0.0],[121.268041,23.885366,0.0],[121.267747,23.885617,0.0],[121.267568,23.885934,0.0],[121.267471,23.886655,0.0],[121.267329,23.887106,0.0],[121.267485,23.887632,0.0],[121.267493,23.887966,0.0],[121.267369,23.888971,0.0],[121.267225,23.889294,0.0],[121.266748,23.889924,0.0],[121.266189,23.890407,0.0],[121.264773,23.89106,0.0],[121.264838,23.891266,0.0],[121.265141,23.891603,0.0],[121.265341,23.892077,0.0],[121.26537,23.892822,0.0],[121.265785,23.893456,0.0],[121.26596,23.89421,0.0],[121.265932,23.894582,0.0],[121.265375,23.895594,0.0],[121.265254,23.896289,0.0],[121.265027,23.896532,0.0],[121.263653,23.89704,0.0],[121.263065,23.8974,0.0],[121.262328,23.898234,0.0],[121.262195,23.898566,0.0],[121.262533,23.899466,0.0],[121.262553,23.900141,0.0],[121.262239,23.900514,0.0],[121.261416,23.901161,0.0],[121.260961,23.901914,0.0],[121.260709,23.90252,0.0],[121.261547,23.903288,0.0],[121.262132,23.903691,0.0],[121.262469,23.904239,0.0],[121.262858,23.904457,0.0],[121.263269,23.904556,0.0],[121.263847,23.904898,0.0],[121.265389,23.905991,0.0],[121.265658,23.906328,0.0],[121.265589,23.906431,0.0],[121.265794,23.907048,0.0],[121.266192,23.907436,0.0],[121.266076,23.907611,0.0],[121.266276,23.907764,0.0],[121.266327,23.908266,0.0],[121.26656,23.908329,0.0],[121.266836,23.908217,0.0],[121.267508,23.908167,0.0],[121.267859,23.907779,0.0],[121.268319,23.90702,0.0],[121.269408,23.906847,0.0],[121.270131,23.906821,0.0],[121.271349,23.906854,0.0],[121.27178,23.907015,0.0],[121.272402,23.906949,0.0],[121.272921,23.907207,0.0],[121.273418,23.907116,0.0],[121.274262,23.907239,0.0],[121.274668,23.907353,0.0],[121.275029,23.907767,0.0],[121.275171,23.908088,0.0],[121.275435,23.90902,0.0],[121.275631,23.910661,0.0],[121.275394,23.911883,0.0],[121.275316,23.914493,0.0],[121.275378,23.914743,0.0],[121.275862,23.915221,0.0],[121.276016,23.915648,0.0],[121.275425,23.916816,0.0],[121.275027,23.917875,0.0],[121.274993,23.918609,0.0],[121.275152,23.919286,0.0],[121.275875,23.920768,0.0],[121.275884,23.920927,0.0],[121.27565,23.921299,0.0],[121.275574,23.921695,0.0],[121.276004,23.922056,0.0],[121.276128,23.922718,0.0],[121.276095,23.923131,0.0],[121.275904,23.92357,0.0],[121.275332,23.923854,0.0],[121.274122,23.925142,0.0],[121.274071,23.92535,0.0],[121.274243,23.925951,0.0],[121.273874,23.92703,0.0],[121.273334,23.92789,0.0],[121.273136,23.92864,0.0],[121.273139,23.928899,0.0],[121.273248,23.929139,0.0],[121.274052,23.929675,0.0],[121.274417,23.930066,0.0],[121.274577,23.930445,0.0],[121.274661,23.931208,0.0],[121.274641,23.931522,0.0],[121.273728,23.932623,0.0],[121.273449,23.933131,0.0],[121.273552,23.935681,0.0],[121.272658,23.937265,0.0],[121.272592,23.937502,0.0],[121.272266,23.937928,0.0],[121.2723,23.938456,0.0]],[[121.214973,23.993384,0.0],[121.214847,23.993407,0.0],[121.215103,23.993387,0.0],[121.214973,23.993384,0.0]],[[121.256455,24.119151,0.0],[121.256421,24.119143,0.0],[121.256385,24.119139,0.0],[121.256208,24.119133,0.0],[121.256455,24.119151,0.0]],[[121.256488,24.119161,0.0],[121.256455,24.119151,0.0],[121.256718,24.119292,0.0],[121.256694,24.119272,0.0],[121.256648,24.119243,0.0],[121.256523,24.119174,0.0],[121.256488,24.119161,0.0]],[[121.25681,24.119454,0.0],[121.256793,24.119407,0.0],[121.256778,24.119384,0.0],[121.25681,24.119454,0.0]],[[121.256839,24.119488,0.0],[121.25681,24.119454,0.0],[121.256851,24.119518,0.0],[121.256839,24.119488,0.0]],[[121.258159,24.119504,0.0],[121.258122,24.11952,0.0],[121.258113,24.119523,0.0],[121.258073,24.119554,0.0],[121.258159,24.119504,0.0]],[[121.258323,24.119512,0.0],[121.258159,24.119504,0.0],[121.258511,24.119529,0.0],[121.258323,24.119512,0.0]],[[121.258656,24.119531,0.0],[121.258511,24.119529,0.0],[121.258782,24.11954,0.0],[121.258731,24.119534,0.0],[121.258656,24.119531,0.0]],[[121.260446,24.120342,0.0],[121.260683,24.120453,0.0],[121.26061,24.120417,0.0],[121.260523,24.120376,0.0],[121.260446,24.120341,0.0],[121.260348,24.120287,0.0],[121.260446,24.120342,0.0]],[[121.261985,24.120839,0.0],[121.261886,24.120842,0.0],[121.261808,24.120848,0.0],[121.26172,24.120864,0.0],[121.261985,24.120839,0.0]],[[121.262388,24.120875,0.0],[121.262353,24.120858,0.0],[121.262333,24.120851,0.0],[121.262312,24.120845,0.0],[121.262263,24.120836,0.0],[121.262204,24.120826,0.0],[121.262388,24.120875,0.0]],[[121.26282,24.121181,0.0],[121.262959,24.121259,0.0],[121.263004,24.121289,0.0],[121.263151,24.121342,0.0],[121.26282,24.121181,0.0]],[[121.266853,24.123064,0.0],[121.266788,24.123055,0.0],[121.266729,24.123057,0.0],[121.26667,24.12306,0.0],[121.266853,24.123064,0.0]],[[121.26745,24.123028,0.0],[121.267552,24.123014,0.0],[121.267358,24.123034,0.0],[121.26745,24.123028,0.0]],[[121.267259,24.123054,0.0],[121.267358,24.123034,0.0],[121.267005,24.123069,0.0],[121.267259,24.123054,0.0]],[[121.267834,24.123035,0.0],[121.267795,24.123024,0.0],[121.267614,24.123008,0.0],[121.267869,24.123056,0.0],[121.267834,24.123035,0.0]],[[121.268941,24.124338,0.0],[121.268931,24.124312,0.0],[121.268888,24.124273,0.0],[121.268945,24.124365,0.0],[121.268941,24.124338,0.0]],[[121.269789,24.127112,0.0],[121.269782,24.127067,0.0],[121.269775,24.127028,0.0],[121.269764,24.126979,0.0],[121.269789,24.127112,0.0]],[[121.201523,23.987769,0.0],[121.201403,23.98704,0.0],[121.201337,23.98686,0.0],[121.201017,23.986395,0.0],[121.200554,23.985849,0.0],[121.200447,23.985641,0.0],[121.200426,23.985213,0.0],[121.200553,23.984964,0.0],[121.200597,23.984794,0.0],[121.2006,23.984661,0.0],[121.200551,23.984311,0.0],[121.200345,23.983547,0.0],[121.200586,23.984665,0.0],[121.200412,23.985217,0.0],[121.200433,23.985644,0.0],[121.200541,23.985852,0.0],[121.201323,23.986864,0.0],[121.201509,23.987772,0.0],[121.201994,23.988829,0.0],[121.202366,23.989218,0.0],[121.203055,23.98976,0.0],[121.204258,23.9902,0.0],[121.204991,23.99063,0.0],[121.20582,23.99145,0.0],[121.206494,23.992381,0.0],[121.206657,23.992425,0.0],[121.206761,23.992434,0.0],[121.206508,23.992377,0.0],[121.205833,23.991447,0.0],[121.205316,23.99091,0.0],[121.205004,23.990626,0.0],[121.204599,23.990371,0.0],[121.204271,23.990197,0.0],[121.203993,23.990075,0.0],[121.203068,23.989756,0.0],[121.20238,23.989215,0.0],[121.202008,23.988825,0.0],[121.201523,23.987769,0.0]],[[121.20685,23.992441,0.0],[121.207257,23.992409,0.0],[121.206765,23.992434,0.0],[121.20685,23.992441,0.0]],[[121.274061,23.974639,0.0],[121.273881,23.974742,0.0],[121.273974,23.97469,0.0],[121.274012,23.974672,0.0],[121.274061,23.974639,0.0]],[[121.275183,23.969942,0.0],[121.275285,23.969912,0.0],[121.275445,23.969829,0.0],[121.275293,23.969906,0.0],[121.275226,23.969926,0.0],[121.275183,23.969942,0.0]],[[121.275555,23.969711,0.0],[121.27554,23.969723,0.0],[121.275555,23.969712,0.0],[121.275555,23.969711,0.0]],[[121.276844,23.966764,0.0],[121.276744,23.966809,0.0],[121.276785,23.966797,0.0],[121.276844,23.966764,0.0]],[[121.275055,23.959374,0.0],[121.27503,23.959394,0.0],[121.275055,23.959375,0.0],[121.275055,23.959374,0.0]],[[121.275565,23.956866,0.0],[121.275529,23.956875,0.0],[121.275761,23.956827,0.0],[121.275565,23.956866,0.0]],[[121.275842,23.956772,0.0],[121.27581,23.95679,0.0],[121.275836,23.956777,0.0],[121.275842,23.956772,0.0]],[[121.272585,23.946223,0.0],[121.272554,23.946247,0.0],[121.272583,23.946226,0.0],[121.272585,23.946223,0.0]],[[121.288055,24.058814,0.0],[121.288192,24.058687,0.0],[121.288187,24.05869,0.0],[121.288008,24.058854,0.0],[121.288055,24.058814,0.0]],[[121.28565,24.046206,0.0],[121.285622,24.046225,0.0],[121.285618,24.046229,0.0],[121.28565,24.046206,0.0]],[[121.285775,24.046098,0.0],[121.285752,24.046115,0.0],[121.285775,24.046099,0.0],[121.285775,24.046098,0.0]],[[121.269944,24.006828,0.0],[121.269807,24.006904,0.0],[121.269658,24.006992,0.0],[121.269652,24.006997,0.0],[121.270076,24.006771,0.0],[121.270238,24.006664,0.0],[121.270082,24.006766,0.0],[121.269944,24.006828,0.0]],[[121.26035,23.988896,0.0],[121.260323,23.988918,0.0],[121.26035,23.988897,0.0],[121.26035,23.988896,0.0]],[[121.261747,23.980917,0.0],[121.261711,23.980939,0.0],[121.261744,23.980921,0.0],[121.261747,23.980917,0.0]],[[121.263237,23.978707,0.0],[121.263278,23.978678,0.0],[121.263244,23.978701,0.0],[121.263237,23.978707,0.0]],[[121.21458,23.993443,0.0],[121.214606,23.993443,0.0],[121.214756,23.993421,0.0],[121.21458,23.993443,0.0]],[[121.21426,23.993485,0.0],[121.21412,23.993503,0.0],[121.214373,23.993488,0.0],[121.214478,23.993474,0.0],[121.21426,23.993485,0.0]],[[121.213806,23.993569,0.0],[121.213319,23.993667,0.0],[121.213793,23.993573,0.0],[121.214032,23.993532,0.0],[121.213806,23.993569,0.0]],[[121.212518,23.993895,0.0],[121.212647,23.993888,0.0],[121.21253,23.993891,0.0],[121.212518,23.993895,0.0]],[[121.211063,23.993884,0.0],[121.212033,23.993949,0.0],[121.212176,23.993952,0.0],[121.212445,23.993916,0.0],[121.211063,23.993884,0.0]],[[121.208297,23.992245,0.0],[121.209073,23.992658,0.0],[121.209556,23.993332,0.0],[121.209722,23.993491,0.0],[121.209965,23.993673,0.0],[121.210271,23.993832,0.0],[121.210368,23.993862,0.0],[121.210596,23.993909,0.0],[121.210809,23.993922,0.0],[121.210874,23.993923,0.0],[121.210955,23.993916,0.0],[121.211018,23.993901,0.0],[121.210381,23.993858,0.0],[121.209979,23.99367,0.0],[121.20957,23.993329,0.0],[121.209086,23.992655,0.0],[121.20831,23.992242,0.0],[121.207902,23.992207,0.0],[121.207784,23.992222,0.0],[121.207889,23.99221,0.0],[121.208237,23.992253,0.0],[121.208297,23.992245,0.0]],[[121.273118,24.138716,0.0],[121.273064,24.138745,0.0],[121.273015,24.138774,0.0],[121.273118,24.138716,0.0]],[[121.257663,24.119663,0.0],[121.257275,24.119668,0.0],[121.257369,24.119671,0.0],[121.257453,24.11968,0.0],[121.25758,24.119667,0.0],[121.257663,24.119663,0.0]],[[121.257968,24.119607,0.0],[121.257875,24.119623,0.0],[121.257875,24.119624,0.0],[121.257968,24.119607,0.0]],[[121.260038,24.12014,0.0],[121.259285,24.1197,0.0],[121.259459,24.119808,0.0],[121.259759,24.120006,0.0],[121.259834,24.120035,0.0],[121.260038,24.12014,0.0]],[[121.260966,24.120586,0.0],[121.260847,24.120538,0.0],[121.261345,24.120774,0.0],[121.26119,24.120691,0.0],[121.261082,24.120639,0.0],[121.260966,24.120586,0.0]],[[121.26262,24.121048,0.0],[121.262585,24.12102,0.0],[121.262532,24.120981,0.0],[121.26246,24.120931,0.0],[121.26262,24.121048,0.0]],[[121.263522,24.121589,0.0],[121.263479,24.12155,0.0],[121.263388,24.121473,0.0],[121.263325,24.12143,0.0],[121.263275,24.121403,0.0],[121.263754,24.121771,0.0],[121.263658,24.12169,0.0],[121.263522,24.121589,0.0]],[[121.26394,24.121886,0.0],[121.263823,24.121807,0.0],[121.263767,24.121777,0.0],[121.26394,24.121886,0.0]],[[121.268186,24.123628,0.0],[121.268279,24.123741,0.0],[121.268139,24.123538,0.0],[121.268155,24.123574,0.0],[121.268169,24.123596,0.0],[121.268186,24.123628,0.0]],[[121.268942,24.124404,0.0],[121.268932,24.124439,0.0],[121.26893,24.124475,0.0],[121.268942,24.124404,0.0]],[[121.277381,24.136494,0.0],[121.277312,24.136527,0.0],[121.277253,24.13656,0.0],[121.277381,24.136494,0.0]],[[121.277646,24.136391,0.0],[121.277589,24.136412,0.0],[121.277526,24.136437,0.0],[121.277646,24.136391,0.0]]],[[[121.136993,23.979613,0.0],[121.136745,23.979736,0.0],[121.135892,23.979591,0.0],[121.135444,23.979824,0.0],[121.134707,23.979916,0.0],[121.134329,23.980047,0.0],[121.133586,23.980822,0.0],[121.133391,23.981126,0.0],[121.133152,23.981728,0.0],[121.133018,23.982756,0.0],[121.131857,23.983257,0.0],[121.13129,23.983272,0.0],[121.131237,23.983195,0.0],[121.131729,23.983131,0.0],[121.13272,23.982624,0.0],[121.13275,23.982389,0.0],[121.132579,23.981492,0.0],[121.132651,23.981082,0.0],[121.133583,23.980289,0.0],[121.133859,23.979827,0.0],[121.134123,23.979657,0.0],[121.134719,23.979599,0.0],[121.134986,23.979478,0.0],[121.135579,23.97937,0.0],[121.135732,23.979232,0.0],[121.137276,23.978779,0.0],[121.139354,23.978877,0.0],[121.139235,23.979025,0.0],[121.138661,23.979254,0.0],[121.138476,23.979666,0.0],[121.13777,23.979571,0.0],[121.13769,23.979428,0.0],[121.137587,23.979463,0.0],[121.137628,23.979579,0.0],[121.13726,23.979609,0.0],[121.137125,23.979599,0.0],[121.137043,23.979462,0.0],[121.136943,23.979497,0.0],[121.136993,23.979613,0.0]]],[[[121.117228,23.988324,0.0],[121.11738,23.98835,0.0],[121.117397,23.988532,0.0],[121.117228,23.988324,0.0]]],[[[121.117961,23.989897,0.0],[121.118127,23.990063,0.0],[121.118266,23.990581,0.0],[121.118058,23.990794,0.0],[121.117986,23.991086,0.0],[121.118191,23.991993,0.0],[121.118366,23.992354,0.0],[121.118941,23.99314,0.0],[121.118794,23.993226,0.0],[121.11792,23.992514,0.0],[121.117891,23.991735,0.0],[121.118054,23.990408,0.0],[121.117961,23.989897,0.0]]],[[[121.129778,24.012463,0.0],[121.129614,24.012575,0.0],[121.129625,24.013506,0.0],[121.129779,24.013742,0.0],[121.130227,24.014005,0.0],[121.130365,24.014457,0.0],[121.131404,24.014838,0.0],[121.13177,24.015023,0.0],[121.131814,24.015112,0.0],[121.131781,24.015213,0.0],[121.131428,24.015272,0.0],[121.131124,24.015423,0.0],[121.130641,24.015973,0.0],[121.130487,24.016493,0.0],[121.130108,24.015638,0.0],[121.130232,24.015444,0.0],[121.130204,24.015168,0.0],[121.130044,24.014991,0.0],[121.129788,24.014924,0.0],[121.129772,24.014737,0.0],[121.129563,24.014445,0.0],[121.129457,24.014476,0.0],[121.128443,24.013171,0.0],[121.127868,24.012255,0.0],[121.127206,24.010337,0.0],[121.12699,24.010003,0.0],[121.126496,24.009592,0.0],[121.126369,24.00888,0.0],[121.12603,24.008286,0.0],[121.125796,24.007612,0.0],[121.125436,24.007219,0.0],[121.125363,24.00673,0.0],[121.124861,24.006053,0.0],[121.124787,24.005105,0.0],[121.124266,24.003568,0.0],[121.123745,24.002746,0.0],[121.123011,24.001858,0.0],[121.122867,24.001506,0.0],[121.122619,24.001274,0.0],[121.122469,24.000957,0.0],[121.12234,24.00053,0.0],[121.122205,23.998713,0.0],[121.122312,23.99763,0.0],[121.122645,23.996814,0.0],[121.122599,23.996704,0.0],[121.122451,23.99643,0.0],[121.121346,23.995807,0.0],[121.120812,23.995332,0.0],[121.120434,23.994916,0.0],[121.120218,23.994484,0.0],[121.119876,23.994247,0.0],[121.119011,23.992869,0.0],[121.119082,23.993058,0.0],[121.118965,23.993126,0.0],[121.118363,23.992294,0.0],[121.118015,23.991172,0.0],[121.118055,23.990861,0.0],[121.118296,23.990577,0.0],[121.118154,23.990053,0.0],[121.117964,23.989864,0.0],[121.117956,23.989175,0.0],[121.117737,23.98881,0.0],[121.117419,23.988549,0.0],[121.117483,23.988446,0.0],[121.117423,23.988333,0.0],[121.119218,23.98767,0.0],[121.119449,23.987741,0.0],[121.119892,23.987119,0.0],[121.12045,23.986938,0.0],[121.120564,23.986687,0.0],[121.121311,23.986143,0.0],[121.121558,23.985815,0.0],[121.121808,23.985263,0.0],[121.122443,23.984639,0.0],[121.123268,23.983532,0.0],[121.124006,23.983125,0.0],[121.124822,23.983155,0.0],[121.125602,23.983424,0.0],[121.126339,23.983253,0.0],[121.126673,23.983308,0.0],[121.127197,23.982983,0.0],[121.127768,23.982885,0.0],[121.129365,23.981979,0.0],[121.129991,23.981075,0.0],[121.130595,23.980566,0.0],[121.131586,23.979957,0.0],[121.133716,23.979147,0.0],[121.134111,23.979259,0.0],[121.134054,23.979612,0.0],[121.133849,23.97977,0.0],[121.133601,23.980216,0.0],[121.132774,23.98086,0.0],[121.132574,23.981155,0.0],[121.132535,23.981578,0.0],[121.132683,23.982593,0.0],[121.131712,23.983088,0.0],[121.131108,23.983172,0.0],[121.130675,23.983333,0.0],[121.130355,23.983638,0.0],[121.130441,23.983895,0.0],[121.13081,23.984141,0.0],[121.13147,23.984465,0.0],[121.13209,23.984463,0.0],[121.132178,23.984609,0.0],[121.132039,23.985548,0.0],[121.131483,23.985958,0.0],[121.131449,23.98605,0.0],[121.131451,23.98629,0.0],[121.131252,23.986887,0.0],[121.131274,23.987276,0.0],[121.130979,23.987666,0.0],[121.131168,23.988074,0.0],[121.131001,23.988124,0.0],[121.130568,23.987992,0.0],[121.129918,23.987953,0.0],[121.129805,23.988038,0.0],[121.129997,23.988443,0.0],[121.130374,23.988755,0.0],[121.130396,23.989147,0.0],[121.131013,23.989567,0.0],[121.131145,23.990006,0.0],[121.130902,23.99056,0.0],[121.131229,23.991708,0.0],[121.131042,23.991833,0.0],[121.130333,23.991661,0.0],[121.129986,23.991887,0.0],[121.129336,23.991872,0.0],[121.128699,23.992135,0.0],[121.128459,23.992419,0.0],[121.128661,23.99271,0.0],[121.129144,23.992437,0.0],[121.129341,23.992422,0.0],[121.130286,23.992897,0.0],[121.130927,23.993123,0.0],[121.131768,23.993304,0.0],[121.132032,23.993975,0.0],[121.1327,23.99488,0.0],[121.132591,23.995101,0.0],[121.131677,23.995434,0.0],[121.131378,23.995838,0.0],[121.131286,23.99609,0.0],[121.131444,23.996418,0.0],[121.131508,23.997224,0.0],[121.131156,23.99772,0.0],[121.13077,23.998002,0.0],[121.130719,23.998185,0.0],[121.130807,23.998919,0.0],[121.1313,23.999467,0.0],[121.131254,23.999937,0.0],[121.130652,24.0004,0.0],[121.129863,24.00078,0.0],[121.129598,24.001094,0.0],[121.129634,24.00132,0.0],[121.129845,24.001504,0.0],[121.130859,24.001471,0.0],[121.131512,24.001828,0.0],[121.131515,24.002026,0.0],[121.131212,24.002226,0.0],[121.13107,24.002452,0.0],[121.131132,24.002779,0.0],[121.130989,24.003204,0.0],[121.13096,24.003792,0.0],[121.13083,24.003991,0.0],[121.130431,24.004011,0.0],[121.130097,24.004152,0.0],[121.129822,24.0045,0.0],[121.129356,24.004644,0.0],[121.129193,24.004846,0.0],[121.12953,24.005089,0.0],[121.129568,24.005195,0.0],[121.129175,24.005712,0.0],[121.129166,24.005814,0.0],[121.129278,24.005908,0.0],[121.129755,24.005974,0.0],[121.13007,24.006363,0.0],[121.129819,24.00682,0.0],[121.129462,24.006959,0.0],[121.129447,24.007297,0.0],[121.129593,24.007602,0.0],[121.130052,24.007843,0.0],[121.130177,24.008032,0.0],[121.129479,24.008453,0.0],[121.129,24.008553,0.0],[121.12889,24.008712,0.0],[121.128899,24.009068,0.0],[121.129187,24.009707,0.0],[121.129562,24.009915,0.0],[121.129775,24.010189,0.0],[121.130307,24.010356,0.0],[121.130669,24.010382,0.0],[121.130722,24.010512,0.0],[121.130646,24.010654,0.0],[121.130151,24.010798,0.0],[121.129958,24.010955,0.0],[121.129949,24.011172,0.0],[121.130397,24.011598,0.0],[121.1305,24.011835,0.0],[121.130352,24.012285,0.0],[121.129778,24.012463,0.0]],[[121.118004,23.989222,0.0],[121.118067,23.989221,0.0],[121.118068,23.989167,0.0],[121.118004,23.989222,0.0]]],[[[121.134957,24.012536,0.0],[121.134344,24.012861,0.0],[121.133944,24.013342,0.0],[121.133853,24.014043,0.0],[121.134059,24.014857,0.0],[121.133785,24.015548,0.0],[121.134245,24.016235,0.0],[121.134311,24.016503,0.0],[121.134689,24.016908,0.0],[121.135088,24.017579,0.0],[121.133703,24.017677,0.0],[121.133659,24.018141,0.0],[121.133453,24.018615,0.0],[121.132686,24.019,0.0],[121.132011,24.019545,0.0],[121.131648,24.019521,0.0],[121.131489,24.018974,0.0],[121.131624,24.018921,0.0],[121.13168,24.018645,0.0],[121.131397,24.01801,0.0],[121.131136,24.018078,0.0],[121.130518,24.016574,0.0],[121.130685,24.015993,0.0],[121.131083,24.015518,0.0],[121.131375,24.015343,0.0],[121.131858,24.01524,0.0],[121.131881,24.015085,0.0],[121.131718,24.014919,0.0],[121.130397,24.014422,0.0],[121.130282,24.014001,0.0],[121.129791,24.013688,0.0],[121.129638,24.01329,0.0],[121.129642,24.012606,0.0],[121.129844,24.01248,0.0],[121.130381,24.012322,0.0],[121.130541,24.011898,0.0],[121.1305,24.011659,0.0],[121.130287,24.011364,0.0],[121.130027,24.011196,0.0],[121.129998,24.01099,0.0],[121.13022,24.010819,0.0],[121.130697,24.010676,0.0],[121.13076,24.010424,0.0],[121.130702,24.010352,0.0],[121.130349,24.010323,0.0],[121.129829,24.010155,0.0],[121.12957,24.009862,0.0],[121.12926,24.009715,0.0],[121.129136,24.009542,0.0],[121.128941,24.008918,0.0],[121.129021,24.008623,0.0],[121.12951,24.008505,0.0],[121.130165,24.008133,0.0],[121.130264,24.007985,0.0],[121.130195,24.007879,0.0],[121.129665,24.00756,0.0],[121.1295,24.007253,0.0],[121.12949,24.007054,0.0],[121.129873,24.006832,0.0],[121.130119,24.00636,0.0],[121.129779,24.005935,0.0],[121.129335,24.005876,0.0],[121.129211,24.005795,0.0],[121.129661,24.005205,0.0],[121.129553,24.005044,0.0],[121.129321,24.0049,0.0],[121.1293,24.004789,0.0],[121.129391,24.00469,0.0],[121.129847,24.00456,0.0],[121.130184,24.004155,0.0],[121.130914,24.003981,0.0],[121.13106,24.003596,0.0],[121.131047,24.003166,0.0],[121.131202,24.00277,0.0],[121.131149,24.002408,0.0],[121.131589,24.001955,0.0],[121.131497,24.001735,0.0],[121.130944,24.001427,0.0],[121.130557,24.001376,0.0],[121.129806,24.00141,0.0],[121.129684,24.001253,0.0],[121.129664,24.001069,0.0],[121.130048,24.000732,0.0],[121.130628,24.000498,0.0],[121.131145,24.000175,0.0],[121.131316,23.999964,0.0],[121.131391,23.999576,0.0],[121.131243,23.999281,0.0],[121.130868,23.998904,0.0],[121.130807,23.998161,0.0],[121.130848,23.998035,0.0],[121.131226,23.997756,0.0],[121.131587,23.997149,0.0],[121.131492,23.99634,0.0],[121.131355,23.996193,0.0],[121.131394,23.995915,0.0],[121.131707,23.995496,0.0],[121.132578,23.995176,0.0],[121.132784,23.994899,0.0],[121.132075,23.993953,0.0],[121.131795,23.993266,0.0],[121.130942,23.99308,0.0],[121.130305,23.992856,0.0],[121.129353,23.992378,0.0],[121.129123,23.992396,0.0],[121.128706,23.992668,0.0],[121.128542,23.992457,0.0],[121.128732,23.992233,0.0],[121.12935,23.991915,0.0],[121.129997,23.991931,0.0],[121.13034,23.991706,0.0],[121.131056,23.991889,0.0],[121.131282,23.991753,0.0],[121.131184,23.991208,0.0],[121.130951,23.990556,0.0],[121.131194,23.990011,0.0],[121.131061,23.989555,0.0],[121.13044,23.989125,0.0],[121.130419,23.988735,0.0],[121.130051,23.988434,0.0],[121.129865,23.988108,0.0],[121.129983,23.988024,0.0],[121.130587,23.988056,0.0],[121.130861,23.988162,0.0],[121.13121,23.988099,0.0],[121.131219,23.987958,0.0],[121.131061,23.987689,0.0],[121.131359,23.987242,0.0],[121.131329,23.986848,0.0],[121.131527,23.986277,0.0],[121.131526,23.986057,0.0],[121.131635,23.985893,0.0],[121.132083,23.985568,0.0],[121.132255,23.984579,0.0],[121.132114,23.984404,0.0],[121.131512,23.984428,0.0],[121.130866,23.984118,0.0],[121.130519,23.983909,0.0],[121.130402,23.983658,0.0],[121.130751,23.983351,0.0],[121.130977,23.983452,0.0],[121.131345,23.983312,0.0],[121.131899,23.983323,0.0],[121.132365,23.983182,0.0],[121.132733,23.982963,0.0],[121.132621,23.983301,0.0],[121.13212,23.983699,0.0],[121.131588,23.983869,0.0],[121.131599,23.98395,0.0],[121.131757,23.984044,0.0],[121.132011,23.983991,0.0],[121.132683,23.984127,0.0],[121.132611,23.984563,0.0],[121.132724,23.984903,0.0],[121.132491,23.985775,0.0],[121.132225,23.986021,0.0],[121.132042,23.98602,0.0],[121.131968,23.98642,0.0],[121.131876,23.986482,0.0],[121.131668,23.987067,0.0],[121.131549,23.987873,0.0],[121.131708,23.988104,0.0],[121.131714,23.988501,0.0],[121.131477,23.988678,0.0],[121.131214,23.988717,0.0],[121.130586,23.988429,0.0],[121.130893,23.988812,0.0],[121.130886,23.989064,0.0],[121.131099,23.98925,0.0],[121.13138,23.989358,0.0],[121.131639,23.989169,0.0],[121.131813,23.989208,0.0],[121.131762,23.989429,0.0],[121.131551,23.989688,0.0],[121.131698,23.989881,0.0],[121.131705,23.990063,0.0],[121.131585,23.990344,0.0],[121.131734,23.990695,0.0],[121.131706,23.991318,0.0],[121.131848,23.991662,0.0],[121.131885,23.992062,0.0],[121.131375,23.99225,0.0],[121.130555,23.992086,0.0],[121.130284,23.99222,0.0],[121.13039,23.992323,0.0],[121.13061,23.992363,0.0],[121.131084,23.992605,0.0],[121.131389,23.992552,0.0],[121.13185,23.99267,0.0],[121.132364,23.99256,0.0],[121.132638,23.99269,0.0],[121.132829,23.993013,0.0],[121.132792,23.993371,0.0],[121.132866,23.99356,0.0],[121.133145,23.993777,0.0],[121.133311,23.994087,0.0],[121.13395,23.994577,0.0],[121.134125,23.994875,0.0],[121.134006,23.995112,0.0],[121.134041,23.995606,0.0],[121.133942,23.995985,0.0],[121.133787,23.996219,0.0],[121.133641,23.99624,0.0],[121.133292,23.996513,0.0],[121.132574,23.996614,0.0],[121.132966,23.997067,0.0],[121.132867,23.997335,0.0],[121.132884,23.998069,0.0],[121.132673,23.998476,0.0],[121.132582,23.999171,0.0],[121.133181,23.999907,0.0],[121.13333,24.000287,0.0],[121.133216,24.000366,0.0],[121.13298,24.000328,0.0],[121.132599,24.000412,0.0],[121.132357,24.000828,0.0],[121.132841,24.000897,0.0],[121.133524,24.001324,0.0],[121.133672,24.001934,0.0],[121.133448,24.003277,0.0],[121.133,24.003645,0.0],[121.132955,24.003984,0.0],[121.132682,24.004353,0.0],[121.132713,24.004561,0.0],[121.132641,24.004703,0.0],[121.132427,24.004772,0.0],[121.132157,24.005071,0.0],[121.132528,24.005091,0.0],[121.132714,24.005181,0.0],[121.132925,24.005594,0.0],[121.132925,24.005956,0.0],[121.133163,24.006115,0.0],[121.133574,24.006712,0.0],[121.133764,24.006857,0.0],[121.133996,24.007323,0.0],[121.133929,24.007767,0.0],[121.133584,24.007903,0.0],[121.133479,24.008061,0.0],[121.133517,24.008211,0.0],[121.133722,24.008327,0.0],[121.133725,24.008474,0.0],[121.133591,24.008626,0.0],[121.133503,24.008921,0.0],[121.133167,24.009281,0.0],[121.13327,24.010274,0.0],[121.133788,24.010889,0.0],[121.134171,24.011575,0.0],[121.134051,24.011771,0.0],[121.134047,24.011956,0.0],[121.133829,24.012178,0.0],[121.13379,24.012355,0.0],[121.133926,24.012368,0.0],[121.134447,24.012072,0.0],[121.13482,24.012005,0.0],[121.134934,24.012139,0.0],[121.134986,24.012439,0.0],[121.134957,24.012536,0.0]]],[[[121.122909,24.00174,0.0],[121.122643,24.001325,0.0],[121.122841,24.001519,0.0],[121.122959,24.001798,0.0],[121.122909,24.00174,0.0]]],[[[121.124732,24.00502,0.0],[121.124781,24.005221,0.0],[121.124775,24.005313,0.0],[121.124732,24.00502,0.0]]],[[[121.143957,24.024647,0.0],[121.143732,24.024817,0.0],[121.143451,24.024788,0.0],[121.142796,24.024363,0.0],[121.142263,24.024389,0.0],[121.142088,24.024593,0.0],[121.142119,24.025172,0.0],[121.142015,24.025272,0.0],[121.141789,24.025215,0.0],[121.141412,24.024903,0.0],[121.141149,24.024807,0.0],[121.140196,24.024947,0.0],[121.139923,24.025189,0.0],[121.139674,24.025812,0.0],[121.139566,24.025879,0.0],[121.139069,24.025783,0.0],[121.138606,24.02528,0.0],[121.138394,24.025188,0.0],[121.138244,24.025214,0.0],[121.13791,24.021908,0.0],[121.138343,24.022174,0.0],[121.138688,24.022624,0.0],[121.139174,24.022492,0.0],[121.139509,24.022581,0.0],[121.140025,24.022588,0.0],[121.140433,24.022913,0.0],[121.140884,24.022628,0.0],[121.141195,24.02252,0.0],[121.142143,24.022506,0.0],[121.142541,24.022405,0.0],[121.142803,24.02248,0.0],[121.142961,24.022383,0.0],[121.143127,24.022116,0.0],[121.144193,24.021911,0.0],[121.144332,24.021785,0.0],[121.144756,24.021724,0.0],[121.1455,24.021451,0.0],[121.146125,24.021383,0.0],[121.146404,24.021425,0.0],[121.147336,24.021099,0.0],[121.148015,24.020992,0.0],[121.14868,24.020775,0.0],[121.149144,24.020484,0.0],[121.149971,24.020249,0.0],[121.150607,24.020296,0.0],[121.15137,24.020062,0.0],[121.152049,24.019597,0.0],[121.152578,24.019358,0.0],[121.153196,24.019163,0.0],[121.153584,24.019187,0.0],[121.154374,24.019042,0.0],[121.1546,24.018891,0.0],[121.154664,24.019127,0.0],[121.154447,24.019378,0.0],[121.154259,24.019821,0.0],[121.153854,24.019729,0.0],[121.15336,24.019795,0.0],[121.151375,24.021341,0.0],[121.150842,24.021429,0.0],[121.149884,24.021974,0.0],[121.148419,24.023426,0.0],[121.147814,24.023328,0.0],[121.147241,24.023721,0.0],[121.14632,24.023954,0.0],[121.146181,24.024075,0.0],[121.145979,24.024479,0.0],[121.145132,24.024664,0.0],[121.144584,24.024186,0.0],[121.144362,24.024111,0.0],[121.144145,24.024198,0.0],[121.143957,24.024647,0.0]]],[[[121.146034,24.024575,0.0],[121.146201,24.024401,0.0],[121.146341,24.02407,0.0],[121.147291,24.023819,0.0],[121.147815,24.023441,0.0],[121.148326,24.023513,0.0],[121.147461,24.024174,0.0],[121.146775,24.024504,0.0],[121.144802,24.026032,0.0],[121.144726,24.026071,0.0],[121.144468,24.025963,0.0],[121.144066,24.025948,0.0],[121.143223,24.026211,0.0],[121.143165,24.026568,0.0],[121.143228,24.027222,0.0],[121.143182,24.027339,0.0],[121.14304,24.027398,0.0],[121.142728,24.02732,0.0],[121.14261,24.027044,0.0],[121.142125,24.026487,0.0],[121.141495,24.026192,0.0],[121.140852,24.026268,0.0],[121.140653,24.02639,0.0],[121.140229,24.026887,0.0],[121.139619,24.026992,0.0],[121.138778,24.026497,0.0],[121.138589,24.026483,0.0],[121.138082,24.026628,0.0],[121.137931,24.026067,0.0],[121.138104,24.025979,0.0],[121.138535,24.025939,0.0],[121.13856,24.025826,0.0],[121.138319,24.02563,0.0],[121.138101,24.025643,0.0],[121.137883,24.025828,0.0],[121.137898,24.025422,0.0],[121.138425,24.025311,0.0],[121.139008,24.025876,0.0],[121.139585,24.025987,0.0],[121.139777,24.025865,0.0],[121.140081,24.025158,0.0],[121.140293,24.025031,0.0],[121.141187,24.024922,0.0],[121.141729,24.025308,0.0],[121.142036,24.025379,0.0],[121.142225,24.025231,0.0],[121.142203,24.024616,0.0],[121.142315,24.024486,0.0],[121.142759,24.024465,0.0],[121.143397,24.024885,0.0],[121.143752,24.024924,0.0],[121.144,24.024783,0.0],[121.14421,24.024305,0.0],[121.144375,24.024219,0.0],[121.144511,24.024272,0.0],[121.144974,24.024723,0.0],[121.145271,24.024771,0.0],[121.146034,24.024575,0.0]]],[[[121.142678,24.027411,0.0],[121.143024,24.027475,0.0],[121.143287,24.027316,0.0],[121.143252,24.026521,0.0],[121.14333,24.026252,0.0],[121.144087,24.026031,0.0],[121.14456,24.026071,0.0],[121.144625,24.026124,0.0],[121.144467,24.026204,0.0],[121.144114,24.026617,0.0],[121.143777,24.027367,0.0],[121.143417,24.027674,0.0],[121.143194,24.028129,0.0],[121.142809,24.028475,0.0],[121.14245,24.029404,0.0],[121.142336,24.029047,0.0],[121.142067,24.028715,0.0],[121.141461,24.028251,0.0],[121.139101,24.027662,0.0],[121.138228,24.027182,0.0],[121.138095,24.026677,0.0],[121.138759,24.026558,0.0],[121.139491,24.027028,0.0],[121.139794,24.027076,0.0],[121.140402,24.02686,0.0],[121.140822,24.026362,0.0],[121.141473,24.026254,0.0],[121.141817,24.026363,0.0],[121.142132,24.026582,0.0],[121.142552,24.027078,0.0],[121.142678,24.027411,0.0]]],[[[121.164608,24.060168,0.0],[121.164456,24.060024,0.0],[121.164846,24.060158,0.0],[121.165207,24.060822,0.0],[121.164608,24.060168,0.0]]],[[[121.16673,24.066511,0.0],[121.166735,24.066062,0.0],[121.166789,24.066862,0.0],[121.166753,24.066955,0.0],[121.16673,24.066511,0.0]]],[[[121.167194,24.070117,0.0],[121.16717,24.070034,0.0],[121.1672,24.070073,0.0],[121.167194,24.070117,0.0]]],[[[121.16816,24.071852,0.0],[121.168271,24.072563,0.0],[121.168203,24.072598,0.0],[121.167521,24.070965,0.0],[121.16782,24.071245,0.0],[121.16816,24.071852,0.0]]],[[[121.168723,24.074309,0.0],[121.168784,24.074282,0.0],[121.168837,24.074419,0.0],[121.168862,24.074694,0.0],[121.168555,24.074089,0.0],[121.168349,24.073267,0.0],[121.168546,24.073741,0.0],[121.168737,24.07376,0.0],[121.168723,24.074309,0.0]]],[[[121.169864,24.07618,0.0],[121.168977,24.074895,0.0],[121.169241,24.075253,0.0],[121.169521,24.075349,0.0],[121.169684,24.075581,0.0],[121.169685,24.075849,0.0],[121.170076,24.076133,0.0],[121.170545,24.076625,0.0],[121.170598,24.076788,0.0],[121.170943,24.077885,0.0],[121.170904,24.079796,0.0],[121.170781,24.080557,0.0],[121.170599,24.078495,0.0],[121.170454,24.077715,0.0],[121.169864,24.07618,0.0]]],[[[121.172131,24.081088,0.0],[121.172118,24.082012,0.0],[121.172246,24.082141,0.0],[121.172295,24.082439,0.0],[121.172307,24.082809,0.0],[121.17221,24.083235,0.0],[121.172299,24.083558,0.0],[121.172236,24.084331,0.0],[121.172351,24.084769,0.0],[121.172227,24.085523,0.0],[121.172304,24.085743,0.0],[121.172228,24.086097,0.0],[121.172083,24.084295,0.0],[121.171432,24.082784,0.0],[121.170916,24.08112,0.0],[121.170784,24.08057,0.0],[121.17099,24.08051,0.0],[121.172131,24.081088,0.0]]],[[[121.17262,24.087551,0.0],[121.172839,24.087763,0.0],[121.173044,24.088374,0.0],[121.172483,24.087602,0.0],[121.172353,24.08695,0.0],[121.17262,24.087551,0.0]]],[[[121.17973,24.096429,0.0],[121.179672,24.096408,0.0],[121.180093,24.096384,0.0],[121.17973,24.096429,0.0]]],[[[121.188792,24.101161,0.0],[121.188549,24.10147,0.0],[121.188054,24.101744,0.0],[121.188319,24.101484,0.0],[121.188419,24.101215,0.0],[121.188624,24.101131,0.0],[121.188738,24.100934,0.0],[121.189553,24.100253,0.0],[121.189555,24.100172,0.0],[121.189831,24.099919,0.0],[121.190456,24.09957,0.0],[121.190542,24.099762,0.0],[121.189827,24.100523,0.0],[121.189116,24.100925,0.0],[121.188792,24.101161,0.0]]],[[[121.203577,24.108988,0.0],[121.204031,24.109068,0.0],[121.204149,24.109238,0.0],[121.203577,24.108988,0.0]]],[[[121.225454,24.113116,0.0],[121.22505,24.113469,0.0],[121.225284,24.113138,0.0],[121.225682,24.113018,0.0],[121.225454,24.113116,0.0]]],[[[121.224773,24.113697,0.0],[121.224588,24.113851,0.0],[121.224365,24.114537,0.0],[121.223928,24.11497,0.0],[121.22434,24.114147,0.0],[121.224309,24.113853,0.0],[121.224773,24.113697,0.0]]],[[[121.214236,24.114995,0.0],[121.213588,24.11437,0.0],[121.213217,24.113872,0.0],[121.21333,24.113895,0.0],[121.214236,24.114995,0.0]]],[[[121.214976,24.11521,0.0],[121.215535,24.115537,0.0],[121.214971,24.115422,0.0],[121.214545,24.11524,0.0],[121.214318,24.11506,0.0],[121.214976,24.11521,0.0]]],[[[121.222482,24.115653,0.0],[121.222447,24.115689,0.0],[121.222448,24.11562,0.0],[121.222609,24.115576,0.0],[121.222482,24.115653,0.0]]],[[[121.217257,24.115915,0.0],[121.217396,24.115915,0.0],[121.217454,24.115995,0.0],[121.217257,24.115915,0.0]]],[[[121.218594,24.116194,0.0],[121.218144,24.116174,0.0],[121.217612,24.116059,0.0],[121.218319,24.115973,0.0],[121.218594,24.116194,0.0]]],[[[121.222242,24.1159,0.0],[121.221865,24.116119,0.0],[121.220748,24.116567,0.0],[121.220183,24.116583,0.0],[121.220862,24.116301,0.0],[121.22151,24.115862,0.0],[121.222242,24.1159,0.0]]],[[[121.218968,24.116265,0.0],[121.218748,24.116223,0.0],[121.218966,24.116177,0.0],[121.219393,24.116388,0.0],[121.218968,24.116265,0.0]]],[[[121.234238,24.117711,0.0],[121.234363,24.117711,0.0],[121.234443,24.117752,0.0],[121.234238,24.117711,0.0]]],[[[121.236907,24.11822,0.0],[121.237192,24.118503,0.0],[121.237285,24.118873,0.0],[121.237032,24.118791,0.0],[121.236325,24.118226,0.0],[121.235969,24.118037,0.0],[121.235153,24.117896,0.0],[121.236129,24.118017,0.0],[121.236453,24.118188,0.0],[121.236907,24.11822,0.0]]],[[[121.246064,24.119676,0.0],[121.246322,24.119295,0.0],[121.246894,24.119223,0.0],[121.248133,24.118641,0.0],[121.248658,24.118613,0.0],[121.247874,24.118814,0.0],[121.247175,24.119156,0.0],[121.245991,24.120019,0.0],[121.246064,24.119676,0.0]]],[[[121.2451,24.120399,0.0],[121.244537,24.120639,0.0],[121.244282,24.120899,0.0],[121.243931,24.120979,0.0],[121.244504,24.120542,0.0],[121.244827,24.120402,0.0],[121.2451,24.120399,0.0]]]]},{"type":"MultiLineString","coordinates":[[[120.671564,23.543371,0.0],[120.671565,23.54337,0.0]],[[120.640952,23.723853,0.0],[120.640952,23.723852,0.0]],[[120.672847,23.573877,0.0],[120.672847,23.573867,0.0]],[[120.672847,23.573867,0.0],[120.672847,23.573866,0.0]],[[120.984679,23.490479,0.0],[120.984411,23.490489,0.0]],[[120.982868,23.49003,0.0],[120.982568,23.490279,0.0]],[[120.982568,23.490279,0.0],[120.982106,23.490294,0.0]],[[120.979507,23.489876,0.0],[120.979211,23.490032,0.0]],[[120.979211,23.490032,0.0],[120.979068,23.490017,0.0]],[[120.967672,23.488343,0.0],[120.967924,23.488629,0.0]],[[120.967924,23.488629,0.0],[120.96835,23.488823,0.0]],[[120.969976,23.488994,0.0],[120.97047,23.488938,0.0]],[[120.971667,23.488938,0.0],[120.972804,23.48907,0.0]],[[120.964194,23.487423,0.0],[120.964873,23.487847,0.0]],[[120.959269,23.487272,0.0],[120.959111,23.486588,0.0]],[[120.959158,23.481253,0.0],[120.958986,23.480827,0.0]],[[120.958307,23.477816,0.0],[120.958057,23.477445,0.0]],[[120.910345,23.477149,0.0],[120.909329,23.476753,0.0]],[[120.896261,23.475954,0.0],[120.895189,23.47628,0.0]],[[120.894415,23.475835,0.0],[120.894727,23.475913,0.0]],[[120.971468,23.555694,0.0],[120.97148,23.555689,0.0]],[[121.002897,23.49612,0.0],[121.002961,23.496074,0.0]],[[120.966118,23.840434,0.0],[120.966317,23.840645,0.0]],[[120.859188,23.817968,0.0],[120.859187,23.817968,0.0]],[[121.256773,24.119357,0.0],[121.256751,24.119324,0.0]],[[121.256773,24.119357,0.0],[121.256778,24.119384,0.0]],[[121.258039,24.119579,0.0],[121.258073,24.119554,0.0]],[[121.260111,24.120173,0.0],[121.260223,24.120229,0.0]],[[121.260223,24.120229,0.0],[121.260348,24.120287,0.0]],[[121.261454,24.120826,0.0],[121.261621,24.120877,0.0]],[[121.261621,24.120877,0.0],[121.26172,24.120864,0.0]],[[121.262422,24.120896,0.0],[121.262459,24.12093,0.0]],[[121.262709,24.121107,0.0],[121.262788,24.121162,0.0]],[[121.262788,24.121162,0.0],[121.26282,24.121181,0.0]],[[121.263151,24.121342,0.0],[121.263222,24.121369,0.0]],[[121.263222,24.121369,0.0],[121.26327,24.1214,0.0]],[[121.266276,24.122891,0.0],[121.266413,24.122983,0.0]],[[121.266413,24.122983,0.0],[121.266542,24.123033,0.0]],[[121.266542,24.123033,0.0],[121.26667,24.12306,0.0]],[[121.2669,24.12307,0.0],[121.267005,24.123069,0.0]],[[121.269005,24.125217,0.0],[121.269013,24.125297,0.0]],[[121.269013,24.125297,0.0],[121.269028,24.125328,0.0]],[[121.269031,24.125372,0.0],[121.26904,24.125404,0.0]],[[121.269789,24.127112,0.0],[121.269799,24.127156,0.0]],[[121.269799,24.127156,0.0],[121.269811,24.12721,0.0]],[[121.256915,24.119572,0.0],[121.256933,24.119587,0.0]],[[121.257703,24.119656,0.0],[121.257784,24.119645,0.0]],[[121.261985,24.120839,0.0],[121.262072,24.120832,0.0]],[[121.262072,24.120832,0.0],[121.262148,24.12083,0.0]],[[121.26394,24.121886,0.0],[121.26405,24.121928,0.0]],[[121.265799,24.122647,0.0],[121.265851,24.12267,0.0]],[[121.265851,24.12267,0.0],[121.265937,24.122706,0.0]],[[121.26612,24.122805,0.0],[121.266176,24.122842,0.0]],[[121.268382,24.123838,0.0],[121.268416,24.123867,0.0]],[[121.269056,24.125443,0.0],[121.269062,24.125469,0.0]],[[121.269368,24.125877,0.0],[121.269404,24.125928,0.0]],[[121.269459,24.126027,0.0],[121.269499,24.126105,0.0]],[[121.269499,24.126105,0.0],[121.269547,24.126232,0.0]],[[121.269547,24.126232,0.0],[121.26956,24.126257,0.0]],[[121.269587,24.126329,0.0],[121.2696,24.126377,0.0]]]}]}}
]
}
