{
"type": "FeatureCollection",
"name": "紅皮書受脅植物分布點位",
"xy_coordinate_resolution": 1e-06,
"features": [
{"type":"Feature","properties":{"ID":5793171,"redListCat":"CR"},"geometry":{"type":"Polygon","coordinates":[[[120.738315,23.528085],[120.737481,23.527913],[120.736887,23.527516],[120.736494,23.526944],[120.736356,23.526279],[120.736494,23.525615],[120.736974,23.524963],[120.737594,23.5246],[120.738315,23.524473],[120.739036,23.5246],[120.739655,23.524963],[120.740136,23.525615],[120.740273,23.526279],[120.740136,23.526944],[120.739742,23.527516],[120.739149,23.527913],[120.738315,23.528085]]]}},
{"type":"Feature","properties":{"ID":5793173,"redListCat":"CR"},"geometry":{"type":"Polygon","coordinates":[[[120.800973,23.67391],[120.800251,23.673783],[120.799543,23.673341],[120.79915,23.672769],[120.799012,23.672104],[120.799199,23.671336],[120.799631,23.670788],[120.800251,23.670425],[120.800973,23.670299],[120.801694,23.670425],[120.802315,23.670788],[120.802747,23.671336],[120.802933,23.672104],[120.802796,23.672769],[120.802402,23.673341],[120.801694,23.673783],[120.800973,23.67391]]]}},
{"type":"Feature","properties":{"ID":5613387,"redListCat":"CR"},"geometry":{"type":"Polygon","coordinates":[[[120.750474,23.667994],[120.749752,23.667868],[120.749045,23.667425],[120.748651,23.666853],[120.748514,23.666189],[120.7487,23.66542],[120.749132,23.664872],[120.749752,23.66451],[120.750474,23.664383],[120.751196,23.66451],[120.751816,23.664872],[120.752248,23.66542],[120.752435,23.666189],[120.752297,23.666853],[120.751903,23.667425],[120.751196,23.667868],[120.750474,23.667994]]]}},
{"type":"Feature","properties":{"ID":5613462,"redListCat":"CR"},"geometry":{"type":"Polygon","coordinates":[[[120.716215,23.601376],[120.715493,23.601249],[120.714873,23.600886],[120.714393,23.600235],[120.714255,23.59957],[120.714393,23.598905],[120.714786,23.598334],[120.715493,23.597891],[120.716215,23.597764],[120.716936,23.597891],[120.717643,23.598334],[120.718037,23.598905],[120.718174,23.59957],[120.718037,23.600235],[120.717556,23.600886],[120.716936,23.601249],[120.716215,23.601376]]]}},
{"type":"Feature","properties":{"ID":5614480,"redListCat":"CR"},"geometry":{"type":"Polygon","coordinates":[[[120.782538,23.718176],[120.781703,23.718004],[120.781108,23.717606],[120.780714,23.717034],[120.780577,23.71637],[120.780714,23.715705],[120.781108,23.715134],[120.781703,23.714736],[120.782538,23.714564],[120.783373,23.714736],[120.783968,23.715134],[120.784362,23.715705],[120.784499,23.71637],[120.784362,23.717034],[120.783968,23.717606],[120.783373,23.718004],[120.782538,23.718176]]]}},
{"type":"Feature","properties":{"ID":5815335,"redListCat":"CR"},"geometry":{"type":"Polygon","coordinates":[[[120.781878,23.778541],[120.781156,23.778414],[120.780448,23.777971],[120.780054,23.7774],[120.779916,23.776735],[120.780054,23.77607],[120.780448,23.775499],[120.781156,23.775056],[120.781878,23.774929],[120.782601,23.775056],[120.783309,23.775499],[120.783703,23.77607],[120.78384,23.776735],[120.783703,23.7774],[120.783309,23.777971],[120.782601,23.778414],[120.781878,23.778541]]]}},
{"type":"Feature","properties":{"ID":5815336,"redListCat":"CR"},"geometry":{"type":"Polygon","coordinates":[[[120.796613,23.725593],[120.795778,23.725421],[120.795183,23.725023],[120.794789,23.724452],[120.794652,23.723787],[120.794789,23.723122],[120.795183,23.722551],[120.795778,23.722153],[120.796613,23.721981],[120.797448,23.722153],[120.798043,23.722551],[120.798437,23.723122],[120.798575,23.723787],[120.798437,23.724452],[120.798043,23.725023],[120.797448,23.725421],[120.796613,23.725593]]]}},
{"type":"Feature","properties":{"ID":5815338,"redListCat":"CR"},"geometry":{"type":"Polygon","coordinates":[[[120.727881,23.612401],[120.72716,23.612274],[120.726539,23.611911],[120.726059,23.61126],[120.725921,23.610595],[120.726059,23.60993],[120.72654,23.609278],[120.72716,23.608916],[120.727881,23.608789],[120.728602,23.608916],[120.729223,23.609278],[120.729703,23.60993],[120.729841,23.610595],[120.729703,23.61126],[120.729223,23.611911],[120.728602,23.612274],[120.727881,23.612401]]]}},
{"type":"Feature","properties":{"ID":5922820,"redListCat":"CR"},"geometry":{"type":"Polygon","coordinates":[[[120.797926,23.725005],[120.797204,23.724878],[120.796583,23.724515],[120.796151,23.723968],[120.795964,23.723199],[120.796102,23.722534],[120.796496,23.721963],[120.797204,23.72152],[120.797926,23.721393],[120.798648,23.72152],[120.799355,23.721963],[120.799749,23.722534],[120.799887,23.723199],[120.7997,23.723968],[120.799268,23.724515],[120.798648,23.724878],[120.797926,23.725005]]]}},
{"type":"Feature","properties":{"ID":5805001,"redListCat":"CR"},"geometry":{"type":"Polygon","coordinates":[[[120.748054,23.517351],[120.747333,23.517225],[120.746714,23.516862],[120.746234,23.51621],[120.746096,23.515545],[120.746282,23.514777],[120.746714,23.514229],[120.747333,23.513866],[120.748054,23.51374],[120.748775,23.513866],[120.749395,23.514229],[120.749826,23.514777],[120.750013,23.515545],[120.749875,23.51621],[120.749395,23.516862],[120.748775,23.517225],[120.748054,23.517351]]]}},
{"type":"Feature","properties":{"ID":5612076,"redListCat":"CR"},"geometry":{"type":"Polygon","coordinates":[[[120.949498,23.535005],[120.948777,23.534878],[120.94807,23.534435],[120.947677,23.533864],[120.947539,23.533199],[120.947726,23.53243],[120.948157,23.531883],[120.948777,23.53152],[120.949498,23.531393],[120.950219,23.53152],[120.950839,23.531883],[120.95127,23.53243],[120.951456,23.533199],[120.951319,23.533864],[120.950926,23.534435],[120.950219,23.534878],[120.949498,23.535005]]]}},
{"type":"Feature","properties":{"ID":5819452,"redListCat":"CR"},"geometry":{"type":"Polygon","coordinates":[[[120.872891,23.468984],[120.87253,23.469349],[120.872003,23.469636],[120.871405,23.46976],[120.870835,23.469715],[120.872468,23.469161],[120.872891,23.468984]]]}},
{"type":"Feature","properties":{"ID":5819453,"redListCat":"CR"},"geometry":{"type":"Polygon","coordinates":[[[120.747865,23.577379],[120.747031,23.577207],[120.746437,23.576809],[120.746043,23.576238],[120.745906,23.575573],[120.746043,23.574908],[120.746524,23.574257],[120.747144,23.573894],[120.747865,23.573767],[120.748586,23.573894],[120.749206,23.574257],[120.749686,23.574908],[120.749824,23.575573],[120.749686,23.576238],[120.749293,23.576809],[120.748699,23.577207],[120.747865,23.577379]]]}},
{"type":"Feature","properties":{"ID":5819454,"redListCat":"CR"},"geometry":{"type":"Polygon","coordinates":[[[120.990716,23.512327],[120.989995,23.5122],[120.989375,23.511837],[120.988895,23.511186],[120.988758,23.510521],[120.988895,23.509856],[120.989288,23.509285],[120.989882,23.508887],[120.990716,23.508715],[120.99155,23.508887],[120.992143,23.509285],[120.992537,23.509856],[120.992674,23.510521],[120.992537,23.511186],[120.992056,23.511837],[120.991437,23.5122],[120.990716,23.512327]]]}},
{"type":"Feature","properties":{"ID":5819455,"redListCat":"CR"},"geometry":{"type":"Polygon","coordinates":[[[120.88945,23.653028],[120.888729,23.652901],[120.888021,23.652458],[120.887628,23.651886],[120.88749,23.651222],[120.887677,23.650453],[120.888109,23.649905],[120.888729,23.649543],[120.88945,23.649416],[120.890172,23.649543],[120.890792,23.649905],[120.891224,23.650453],[120.891411,23.651222],[120.891273,23.651886],[120.890879,23.652458],[120.890172,23.652901],[120.88945,23.653028]]]}},
{"type":"Feature","properties":{"ID":5819456,"redListCat":"CR"},"geometry":{"type":"Polygon","coordinates":[[[120.6801,23.511378],[120.679379,23.511251],[120.678672,23.510809],[120.678279,23.510237],[120.678141,23.509572],[120.678328,23.508804],[120.678759,23.508256],[120.679379,23.507893],[120.6801,23.507767],[120.680821,23.507893],[120.68144,23.508256],[120.681872,23.508804],[120.682058,23.509572],[120.68192,23.510237],[120.681527,23.510809],[120.680821,23.511251],[120.6801,23.511378]]]}},
{"type":"Feature","properties":{"ID":5819936,"redListCat":"CR"},"geometry":{"type":"Polygon","coordinates":[[[120.587288,24.04575],[120.586611,24.046231],[120.585897,24.0464],[120.585166,24.046315],[120.584521,24.045989],[120.584051,24.045467],[120.583812,24.044711],[120.583904,24.044039],[120.584259,24.043446],[120.584827,24.043015],[120.58565,24.042795],[120.586381,24.04288],[120.587027,24.043206],[120.587497,24.043728],[120.587736,24.044484],[120.587276,24.045255],[120.587288,24.04575]]]}},
{"type":"Feature","properties":{"ID":5819937,"redListCat":"CR"},"geometry":{"type":"Polygon","coordinates":[[[120.367916,24.021164],[120.367193,24.021037],[120.366571,24.020675],[120.366089,24.020023],[120.365951,24.019358],[120.366089,24.018694],[120.366571,24.018042],[120.367193,24.017679],[120.367916,24.017553],[120.36864,24.017679],[120.369262,24.018042],[120.369744,24.018694],[120.369882,24.019358],[120.369744,24.020023],[120.369262,24.020675],[120.36864,24.021037],[120.367916,24.021164]]]}},
{"type":"Feature","properties":{"ID":5819938,"redListCat":"CR"},"geometry":{"type":"Polygon","coordinates":[[[120.424435,23.842996],[120.423712,23.842869],[120.423004,23.842426],[120.42261,23.841855],[120.422472,23.84119],[120.42261,23.840525],[120.423004,23.839954],[120.423712,23.839511],[120.424435,23.839384],[120.425158,23.839511],[120.425866,23.839954],[120.42626,23.840525],[120.426398,23.84119],[120.42626,23.841855],[120.425866,23.842426],[120.425158,23.842869],[120.424435,23.842996]]]}},
{"type":"Feature","properties":{"ID":5819939,"redListCat":"CR"},"geometry":{"type":"Polygon","coordinates":[[[120.409245,23.822937],[120.408522,23.82281],[120.407901,23.822447],[120.407469,23.8219],[120.407282,23.821131],[120.40742,23.820466],[120.407814,23.819895],[120.408522,23.819452],[120.409245,23.819325],[120.409967,23.819452],[120.410676,23.819895],[120.41107,23.820466],[120.411208,23.821131],[120.411021,23.8219],[120.410588,23.822447],[120.409967,23.82281],[120.409245,23.822937]]]}},
{"type":"Feature","properties":{"ID":5819973,"redListCat":"CR"},"geometry":{"type":"Polygon","coordinates":[[[120.494706,24.179858],[120.493981,24.179731],[120.493358,24.179369],[120.492876,24.178717],[120.492737,24.178052],[120.492876,24.177388],[120.493358,24.176736],[120.493981,24.176374],[120.494706,24.176247],[120.49543,24.176374],[120.496053,24.176736],[120.496536,24.177388],[120.496674,24.178052],[120.496536,24.178717],[120.496053,24.179369],[120.49543,24.179731],[120.494706,24.179858]]]}},
{"type":"Feature","properties":{"ID":5819974,"redListCat":"CR"},"geometry":{"type":"Polygon","coordinates":[[[120.597238,23.89084],[120.596402,23.890668],[120.595807,23.89027],[120.595412,23.889699],[120.595274,23.889034],[120.595412,23.888369],[120.595894,23.887718],[120.596515,23.887355],[120.597238,23.887228],[120.597961,23.887355],[120.598583,23.887718],[120.599064,23.888369],[120.599202,23.889034],[120.599064,23.889699],[120.59867,23.89027],[120.598074,23.890668],[120.597238,23.89084]]]}},
{"type":"Feature","properties":{"ID":5819975,"redListCat":"CR"},"geometry":{"type":"Polygon","coordinates":[[[120.612249,23.946995],[120.611412,23.946823],[120.610817,23.946425],[120.610422,23.945854],[120.610284,23.945189],[120.610471,23.94442],[120.610904,23.943873],[120.611526,23.94351],[120.612249,23.943384],[120.612972,23.94351],[120.613594,23.943873],[120.614027,23.94442],[120.614214,23.945189],[120.614076,23.945854],[120.613681,23.946425],[120.613086,23.946823],[120.612249,23.946995]]]}},
{"type":"Feature","properties":{"ID":5612082,"redListCat":"CR"},"geometry":{"type":"Polygon","coordinates":[[[120.916815,23.551275],[120.915981,23.551104],[120.915387,23.550706],[120.914994,23.550134],[120.914857,23.54947],[120.915043,23.548701],[120.915474,23.548153],[120.916094,23.547791],[120.916815,23.547664],[120.917536,23.547791],[120.918156,23.548153],[120.918588,23.548701],[120.918774,23.54947],[120.918637,23.550134],[120.918243,23.550706],[120.917649,23.551104],[120.916815,23.551275]]]}},
{"type":"Feature","properties":{"ID":5790634,"redListCat":"CR"},"geometry":{"type":"Polygon","coordinates":[[[121.271185,24.132845],[121.271847,24.13297],[121.272377,24.133257],[121.272847,24.133779],[121.273056,24.13431],[121.273056,24.134987],[121.272847,24.135518],[121.27247,24.135965],[121.271905,24.136304],[121.271421,24.133659],[121.271185,24.132845]]]}},
{"type":"Feature","properties":{"ID":5612475,"redListCat":"CR"},"geometry":{"type":"Polygon","coordinates":[[[120.899951,23.617672],[120.899229,23.617545],[120.898522,23.617102],[120.898128,23.61653],[120.897991,23.615866],[120.898128,23.615201],[120.898609,23.614549],[120.899229,23.614187],[120.899951,23.61406],[120.900672,23.614187],[120.901292,23.614549],[120.901773,23.615201],[120.90191,23.615866],[120.901773,23.61653],[120.901379,23.617102],[120.900672,23.617545],[120.899951,23.617672]]]}},
{"type":"Feature","properties":{"ID":5612219,"redListCat":"CR"},"geometry":{"type":"Polygon","coordinates":[[[121.300146,24.119124],[121.299309,24.118952],[121.298712,24.118555],[121.298317,24.117983],[121.298179,24.117318],[121.298317,24.116654],[121.298712,24.116082],[121.299309,24.115685],[121.300146,24.115513],[121.300984,24.115685],[121.301581,24.116082],[121.301976,24.116654],[121.302114,24.117318],[121.301976,24.117983],[121.301581,24.118555],[121.300984,24.118952],[121.300146,24.119124]]]}},
{"type":"Feature","properties":{"ID":5594094,"redListCat":"CR"},"geometry":{"type":"Polygon","coordinates":[[[120.960857,23.753043],[120.960022,23.752871],[120.959427,23.752473],[120.959033,23.751902],[120.958895,23.751237],[120.959082,23.750468],[120.959514,23.749921],[120.960135,23.749558],[120.960857,23.749431],[120.961579,23.749558],[120.9622,23.749921],[120.962632,23.750468],[120.962819,23.751237],[120.962681,23.751902],[120.962287,23.752473],[120.961693,23.752871],[120.960857,23.753043]]]}},
{"type":"Feature","properties":{"ID":13221685,"redListCat":"CR"},"geometry":{"type":"Polygon","coordinates":[[[120.846623,23.817769],[120.845787,23.817597],[120.845192,23.817199],[120.844798,23.816628],[120.84466,23.815963],[120.844847,23.815194],[120.845279,23.814647],[120.8459,23.814284],[120.846623,23.814157],[120.847345,23.814284],[120.847966,23.814647],[120.848399,23.815194],[120.848585,23.815963],[120.848447,23.816628],[120.848053,23.817199],[120.847458,23.817597],[120.846623,23.817769]]]}},
{"type":"Feature","properties":{"ID":5808722,"redListCat":"CR"},"geometry":{"type":"Polygon","coordinates":[[[120.793905,23.833753],[120.793182,23.833626],[120.792474,23.833183],[120.79208,23.832612],[120.791942,23.831947],[120.79208,23.831282],[120.792561,23.830631],[120.793182,23.830268],[120.793905,23.830141],[120.794627,23.830268],[120.795249,23.830631],[120.79573,23.831282],[120.795868,23.831947],[120.79573,23.832612],[120.795336,23.833183],[120.794627,23.833626],[120.793905,23.833753]]]}},
{"type":"Feature","properties":{"ID":6005721,"redListCat":"CR"},"geometry":{"type":"Polygon","coordinates":[[[120.883239,23.921427],[120.882403,23.921255],[120.881807,23.920857],[120.881413,23.920286],[120.881275,23.919621],[120.881413,23.918956],[120.881807,23.918385],[120.882403,23.917987],[120.883239,23.917815],[120.884076,23.917987],[120.884671,23.918385],[120.885066,23.918956],[120.885203,23.919621],[120.885066,23.920286],[120.884671,23.920857],[120.884076,23.921255],[120.883239,23.921427]]]}},
{"type":"Feature","properties":{"ID":9948115,"redListCat":"CR"},"geometry":{"type":"Polygon","coordinates":[[[120.794014,23.682744],[120.793292,23.682617],[120.792672,23.682254],[120.79224,23.681707],[120.792053,23.680938],[120.79224,23.680169],[120.792672,23.679622],[120.793292,23.679259],[120.794014,23.679132],[120.794736,23.679259],[120.795356,23.679622],[120.795788,23.680169],[120.795975,23.680938],[120.795788,23.681707],[120.795356,23.682254],[120.794736,23.682617],[120.794014,23.682744]]]}},
{"type":"Feature","properties":{"ID":13223469,"redListCat":"CR"},"geometry":{"type":"Polygon","coordinates":[[[120.816679,23.842279],[120.815956,23.842152],[120.815335,23.84179],[120.814854,23.841138],[120.814716,23.840473],[120.814854,23.839809],[120.815248,23.839237],[120.815956,23.838795],[120.816679,23.838668],[120.817402,23.838795],[120.81811,23.839237],[120.818504,23.839809],[120.818642,23.840473],[120.818504,23.841138],[120.818023,23.84179],[120.817402,23.842152],[120.816679,23.842279]]]}},
{"type":"Feature","properties":{"ID":5774372,"redListCat":"CR"},"geometry":{"type":"Polygon","coordinates":[[[120.793346,23.640911],[120.792624,23.640785],[120.792004,23.640422],[120.791523,23.63977],[120.791385,23.639106],[120.791572,23.638337],[120.792004,23.637789],[120.792624,23.637427],[120.793346,23.6373],[120.794067,23.637427],[120.794687,23.637789],[120.795119,23.638337],[120.795306,23.639106],[120.795168,23.63977],[120.794687,23.640422],[120.794067,23.640785],[120.793346,23.640911]]]}},
{"type":"Feature","properties":{"ID":5778379,"redListCat":"CR"},"geometry":{"type":"Polygon","coordinates":[[[120.748291,23.583566],[120.74757,23.583439],[120.746863,23.582996],[120.746469,23.582425],[120.746332,23.58176],[120.746469,23.581095],[120.746863,23.580524],[120.74757,23.580081],[120.748291,23.579954],[120.749012,23.580081],[120.749719,23.580524],[120.750113,23.581095],[120.75025,23.58176],[120.750113,23.582425],[120.749719,23.582996],[120.749012,23.583439],[120.748291,23.583566]]]}},
{"type":"Feature","properties":{"ID":5838849,"redListCat":"CR"},"geometry":{"type":"Polygon","coordinates":[[[120.902699,23.857262],[120.901977,23.857136],[120.901268,23.856693],[120.900874,23.856121],[120.900736,23.855457],[120.900874,23.854792],[120.901268,23.854221],[120.901863,23.853823],[120.902699,23.853651],[120.903535,23.853823],[120.904131,23.854221],[120.904525,23.854792],[120.904663,23.855457],[120.904525,23.856121],[120.904131,23.856693],[120.903422,23.857136],[120.902699,23.857262]]]}},
{"type":"Feature","properties":{"ID":5384455,"redListCat":"CR"},"geometry":{"type":"Polygon","coordinates":[[[120.882875,23.900696],[120.882152,23.900569],[120.881531,23.900207],[120.881098,23.899659],[120.880911,23.89889],[120.881098,23.898121],[120.881531,23.897574],[120.882152,23.897211],[120.882875,23.897085],[120.883598,23.897211],[120.88422,23.897574],[120.884652,23.898121],[120.884839,23.89889],[120.884652,23.899659],[120.88422,23.900207],[120.883598,23.900569],[120.882875,23.900696]]]}},
{"type":"Feature","properties":{"ID":5785390,"redListCat":"CR"},"geometry":{"type":"Polygon","coordinates":[[[120.910966,23.87067],[120.910243,23.870543],[120.909622,23.87018],[120.90914,23.869529],[120.909003,23.868864],[120.909189,23.868095],[120.909622,23.867548],[120.910243,23.867185],[120.910966,23.867058],[120.911689,23.867185],[120.91231,23.867548],[120.912743,23.868095],[120.91293,23.868864],[120.912792,23.869529],[120.91231,23.87018],[120.911689,23.870543],[120.910966,23.87067]]]}},
{"type":"Feature","properties":{"ID":5785394,"redListCat":"CR"},"geometry":{"type":"Polygon","coordinates":[[[120.911973,23.870191],[120.91125,23.870064],[120.910629,23.869701],[120.910147,23.86905],[120.910009,23.868385],[120.910147,23.86772],[120.910542,23.867149],[120.91125,23.866706],[120.911973,23.866579],[120.912696,23.866706],[120.913404,23.867149],[120.913799,23.86772],[120.913937,23.868385],[120.913799,23.86905],[120.913317,23.869701],[120.912696,23.870064],[120.911973,23.870191]]]}},
{"type":"Feature","properties":{"ID":5785395,"redListCat":"CR"},"geometry":{"type":"Polygon","coordinates":[[[120.877068,23.918548],[120.877725,23.918213],[120.878455,23.918128],[120.879168,23.918297],[120.879845,23.918779],[120.8802,23.919373],[120.880292,23.920044],[120.880053,23.9208],[120.879584,23.921322],[120.879422,23.921432],[120.879332,23.920978],[120.879135,23.920601],[120.878772,23.920363],[120.878361,23.920341],[120.8779,23.920189],[120.87798,23.919297],[120.877716,23.918999],[120.877068,23.918548]]]}},
{"type":"Feature","properties":{"ID":5799217,"redListCat":"CR"},"geometry":{"type":"Polygon","coordinates":[[[120.860445,23.81689],[120.859609,23.816718],[120.859014,23.81632],[120.85862,23.815749],[120.858482,23.815084],[120.85862,23.814419],[120.859014,23.813848],[120.859609,23.81345],[120.860445,23.813278],[120.861281,23.81345],[120.861876,23.813848],[120.86227,23.814419],[120.862408,23.815084],[120.86227,23.815749],[120.861876,23.81632],[120.861281,23.816718],[120.860445,23.81689]]]}},
{"type":"Feature","properties":{"ID":5799218,"redListCat":"CR"},"geometry":{"type":"Polygon","coordinates":[[[120.922144,23.850449],[120.921308,23.850277],[120.920713,23.849879],[120.920318,23.849308],[120.92018,23.848643],[120.920318,23.847978],[120.920713,23.847407],[120.921308,23.847009],[120.922144,23.846837],[120.92298,23.847009],[120.923575,23.847407],[120.923969,23.847978],[120.924107,23.848643],[120.923969,23.849308],[120.923575,23.849879],[120.92298,23.850277],[120.922144,23.850449]]]}},
{"type":"Feature","properties":{"ID":5404789,"redListCat":"CR"},"geometry":{"type":"Polygon","coordinates":[[[121.208667,24.037986],[121.207944,24.037859],[121.207322,24.037497],[121.206888,24.036949],[121.206701,24.03618],[121.206839,24.035516],[121.207322,24.034864],[121.207944,24.034502],[121.208667,24.034375],[121.209391,24.034502],[121.210013,24.034864],[121.210496,24.035516],[121.210634,24.03618],[121.210447,24.036949],[121.210013,24.037497],[121.209391,24.037859],[121.208667,24.037986]]]}},
{"type":"Feature","properties":{"ID":5387658,"redListCat":"CR"},"geometry":{"type":"Polygon","coordinates":[[[121.058522,23.754668],[121.0578,23.754541],[121.057179,23.754178],[121.056747,23.753631],[121.056561,23.752862],[121.056698,23.752197],[121.057092,23.751626],[121.0578,23.751183],[121.058522,23.751056],[121.059245,23.751183],[121.059953,23.751626],[121.060347,23.752197],[121.060484,23.752862],[121.060298,23.753631],[121.059865,23.754178],[121.059245,23.754541],[121.058522,23.754668]]]}},
{"type":"Feature","properties":{"ID":5810204,"redListCat":"CR"},"geometry":{"type":"Polygon","coordinates":[[[121.174695,23.806351],[121.173973,23.806224],[121.173352,23.805862],[121.172919,23.805314],[121.172733,23.804545],[121.172919,23.803776],[121.173352,23.803229],[121.173973,23.802866],[121.174695,23.802739],[121.175418,23.802866],[121.176039,23.803229],[121.176471,23.803776],[121.176658,23.804545],[121.176471,23.805314],[121.176039,23.805862],[121.175418,23.806224],[121.174695,23.806351]]]}},
{"type":"Feature","properties":{"ID":5820991,"redListCat":"CR"},"geometry":{"type":"Polygon","coordinates":[[[120.799988,23.819166],[120.799265,23.819039],[120.798644,23.818676],[120.798212,23.818129],[120.798025,23.81736],[120.798163,23.816695],[120.798557,23.816124],[120.799265,23.815681],[120.799988,23.815554],[120.80071,23.815681],[120.801419,23.816124],[120.801813,23.816695],[120.801951,23.81736],[120.801764,23.818129],[120.801332,23.818676],[120.80071,23.819039],[120.799988,23.819166]]]}},
{"type":"Feature","properties":{"ID":5820996,"redListCat":"CR"},"geometry":{"type":"Polygon","coordinates":[[[120.573532,24.069322],[120.572937,24.069164],[120.572428,24.068847],[120.572051,24.0684],[120.571823,24.067757],[120.571842,24.067192],[120.572114,24.066563],[120.57252,24.066139],[120.573093,24.065837],[120.573326,24.068017],[120.573532,24.069322]]]}},
{"type":"Feature","properties":{"ID":5783684,"redListCat":"CR"},"geometry":{"type":"Polygon","coordinates":[[[120.781717,23.669827],[120.780996,23.6697],[120.780375,23.669337],[120.779943,23.66879],[120.779757,23.668021],[120.779895,23.667356],[120.780375,23.666705],[120.780996,23.666342],[120.781717,23.666215],[120.782439,23.666342],[120.78306,23.666705],[120.78354,23.667356],[120.783678,23.668021],[120.783491,23.66879],[120.78306,23.669337],[120.782439,23.6697],[120.781717,23.669827]]]}},
{"type":"Feature","properties":{"ID":5785606,"redListCat":"CR"},"geometry":{"type":"Polygon","coordinates":[[[120.812748,23.554894],[120.812027,23.554767],[120.81132,23.554324],[120.810927,23.553753],[120.81079,23.553088],[120.810927,23.552423],[120.81132,23.551852],[120.811914,23.551454],[120.812748,23.551282],[120.813582,23.551454],[120.814176,23.551852],[120.81457,23.552423],[120.814707,23.553088],[120.81457,23.553753],[120.814176,23.554324],[120.81347,23.554767],[120.812748,23.554894]]]}},
{"type":"Feature","properties":{"ID":5785607,"redListCat":"CR"},"geometry":{"type":"Polygon","coordinates":[[[121.272655,24.04561],[121.271931,24.045484],[121.271309,24.045121],[121.270876,24.044574],[121.270688,24.043805],[121.270826,24.04314],[121.271309,24.042488],[121.271931,24.042126],[121.272655,24.041999],[121.273378,24.042126],[121.274001,24.042488],[121.274483,24.04314],[121.274621,24.043805],[121.274434,24.044574],[121.274001,24.045121],[121.273378,24.045484],[121.272655,24.04561]]]}},
{"type":"Feature","properties":{"ID":5785608,"redListCat":"CR"},"geometry":{"type":"Polygon","coordinates":[[[120.889597,23.479672],[120.888876,23.479545],[120.888169,23.479102],[120.887776,23.478531],[120.887639,23.477866],[120.887825,23.477097],[120.888256,23.47655],[120.888876,23.476187],[120.889597,23.47606],[120.890317,23.476187],[120.890937,23.47655],[120.891368,23.477097],[120.891554,23.477866],[120.891417,23.478531],[120.891024,23.479102],[120.890317,23.479545],[120.889597,23.479672]]]}},
{"type":"Feature","properties":{"ID":5785609,"redListCat":"CR"},"geometry":{"type":"Polygon","coordinates":[[[120.873095,23.512316],[120.872375,23.512189],[120.871755,23.511827],[120.871324,23.511279],[120.871137,23.51051],[120.871275,23.509846],[120.871668,23.509274],[120.872262,23.508876],[120.873095,23.508705],[120.873929,23.508876],[120.874523,23.509274],[120.874916,23.509846],[120.875054,23.51051],[120.874867,23.511279],[120.874436,23.511827],[120.873816,23.512189],[120.873095,23.512316]]]}},
{"type":"Feature","properties":{"ID":5785610,"redListCat":"CR"},"geometry":{"type":"Polygon","coordinates":[[[120.890249,23.651675],[120.889414,23.651503],[120.88882,23.651105],[120.888426,23.650534],[120.888289,23.649869],[120.888475,23.6491],[120.888907,23.648553],[120.889527,23.64819],[120.890249,23.648063],[120.890971,23.64819],[120.891591,23.648553],[120.892023,23.6491],[120.892209,23.649869],[120.892072,23.650534],[120.891678,23.651105],[120.891084,23.651503],[120.890249,23.651675]]]}},
{"type":"Feature","properties":{"ID":5785612,"redListCat":"CR"},"geometry":{"type":"Polygon","coordinates":[[[120.890295,23.480586],[120.889574,23.480459],[120.888954,23.480097],[120.888474,23.479445],[120.888337,23.47878],[120.888474,23.478115],[120.888867,23.477544],[120.889574,23.477101],[120.890295,23.476974],[120.891015,23.477101],[120.891722,23.477544],[120.892115,23.478115],[120.892252,23.47878],[120.892115,23.479445],[120.891635,23.480097],[120.891015,23.480459],[120.890295,23.480586]]]}},
{"type":"Feature","properties":{"ID":5785613,"redListCat":"CR"},"geometry":{"type":"Polygon","coordinates":[[[120.86649,23.477523],[120.865769,23.477397],[120.86515,23.477034],[120.86467,23.476382],[120.864532,23.475718],[120.86467,23.475053],[120.865063,23.474481],[120.865769,23.474039],[120.86649,23.473912],[120.867211,23.474039],[120.867917,23.474481],[120.86831,23.475053],[120.868448,23.475718],[120.86831,23.476382],[120.86783,23.477034],[120.867211,23.477397],[120.86649,23.477523]]]}},
{"type":"Feature","properties":{"ID":5785614,"redListCat":"CR"},"geometry":{"type":"Polygon","coordinates":[[[120.874484,23.479712],[120.873763,23.479585],[120.873056,23.479142],[120.872663,23.478571],[120.872526,23.477906],[120.872712,23.477137],[120.873143,23.476589],[120.873763,23.476227],[120.874484,23.4761],[120.875204,23.476227],[120.875824,23.476589],[120.876255,23.477137],[120.876441,23.477906],[120.876304,23.478571],[120.875911,23.479142],[120.875204,23.479585],[120.874484,23.479712]]]}},
{"type":"Feature","properties":{"ID":5785615,"redListCat":"CR"},"geometry":{"type":"Polygon","coordinates":[[[120.873227,23.479179],[120.872506,23.479052],[120.8718,23.478609],[120.871407,23.478037],[120.871269,23.477373],[120.871407,23.476708],[120.8718,23.476137],[120.872393,23.475739],[120.873227,23.475567],[120.87406,23.475739],[120.874654,23.476137],[120.875047,23.476708],[120.875185,23.477373],[120.875047,23.478037],[120.874654,23.478609],[120.873948,23.479052],[120.873227,23.479179]]]}},
{"type":"Feature","properties":{"ID":5785618,"redListCat":"CR"},"geometry":{"type":"Polygon","coordinates":[[[120.945363,23.467772],[120.945811,23.468393],[120.945949,23.469058],[120.945811,23.469723],[120.945418,23.470294],[120.944824,23.470692],[120.943991,23.470864],[120.94327,23.470737],[120.942651,23.470374],[120.942338,23.470026],[120.942121,23.46959],[120.943139,23.46897],[120.944542,23.468312],[120.945363,23.467772]]]}},
{"type":"Feature","properties":{"ID":5785619,"redListCat":"CR"},"geometry":{"type":"Polygon","coordinates":[[[120.875291,23.468286],[120.875491,23.468974],[120.875399,23.469645],[120.875046,23.470239],[120.874371,23.470721],[120.87366,23.47089],[120.872932,23.470805],[120.872197,23.470404],[120.871766,23.469856],[120.871616,23.469431],[120.872855,23.469005],[120.873296,23.468753],[120.87414,23.468623],[120.875291,23.468286]]]}},
{"type":"Feature","properties":{"ID":5785624,"redListCat":"CR"},"geometry":{"type":"Polygon","coordinates":[[[120.880971,23.468086],[120.881253,23.468815],[120.881207,23.46949],[120.880895,23.470103],[120.88036,23.470566],[120.879678,23.470815],[120.878824,23.47079],[120.87816,23.470502],[120.877658,23.470009],[120.877415,23.46949],[120.877357,23.468928],[120.877491,23.468377],[120.87776,23.467941],[120.879884,23.467991],[120.880971,23.468086]]]}},
{"type":"Feature","properties":{"ID":5785625,"redListCat":"CR"},"geometry":{"type":"Polygon","coordinates":[[[120.876923,23.467987],[120.877352,23.468592],[120.87749,23.469257],[120.877303,23.470026],[120.876872,23.470573],[120.876253,23.470936],[120.875532,23.471063],[120.874699,23.470891],[120.874105,23.470493],[120.873761,23.470026],[120.873609,23.469595],[120.873578,23.469144],[120.873672,23.468695],[120.875552,23.468224],[120.876923,23.467987]]]}},
{"type":"Feature","properties":{"ID":5785631,"redListCat":"CR"},"geometry":{"type":"Polygon","coordinates":[[[120.889464,23.488151],[120.888743,23.488024],[120.888123,23.487662],[120.887692,23.487114],[120.887506,23.486345],[120.887692,23.485576],[120.888123,23.485029],[120.888743,23.484666],[120.889464,23.484539],[120.890184,23.484666],[120.890804,23.485029],[120.891235,23.485576],[120.891422,23.486345],[120.891235,23.487114],[120.890804,23.487662],[120.890184,23.488024],[120.889464,23.488151]]]}},
{"type":"Feature","properties":{"ID":5816741,"redListCat":"CR"},"geometry":{"type":"Polygon","coordinates":[[[120.788041,23.734033],[120.787319,23.733906],[120.786612,23.733463],[120.786218,23.732891],[120.78608,23.732227],[120.786218,23.731562],[120.786612,23.730991],[120.787206,23.730593],[120.788041,23.730421],[120.788877,23.730593],[120.789471,23.730991],[120.789865,23.731562],[120.790003,23.732227],[120.789865,23.732891],[120.789471,23.733463],[120.788764,23.733906],[120.788041,23.734033]]]}},
{"type":"Feature","properties":{"ID":5767165,"redListCat":"CR"},"geometry":{"type":"Polygon","coordinates":[[[120.748544,23.517536],[120.747711,23.517364],[120.747117,23.516966],[120.746724,23.516395],[120.746586,23.51573],[120.746724,23.515065],[120.747204,23.514413],[120.747824,23.514051],[120.748544,23.513924],[120.749265,23.514051],[120.749885,23.514413],[120.750365,23.515065],[120.750503,23.51573],[120.750365,23.516395],[120.749972,23.516966],[120.749378,23.517364],[120.748544,23.517536]]]}},
{"type":"Feature","properties":{"ID":5400769,"redListCat":"CR"},"geometry":{"type":"Polygon","coordinates":[[[120.769878,23.529053],[120.769157,23.528926],[120.76845,23.528483],[120.768057,23.527912],[120.767919,23.527247],[120.768105,23.526478],[120.768537,23.525931],[120.769157,23.525568],[120.769878,23.525441],[120.770599,23.525568],[120.771218,23.525931],[120.77165,23.526478],[120.771836,23.527247],[120.771699,23.527912],[120.771305,23.528483],[120.770599,23.528926],[120.769878,23.529053]]]}},
{"type":"Feature","properties":{"ID":5796754,"redListCat":"CR"},"geometry":{"type":"Polygon","coordinates":[[[121.161152,24.0311],[121.160428,24.030973],[121.159806,24.03061],[121.159324,24.029959],[121.159186,24.029294],[121.159324,24.028629],[121.159718,24.028058],[121.160315,24.02766],[121.161152,24.027488],[121.161989,24.02766],[121.162585,24.028058],[121.16298,24.028629],[121.163118,24.029294],[121.16298,24.029959],[121.162497,24.03061],[121.161875,24.030973],[121.161152,24.0311]]]}},
{"type":"Feature","properties":{"ID":5911534,"redListCat":"CR"},"geometry":{"type":"Polygon","coordinates":[[[121.161204,24.030388],[121.16048,24.030261],[121.159771,24.029818],[121.159376,24.029247],[121.159238,24.028582],[121.159376,24.027917],[121.159771,24.027346],[121.16048,24.026903],[121.161204,24.026776],[121.161927,24.026903],[121.162637,24.027346],[121.163032,24.027917],[121.16317,24.028582],[121.163032,24.029247],[121.162637,24.029818],[121.161927,24.030261],[121.161204,24.030388]]]}},
{"type":"Feature","properties":{"ID":5815584,"redListCat":"CR"},"geometry":{"type":"Polygon","coordinates":[[[120.81391,23.555035],[120.813076,23.554863],[120.812482,23.554465],[120.812088,23.553894],[120.811951,23.553229],[120.812088,23.552564],[120.812569,23.551912],[120.813188,23.55155],[120.81391,23.551423],[120.814631,23.55155],[120.815251,23.551912],[120.815731,23.552564],[120.815868,23.553229],[120.815731,23.553894],[120.815338,23.554465],[120.814744,23.554863],[120.81391,23.555035]]]}},
{"type":"Feature","properties":{"ID":5815585,"redListCat":"CR"},"geometry":{"type":"Polygon","coordinates":[[[120.809572,23.514554],[120.808739,23.514382],[120.808145,23.513985],[120.807752,23.513413],[120.807614,23.512748],[120.807752,23.512084],[120.808232,23.511432],[120.808852,23.511069],[120.809572,23.510943],[120.810293,23.511069],[120.810913,23.511432],[120.811393,23.512084],[120.811531,23.512748],[120.811393,23.513413],[120.811,23.513985],[120.810406,23.514382],[120.809572,23.514554]]]}},
{"type":"Feature","properties":{"ID":5815586,"redListCat":"CR"},"geometry":{"type":"Polygon","coordinates":[[[120.948203,23.858922],[120.947774,23.858526],[120.947495,23.858023],[120.947399,23.857465],[120.947495,23.856907],[120.947774,23.856403],[120.948209,23.856004],[120.948756,23.855747],[120.949478,23.855662],[120.949508,23.856465],[120.949202,23.857799],[120.948965,23.85814],[120.948203,23.858922]]]}},
{"type":"Feature","properties":{"ID":5808736,"redListCat":"CR"},"geometry":{"type":"Polygon","coordinates":[[[120.856846,23.853019],[120.856123,23.852892],[120.855502,23.852529],[120.855069,23.851982],[120.854882,23.851213],[120.855069,23.850444],[120.855502,23.849896],[120.856123,23.849534],[120.856846,23.849407],[120.857568,23.849534],[120.85819,23.849896],[120.858622,23.850444],[120.858809,23.851213],[120.858622,23.851982],[120.85819,23.852529],[120.857568,23.852892],[120.856846,23.853019]]]}},
{"type":"Feature","properties":{"ID":5391967,"redListCat":"CR"},"geometry":{"type":"Polygon","coordinates":[[[120.902964,23.476134],[120.903144,23.47689],[120.903007,23.477555],[120.902613,23.478126],[120.90202,23.478524],[120.901309,23.478692],[120.900466,23.478569],[120.899846,23.478206],[120.899415,23.477659],[120.899244,23.477116],[120.899244,23.476664],[120.899366,23.476225],[120.899657,23.475764],[120.90134,23.476038],[120.902964,23.476134]]]}},
{"type":"Feature","properties":{"ID":5172125,"redListCat":"CR"},"geometry":{"type":"Polygon","coordinates":[[[121.240639,24.052125],[121.239801,24.051953],[121.239205,24.051555],[121.23881,24.050984],[121.238672,24.050319],[121.238859,24.04955],[121.239293,24.049002],[121.239915,24.04864],[121.240639,24.048513],[121.241362,24.04864],[121.241985,24.049002],[121.242418,24.04955],[121.242605,24.050319],[121.242467,24.050984],[121.242072,24.051555],[121.241476,24.051953],[121.240639,24.052125]]]}},
{"type":"Feature","properties":{"ID":5413849,"redListCat":"CR"},"geometry":{"type":"Polygon","coordinates":[[[120.423358,24.054517],[120.422634,24.05439],[120.422012,24.054028],[120.421579,24.05348],[120.421392,24.052712],[120.42153,24.052047],[120.421925,24.051475],[120.422521,24.051078],[120.423358,24.050906],[120.424195,24.051078],[120.424791,24.051475],[120.425186,24.052047],[120.425324,24.052712],[120.425137,24.05348],[120.424704,24.054028],[120.424082,24.05439],[120.423358,24.054517]]]}},
{"type":"Feature","properties":{"ID":5828623,"redListCat":"CR"},"geometry":{"type":"Polygon","coordinates":[[[120.347535,23.978868],[120.346812,23.978741],[120.346103,23.978298],[120.345708,23.977727],[120.34557,23.977062],[120.345708,23.976397],[120.34619,23.975746],[120.346812,23.975383],[120.347535,23.975256],[120.348259,23.975383],[120.348881,23.975746],[120.349362,23.976397],[120.3495,23.977062],[120.349362,23.977727],[120.348968,23.978298],[120.348259,23.978741],[120.347535,23.978868]]]}},
{"type":"Feature","properties":{"ID":5796274,"redListCat":"CR"},"geometry":{"type":"Polygon","coordinates":[[[120.854825,23.550435],[120.854104,23.550308],[120.853484,23.549946],[120.853003,23.549294],[120.852866,23.548629],[120.853003,23.547964],[120.853397,23.547393],[120.853991,23.546995],[120.854825,23.546823],[120.855659,23.546995],[120.856252,23.547393],[120.856646,23.547964],[120.856783,23.548629],[120.856646,23.549294],[120.856166,23.549946],[120.855546,23.550308],[120.854825,23.550435]]]}},
{"type":"Feature","properties":{"ID":5796276,"redListCat":"CR"},"geometry":{"type":"Polygon","coordinates":[[[120.803008,23.676388],[120.802286,23.676261],[120.801666,23.675898],[120.801234,23.675351],[120.801047,23.674582],[120.801185,23.673917],[120.801579,23.673346],[120.802286,23.672903],[120.803008,23.672776],[120.80373,23.672903],[120.804437,23.673346],[120.804831,23.673917],[120.804969,23.674582],[120.804782,23.675351],[120.80435,23.675898],[120.80373,23.676261],[120.803008,23.676388]]]}},
{"type":"Feature","properties":{"ID":5796277,"redListCat":"CR"},"geometry":{"type":"Polygon","coordinates":[[[120.68128,23.758459],[120.680558,23.758332],[120.679937,23.757969],[120.679505,23.757422],[120.679318,23.756653],[120.679456,23.755988],[120.679937,23.755337],[120.680558,23.754974],[120.68128,23.754847],[120.682002,23.754974],[120.682623,23.755337],[120.683104,23.755988],[120.683242,23.756653],[120.683055,23.757422],[120.682623,23.757969],[120.682002,23.758332],[120.68128,23.758459]]]}},
{"type":"Feature","properties":{"ID":5789063,"redListCat":"CR"},"geometry":{"type":"Polygon","coordinates":[[[120.794833,23.684868],[120.793999,23.684696],[120.793404,23.684298],[120.79301,23.683727],[120.792873,23.683062],[120.79301,23.682397],[120.793404,23.681826],[120.793999,23.681428],[120.794833,23.681256],[120.795668,23.681428],[120.796263,23.681826],[120.796656,23.682397],[120.796794,23.683062],[120.796657,23.683727],[120.796263,23.684298],[120.795668,23.684696],[120.794833,23.684868]]]}},
{"type":"Feature","properties":{"ID":5789064,"redListCat":"CR"},"geometry":{"type":"Polygon","coordinates":[[[120.795446,23.680944],[120.794724,23.680817],[120.794103,23.680454],[120.793672,23.679907],[120.793485,23.679138],[120.793623,23.678473],[120.794016,23.677902],[120.794724,23.677459],[120.795446,23.677332],[120.796167,23.677459],[120.796875,23.677902],[120.797269,23.678473],[120.797406,23.679138],[120.79722,23.679907],[120.796788,23.680454],[120.796168,23.680817],[120.795446,23.680944]]]}},
{"type":"Feature","properties":{"ID":5806120,"redListCat":"CR"},"geometry":{"type":"Polygon","coordinates":[[[120.799654,23.818933],[120.798931,23.818806],[120.79831,23.818443],[120.797878,23.817896],[120.797691,23.817127],[120.797829,23.816462],[120.798223,23.815891],[120.798931,23.815448],[120.799654,23.815321],[120.800376,23.815448],[120.801085,23.815891],[120.801479,23.816462],[120.801617,23.817127],[120.80143,23.817896],[120.800998,23.818443],[120.800377,23.818806],[120.799654,23.818933]]]}},
{"type":"Feature","properties":{"ID":5754428,"redListCat":"CR"},"geometry":{"type":"Polygon","coordinates":[[[120.873981,23.468647],[120.873922,23.469195],[120.873679,23.469714],[120.873274,23.470137],[120.872747,23.470425],[120.872149,23.470548],[120.87154,23.470495],[120.870977,23.470271],[120.870487,23.46986],[120.872468,23.469161],[120.873296,23.468753],[120.873981,23.468647]]]}},
{"type":"Feature","properties":{"ID":5754431,"redListCat":"CR"},"geometry":{"type":"Polygon","coordinates":[[[120.749472,23.583732],[120.74875,23.583605],[120.74813,23.583243],[120.74765,23.582591],[120.747512,23.581926],[120.74765,23.581262],[120.748043,23.58069],[120.74875,23.580247],[120.749472,23.58012],[120.750193,23.580247],[120.7509,23.58069],[120.751293,23.581262],[120.751431,23.581926],[120.751293,23.582591],[120.750813,23.583243],[120.750193,23.583605],[120.749472,23.583732]]]}},
{"type":"Feature","properties":{"ID":5754435,"redListCat":"CR"},"geometry":{"type":"Polygon","coordinates":[[[120.658957,23.613402],[120.658236,23.613275],[120.657616,23.612913],[120.657135,23.612261],[120.656997,23.611596],[120.657135,23.610931],[120.657529,23.61036],[120.658123,23.609962],[120.658957,23.60979],[120.659792,23.609962],[120.660386,23.61036],[120.660779,23.610931],[120.660917,23.611596],[120.660779,23.612261],[120.660299,23.612913],[120.659679,23.613275],[120.658957,23.613402]]]}},
{"type":"Feature","properties":{"ID":5754437,"redListCat":"CR"},"geometry":{"type":"Polygon","coordinates":[[[120.709158,23.60968],[120.708437,23.609553],[120.707817,23.60919],[120.707385,23.608643],[120.707198,23.607874],[120.707336,23.607209],[120.70773,23.606638],[120.708437,23.606195],[120.709158,23.606068],[120.709879,23.606195],[120.710587,23.606638],[120.71098,23.607209],[120.711118,23.607874],[120.710931,23.608643],[120.7105,23.60919],[120.70988,23.609553],[120.709158,23.60968]]]}},
{"type":"Feature","properties":{"ID":5754448,"redListCat":"CR"},"geometry":{"type":"Polygon","coordinates":[[[120.863545,23.84563],[120.862709,23.845458],[120.862113,23.845061],[120.861719,23.844489],[120.861581,23.843824],[120.861719,23.84316],[120.862113,23.842588],[120.862709,23.842191],[120.863545,23.842019],[120.86438,23.842191],[120.864976,23.842588],[120.86537,23.84316],[120.865508,23.843824],[120.86537,23.844489],[120.864976,23.845061],[120.86438,23.845458],[120.863545,23.84563]]]}},
{"type":"Feature","properties":{"ID":5754449,"redListCat":"CR"},"geometry":{"type":"Polygon","coordinates":[[[120.919304,23.84801],[120.918581,23.847883],[120.91796,23.847521],[120.917527,23.846973],[120.917341,23.846204],[120.917478,23.845539],[120.91796,23.844888],[120.918581,23.844525],[120.919304,23.844398],[120.920027,23.844525],[120.920648,23.844888],[120.921129,23.845539],[120.921267,23.846204],[120.92108,23.846973],[120.920648,23.847521],[120.920027,23.847883],[120.919304,23.84801]]]}},
{"type":"Feature","properties":{"ID":5754450,"redListCat":"CR"},"geometry":{"type":"Polygon","coordinates":[[[121.235221,24.049586],[121.234498,24.049459],[121.233788,24.049016],[121.233393,24.048445],[121.233255,24.04778],[121.233393,24.047115],[121.233788,24.046544],[121.234384,24.046146],[121.235221,24.045974],[121.236059,24.046146],[121.236655,24.046544],[121.23705,24.047115],[121.237188,24.04778],[121.23705,24.048445],[121.236655,24.049016],[121.235945,24.049459],[121.235221,24.049586]]]}},
{"type":"Feature","properties":{"ID":5754451,"redListCat":"CR"},"geometry":{"type":"Polygon","coordinates":[[[121.180692,23.95361],[121.179968,23.953483],[121.179259,23.953041],[121.178865,23.952469],[121.178727,23.951804],[121.178865,23.95114],[121.179259,23.950568],[121.179855,23.950171],[121.180692,23.949999],[121.181528,23.950171],[121.182124,23.950568],[121.182519,23.95114],[121.182657,23.951804],[121.182519,23.952469],[121.182124,23.953041],[121.181415,23.953483],[121.180692,23.95361]]]}},
{"type":"Feature","properties":{"ID":5754477,"redListCat":"CR"},"geometry":{"type":"Polygon","coordinates":[[[120.967294,23.841758],[120.967707,23.841641],[120.968257,23.841617],[120.968001,23.841874],[120.967472,23.841871],[120.967294,23.841758]]]}},
{"type":"Feature","properties":{"ID":5754480,"redListCat":"CR"},"geometry":{"type":"Polygon","coordinates":[[[120.78642,23.64301],[120.785586,23.642838],[120.784991,23.64244],[120.784598,23.641869],[120.78446,23.641204],[120.784598,23.640539],[120.784991,23.639968],[120.785699,23.639525],[120.78642,23.639398],[120.787142,23.639525],[120.787849,23.639968],[120.788243,23.640539],[120.78838,23.641204],[120.788243,23.641869],[120.787849,23.64244],[120.787255,23.642838],[120.78642,23.64301]]]}},
{"type":"Feature","properties":{"ID":5754481,"redListCat":"CR"},"geometry":{"type":"Polygon","coordinates":[[[120.781398,23.778192],[120.780676,23.778065],[120.780055,23.777702],[120.779623,23.777155],[120.779436,23.776386],[120.779574,23.775721],[120.779968,23.77515],[120.780676,23.774707],[120.781398,23.77458],[120.782121,23.774707],[120.782829,23.77515],[120.783223,23.775721],[120.78336,23.776386],[120.783174,23.777155],[120.782741,23.777702],[120.782121,23.778065],[120.781398,23.778192]]]}},
{"type":"Feature","properties":{"ID":5754482,"redListCat":"CR"},"geometry":{"type":"Polygon","coordinates":[[[120.840953,23.84764],[120.84023,23.847514],[120.839609,23.847151],[120.839177,23.846604],[120.83899,23.845835],[120.839177,23.845066],[120.839609,23.844518],[120.84023,23.844156],[120.840953,23.844029],[120.841676,23.844156],[120.842297,23.844518],[120.84273,23.845066],[120.842916,23.845835],[120.84273,23.846604],[120.842297,23.847151],[120.841676,23.847514],[120.840953,23.84764]]]}},
{"type":"Feature","properties":{"ID":5754483,"redListCat":"CR"},"geometry":{"type":"Polygon","coordinates":[[[120.797149,23.670528],[120.796427,23.670401],[120.795807,23.670039],[120.795375,23.669491],[120.795189,23.668722],[120.795326,23.668057],[120.79572,23.667486],[120.796314,23.667088],[120.797149,23.666916],[120.797984,23.667088],[120.798578,23.667486],[120.798972,23.668057],[120.79911,23.668722],[120.798923,23.669491],[120.798491,23.670039],[120.797871,23.670401],[120.797149,23.670528]]]}},
{"type":"Feature","properties":{"ID":5754484,"redListCat":"CR"},"geometry":{"type":"Polygon","coordinates":[[[120.739124,23.669701],[120.738289,23.669529],[120.737695,23.669132],[120.737301,23.66856],[120.737164,23.667896],[120.73735,23.667127],[120.737782,23.666579],[120.738402,23.666217],[120.739124,23.66609],[120.739846,23.666217],[120.740466,23.666579],[120.740898,23.667127],[120.741085,23.667896],[120.740947,23.66856],[120.740553,23.669132],[120.739959,23.669529],[120.739124,23.669701]]]}},
{"type":"Feature","properties":{"ID":5754485,"redListCat":"CR"},"geometry":{"type":"Polygon","coordinates":[[[121.000192,23.793225],[120.99947,23.793098],[120.998849,23.792736],[120.998367,23.792084],[120.99823,23.791419],[120.998367,23.790755],[120.998849,23.790103],[120.99947,23.78974],[121.000192,23.789614],[121.000914,23.78974],[121.001535,23.790103],[121.002017,23.790755],[121.002154,23.791419],[121.002017,23.792084],[121.001535,23.792736],[121.000914,23.793098],[121.000192,23.793225]]]}},
{"type":"Feature","properties":{"ID":5754486,"redListCat":"CR"},"geometry":{"type":"Polygon","coordinates":[[[121.034945,23.856745],[121.034222,23.856619],[121.033601,23.856256],[121.033119,23.855604],[121.032981,23.85494],[121.033119,23.854275],[121.033513,23.853703],[121.034222,23.853261],[121.034945,23.853134],[121.035667,23.853261],[121.036376,23.853703],[121.03677,23.854275],[121.036908,23.85494],[121.03677,23.855604],[121.036289,23.856256],[121.035667,23.856619],[121.034945,23.856745]]]}},
{"type":"Feature","properties":{"ID":5754487,"redListCat":"CR"},"geometry":{"type":"Polygon","coordinates":[[[121.000351,23.502846],[120.99963,23.502719],[120.998924,23.502276],[120.998531,23.501705],[120.998393,23.50104],[120.998531,23.500375],[120.998924,23.499804],[120.999518,23.499406],[121.000351,23.499234],[121.001185,23.499406],[121.001779,23.499804],[121.002172,23.500375],[121.002309,23.50104],[121.002172,23.501705],[121.001779,23.502276],[121.001072,23.502719],[121.000351,23.502846]]]}},
{"type":"Feature","properties":{"ID":5754488,"redListCat":"CR"},"geometry":{"type":"Polygon","coordinates":[[[120.862731,23.527003],[120.861897,23.526831],[120.861303,23.526433],[120.86091,23.525862],[120.860773,23.525197],[120.860959,23.524428],[120.86139,23.523881],[120.86201,23.523518],[120.862731,23.523391],[120.863452,23.523518],[120.864072,23.523881],[120.864503,23.524428],[120.864689,23.525197],[120.864552,23.525862],[120.864159,23.526433],[120.863565,23.526831],[120.862731,23.527003]]]}},
{"type":"Feature","properties":{"ID":5754489,"redListCat":"CR"},"geometry":{"type":"Polygon","coordinates":[[[120.88944,23.652923],[120.888719,23.652796],[120.888011,23.652353],[120.887618,23.651782],[120.88748,23.651117],[120.887666,23.650348],[120.888098,23.649801],[120.888719,23.649438],[120.88944,23.649311],[120.890162,23.649438],[120.890782,23.649801],[120.891214,23.650348],[120.891401,23.651117],[120.891263,23.651782],[120.890869,23.652353],[120.890162,23.652796],[120.88944,23.652923]]]}},
{"type":"Feature","properties":{"ID":5754494,"redListCat":"CR"},"geometry":{"type":"Polygon","coordinates":[[[121.16772,23.80868],[121.166884,23.808508],[121.166289,23.80811],[121.165895,23.807539],[121.165757,23.806874],[121.165944,23.806105],[121.166376,23.805558],[121.166997,23.805195],[121.16772,23.805069],[121.168442,23.805195],[121.169063,23.805558],[121.169495,23.806105],[121.169682,23.806874],[121.169544,23.807539],[121.16915,23.80811],[121.168555,23.808508],[121.16772,23.80868]]]}},
{"type":"Feature","properties":{"ID":5754497,"redListCat":"CR"},"geometry":{"type":"Polygon","coordinates":[[[120.663294,23.568615],[120.66246,23.568443],[120.661866,23.568045],[120.661473,23.567474],[120.661335,23.566809],[120.661473,23.566144],[120.661953,23.565493],[120.662573,23.56513],[120.663294,23.565003],[120.664015,23.56513],[120.664635,23.565493],[120.665116,23.566144],[120.665253,23.566809],[120.665116,23.567474],[120.664722,23.568045],[120.664128,23.568443],[120.663294,23.568615]]]}},
{"type":"Feature","properties":{"ID":5754498,"redListCat":"CR"},"geometry":{"type":"Polygon","coordinates":[[[120.738643,23.583053],[120.737922,23.582926],[120.737302,23.582564],[120.736822,23.581912],[120.736684,23.581247],[120.736822,23.580582],[120.737302,23.579931],[120.737922,23.579568],[120.738643,23.579441],[120.739365,23.579568],[120.739985,23.579931],[120.740465,23.580582],[120.740603,23.581247],[120.740465,23.581912],[120.739985,23.582564],[120.739365,23.582926],[120.738643,23.583053]]]}},
{"type":"Feature","properties":{"ID":5754499,"redListCat":"CR"},"geometry":{"type":"Polygon","coordinates":[[[120.722831,23.567982],[120.722109,23.567855],[120.72149,23.567493],[120.721058,23.566945],[120.720872,23.566176],[120.721009,23.565512],[120.721403,23.56494],[120.722109,23.564497],[120.722831,23.564371],[120.723552,23.564497],[120.724259,23.56494],[120.724652,23.565512],[120.72479,23.566176],[120.724603,23.566945],[120.724172,23.567493],[120.723552,23.567855],[120.722831,23.567982]]]}},
{"type":"Feature","properties":{"ID":5754500,"redListCat":"CR"},"geometry":{"type":"Polygon","coordinates":[[[120.779138,23.568009],[120.778417,23.567882],[120.777797,23.567519],[120.777365,23.566972],[120.777179,23.566203],[120.777316,23.565538],[120.77771,23.564966],[120.778304,23.564569],[120.779138,23.564397],[120.779972,23.564569],[120.780566,23.564966],[120.780959,23.565538],[120.781097,23.566203],[120.780911,23.566972],[120.780479,23.567519],[120.779859,23.567882],[120.779138,23.568009]]]}},
{"type":"Feature","properties":{"ID":5754520,"redListCat":"CR"},"geometry":{"type":"Polygon","coordinates":[[[120.785901,23.699592],[120.785179,23.699465],[120.784559,23.699103],[120.784127,23.698555],[120.78394,23.697786],[120.784078,23.697122],[120.784559,23.69647],[120.785179,23.696107],[120.785901,23.695981],[120.786623,23.696107],[120.787244,23.69647],[120.787724,23.697122],[120.787862,23.697786],[120.787676,23.698555],[120.787244,23.699103],[120.786623,23.699465],[120.785901,23.699592]]]}},
{"type":"Feature","properties":{"ID":5754529,"redListCat":"CR"},"geometry":{"type":"Polygon","coordinates":[[[120.806361,23.830164],[120.805639,23.830037],[120.805017,23.829675],[120.804536,23.829023],[120.804398,23.828358],[120.804585,23.827589],[120.805018,23.827042],[120.805639,23.826679],[120.806361,23.826552],[120.807084,23.826679],[120.807705,23.827042],[120.808137,23.827589],[120.808324,23.828358],[120.808186,23.829023],[120.807705,23.829675],[120.807084,23.830037],[120.806361,23.830164]]]}},
{"type":"Feature","properties":{"ID":5754530,"redListCat":"CR"},"geometry":{"type":"Polygon","coordinates":[[[120.79975,23.819224],[120.798915,23.819052],[120.798319,23.818654],[120.797925,23.818082],[120.797787,23.817418],[120.797925,23.816753],[120.798319,23.816182],[120.799028,23.815739],[120.79975,23.815612],[120.800473,23.815739],[120.801181,23.816182],[120.801575,23.816753],[120.801713,23.817418],[120.801575,23.818082],[120.801181,23.818654],[120.800586,23.819052],[120.79975,23.819224]]]}},
{"type":"Feature","properties":{"ID":13215318,"redListCat":"CR"},"geometry":{"type":"Polygon","coordinates":[[[120.856358,23.715471],[120.855636,23.715344],[120.854928,23.714901],[120.854535,23.71433],[120.854397,23.713665],[120.854584,23.712896],[120.855016,23.712349],[120.855636,23.711986],[120.856358,23.71186],[120.85708,23.711986],[120.857701,23.712349],[120.858133,23.712896],[120.858319,23.713665],[120.858182,23.71433],[120.857788,23.714901],[120.85708,23.715344],[120.856358,23.715471]]]}},
{"type":"Feature","properties":{"ID":5813278,"redListCat":"CR"},"geometry":{"type":"Polygon","coordinates":[[[120.794797,23.670411],[120.794075,23.670284],[120.793454,23.669922],[120.793023,23.669374],[120.792836,23.668605],[120.792974,23.667941],[120.793367,23.667369],[120.793962,23.666971],[120.794797,23.6668],[120.795631,23.666971],[120.796226,23.667369],[120.796619,23.667941],[120.796757,23.668605],[120.796571,23.669374],[120.796139,23.669922],[120.795518,23.670284],[120.794797,23.670411]]]}},
{"type":"Feature","properties":{"ID":5813280,"redListCat":"CR"},"geometry":{"type":"Polygon","coordinates":[[[121.168527,23.808653],[121.167804,23.808527],[121.167183,23.808164],[121.166751,23.807616],[121.166564,23.806848],[121.166751,23.806079],[121.167183,23.805531],[121.167804,23.805169],[121.168527,23.805042],[121.169249,23.805169],[121.16987,23.805531],[121.170303,23.806079],[121.170489,23.806848],[121.170303,23.807616],[121.16987,23.808164],[121.169249,23.808527],[121.168527,23.808653]]]}},
{"type":"Feature","properties":{"ID":5813281,"redListCat":"CR"},"geometry":{"type":"Polygon","coordinates":[[[121.197077,24.104903],[121.197719,24.104631],[121.198332,24.104577],[121.198933,24.104701],[121.199555,24.105063],[121.199932,24.10551],[121.20016,24.106153],[121.200114,24.106829],[121.199818,24.107417],[121.199424,24.10698],[121.198804,24.106028],[121.198434,24.105634],[121.197077,24.104903]]]}},
{"type":"Feature","properties":{"ID":5813282,"redListCat":"CR"},"geometry":{"type":"Polygon","coordinates":[[[120.8141,23.642089],[120.813378,23.641962],[120.812758,23.641599],[120.812277,23.640948],[120.81214,23.640283],[120.812326,23.639514],[120.812758,23.638967],[120.813378,23.638604],[120.8141,23.638477],[120.814821,23.638604],[120.815442,23.638967],[120.815873,23.639514],[120.81606,23.640283],[120.815922,23.640948],[120.815442,23.641599],[120.814821,23.641962],[120.8141,23.642089]]]}},
{"type":"Feature","properties":{"ID":5393831,"redListCat":"EN"},"geometry":{"type":"Polygon","coordinates":[[[120.915243,23.542251],[120.914522,23.542125],[120.913903,23.541762],[120.913471,23.541214],[120.913285,23.540446],[120.913422,23.539781],[120.913816,23.539209],[120.914409,23.538812],[120.915243,23.53864],[120.916077,23.538812],[120.916671,23.539209],[120.917065,23.539781],[120.917202,23.540446],[120.917016,23.541214],[120.916584,23.541762],[120.915964,23.542125],[120.915243,23.542251]]]}},
{"type":"Feature","properties":{"ID":5421466,"redListCat":"EN"},"geometry":{"type":"Polygon","coordinates":[[[120.781527,23.638274],[120.780693,23.638102],[120.780098,23.637704],[120.779705,23.637133],[120.779567,23.636468],[120.779705,23.635803],[120.780098,23.635232],[120.780806,23.634789],[120.781527,23.634662],[120.782249,23.634789],[120.782956,23.635232],[120.78335,23.635803],[120.783487,23.636468],[120.78335,23.637133],[120.782956,23.637704],[120.782362,23.638102],[120.781527,23.638274]]]}},
{"type":"Feature","properties":{"ID":5916753,"redListCat":"EN"},"geometry":{"type":"Polygon","coordinates":[[[120.893071,23.475854],[120.892353,23.476241],[120.891625,23.476326],[120.890915,23.476157],[120.890282,23.475719],[120.892253,23.475716],[120.892698,23.475908],[120.893071,23.475854]]]}},
{"type":"Feature","properties":{"ID":5384669,"redListCat":"EN"},"geometry":{"type":"Polygon","coordinates":[[[121.180969,24.097116],[121.181604,24.096742],[121.182328,24.096615],[121.183166,24.096787],[121.183762,24.097185],[121.184157,24.097756],[121.184295,24.098421],[121.184157,24.099086],[121.183675,24.099737],[121.182936,24.100138],[121.18231,24.100171],[121.18219,24.099632],[121.181902,24.099185],[121.181475,24.097885],[121.180969,24.097116]]]}},
{"type":"Feature","properties":{"ID":5923210,"redListCat":"EN"},"geometry":{"type":"Polygon","coordinates":[[[121.168233,23.80943],[121.167511,23.809303],[121.16689,23.80894],[121.166457,23.808393],[121.166271,23.807624],[121.166408,23.806959],[121.166803,23.806388],[121.167511,23.805945],[121.168233,23.805818],[121.168956,23.805945],[121.169664,23.806388],[121.170058,23.806959],[121.170196,23.807624],[121.170009,23.808393],[121.169577,23.80894],[121.168956,23.809303],[121.168233,23.80943]]]}},
{"type":"Feature","properties":{"ID":5166338,"redListCat":"EN"},"geometry":{"type":"Polygon","coordinates":[[[120.789538,23.671297],[120.788816,23.67117],[120.788196,23.670807],[120.787715,23.670156],[120.787577,23.669491],[120.787715,23.668826],[120.788196,23.668174],[120.788816,23.667812],[120.789538,23.667685],[120.790259,23.667812],[120.79088,23.668174],[120.791361,23.668826],[120.791498,23.669491],[120.791361,23.670156],[120.79088,23.670807],[120.790259,23.67117],[120.789538,23.671297]]]}},
{"type":"Feature","properties":{"ID":5612055,"redListCat":"EN"},"geometry":{"type":"Polygon","coordinates":[[[120.782488,23.668038],[120.781767,23.667911],[120.781059,23.667468],[120.780665,23.666897],[120.780528,23.666232],[120.780665,23.665567],[120.781146,23.664916],[120.781767,23.664553],[120.782488,23.664426],[120.78321,23.664553],[120.78383,23.664916],[120.784311,23.665567],[120.784449,23.666232],[120.784311,23.666897],[120.783918,23.667468],[120.78321,23.667911],[120.782488,23.668038]]]}},
{"type":"Feature","properties":{"ID":5827197,"redListCat":"EN"},"geometry":{"type":"Polygon","coordinates":[[[120.798156,23.671027],[120.797434,23.6709],[120.796814,23.670538],[120.796333,23.669886],[120.796195,23.669221],[120.796382,23.668452],[120.796814,23.667905],[120.797434,23.667542],[120.798156,23.667416],[120.798877,23.667542],[120.799498,23.667905],[120.79993,23.668452],[120.800116,23.669221],[120.799979,23.669886],[120.799498,23.670538],[120.798877,23.6709],[120.798156,23.671027]]]}},
{"type":"Feature","properties":{"ID":5827198,"redListCat":"EN"},"geometry":{"type":"Polygon","coordinates":[[[120.791373,23.682347],[120.790652,23.682221],[120.790031,23.681858],[120.78955,23.681206],[120.789413,23.680541],[120.78955,23.679877],[120.789944,23.679305],[120.790539,23.678908],[120.791373,23.678736],[120.792208,23.678908],[120.792803,23.679305],[120.793197,23.679877],[120.793334,23.680541],[120.793197,23.681206],[120.792716,23.681858],[120.792095,23.682221],[120.791373,23.682347]]]}},
{"type":"Feature","properties":{"ID":5827199,"redListCat":"EN"},"geometry":{"type":"Polygon","coordinates":[[[120.794659,23.674096],[120.793937,23.673969],[120.793229,23.673526],[120.792836,23.672955],[120.792698,23.67229],[120.792836,23.671625],[120.793229,23.671054],[120.793824,23.670656],[120.794659,23.670484],[120.795493,23.670656],[120.796088,23.671054],[120.796481,23.671625],[120.796619,23.67229],[120.796481,23.672955],[120.796088,23.673526],[120.79538,23.673969],[120.794659,23.674096]]]}},
{"type":"Feature","properties":{"ID":5920846,"redListCat":"EN"},"geometry":{"type":"Polygon","coordinates":[[[120.792989,23.682599],[120.792267,23.682472],[120.791647,23.682109],[120.791215,23.681562],[120.791028,23.680793],[120.791166,23.680128],[120.79156,23.679557],[120.792154,23.679159],[120.792989,23.678987],[120.793824,23.679159],[120.794418,23.679557],[120.794812,23.680128],[120.79495,23.680793],[120.794763,23.681562],[120.794331,23.682109],[120.793711,23.682472],[120.792989,23.682599]]]}},
{"type":"Feature","properties":{"ID":5613812,"redListCat":"EN"},"geometry":{"type":"Polygon","coordinates":[[[120.916181,23.869264],[120.915344,23.869093],[120.914749,23.868695],[120.914355,23.868123],[120.914217,23.867459],[120.914355,23.866794],[120.914836,23.866142],[120.915458,23.86578],[120.916181,23.865653],[120.916903,23.86578],[120.917525,23.866142],[120.918006,23.866794],[120.918144,23.867459],[120.918006,23.868123],[120.917612,23.868695],[120.917017,23.869093],[120.916181,23.869264]]]}},
{"type":"Feature","properties":{"ID":5614819,"redListCat":"EN"},"geometry":{"type":"Polygon","coordinates":[[[120.882814,23.91815],[120.882091,23.918023],[120.881469,23.917661],[120.881036,23.917113],[120.88085,23.916344],[120.880987,23.91568],[120.881469,23.915028],[120.882091,23.914665],[120.882814,23.914539],[120.883537,23.914665],[120.884158,23.915028],[120.88464,23.91568],[120.884778,23.916344],[120.884591,23.917113],[120.884158,23.917661],[120.883537,23.918023],[120.882814,23.91815]]]}},
{"type":"Feature","properties":{"ID":5758363,"redListCat":"EN"},"geometry":{"type":"Polygon","coordinates":[[[120.862501,23.844987],[120.861778,23.84486],[120.861157,23.844498],[120.860676,23.843846],[120.860538,23.843181],[120.860676,23.842517],[120.86107,23.841945],[120.861665,23.841548],[120.862501,23.841376],[120.863337,23.841548],[120.863932,23.841945],[120.864326,23.842517],[120.864464,23.843181],[120.864326,23.843846],[120.863845,23.844498],[120.863224,23.84486],[120.862501,23.844987]]]}},
{"type":"Feature","properties":{"ID":5758364,"redListCat":"EN"},"geometry":{"type":"Polygon","coordinates":[[[120.87675,23.918283],[120.877326,23.918237],[120.877809,23.918322],[120.878255,23.918515],[120.878634,23.918803],[120.878924,23.919169],[120.879105,23.91959],[120.879167,23.920039],[120.879081,23.920565],[120.878772,23.920363],[120.878361,23.920341],[120.8779,23.920189],[120.87798,23.919297],[120.877716,23.918999],[120.877242,23.918712],[120.87675,23.918283]]]}},
{"type":"Feature","properties":{"ID":5758365,"redListCat":"EN"},"geometry":{"type":"Polygon","coordinates":[[[120.877824,23.919122],[120.878439,23.919104],[120.879029,23.919262],[120.879624,23.919659],[120.87997,23.920127],[120.880141,23.920669],[120.880122,23.921234],[120.879914,23.921766],[120.87952,23.922226],[120.879332,23.920978],[120.879135,23.920601],[120.878772,23.920363],[120.878361,23.920341],[120.8779,23.920189],[120.87798,23.919297],[120.877824,23.919122]]]}},
{"type":"Feature","properties":{"ID":5758366,"redListCat":"EN"},"geometry":{"type":"Polygon","coordinates":[[[120.883055,23.925814],[120.883538,23.925598],[120.884022,23.925513],[120.884513,23.925542],[120.884943,23.925666],[120.88406,23.925815],[120.883055,23.925814]]]}},
{"type":"Feature","properties":{"ID":5758367,"redListCat":"EN"},"geometry":{"type":"Polygon","coordinates":[[[120.878629,23.920355],[120.879001,23.919709],[120.879568,23.919277],[120.880391,23.919057],[120.881122,23.919142],[120.881767,23.919468],[120.882236,23.91999],[120.882475,23.920746],[120.882383,23.921418],[120.882028,23.922011],[120.881461,23.922442],[120.880638,23.922662],[120.879908,23.922577],[120.879599,23.922456],[120.879332,23.920978],[120.879135,23.920601],[120.878772,23.920363],[120.878629,23.920355]]]}},
{"type":"Feature","properties":{"ID":5758377,"redListCat":"EN"},"geometry":{"type":"Polygon","coordinates":[[[120.886045,23.921023],[120.885208,23.920851],[120.884613,23.920454],[120.884218,23.919882],[120.88408,23.919217],[120.884267,23.918449],[120.8847,23.917901],[120.885321,23.917538],[120.886045,23.917412],[120.886768,23.917538],[120.887389,23.917901],[120.887822,23.918449],[120.888009,23.919217],[120.887871,23.919882],[120.887477,23.920454],[120.886881,23.920851],[120.886045,23.921023]]]}},
{"type":"Feature","properties":{"ID":5758378,"redListCat":"EN"},"geometry":{"type":"Polygon","coordinates":[[[120.88956,23.913834],[120.888837,23.913707],[120.888215,23.913345],[120.887734,23.912693],[120.887596,23.912028],[120.887734,23.911364],[120.888128,23.910792],[120.888837,23.910349],[120.88956,23.910223],[120.890283,23.910349],[120.890992,23.910792],[120.891386,23.911364],[120.891524,23.912028],[120.891386,23.912693],[120.890905,23.913345],[120.890283,23.913707],[120.88956,23.913834]]]}},
{"type":"Feature","properties":{"ID":12913774,"redListCat":"EN"},"geometry":{"type":"Polygon","coordinates":[[[120.883489,23.919214],[120.882766,23.919087],[120.882144,23.918724],[120.881712,23.918177],[120.881525,23.917408],[120.881663,23.916743],[120.882057,23.916172],[120.882653,23.915774],[120.883489,23.915602],[120.884325,23.915774],[120.884921,23.916172],[120.885315,23.916743],[120.885453,23.917408],[120.885266,23.918177],[120.884834,23.918724],[120.884212,23.919087],[120.883489,23.919214]]]}},
{"type":"Feature","properties":{"ID":5774681,"redListCat":"EN"},"geometry":{"type":"Polygon","coordinates":[[[120.870526,23.829913],[120.869803,23.829786],[120.869182,23.829423],[120.86875,23.828876],[120.868563,23.828107],[120.86875,23.827338],[120.869182,23.82679],[120.869803,23.826428],[120.870526,23.826301],[120.871248,23.826428],[120.87187,23.82679],[120.872302,23.827338],[120.872489,23.828107],[120.872302,23.828876],[120.87187,23.829423],[120.871248,23.829786],[120.870526,23.829913]]]}},
{"type":"Feature","properties":{"ID":5774682,"redListCat":"EN"},"geometry":{"type":"Polygon","coordinates":[[[120.737567,23.669301],[120.736845,23.669175],[120.736138,23.668732],[120.735744,23.66816],[120.735606,23.667496],[120.735744,23.666831],[120.736138,23.666259],[120.736732,23.665862],[120.737567,23.66569],[120.738402,23.665862],[120.738996,23.666259],[120.73939,23.666831],[120.739528,23.667496],[120.73939,23.66816],[120.738996,23.668732],[120.738289,23.669175],[120.737567,23.669301]]]}},
{"type":"Feature","properties":{"ID":5163294,"redListCat":"EN"},"geometry":{"type":"Polygon","coordinates":[[[120.670739,23.63243],[120.669905,23.632258],[120.66931,23.63186],[120.668917,23.631289],[120.668779,23.630624],[120.668917,23.629959],[120.66931,23.629388],[120.669905,23.62899],[120.670739,23.628818],[120.671574,23.62899],[120.672168,23.629388],[120.672561,23.629959],[120.672699,23.630624],[120.672561,23.631289],[120.672168,23.63186],[120.671574,23.632258],[120.670739,23.63243]]]}},
{"type":"Feature","properties":{"ID":5613551,"redListCat":"EN"},"geometry":{"type":"Polygon","coordinates":[[[120.667473,23.635087],[120.666752,23.63496],[120.666044,23.634517],[120.665651,23.633945],[120.665513,23.633281],[120.6657,23.632512],[120.666132,23.631964],[120.666752,23.631602],[120.667473,23.631475],[120.668195,23.631602],[120.668815,23.631964],[120.669247,23.632512],[120.669433,23.633281],[120.669296,23.633945],[120.668902,23.634517],[120.668195,23.63496],[120.667473,23.635087]]]}},
{"type":"Feature","properties":{"ID":5790662,"redListCat":"EN"},"geometry":{"type":"Polygon","coordinates":[[[120.714369,23.50051],[120.714096,23.50116],[120.713492,23.501717],[120.712688,23.501984],[120.712197,23.501984],[120.711817,23.501903],[120.711953,23.501501],[120.713153,23.50093],[120.714369,23.50051]]]}},
{"type":"Feature","properties":{"ID":5790666,"redListCat":"EN"},"geometry":{"type":"Polygon","coordinates":[[[120.96549,23.539189],[120.964769,23.539062],[120.964149,23.538699],[120.963718,23.538152],[120.963531,23.537383],[120.963669,23.536718],[120.964149,23.536066],[120.964769,23.535704],[120.96549,23.535577],[120.966211,23.535704],[120.966831,23.536066],[120.967311,23.536718],[120.967449,23.537383],[120.967262,23.538152],[120.966831,23.538699],[120.966211,23.539062],[120.96549,23.539189]]]}},
{"type":"Feature","properties":{"ID":5790668,"redListCat":"EN"},"geometry":{"type":"Polygon","coordinates":[[[121.220701,24.049883],[121.219977,24.049756],[121.219355,24.049393],[121.218872,24.048742],[121.218734,24.048077],[121.218873,24.047412],[121.219267,24.046841],[121.219864,24.046443],[121.220701,24.046271],[121.221538,24.046443],[121.222134,24.046841],[121.222529,24.047412],[121.222667,24.048077],[121.222529,24.048742],[121.222047,24.049393],[121.221425,24.049756],[121.220701,24.049883]]]}},
{"type":"Feature","properties":{"ID":5613067,"redListCat":"EN"},"geometry":{"type":"Polygon","coordinates":[[[120.899303,23.502013],[120.898582,23.501886],[120.897876,23.501443],[120.897483,23.500872],[120.897345,23.500207],[120.897483,23.499542],[120.897876,23.498971],[120.89847,23.498573],[120.899303,23.498401],[120.900137,23.498573],[120.900731,23.498971],[120.901124,23.499542],[120.901261,23.500207],[120.901124,23.500872],[120.900731,23.501443],[120.900024,23.501886],[120.899303,23.502013]]]}},
{"type":"Feature","properties":{"ID":5758950,"redListCat":"EN"},"geometry":{"type":"Polygon","coordinates":[[[120.890773,23.927041],[120.89005,23.926915],[120.889429,23.926552],[120.888996,23.926004],[120.888809,23.925236],[120.888947,23.924571],[120.889341,23.924],[120.889937,23.923602],[120.890773,23.92343],[120.89161,23.923602],[120.892205,23.924],[120.8926,23.924571],[120.892738,23.925236],[120.892551,23.926004],[120.892118,23.926552],[120.891497,23.926915],[120.890773,23.927041]]]}},
{"type":"Feature","properties":{"ID":5385032,"redListCat":"EN"},"geometry":{"type":"Polygon","coordinates":[[[121.179479,24.096335],[121.180201,24.095947],[121.180933,24.095862],[121.181647,24.096031],[121.182243,24.096428],[121.182638,24.097],[121.182776,24.097665],[121.182638,24.098329],[121.182156,24.098981],[121.181897,24.099168],[121.181475,24.097885],[121.180548,24.096521],[121.180167,24.096395],[121.17973,24.096429],[121.179479,24.096335]]]}},
{"type":"Feature","properties":{"ID":5385773,"redListCat":"EN"},"geometry":{"type":"Polygon","coordinates":[[[121.18178,24.09876],[121.182365,24.098642],[121.182858,24.09867],[121.183327,24.09881],[121.183743,24.099053],[121.18415,24.099476],[121.18436,24.099886],[121.184452,24.100331],[121.184412,24.100822],[121.183015,24.100166],[121.18231,24.100171],[121.18219,24.099632],[121.181902,24.099185],[121.18178,24.09876]]]}},
{"type":"Feature","properties":{"ID":5613406,"redListCat":"EN"},"geometry":{"type":"Polygon","coordinates":[[[120.78362,23.619375],[120.782898,23.619248],[120.782278,23.618885],[120.781798,23.618234],[120.78166,23.617569],[120.781798,23.616904],[120.782191,23.616333],[120.782898,23.61589],[120.78362,23.615763],[120.784341,23.61589],[120.785048,23.616333],[120.785442,23.616904],[120.78558,23.617569],[120.785442,23.618234],[120.784961,23.618885],[120.784341,23.619248],[120.78362,23.619375]]]}},
{"type":"Feature","properties":{"ID":5614471,"redListCat":"EN"},"geometry":{"type":"Polygon","coordinates":[[[120.850121,23.81782],[120.849285,23.817648],[120.84869,23.81725],[120.848296,23.816679],[120.848158,23.816014],[120.848345,23.815245],[120.848777,23.814697],[120.849398,23.814335],[120.850121,23.814208],[120.850843,23.814335],[120.851464,23.814697],[120.851897,23.815245],[120.852083,23.816014],[120.851946,23.816679],[120.851551,23.81725],[120.850956,23.817648],[120.850121,23.81782]]]}},
{"type":"Feature","properties":{"ID":5800376,"redListCat":"EN"},"geometry":{"type":"Polygon","coordinates":[[[120.748903,23.577607],[120.748182,23.57748],[120.747562,23.577117],[120.747081,23.576466],[120.746944,23.575801],[120.747081,23.575136],[120.747562,23.574485],[120.748182,23.574122],[120.748903,23.573995],[120.749624,23.574122],[120.750244,23.574485],[120.750724,23.575136],[120.750862,23.575801],[120.750724,23.576466],[120.750244,23.577117],[120.749624,23.57748],[120.748903,23.577607]]]}},
{"type":"Feature","properties":{"ID":5800377,"redListCat":"EN"},"geometry":{"type":"Polygon","coordinates":[[[120.85976,23.81454],[120.858924,23.814368],[120.858329,23.81397],[120.857935,23.813399],[120.857797,23.812734],[120.857935,23.812069],[120.858329,23.811498],[120.859038,23.811055],[120.85976,23.810928],[120.860483,23.811055],[120.861191,23.811498],[120.861585,23.812069],[120.861723,23.812734],[120.861585,23.813399],[120.861191,23.81397],[120.860596,23.814368],[120.85976,23.81454]]]}},
{"type":"Feature","properties":{"ID":5800379,"redListCat":"EN"},"geometry":{"type":"Polygon","coordinates":[[[120.869257,23.829569],[120.868535,23.829442],[120.867827,23.828999],[120.867432,23.828428],[120.867295,23.827763],[120.867432,23.827098],[120.867914,23.826447],[120.868535,23.826084],[120.869257,23.825957],[120.86998,23.826084],[120.870601,23.826447],[120.871083,23.827098],[120.87122,23.827763],[120.871083,23.828428],[120.870688,23.828999],[120.86998,23.829442],[120.869257,23.829569]]]}},
{"type":"Feature","properties":{"ID":5800380,"redListCat":"EN"},"geometry":{"type":"Polygon","coordinates":[[[120.872614,23.760431],[120.871891,23.760304],[120.871271,23.759942],[120.870789,23.75929],[120.870652,23.758625],[120.870789,23.757961],[120.871183,23.757389],[120.871891,23.756946],[120.872614,23.75682],[120.873336,23.756946],[120.874044,23.757389],[120.874438,23.757961],[120.874576,23.758625],[120.874438,23.75929],[120.873957,23.759942],[120.873336,23.760304],[120.872614,23.760431]]]}},
{"type":"Feature","properties":{"ID":5911389,"redListCat":"EN"},"geometry":{"type":"Polygon","coordinates":[[[120.85895,23.813434],[120.858114,23.813262],[120.857519,23.812864],[120.857125,23.812293],[120.856987,23.811628],[120.857125,23.810963],[120.857519,23.810392],[120.858228,23.809949],[120.85895,23.809822],[120.859673,23.809949],[120.860381,23.810392],[120.860775,23.810963],[120.860913,23.811628],[120.860775,23.812293],[120.860381,23.812864],[120.859786,23.813262],[120.85895,23.813434]]]}},
{"type":"Feature","properties":{"ID":5924637,"redListCat":"EN"},"geometry":{"type":"Polygon","coordinates":[[[120.874083,23.761148],[120.87336,23.761022],[120.872652,23.760579],[120.872258,23.760007],[120.872121,23.759343],[120.872258,23.758678],[120.872652,23.758106],[120.873247,23.757709],[120.874083,23.757537],[120.874918,23.757709],[120.875513,23.758106],[120.875907,23.758678],[120.876045,23.759343],[120.875907,23.760007],[120.875513,23.760579],[120.874805,23.761022],[120.874083,23.761148]]]}},
{"type":"Feature","properties":{"ID":5805577,"redListCat":"EN"},"geometry":{"type":"Polygon","coordinates":[[[120.781824,23.779534],[120.781101,23.779407],[120.780393,23.778964],[120.779999,23.778393],[120.779861,23.777728],[120.779999,23.777063],[120.780393,23.776492],[120.780988,23.776094],[120.781824,23.775922],[120.782659,23.776094],[120.783254,23.776492],[120.783648,23.777063],[120.783786,23.777728],[120.783648,23.778393],[120.783254,23.778964],[120.782546,23.779407],[120.781824,23.779534]]]}},
{"type":"Feature","properties":{"ID":5807996,"redListCat":"EN"},"geometry":{"type":"Polygon","coordinates":[[[120.779727,23.818437],[120.779004,23.81831],[120.778383,23.817947],[120.777951,23.8174],[120.777764,23.816631],[120.777902,23.815966],[120.778296,23.815395],[120.779004,23.814952],[120.779727,23.814825],[120.78045,23.814952],[120.781158,23.815395],[120.781552,23.815966],[120.78169,23.816631],[120.781503,23.8174],[120.781071,23.817947],[120.78045,23.81831],[120.779727,23.818437]]]}},
{"type":"Feature","properties":{"ID":5186458,"redListCat":"EN"},"geometry":{"type":"Polygon","coordinates":[[[120.900768,23.901457],[120.900045,23.90133],[120.899336,23.900887],[120.898941,23.900316],[120.898804,23.899651],[120.898942,23.898986],[120.899336,23.898415],[120.900045,23.897972],[120.900768,23.897845],[120.901491,23.897972],[120.902199,23.898415],[120.902594,23.898986],[120.902732,23.899651],[120.902594,23.900316],[120.902199,23.900887],[120.901491,23.90133],[120.900768,23.901457]]]}},
{"type":"Feature","properties":{"ID":5567064,"redListCat":"EN"},"geometry":{"type":"Polygon","coordinates":[[[120.877548,23.918897],[120.877936,23.918199],[120.878503,23.917768],[120.879203,23.917558],[120.879938,23.917601],[120.880604,23.917889],[120.881108,23.918382],[120.881398,23.919124],[120.881352,23.919799],[120.881039,23.920411],[120.880604,23.920811],[120.880057,23.921067],[120.87937,23.921153],[120.879135,23.920601],[120.878772,23.920363],[120.878361,23.920341],[120.8779,23.920189],[120.87798,23.919297],[120.877548,23.918897]]]}},
{"type":"Feature","properties":{"ID":5815987,"redListCat":"EN"},"geometry":{"type":"Polygon","coordinates":[[[120.894455,23.914812],[120.893732,23.914685],[120.893023,23.914242],[120.892629,23.913671],[120.892491,23.913006],[120.892678,23.912237],[120.89311,23.91169],[120.893732,23.911327],[120.894455,23.9112],[120.895178,23.911327],[120.895799,23.91169],[120.896232,23.912237],[120.896419,23.913006],[120.896281,23.913671],[120.895887,23.914242],[120.895178,23.914685],[120.894455,23.914812]]]}},
{"type":"Feature","properties":{"ID":5815988,"redListCat":"EN"},"geometry":{"type":"Polygon","coordinates":[[[120.880489,23.819417],[120.879766,23.81929],[120.879058,23.818847],[120.878664,23.818276],[120.878526,23.817611],[120.878664,23.816946],[120.879058,23.816375],[120.879766,23.815932],[120.880489,23.815805],[120.881211,23.815932],[120.88192,23.816375],[120.882314,23.816946],[120.882452,23.817611],[120.882314,23.818276],[120.88192,23.818847],[120.881211,23.81929],[120.880489,23.819417]]]}},
{"type":"Feature","properties":{"ID":5815990,"redListCat":"EN"},"geometry":{"type":"Polygon","coordinates":[[[120.890086,23.926736],[120.889363,23.926609],[120.888654,23.926166],[120.888259,23.925595],[120.888121,23.92493],[120.888259,23.924265],[120.888654,23.923694],[120.889363,23.923251],[120.890086,23.923124],[120.890809,23.923251],[120.891518,23.923694],[120.891912,23.924265],[120.89205,23.92493],[120.891912,23.925595],[120.891518,23.926166],[120.890809,23.926609],[120.890086,23.926736]]]}},
{"type":"Feature","properties":{"ID":5815991,"redListCat":"EN"},"geometry":{"type":"Polygon","coordinates":[[[120.889122,23.91665],[120.888286,23.916478],[120.88769,23.91608],[120.887296,23.915509],[120.887158,23.914844],[120.887296,23.914179],[120.887778,23.913528],[120.888399,23.913165],[120.889122,23.913038],[120.889845,23.913165],[120.890467,23.913528],[120.890949,23.914179],[120.891087,23.914844],[120.890949,23.915509],[120.890554,23.91608],[120.889959,23.916478],[120.889122,23.91665]]]}},
{"type":"Feature","properties":{"ID":5815993,"redListCat":"EN"},"geometry":{"type":"Polygon","coordinates":[[[120.876458,23.822951],[120.875736,23.822824],[120.875115,23.822462],[120.874682,23.821914],[120.874495,23.821146],[120.874633,23.820481],[120.875115,23.819829],[120.875736,23.819467],[120.876458,23.81934],[120.877181,23.819467],[120.877802,23.819829],[120.878283,23.820481],[120.878421,23.821146],[120.878234,23.821914],[120.877802,23.822462],[120.877181,23.822824],[120.876458,23.822951]]]}},
{"type":"Feature","properties":{"ID":5815995,"redListCat":"EN"},"geometry":{"type":"Polygon","coordinates":[[[120.877898,23.919205],[120.878551,23.919489],[120.878986,23.919889],[120.879299,23.920501],[120.879355,23.921084],[120.879135,23.920601],[120.878772,23.920363],[120.878361,23.920341],[120.8779,23.920189],[120.87798,23.919297],[120.877898,23.919205]]]}},
{"type":"Feature","properties":{"ID":5815996,"redListCat":"EN"},"geometry":{"type":"Polygon","coordinates":[[[120.898995,23.884692],[120.898272,23.884565],[120.897651,23.884203],[120.897219,23.883655],[120.897032,23.882886],[120.89717,23.882222],[120.897564,23.88165],[120.898159,23.881252],[120.898995,23.881081],[120.899832,23.881252],[120.900427,23.88165],[120.900821,23.882222],[120.900959,23.882886],[120.900772,23.883655],[120.90034,23.884203],[120.899718,23.884565],[120.898995,23.884692]]]}},
{"type":"Feature","properties":{"ID":5815998,"redListCat":"EN"},"geometry":{"type":"Polygon","coordinates":[[[120.79183,23.835028],[120.791107,23.834901],[120.790399,23.834459],[120.790005,23.833887],[120.789867,23.833222],[120.790054,23.832454],[120.790486,23.831906],[120.791107,23.831544],[120.79183,23.831417],[120.792552,23.831544],[120.793174,23.831906],[120.793606,23.832454],[120.793793,23.833222],[120.793655,23.833887],[120.793261,23.834459],[120.792552,23.834901],[120.79183,23.835028]]]}},
{"type":"Feature","properties":{"ID":5816000,"redListCat":"EN"},"geometry":{"type":"Polygon","coordinates":[[[120.882407,23.823351],[120.881685,23.823224],[120.880976,23.822782],[120.880582,23.82221],[120.880444,23.821545],[120.880631,23.820777],[120.881064,23.820229],[120.881685,23.819866],[120.882407,23.81974],[120.88313,23.819866],[120.883751,23.820229],[120.884183,23.820777],[120.88437,23.821545],[120.884232,23.82221],[120.883838,23.822782],[120.88313,23.823224],[120.882407,23.823351]]]}},
{"type":"Feature","properties":{"ID":5816001,"redListCat":"EN"},"geometry":{"type":"Polygon","coordinates":[[[120.877577,23.918915],[120.878328,23.918566],[120.879063,23.918523],[120.879763,23.918733],[120.88033,23.919164],[120.880685,23.919757],[120.880777,23.920428],[120.880594,23.921084],[120.880069,23.921706],[120.879479,23.922014],[120.879332,23.920978],[120.879135,23.920601],[120.878772,23.920363],[120.878361,23.920341],[120.8779,23.920189],[120.87798,23.919297],[120.877577,23.918915]]]}},
{"type":"Feature","properties":{"ID":5816002,"redListCat":"EN"},"geometry":{"type":"Polygon","coordinates":[[[120.882422,23.925819],[120.882701,23.925405],[120.883162,23.925031],[120.883608,23.924839],[120.884215,23.92475],[120.884822,23.924839],[120.885267,23.925031],[120.885647,23.92532],[120.885961,23.925732],[120.885358,23.925635],[120.88406,23.925815],[120.882422,23.925819]]]}},
{"type":"Feature","properties":{"ID":5816018,"redListCat":"EN"},"geometry":{"type":"Polygon","coordinates":[[[120.883434,23.92264],[120.882711,23.922513],[120.88209,23.92215],[120.881657,23.921603],[120.88147,23.920834],[120.881657,23.920065],[120.88209,23.919518],[120.882711,23.919155],[120.883434,23.919028],[120.884157,23.919155],[120.884779,23.919518],[120.885212,23.920065],[120.885399,23.920834],[120.885212,23.921603],[120.884779,23.92215],[120.884157,23.922513],[120.883434,23.92264]]]}},
{"type":"Feature","properties":{"ID":5816028,"redListCat":"EN"},"geometry":{"type":"Polygon","coordinates":[[[120.885307,23.918104],[120.884584,23.917977],[120.883963,23.917615],[120.883481,23.916963],[120.883343,23.916298],[120.883481,23.915634],[120.883963,23.914982],[120.884584,23.914619],[120.885307,23.914493],[120.88603,23.914619],[120.886652,23.914982],[120.887134,23.915634],[120.887272,23.916298],[120.887134,23.916963],[120.886652,23.917615],[120.88603,23.917977],[120.885307,23.918104]]]}},
{"type":"Feature","properties":{"ID":5816029,"redListCat":"EN"},"geometry":{"type":"Polygon","coordinates":[[[120.885859,23.916358],[120.885023,23.916186],[120.884427,23.915788],[120.884033,23.915217],[120.883895,23.914552],[120.884082,23.913783],[120.884514,23.913236],[120.885136,23.912873],[120.885859,23.912746],[120.886582,23.912873],[120.887203,23.913236],[120.887636,23.913783],[120.887823,23.914552],[120.887685,23.915217],[120.887291,23.915788],[120.886695,23.916186],[120.885859,23.916358]]]}},
{"type":"Feature","properties":{"ID":5913071,"redListCat":"EN"},"geometry":{"type":"Polygon","coordinates":[[[120.879469,23.81966],[120.878746,23.819534],[120.878125,23.819171],[120.877693,23.818623],[120.877506,23.817855],[120.877644,23.81719],[120.878038,23.816618],[120.878746,23.816176],[120.879469,23.816049],[120.880191,23.816176],[120.8809,23.816618],[120.881294,23.81719],[120.881432,23.817855],[120.881245,23.818623],[120.880813,23.819171],[120.880191,23.819534],[120.879469,23.81966]]]}},
{"type":"Feature","properties":{"ID":5914072,"redListCat":"EN"},"geometry":{"type":"Polygon","coordinates":[[[120.884011,23.823366],[120.883289,23.823239],[120.882581,23.822796],[120.882186,23.822225],[120.882049,23.82156],[120.882186,23.820896],[120.882668,23.820244],[120.883289,23.819881],[120.884011,23.819754],[120.884734,23.819881],[120.885355,23.820244],[120.885836,23.820896],[120.885974,23.82156],[120.885836,23.822225],[120.885442,23.822796],[120.884734,23.823239],[120.884011,23.823366]]]}},
{"type":"Feature","properties":{"ID":5914118,"redListCat":"EN"},"geometry":{"type":"Polygon","coordinates":[[[120.878014,23.920226],[120.878484,23.919599],[120.879106,23.919237],[120.879829,23.91911],[120.880552,23.919237],[120.881173,23.919599],[120.881606,23.920147],[120.881793,23.920916],[120.881655,23.92158],[120.881342,23.922067],[120.880881,23.92244],[120.880317,23.922665],[120.879672,23.922715],[120.87951,23.922197],[120.879332,23.920978],[120.879135,23.920601],[120.878772,23.920363],[120.878361,23.920341],[120.878014,23.920226]]]}},
{"type":"Feature","properties":{"ID":5914335,"redListCat":"EN"},"geometry":{"type":"Polygon","coordinates":[[[120.892128,23.928403],[120.891405,23.928277],[120.890783,23.927914],[120.890351,23.927367],[120.890164,23.926598],[120.890302,23.925933],[120.890784,23.925281],[120.891405,23.924919],[120.892128,23.924792],[120.892851,23.924919],[120.893473,23.925281],[120.893955,23.925933],[120.894093,23.926598],[120.893906,23.927367],[120.893473,23.927914],[120.892851,23.928277],[120.892128,23.928403]]]}},
{"type":"Feature","properties":{"ID":5914517,"redListCat":"EN"},"geometry":{"type":"Polygon","coordinates":[[[120.885157,23.9246],[120.88432,23.924428],[120.883725,23.92403],[120.88333,23.923459],[120.883192,23.922794],[120.88333,23.92213],[120.883725,23.921558],[120.884434,23.921115],[120.885157,23.920989],[120.88588,23.921115],[120.886589,23.921558],[120.886983,23.92213],[120.887121,23.922794],[120.886983,23.923459],[120.886589,23.92403],[120.885993,23.924428],[120.885157,23.9246]]]}},
{"type":"Feature","properties":{"ID":5914842,"redListCat":"EN"},"geometry":{"type":"Polygon","coordinates":[[[120.893076,23.91525],[120.892239,23.915078],[120.891644,23.91468],[120.891249,23.914109],[120.891111,23.913444],[120.891298,23.912675],[120.891731,23.912128],[120.892352,23.911765],[120.893076,23.911638],[120.893799,23.911765],[120.89442,23.912128],[120.894853,23.912675],[120.89504,23.913444],[120.894902,23.914109],[120.894507,23.91468],[120.893912,23.915078],[120.893076,23.91525]]]}},
{"type":"Feature","properties":{"ID":5914922,"redListCat":"EN"},"geometry":{"type":"Polygon","coordinates":[[[120.889667,23.916577],[120.88883,23.916405],[120.888235,23.916008],[120.88784,23.915436],[120.887703,23.914771],[120.887889,23.914003],[120.888322,23.913455],[120.888944,23.913093],[120.889667,23.912966],[120.89039,23.913093],[120.891011,23.913455],[120.891444,23.914003],[120.891631,23.914771],[120.891493,23.915436],[120.891099,23.916008],[120.890503,23.916405],[120.889667,23.916577]]]}},
{"type":"Feature","properties":{"ID":5914931,"redListCat":"EN"},"geometry":{"type":"Polygon","coordinates":[[[120.890478,23.92744],[120.889755,23.927313],[120.889133,23.926951],[120.888652,23.926299],[120.888514,23.925634],[120.888652,23.924969],[120.889046,23.924398],[120.889642,23.924],[120.890478,23.923828],[120.891315,23.924],[120.89191,23.924398],[120.892305,23.924969],[120.892443,23.925634],[120.892305,23.926299],[120.891823,23.926951],[120.891201,23.927313],[120.890478,23.92744]]]}},
{"type":"Feature","properties":{"ID":5916122,"redListCat":"EN"},"geometry":{"type":"Polygon","coordinates":[[[120.877254,23.918719],[120.877928,23.918371],[120.878658,23.918286],[120.879371,23.918454],[120.880048,23.918937],[120.880403,23.91953],[120.880495,23.920201],[120.880312,23.920857],[120.879787,23.921479],[120.879439,23.92169],[120.879332,23.920978],[120.879135,23.920601],[120.878772,23.920363],[120.878361,23.920341],[120.8779,23.920189],[120.87798,23.919297],[120.877716,23.918999],[120.877254,23.918719]]]}},
{"type":"Feature","properties":{"ID":5916689,"redListCat":"EN"},"geometry":{"type":"Polygon","coordinates":[[[120.882264,23.925789],[120.882566,23.925457],[120.882964,23.925191],[120.883787,23.924971],[120.884279,23.924999],[120.884747,23.925139],[120.885163,23.925382],[120.885442,23.925643],[120.88406,23.925815],[120.882264,23.925789]]]}},
{"type":"Feature","properties":{"ID":5925368,"redListCat":"EN"},"geometry":{"type":"Polygon","coordinates":[[[120.878547,23.920351],[120.878819,23.919713],[120.879323,23.91922],[120.879989,23.918932],[120.880846,23.918907],[120.88153,23.919156],[120.882067,23.919619],[120.882381,23.920232],[120.882408,23.921019],[120.882137,23.921648],[120.881531,23.922205],[120.880846,23.922455],[120.88011,23.922455],[120.879533,23.922264],[120.879332,23.920978],[120.879135,23.920601],[120.878772,23.920363],[120.878547,23.920351]]]}},
{"type":"Feature","properties":{"ID":9948872,"redListCat":"EN"},"geometry":{"type":"Polygon","coordinates":[[[120.910861,23.865855],[120.910139,23.865729],[120.909517,23.865366],[120.909085,23.864818],[120.908898,23.86405],[120.909036,23.863385],[120.90943,23.862813],[120.910139,23.862371],[120.910861,23.862244],[120.911584,23.862371],[120.912293,23.862813],[120.912687,23.863385],[120.912825,23.86405],[120.912638,23.864818],[120.912206,23.865366],[120.911584,23.865729],[120.910861,23.865855]]]}},
{"type":"Feature","properties":{"ID":13222902,"redListCat":"EN"},"geometry":{"type":"Polygon","coordinates":[[[121.087853,23.983264],[121.08829,23.982708],[121.088912,23.982345],[121.089759,23.982222],[121.090472,23.98239],[121.091068,23.982788],[121.091463,23.98336],[121.091597,23.984138],[121.091414,23.984793],[121.091307,23.984972],[121.08985,23.98454],[121.088926,23.984179],[121.08857,23.983938],[121.087853,23.983264]]]}},
{"type":"Feature","properties":{"ID":5832424,"redListCat":"EN"},"geometry":{"type":"Polygon","coordinates":[[[120.873724,23.468687],[120.873559,23.469193],[120.873296,23.469575],[120.872938,23.469885],[120.872508,23.470103],[120.872033,23.470216],[120.871542,23.470216],[120.871067,23.470103],[120.870559,23.46983],[120.872468,23.469161],[120.873296,23.468753],[120.873724,23.468687]]]}},
{"type":"Feature","properties":{"ID":5832425,"redListCat":"EN"},"geometry":{"type":"Polygon","coordinates":[[[120.749657,23.583929],[120.748936,23.583803],[120.748316,23.58344],[120.747835,23.582788],[120.747698,23.582124],[120.747835,23.581459],[120.748229,23.580887],[120.748936,23.580445],[120.749657,23.580318],[120.750378,23.580445],[120.751085,23.580887],[120.751479,23.581459],[120.751616,23.582124],[120.751479,23.582788],[120.750998,23.58344],[120.750378,23.583803],[120.749657,23.583929]]]}},
{"type":"Feature","properties":{"ID":5832427,"redListCat":"EN"},"geometry":{"type":"Polygon","coordinates":[[[121.179922,23.952571],[121.179199,23.952444],[121.178577,23.952081],[121.178095,23.95143],[121.177957,23.950765],[121.178144,23.949996],[121.178577,23.949449],[121.179199,23.949086],[121.179922,23.948959],[121.180645,23.949086],[121.181267,23.949449],[121.1817,23.949996],[121.181887,23.950765],[121.181749,23.95143],[121.181267,23.952081],[121.180645,23.952444],[121.179922,23.952571]]]}},
{"type":"Feature","properties":{"ID":5832433,"redListCat":"EN"},"geometry":{"type":"Polygon","coordinates":[[[120.797244,23.670411],[120.796522,23.670284],[120.795901,23.669922],[120.79547,23.669374],[120.795283,23.668605],[120.795421,23.66794],[120.795814,23.667369],[120.796409,23.666971],[120.797244,23.666799],[120.798078,23.666971],[120.798673,23.667369],[120.799067,23.66794],[120.799204,23.668605],[120.799018,23.669374],[120.798586,23.669922],[120.797965,23.670284],[120.797244,23.670411]]]}},
{"type":"Feature","properties":{"ID":5832434,"redListCat":"EN"},"geometry":{"type":"Polygon","coordinates":[[[120.86403,23.527522],[120.863196,23.52735],[120.862603,23.526952],[120.862209,23.526381],[120.862072,23.525716],[120.862258,23.524947],[120.86269,23.5244],[120.863309,23.524037],[120.86403,23.52391],[120.864751,23.524037],[120.865371,23.5244],[120.865802,23.524947],[120.865989,23.525716],[120.865851,23.526381],[120.865458,23.526952],[120.864864,23.52735],[120.86403,23.527522]]]}},
{"type":"Feature","properties":{"ID":5832435,"redListCat":"EN"},"geometry":{"type":"Polygon","coordinates":[[[120.999095,23.50196],[120.998374,23.501833],[120.997667,23.50139],[120.997274,23.500819],[120.997137,23.500154],[120.997274,23.499489],[120.997668,23.498918],[120.998261,23.49852],[120.999095,23.498348],[120.999929,23.49852],[121.000522,23.498918],[121.000915,23.499489],[121.001053,23.500154],[121.000915,23.500819],[121.000522,23.50139],[120.999816,23.501833],[120.999095,23.50196]]]}},
{"type":"Feature","properties":{"ID":5832436,"redListCat":"EN"},"geometry":{"type":"Polygon","coordinates":[[[120.890295,23.652593],[120.889573,23.652466],[120.888953,23.652103],[120.888521,23.651556],[120.888335,23.650787],[120.888521,23.650018],[120.888953,23.649471],[120.889574,23.649108],[120.890295,23.648981],[120.891017,23.649108],[120.891637,23.649471],[120.892069,23.650018],[120.892255,23.650787],[120.892069,23.651556],[120.891637,23.652103],[120.891017,23.652466],[120.890295,23.652593]]]}},
{"type":"Feature","properties":{"ID":5192179,"redListCat":"EN"},"geometry":{"type":"Polygon","coordinates":[[[121.169313,24.02215],[121.168589,24.022023],[121.167967,24.021661],[121.167534,24.021113],[121.167347,24.020344],[121.167485,24.01968],[121.167967,24.019028],[121.168589,24.018665],[121.169313,24.018539],[121.170036,24.018665],[121.170659,24.019028],[121.171141,24.01968],[121.171279,24.020344],[121.171092,24.021113],[121.170659,24.021661],[121.170036,24.022023],[121.169313,24.02215]]]}},
{"type":"Feature","properties":{"ID":5832634,"redListCat":"EN"},"geometry":{"type":"Polygon","coordinates":[[[120.7486,23.584624],[120.747878,23.584497],[120.747171,23.584055],[120.746778,23.583483],[120.74664,23.582818],[120.746778,23.582154],[120.747258,23.581502],[120.747878,23.581139],[120.7486,23.581013],[120.749321,23.581139],[120.749941,23.581502],[120.750421,23.582154],[120.750559,23.582818],[120.750421,23.583483],[120.750028,23.584055],[120.749321,23.584497],[120.7486,23.584624]]]}},
{"type":"Feature","properties":{"ID":5832649,"redListCat":"EN"},"geometry":{"type":"Polygon","coordinates":[[[121.204852,24.10938],[121.205198,24.109038],[121.205728,24.10875],[121.206329,24.108627],[121.206942,24.10868],[121.207507,24.108905],[121.207968,24.109278],[121.208282,24.109765],[121.208412,24.110279],[121.207916,24.110294],[121.206691,24.109964],[121.20591,24.109477],[121.204852,24.10938]]]}},
{"type":"Feature","properties":{"ID":5832652,"redListCat":"EN"},"geometry":{"type":"Polygon","coordinates":[[[121.201827,24.108494],[121.20242,24.10841],[121.203028,24.108498],[121.203576,24.108755],[121.204036,24.109188],[121.203361,24.108896],[121.202106,24.108764],[121.201827,24.108494]]]}},
{"type":"Feature","properties":{"ID":5832655,"redListCat":"EN"},"geometry":{"type":"Polygon","coordinates":[[[121.202641,24.108805],[121.202874,24.10811],[121.203344,24.107588],[121.204109,24.107231],[121.204844,24.107188],[121.205652,24.107455],[121.206189,24.107918],[121.206503,24.10853],[121.20655,24.109206],[121.20636,24.109781],[121.20591,24.109477],[121.20453,24.109323],[121.204149,24.109238],[121.203361,24.108896],[121.202641,24.108805]]]}},
{"type":"Feature","properties":{"ID":5774375,"redListCat":"EN"},"geometry":{"type":"Polygon","coordinates":[[[120.792324,23.63885],[120.791602,23.638723],[120.790982,23.63836],[120.790501,23.637709],[120.790364,23.637044],[120.790501,23.636379],[120.790895,23.635808],[120.791602,23.635365],[120.792324,23.635238],[120.793045,23.635365],[120.793752,23.635808],[120.794146,23.636379],[120.794284,23.637044],[120.794146,23.637709],[120.793665,23.63836],[120.793045,23.638723],[120.792324,23.63885]]]}},
{"type":"Feature","properties":{"ID":13204888,"redListCat":"EN"},"geometry":{"type":"Polygon","coordinates":[[[120.796999,23.623473],[120.796164,23.623302],[120.79557,23.622904],[120.795177,23.622332],[120.795039,23.621668],[120.795177,23.621003],[120.795657,23.620351],[120.796277,23.619989],[120.796999,23.619862],[120.79772,23.619989],[120.79834,23.620351],[120.798821,23.621003],[120.798959,23.621668],[120.798821,23.622332],[120.798428,23.622904],[120.797833,23.623302],[120.796999,23.623473]]]}},
{"type":"Feature","properties":{"ID":5774378,"redListCat":"EN"},"geometry":{"type":"Polygon","coordinates":[[[120.780927,23.645723],[120.780205,23.645596],[120.779585,23.645234],[120.779153,23.644686],[120.778967,23.643917],[120.779104,23.643252],[120.779585,23.642601],[120.780205,23.642238],[120.780927,23.642111],[120.781648,23.642238],[120.782269,23.642601],[120.782749,23.643252],[120.782887,23.643917],[120.7827,23.644686],[120.782269,23.645234],[120.781648,23.645596],[120.780927,23.645723]]]}},
{"type":"Feature","properties":{"ID":13214304,"redListCat":"EN"},"geometry":{"type":"Polygon","coordinates":[[[120.69848,23.63285],[120.697646,23.632678],[120.697051,23.63228],[120.696658,23.631709],[120.69652,23.631044],[120.696658,23.630379],[120.697051,23.629808],[120.697759,23.629365],[120.69848,23.629238],[120.699202,23.629365],[120.699909,23.629808],[120.700302,23.630379],[120.70044,23.631044],[120.700303,23.631709],[120.699909,23.63228],[120.699315,23.632678],[120.69848,23.63285]]]}},
{"type":"Feature","properties":{"ID":5777561,"redListCat":"EN"},"geometry":{"type":"Polygon","coordinates":[[[120.787597,23.6523],[120.786875,23.652173],[120.786255,23.65181],[120.785823,23.651263],[120.785636,23.650494],[120.785823,23.649725],[120.786255,23.649177],[120.786875,23.648815],[120.787597,23.648688],[120.788318,23.648815],[120.788939,23.649177],[120.789371,23.649725],[120.789557,23.650494],[120.789371,23.651263],[120.788939,23.65181],[120.788318,23.652173],[120.787597,23.6523]]]}},
{"type":"Feature","properties":{"ID":5191203,"redListCat":"EN"},"geometry":{"type":"Polygon","coordinates":[[[120.999685,23.531193],[120.998851,23.531021],[120.998258,23.530623],[120.997864,23.530052],[120.997727,23.529387],[120.997864,23.528722],[120.998258,23.528151],[120.998851,23.527753],[120.999685,23.527581],[121.000519,23.527753],[121.001113,23.528151],[121.001506,23.528722],[121.001644,23.529387],[121.001506,23.530052],[121.001113,23.530623],[121.000519,23.531021],[120.999685,23.531193]]]}},
{"type":"Feature","properties":{"ID":5790309,"redListCat":"EN"},"geometry":{"type":"Polygon","coordinates":[[[120.798127,23.672739],[120.797405,23.672612],[120.796697,23.67217],[120.796304,23.671598],[120.796166,23.670933],[120.796353,23.670164],[120.796784,23.669617],[120.797405,23.669254],[120.798127,23.669128],[120.798848,23.669254],[120.799469,23.669617],[120.799901,23.670164],[120.800087,23.670933],[120.799949,23.671598],[120.799556,23.67217],[120.798848,23.672612],[120.798127,23.672739]]]}},
{"type":"Feature","properties":{"ID":5790310,"redListCat":"EN"},"geometry":{"type":"Polygon","coordinates":[[[120.949963,23.555927],[120.949129,23.555755],[120.948535,23.555357],[120.948141,23.554786],[120.948004,23.554121],[120.948141,23.553457],[120.948535,23.552885],[120.949241,23.552442],[120.949963,23.552315],[120.950684,23.552442],[120.951391,23.552885],[120.951784,23.553457],[120.951921,23.554121],[120.951784,23.554786],[120.951391,23.555357],[120.950797,23.555755],[120.949963,23.555927]]]}},
{"type":"Feature","properties":{"ID":13204825,"redListCat":"EN"},"geometry":{"type":"Polygon","coordinates":[[[121.204932,24.109394],[121.205117,24.10867],[121.205551,24.108123],[121.206173,24.10776],[121.206897,24.107634],[121.207621,24.10776],[121.208331,24.108203],[121.208726,24.108775],[121.208864,24.109439],[121.208803,24.109888],[121.208635,24.110284],[121.207916,24.110294],[121.206691,24.109964],[121.20591,24.109477],[121.204932,24.109394]]]}},
{"type":"Feature","properties":{"ID":13205372,"redListCat":"EN"},"geometry":{"type":"Polygon","coordinates":[[[121.20499,24.109405],[121.205034,24.108715],[121.205348,24.108103],[121.205885,24.107639],[121.206693,24.107372],[121.207429,24.107415],[121.208096,24.107703],[121.208663,24.108294],[121.208891,24.108938],[121.208845,24.109613],[121.208484,24.110281],[121.207916,24.110294],[121.207504,24.110197],[121.206691,24.109964],[121.20591,24.109477],[121.20499,24.109405]]]}},
{"type":"Feature","properties":{"ID":13223741,"redListCat":"EN"},"geometry":{"type":"Polygon","coordinates":[[[121.197283,23.947317],[121.19656,23.947191],[121.195938,23.946828],[121.195505,23.946281],[121.195318,23.945512],[121.195505,23.944743],[121.195938,23.944195],[121.19656,23.943833],[121.197283,23.943706],[121.198006,23.943833],[121.198628,23.944195],[121.199061,23.944743],[121.199248,23.945512],[121.199061,23.946281],[121.198628,23.946828],[121.198006,23.947191],[121.197283,23.947317]]]}},
{"type":"Feature","properties":{"ID":13215809,"redListCat":"EN"},"geometry":{"type":"Polygon","coordinates":[[[120.701295,23.683629],[120.700573,23.683503],[120.699952,23.68314],[120.699471,23.682488],[120.699334,23.681824],[120.699471,23.681159],[120.699865,23.680587],[120.70046,23.68019],[120.701295,23.680018],[120.702129,23.68019],[120.702724,23.680587],[120.703118,23.681159],[120.703255,23.681824],[120.703118,23.682488],[120.702637,23.68314],[120.702016,23.683503],[120.701295,23.683629]]]}},
{"type":"Feature","properties":{"ID":5795837,"redListCat":"EN"},"geometry":{"type":"Polygon","coordinates":[[[120.906486,23.476358],[120.906114,23.476737],[120.9057,23.476979],[120.905233,23.477119],[120.904743,23.477148],[120.904261,23.477063],[120.903817,23.47687],[120.903439,23.476582],[120.903111,23.476144],[120.905393,23.476329],[120.906486,23.476358]]]}},
{"type":"Feature","properties":{"ID":5795843,"redListCat":"EN"},"geometry":{"type":"Polygon","coordinates":[[[120.950206,23.55586],[120.949485,23.555733],[120.948865,23.55537],[120.948384,23.554719],[120.948247,23.554054],[120.948384,23.553389],[120.948778,23.552818],[120.949372,23.55242],[120.950206,23.552248],[120.95104,23.55242],[120.951634,23.552818],[120.952027,23.553389],[120.952165,23.554054],[120.952027,23.554719],[120.951547,23.55537],[120.950927,23.555733],[120.950206,23.55586]]]}},
{"type":"Feature","properties":{"ID":5795844,"redListCat":"EN"},"geometry":{"type":"Polygon","coordinates":[[[120.876796,23.918316],[120.877443,23.917865],[120.878156,23.917697],[120.878886,23.917782],[120.879531,23.918108],[120.880057,23.91873],[120.88024,23.919386],[120.880147,23.920057],[120.879793,23.92065],[120.879341,23.921018],[120.879135,23.920601],[120.878772,23.920363],[120.878361,23.920341],[120.8779,23.920189],[120.87798,23.919297],[120.877716,23.918999],[120.877242,23.918712],[120.876796,23.918316]]]}},
{"type":"Feature","properties":{"ID":5765260,"redListCat":"EN"},"geometry":{"type":"Polygon","coordinates":[[[120.528049,23.909305],[120.527213,23.909133],[120.526617,23.908736],[120.526223,23.908164],[120.526085,23.907499],[120.526272,23.906731],[120.526705,23.906183],[120.527326,23.90582],[120.528049,23.905694],[120.528772,23.90582],[120.529394,23.906183],[120.529826,23.906731],[120.530013,23.907499],[120.529875,23.908164],[120.529481,23.908736],[120.528885,23.909133],[120.528049,23.909305]]]}},
{"type":"Feature","properties":{"ID":5783907,"redListCat":"EN"},"geometry":{"type":"Polygon","coordinates":[[[120.910534,23.869591],[120.909811,23.869464],[120.90919,23.869101],[120.908708,23.86845],[120.90857,23.867785],[120.908708,23.86712],[120.909103,23.866549],[120.909811,23.866106],[120.910534,23.865979],[120.911257,23.866106],[120.911965,23.866549],[120.91236,23.86712],[120.912498,23.867785],[120.91236,23.86845],[120.911878,23.869101],[120.911257,23.869464],[120.910534,23.869591]]]}},
{"type":"Feature","properties":{"ID":5783908,"redListCat":"EN"},"geometry":{"type":"Polygon","coordinates":[[[120.882261,23.890969],[120.881425,23.890797],[120.88083,23.890399],[120.880435,23.889828],[120.880297,23.889163],[120.880484,23.888394],[120.880917,23.887847],[120.881538,23.887484],[120.882261,23.887357],[120.882984,23.887484],[120.883606,23.887847],[120.884038,23.888394],[120.884225,23.889163],[120.884087,23.889828],[120.883693,23.890399],[120.883097,23.890797],[120.882261,23.890969]]]}},
{"type":"Feature","properties":{"ID":5716231,"redListCat":"EN"},"geometry":{"type":"Polygon","coordinates":[[[120.532732,24.033017],[120.531895,24.032845],[120.531299,24.032447],[120.530904,24.031876],[120.530766,24.031211],[120.530953,24.030442],[120.531386,24.029895],[120.532008,24.029532],[120.532732,24.029405],[120.533456,24.029532],[120.534078,24.029895],[120.534511,24.030442],[120.534698,24.031211],[120.53456,24.031876],[120.534165,24.032447],[120.533569,24.032845],[120.532732,24.033017]]]}},
{"type":"Feature","properties":{"ID":5716557,"redListCat":"EN"},"geometry":{"type":"Polygon","coordinates":[[[120.598088,23.781882],[120.597366,23.781755],[120.596745,23.781393],[120.596263,23.780741],[120.596126,23.780076],[120.596263,23.779412],[120.596657,23.77884],[120.597366,23.778397],[120.598088,23.778271],[120.59881,23.778397],[120.599518,23.77884],[120.599912,23.779412],[120.60005,23.780076],[120.599912,23.780741],[120.599431,23.781393],[120.59881,23.781755],[120.598088,23.781882]]]}},
{"type":"Feature","properties":{"ID":5716727,"redListCat":"EN"},"geometry":{"type":"Polygon","coordinates":[[[120.385855,23.971518],[120.385131,23.971391],[120.384422,23.970948],[120.384028,23.970377],[120.38389,23.969712],[120.384028,23.969047],[120.38451,23.968396],[120.385131,23.968033],[120.385855,23.967906],[120.386578,23.968033],[120.3872,23.968396],[120.387682,23.969047],[120.38782,23.969712],[120.387682,23.970377],[120.387287,23.970948],[120.386578,23.971391],[120.385855,23.971518]]]}},
{"type":"Feature","properties":{"ID":5779871,"redListCat":"EN"},"geometry":{"type":"Polygon","coordinates":[[[120.497996,24.176837],[120.497272,24.176711],[120.496561,24.176268],[120.496166,24.175696],[120.496028,24.175032],[120.496166,24.174367],[120.496561,24.173796],[120.497158,24.173398],[120.497996,24.173226],[120.498834,24.173398],[120.499431,24.173796],[120.499826,24.174367],[120.499964,24.175032],[120.499826,24.175696],[120.499431,24.176268],[120.498721,24.176711],[120.497996,24.176837]]]}},
{"type":"Feature","properties":{"ID":5779876,"redListCat":"EN"},"geometry":{"type":"Polygon","coordinates":[[[120.532576,24.033267],[120.531739,24.033095],[120.531143,24.032697],[120.530748,24.032126],[120.53061,24.031461],[120.530748,24.030796],[120.53123,24.030145],[120.531852,24.029782],[120.532576,24.029655],[120.5333,24.029782],[120.533922,24.030145],[120.534404,24.030796],[120.534542,24.031461],[120.534404,24.032126],[120.534009,24.032697],[120.533413,24.033095],[120.532576,24.033267]]]}},
{"type":"Feature","properties":{"ID":5785087,"redListCat":"EN"},"geometry":{"type":"Polygon","coordinates":[[[120.91153,23.870739],[120.910807,23.870613],[120.910098,23.87017],[120.909704,23.869598],[120.909566,23.868934],[120.909704,23.868269],[120.910098,23.867697],[120.910807,23.867255],[120.91153,23.867128],[120.912253,23.867255],[120.912961,23.867697],[120.913355,23.868269],[120.913493,23.868934],[120.913356,23.869598],[120.912961,23.87017],[120.912253,23.870613],[120.91153,23.870739]]]}},
{"type":"Feature","properties":{"ID":5785090,"redListCat":"EN"},"geometry":{"type":"Polygon","coordinates":[[[120.796811,23.672121],[120.796089,23.671994],[120.795469,23.671631],[120.794988,23.670979],[120.79485,23.670315],[120.794988,23.66965],[120.795382,23.669079],[120.796089,23.668636],[120.796811,23.668509],[120.797533,23.668636],[120.79824,23.669079],[120.798634,23.66965],[120.798771,23.670315],[120.798634,23.670979],[120.798153,23.671631],[120.797533,23.671994],[120.796811,23.672121]]]}},
{"type":"Feature","properties":{"ID":5785091,"redListCat":"EN"},"geometry":{"type":"Polygon","coordinates":[[[120.87687,23.918369],[120.877618,23.918022],[120.878353,23.91798],[120.879053,23.918189],[120.87962,23.91862],[120.879975,23.919213],[120.880067,23.919885],[120.879884,23.92054],[120.87937,23.921153],[120.879135,23.920601],[120.878772,23.920363],[120.878361,23.920341],[120.8779,23.920189],[120.87798,23.919297],[120.877716,23.918999],[120.877242,23.918712],[120.87687,23.918369]]]}},
{"type":"Feature","properties":{"ID":5785093,"redListCat":"EN"},"geometry":{"type":"Polygon","coordinates":[[[120.911043,23.901646],[120.910206,23.901474],[120.909611,23.901076],[120.909217,23.900505],[120.909079,23.89984],[120.909217,23.899175],[120.909611,23.898604],[120.910206,23.898206],[120.911043,23.898034],[120.911879,23.898206],[120.912474,23.898604],[120.912869,23.899175],[120.913007,23.89984],[120.912869,23.900505],[120.912474,23.901076],[120.911879,23.901474],[120.911043,23.901646]]]}},
{"type":"Feature","properties":{"ID":5171761,"redListCat":"EN"},"geometry":{"type":"Polygon","coordinates":[[[120.949926,23.472694],[120.949205,23.472567],[120.948499,23.472125],[120.948106,23.471553],[120.947968,23.470888],[120.948106,23.470224],[120.948499,23.469652],[120.949205,23.469209],[120.949926,23.469082],[120.950646,23.469209],[120.951353,23.469652],[120.951746,23.470224],[120.951883,23.470888],[120.951746,23.471553],[120.951353,23.472125],[120.950646,23.472567],[120.949926,23.472694]]]}},
{"type":"Feature","properties":{"ID":5787020,"redListCat":"EN"},"geometry":{"type":"Polygon","coordinates":[[[121.326355,24.115414],[121.326179,24.114941],[121.326148,24.114489],[121.326241,24.114045],[121.32645,24.113635],[121.326765,24.113286],[121.327164,24.11302],[121.327622,24.112854],[121.328121,24.112797],[121.328403,24.113328],[121.329283,24.114432],[121.329435,24.115272],[121.328576,24.114829],[121.327949,24.114939],[121.326355,24.115414]]]}},
{"type":"Feature","properties":{"ID":5802651,"redListCat":"EN"},"geometry":{"type":"Polygon","coordinates":[[[121.271325,24.04694],[121.270488,24.046768],[121.269892,24.04637],[121.269497,24.045799],[121.269359,24.045134],[121.269497,24.044469],[121.269892,24.043898],[121.270488,24.0435],[121.271325,24.043328],[121.272162,24.0435],[121.272759,24.043898],[121.273153,24.044469],[121.273291,24.045134],[121.273153,24.045799],[121.272759,24.04637],[121.272162,24.046768],[121.271325,24.04694]]]}},
{"type":"Feature","properties":{"ID":5802655,"redListCat":"EN"},"geometry":{"type":"Polygon","coordinates":[[[120.814255,23.555467],[120.813534,23.555341],[120.812914,23.554978],[120.812482,23.55443],[120.812296,23.553662],[120.812434,23.552997],[120.812827,23.552425],[120.813421,23.552028],[120.814255,23.551856],[120.815089,23.552028],[120.815683,23.552425],[120.816076,23.552997],[120.816214,23.553662],[120.816027,23.55443],[120.815596,23.554978],[120.814976,23.555341],[120.814255,23.555467]]]}},
{"type":"Feature","properties":{"ID":5802656,"redListCat":"EN"},"geometry":{"type":"Polygon","coordinates":[[[120.798579,23.670885],[120.797858,23.670758],[120.797237,23.670396],[120.796757,23.669744],[120.796619,23.669079],[120.796805,23.66831],[120.797237,23.667763],[120.797858,23.6674],[120.798579,23.667273],[120.799301,23.6674],[120.799922,23.667763],[120.800353,23.66831],[120.80054,23.669079],[120.800402,23.669744],[120.799922,23.670396],[120.799301,23.670758],[120.798579,23.670885]]]}},
{"type":"Feature","properties":{"ID":5802657,"redListCat":"EN"},"geometry":{"type":"Polygon","coordinates":[[[120.862914,23.528223],[120.86208,23.528051],[120.861486,23.527653],[120.861093,23.527082],[120.860955,23.526417],[120.861093,23.525752],[120.861573,23.5251],[120.862193,23.524738],[120.862914,23.524611],[120.863635,23.524738],[120.864255,23.5251],[120.864735,23.525752],[120.864872,23.526417],[120.864735,23.527082],[120.864342,23.527653],[120.863748,23.528051],[120.862914,23.528223]]]}},
{"type":"Feature","properties":{"ID":5802658,"redListCat":"EN"},"geometry":{"type":"Polygon","coordinates":[[[121.017217,23.789905],[121.016495,23.789779],[121.015874,23.789416],[121.015393,23.788764],[121.015255,23.7881],[121.015393,23.787435],[121.015874,23.786783],[121.016495,23.786421],[121.017217,23.786294],[121.01794,23.786421],[121.018561,23.786783],[121.019042,23.787435],[121.01918,23.7881],[121.019042,23.788764],[121.018561,23.789416],[121.01794,23.789779],[121.017217,23.789905]]]}},
{"type":"Feature","properties":{"ID":5802659,"redListCat":"EN"},"geometry":{"type":"Polygon","coordinates":[[[121.000323,23.502728],[120.999602,23.502601],[120.998895,23.502158],[120.998502,23.501587],[120.998365,23.500922],[120.998551,23.500153],[120.998982,23.499605],[120.999602,23.499243],[121.000323,23.499116],[121.001044,23.499243],[121.001663,23.499605],[121.002095,23.500153],[121.002281,23.500922],[121.002143,23.501587],[121.00175,23.502158],[121.001044,23.502601],[121.000323,23.502728]]]}},
{"type":"Feature","properties":{"ID":5802660,"redListCat":"EN"},"geometry":{"type":"Polygon","coordinates":[[[120.890415,23.651699],[120.889693,23.651572],[120.889073,23.65121],[120.888641,23.650662],[120.888454,23.649893],[120.888641,23.649124],[120.889073,23.648577],[120.889693,23.648214],[120.890415,23.648088],[120.891136,23.648214],[120.891757,23.648577],[120.892188,23.649124],[120.892375,23.649893],[120.892188,23.650662],[120.891757,23.65121],[120.891136,23.651572],[120.890415,23.651699]]]}},
{"type":"Feature","properties":{"ID":5802663,"redListCat":"EN"},"geometry":{"type":"Polygon","coordinates":[[[120.79746,23.550701],[120.796626,23.550529],[120.796032,23.550131],[120.795639,23.54956],[120.795501,23.548895],[120.795639,23.54823],[120.796032,23.547659],[120.796626,23.547261],[120.79746,23.547089],[120.798294,23.547261],[120.798888,23.547659],[120.799281,23.54823],[120.799419,23.548895],[120.799281,23.54956],[120.798888,23.550131],[120.798294,23.550529],[120.79746,23.550701]]]}},
{"type":"Feature","properties":{"ID":5802665,"redListCat":"EN"},"geometry":{"type":"Polygon","coordinates":[[[120.76711,23.533382],[120.766389,23.533255],[120.765769,23.532893],[120.765338,23.532345],[120.765152,23.531576],[120.765289,23.530912],[120.765682,23.53034],[120.766389,23.529897],[120.76711,23.529771],[120.767831,23.529897],[120.768538,23.53034],[120.768931,23.530912],[120.769069,23.531576],[120.768882,23.532345],[120.768451,23.532893],[120.767831,23.533255],[120.76711,23.533382]]]}},
{"type":"Feature","properties":{"ID":5917049,"redListCat":"EN"},"geometry":{"type":"Polygon","coordinates":[[[120.797127,23.551615],[120.796406,23.551488],[120.795786,23.551125],[120.795355,23.550578],[120.795168,23.549809],[120.795306,23.549144],[120.795786,23.548493],[120.796406,23.54813],[120.797127,23.548003],[120.797848,23.54813],[120.798468,23.548493],[120.798948,23.549144],[120.799086,23.549809],[120.7989,23.550578],[120.798468,23.551125],[120.797848,23.551488],[120.797127,23.551615]]]}},
{"type":"Feature","properties":{"ID":5922681,"redListCat":"EN"},"geometry":{"type":"Polygon","coordinates":[[[120.766357,23.534286],[120.765636,23.534159],[120.764929,23.533716],[120.764536,23.533145],[120.764398,23.53248],[120.764584,23.531711],[120.765016,23.531163],[120.765636,23.530801],[120.766357,23.530674],[120.767078,23.530801],[120.767697,23.531163],[120.768129,23.531711],[120.768315,23.53248],[120.768178,23.533145],[120.767784,23.533716],[120.767078,23.534159],[120.766357,23.534286]]]}},
{"type":"Feature","properties":{"ID":12598114,"redListCat":"EN"},"geometry":{"type":"Polygon","coordinates":[[[120.80915,23.51463],[120.808316,23.514458],[120.807722,23.51406],[120.807329,23.513489],[120.807192,23.512824],[120.807329,23.512159],[120.807809,23.511507],[120.808429,23.511145],[120.80915,23.511018],[120.809871,23.511145],[120.81049,23.511507],[120.810971,23.512159],[120.811108,23.512824],[120.810971,23.513489],[120.810577,23.51406],[120.809984,23.514458],[120.80915,23.51463]]]}},
{"type":"Feature","properties":{"ID":13214835,"redListCat":"EN"},"geometry":{"type":"Polygon","coordinates":[[[120.789296,23.641465],[120.788574,23.641339],[120.787867,23.640896],[120.787473,23.640324],[120.787335,23.63966],[120.787473,23.638995],[120.787954,23.638343],[120.788574,23.637981],[120.789296,23.637854],[120.790017,23.637981],[120.790637,23.638343],[120.791118,23.638995],[120.791256,23.63966],[120.791118,23.640324],[120.790724,23.640896],[120.790017,23.641339],[120.789296,23.641465]]]}},
{"type":"Feature","properties":{"ID":13228686,"redListCat":"EN"},"geometry":{"type":"Polygon","coordinates":[[[121.176527,23.956039],[121.175803,23.955912],[121.175094,23.955469],[121.1747,23.954898],[121.174562,23.954233],[121.1747,23.953568],[121.175182,23.952917],[121.175803,23.952554],[121.176527,23.952427],[121.17725,23.952554],[121.177872,23.952917],[121.178353,23.953568],[121.178491,23.954233],[121.178353,23.954898],[121.177959,23.955469],[121.17725,23.955912],[121.176527,23.956039]]]}},
{"type":"Feature","properties":{"ID":5802640,"redListCat":"EN"},"geometry":{"type":"Polygon","coordinates":[[[121.18346,24.100371],[121.183646,24.099631],[121.18408,24.099083],[121.184702,24.098721],[121.185426,24.098594],[121.18615,24.098721],[121.186773,24.099083],[121.187206,24.099631],[121.187393,24.1004],[121.187206,24.101168],[121.186709,24.101768],[121.185846,24.101268],[121.185458,24.101102],[121.184565,24.100891],[121.18346,24.100371]]]}},
{"type":"Feature","properties":{"ID":13217062,"redListCat":"EN"},"geometry":{"type":"Polygon","coordinates":[[[121.251555,24.118273],[121.251583,24.117494],[121.251897,24.116881],[121.252435,24.116418],[121.25312,24.116169],[121.253857,24.116169],[121.254543,24.116418],[121.25515,24.116975],[121.255421,24.117604],[121.255421,24.118281],[121.255109,24.118966],[121.253551,24.118378],[121.252682,24.118244],[121.251555,24.118273]]]}},
{"type":"Feature","properties":{"ID":5426645,"redListCat":"EN"},"geometry":{"type":"Polygon","coordinates":[[[121.273422,24.027544],[121.272585,24.027372],[121.271989,24.026975],[121.271594,24.026403],[121.271456,24.025739],[121.271594,24.025074],[121.272076,24.024422],[121.272698,24.02406],[121.273422,24.023933],[121.274146,24.02406],[121.274768,24.024422],[121.27525,24.025074],[121.275388,24.025739],[121.27525,24.026403],[121.274855,24.026975],[121.274259,24.027372],[121.273422,24.027544]]]}},
{"type":"Feature","properties":{"ID":5774454,"redListCat":"EN"},"geometry":{"type":"Polygon","coordinates":[[[120.882441,23.925822],[120.882422,23.925068],[120.882693,23.924439],[120.883197,23.923945],[120.883863,23.923657],[120.884598,23.923615],[120.885404,23.923882],[120.885941,23.924345],[120.886254,23.924957],[120.886316,23.925406],[120.886259,23.925836],[120.885744,23.925671],[120.885358,23.925635],[120.88406,23.925815],[120.882441,23.925822]]]}},
{"type":"Feature","properties":{"ID":5774455,"redListCat":"EN"},"geometry":{"type":"Polygon","coordinates":[[[120.882915,23.921714],[120.882079,23.921542],[120.881483,23.921144],[120.881089,23.920572],[120.880951,23.919908],[120.881089,23.919243],[120.881571,23.918591],[120.882192,23.918229],[120.882915,23.918102],[120.883638,23.918229],[120.88426,23.918591],[120.884742,23.919243],[120.88488,23.919908],[120.884742,23.920572],[120.884347,23.921144],[120.883752,23.921542],[120.882915,23.921714]]]}},
{"type":"Feature","properties":{"ID":5774457,"redListCat":"EN"},"geometry":{"type":"Polygon","coordinates":[[[120.882394,23.920348],[120.881671,23.920222],[120.880962,23.919779],[120.880567,23.919207],[120.880429,23.918543],[120.880567,23.917878],[120.880962,23.917306],[120.881671,23.916864],[120.882394,23.916737],[120.883117,23.916864],[120.883826,23.917306],[120.88422,23.917878],[120.884358,23.918543],[120.88422,23.919207],[120.883826,23.919779],[120.883117,23.920222],[120.882394,23.920348]]]}},
{"type":"Feature","properties":{"ID":5774458,"redListCat":"EN"},"geometry":{"type":"Polygon","coordinates":[[[120.883504,23.920806],[120.882668,23.920635],[120.882072,23.920237],[120.881678,23.919665],[120.88154,23.919001],[120.881678,23.918336],[120.882072,23.917765],[120.882668,23.917367],[120.883504,23.917195],[120.88434,23.917367],[120.884936,23.917765],[120.88533,23.918336],[120.885468,23.919001],[120.88533,23.919665],[120.884936,23.920237],[120.88434,23.920635],[120.883504,23.920806]]]}},
{"type":"Feature","properties":{"ID":5774459,"redListCat":"EN"},"geometry":{"type":"Polygon","coordinates":[[[120.893365,23.646329],[120.892644,23.646202],[120.892023,23.645839],[120.891543,23.645188],[120.891405,23.644523],[120.891591,23.643754],[120.892023,23.643207],[120.892644,23.642844],[120.893365,23.642717],[120.894087,23.642844],[120.894707,23.643207],[120.895139,23.643754],[120.895325,23.644523],[120.895188,23.645188],[120.894707,23.645839],[120.894087,23.646202],[120.893365,23.646329]]]}},
{"type":"Feature","properties":{"ID":5915494,"redListCat":"EN"},"geometry":{"type":"Polygon","coordinates":[[[120.883514,23.922961],[120.882677,23.92279],[120.882082,23.922392],[120.881687,23.92182],[120.88155,23.921156],[120.881736,23.920387],[120.882169,23.919839],[120.882791,23.919477],[120.883514,23.91935],[120.884237,23.919477],[120.884859,23.919839],[120.885291,23.920387],[120.885478,23.921156],[120.88534,23.92182],[120.884946,23.922392],[120.88435,23.92279],[120.883514,23.922961]]]}},
{"type":"Feature","properties":{"ID":5917058,"redListCat":"EN"},"geometry":{"type":"Polygon","coordinates":[[[120.881714,23.925645],[120.882038,23.925217],[120.882417,23.924929],[120.882863,23.924736],[120.88347,23.924647],[120.884077,23.924736],[120.884523,23.924929],[120.884902,23.925217],[120.885225,23.925644],[120.88406,23.925815],[120.882466,23.925827],[120.881714,23.925645]]]}},
{"type":"Feature","properties":{"ID":5781329,"redListCat":"EN"},"geometry":{"type":"Polygon","coordinates":[[[120.91126,23.868888],[120.910537,23.868761],[120.909916,23.868399],[120.909434,23.867747],[120.909296,23.867082],[120.909434,23.866418],[120.909916,23.865766],[120.910537,23.865403],[120.91126,23.865277],[120.911983,23.865403],[120.912604,23.865766],[120.913086,23.866418],[120.913224,23.867082],[120.913086,23.867747],[120.912604,23.868399],[120.911983,23.868761],[120.91126,23.868888]]]}},
{"type":"Feature","properties":{"ID":5396617,"redListCat":"EN"},"geometry":{"type":"Polygon","coordinates":[[[121.203568,24.036269],[121.202844,24.036142],[121.202134,24.0357],[121.20174,24.035128],[121.201601,24.034463],[121.201789,24.033695],[121.202222,24.033147],[121.202844,24.032784],[121.203568,24.032658],[121.204291,24.032784],[121.204913,24.033147],[121.205347,24.033695],[121.205534,24.034463],[121.205396,24.035128],[121.205001,24.0357],[121.204291,24.036142],[121.203568,24.036269]]]}},
{"type":"Feature","properties":{"ID":5396625,"redListCat":"EN"},"geometry":{"type":"Polygon","coordinates":[[[121.226488,24.041945],[121.225651,24.041773],[121.225055,24.041376],[121.22466,24.040804],[121.224522,24.04014],[121.22466,24.039475],[121.225142,24.038823],[121.225764,24.038461],[121.226488,24.038334],[121.227212,24.038461],[121.227834,24.038823],[121.228316,24.039475],[121.228454,24.04014],[121.228316,24.040804],[121.227922,24.041376],[121.227325,24.041773],[121.226488,24.041945]]]}},
{"type":"Feature","properties":{"ID":5826708,"redListCat":"EN"},"geometry":{"type":"Polygon","coordinates":[[[120.874289,23.668062],[120.873567,23.667935],[120.87286,23.667492],[120.872466,23.666921],[120.872328,23.666256],[120.872515,23.665487],[120.872947,23.66494],[120.873567,23.664577],[120.874289,23.66445],[120.875011,23.664577],[120.875631,23.66494],[120.876063,23.665487],[120.876249,23.666256],[120.876112,23.666921],[120.875718,23.667492],[120.875011,23.667935],[120.874289,23.668062]]]}},
{"type":"Feature","properties":{"ID":5818032,"redListCat":"EN"},"geometry":{"type":"Polygon","coordinates":[[[121.175786,23.806421],[121.175064,23.806294],[121.174443,23.805932],[121.174011,23.805384],[121.173824,23.804616],[121.174011,23.803847],[121.174443,23.803299],[121.175064,23.802937],[121.175786,23.80281],[121.176509,23.802937],[121.17713,23.803299],[121.177562,23.803847],[121.177749,23.804616],[121.177562,23.805384],[121.17713,23.805932],[121.176509,23.806294],[121.175786,23.806421]]]}},
{"type":"Feature","properties":{"ID":5182864,"redListCat":"EN"},"geometry":{"type":"Polygon","coordinates":[[[121.270346,24.061293],[121.269622,24.061166],[121.269,24.060804],[121.268567,24.060256],[121.26838,24.059487],[121.268518,24.058823],[121.268913,24.058251],[121.269509,24.057853],[121.270346,24.057682],[121.271183,24.057853],[121.27178,24.058251],[121.272175,24.058823],[121.272313,24.059487],[121.272126,24.060256],[121.271692,24.060804],[121.27107,24.061166],[121.270346,24.061293]]]}},
{"type":"Feature","properties":{"ID":5182781,"redListCat":"EN"},"geometry":{"type":"Polygon","coordinates":[[[121.270671,24.06248],[121.269834,24.062308],[121.269238,24.06191],[121.268843,24.061339],[121.268705,24.060674],[121.268892,24.059905],[121.269325,24.059358],[121.269948,24.058995],[121.270671,24.058868],[121.271395,24.058995],[121.272018,24.059358],[121.272451,24.059905],[121.272638,24.060674],[121.2725,24.061339],[121.272105,24.06191],[121.271509,24.062308],[121.270671,24.06248]]]}},
{"type":"Feature","properties":{"ID":5818688,"redListCat":"EN"},"geometry":{"type":"Polygon","coordinates":[[[120.810318,23.563298],[120.809597,23.563171],[120.808977,23.562808],[120.808545,23.562261],[120.808359,23.561492],[120.808497,23.560827],[120.80889,23.560256],[120.809484,23.559858],[120.810318,23.559686],[120.811152,23.559858],[120.811746,23.560256],[120.812139,23.560827],[120.812277,23.561492],[120.812091,23.562261],[120.811659,23.562808],[120.811039,23.563171],[120.810318,23.563298]]]}},
{"type":"Feature","properties":{"ID":5818691,"redListCat":"EN"},"geometry":{"type":"Polygon","coordinates":[[[120.889572,23.479891],[120.888739,23.479719],[120.888145,23.479321],[120.887752,23.478749],[120.887615,23.478085],[120.887801,23.477316],[120.888232,23.476768],[120.888852,23.476406],[120.889572,23.476279],[120.890293,23.476406],[120.890913,23.476768],[120.891344,23.477316],[120.89153,23.478085],[120.891393,23.478749],[120.891,23.479321],[120.890406,23.479719],[120.889572,23.479891]]]}},
{"type":"Feature","properties":{"ID":5818693,"redListCat":"EN"},"geometry":{"type":"Polygon","coordinates":[[[121.229586,24.048702],[121.228862,24.048575],[121.22824,24.048212],[121.227807,24.047665],[121.22762,24.046896],[121.227758,24.046231],[121.228153,24.04566],[121.228862,24.045217],[121.229586,24.04509],[121.23031,24.045217],[121.23102,24.04566],[121.231414,24.046231],[121.231553,24.046896],[121.231365,24.047665],[121.230932,24.048212],[121.23031,24.048575],[121.229586,24.048702]]]}},
{"type":"Feature","properties":{"ID":5818697,"redListCat":"EN"},"geometry":{"type":"Polygon","coordinates":[[[121.198159,24.105479],[121.19879,24.105717],[121.199251,24.106091],[121.199607,24.106684],[121.199701,24.107289],[121.198804,24.106028],[121.198434,24.105634],[121.198159,24.105479]]]}},
{"type":"Feature","properties":{"ID":5823175,"redListCat":"EN"},"geometry":{"type":"Polygon","coordinates":[[[120.79387,23.670499],[120.793148,23.670372],[120.792528,23.670009],[120.792096,23.669462],[120.79191,23.668693],[120.792047,23.668028],[120.792441,23.667457],[120.793035,23.667059],[120.79387,23.666887],[120.794705,23.667059],[120.795299,23.667457],[120.795693,23.668028],[120.795831,23.668693],[120.795644,23.669462],[120.795212,23.670009],[120.794592,23.670372],[120.79387,23.670499]]]}},
{"type":"Feature","properties":{"ID":6022532,"redListCat":"EN"},"geometry":{"type":"Polygon","coordinates":[[[120.927324,23.872398],[120.926591,23.872271],[120.92597,23.871909],[120.925488,23.871257],[120.92535,23.870592],[120.925488,23.869928],[120.925883,23.869356],[120.926478,23.868958],[120.927314,23.868787],[120.927802,23.868843],[120.92826,23.86901],[120.928658,23.869276],[120.928963,23.869613],[120.928585,23.869779],[120.928219,23.870091],[120.927474,23.871835],[120.927324,23.872398]]]}},
{"type":"Feature","properties":{"ID":5166313,"redListCat":"EN"},"geometry":{"type":"Polygon","coordinates":[[[120.79019,23.650965],[120.789469,23.650838],[120.788848,23.650475],[120.788368,23.649824],[120.78823,23.649159],[120.788368,23.648494],[120.788761,23.647923],[120.789356,23.647525],[120.79019,23.647353],[120.791025,23.647525],[120.791619,23.647923],[120.792013,23.648494],[120.79215,23.649159],[120.792013,23.649824],[120.791532,23.650475],[120.790912,23.650838],[120.79019,23.650965]]]}},
{"type":"Feature","properties":{"ID":5182971,"redListCat":"EN"},"geometry":{"type":"Polygon","coordinates":[[[120.899465,23.901115],[120.898628,23.900943],[120.898033,23.900545],[120.897639,23.899973],[120.897501,23.899309],[120.897639,23.898644],[120.898033,23.898073],[120.898742,23.89763],[120.899465,23.897503],[120.900188,23.89763],[120.900896,23.898073],[120.901291,23.898644],[120.901429,23.899309],[120.901291,23.899973],[120.900896,23.900545],[120.900301,23.900943],[120.899465,23.901115]]]}},
{"type":"Feature","properties":{"ID":5390473,"redListCat":"EN"},"geometry":{"type":"Polygon","coordinates":[[[120.694016,23.834365],[120.693293,23.834238],[120.692672,23.833876],[120.69224,23.833328],[120.692053,23.832559],[120.692191,23.831894],[120.692672,23.831243],[120.693293,23.83088],[120.694016,23.830753],[120.694739,23.83088],[120.69536,23.831243],[120.695841,23.831894],[120.695979,23.832559],[120.695792,23.833328],[120.69536,23.833876],[120.694739,23.834238],[120.694016,23.834365]]]}},
{"type":"Feature","properties":{"ID":5824157,"redListCat":"EN"},"geometry":{"type":"Polygon","coordinates":[[[120.679744,23.577122],[120.679023,23.576995],[120.678403,23.576633],[120.677922,23.575981],[120.677785,23.575316],[120.677922,23.574651],[120.678403,23.574],[120.679023,23.573637],[120.679744,23.57351],[120.680465,23.573637],[120.681085,23.574],[120.681565,23.574651],[120.681703,23.575316],[120.681565,23.575981],[120.681085,23.576633],[120.680465,23.576995],[120.679744,23.577122]]]}},
{"type":"Feature","properties":{"ID":5824171,"redListCat":"EN"},"geometry":{"type":"Polygon","coordinates":[[[120.794085,23.671629],[120.793364,23.671502],[120.792743,23.67114],[120.792262,23.670488],[120.792125,23.669823],[120.792263,23.669159],[120.792743,23.668507],[120.793364,23.668144],[120.794085,23.668018],[120.794807,23.668144],[120.795428,23.668507],[120.795908,23.669159],[120.796046,23.669823],[120.795908,23.670488],[120.795428,23.67114],[120.794807,23.671502],[120.794085,23.671629]]]}},
{"type":"Feature","properties":{"ID":5824172,"redListCat":"EN"},"geometry":{"type":"Polygon","coordinates":[[[120.836226,23.85628],[120.83611,23.855547],[120.836293,23.854891],[120.836725,23.854344],[120.837347,23.853981],[120.838193,23.853858],[120.838905,23.854026],[120.839501,23.854424],[120.839895,23.854996],[120.840029,23.855547],[120.83999,23.856033],[120.839203,23.855924],[120.838885,23.8557],[120.838629,23.855399],[120.838173,23.855148],[120.837661,23.855362],[120.83715,23.855906],[120.836807,23.856107],[120.836226,23.85628]]]}},
{"type":"Feature","properties":{"ID":5824173,"redListCat":"EN"},"geometry":{"type":"Polygon","coordinates":[[[120.873555,23.512435],[120.872834,23.512308],[120.872214,23.511945],[120.871734,23.511294],[120.871596,23.510629],[120.871734,23.509964],[120.872127,23.509393],[120.872721,23.508995],[120.873555,23.508823],[120.874388,23.508995],[120.874982,23.509393],[120.875375,23.509964],[120.875513,23.510629],[120.875375,23.511294],[120.874895,23.511945],[120.874276,23.512308],[120.873555,23.512435]]]}},
{"type":"Feature","properties":{"ID":5824174,"redListCat":"EN"},"geometry":{"type":"Polygon","coordinates":[[[120.889396,23.651973],[120.888674,23.651846],[120.888054,23.651483],[120.887573,23.650832],[120.887435,23.650167],[120.887622,23.649398],[120.888054,23.64885],[120.888674,23.648488],[120.889396,23.648361],[120.890117,23.648488],[120.890738,23.64885],[120.891169,23.649398],[120.891356,23.650167],[120.891218,23.650832],[120.890738,23.651483],[120.890117,23.651846],[120.889396,23.651973]]]}},
{"type":"Feature","properties":{"ID":5824180,"redListCat":"EN"},"geometry":{"type":"Polygon","coordinates":[[[120.901732,23.852671],[120.901009,23.852544],[120.900388,23.852181],[120.899955,23.851634],[120.899769,23.850865],[120.899907,23.8502],[120.900388,23.849548],[120.901009,23.849186],[120.901732,23.849059],[120.902455,23.849186],[120.903076,23.849548],[120.903557,23.8502],[120.903695,23.850865],[120.903508,23.851634],[120.903076,23.852181],[120.902455,23.852544],[120.901732,23.852671]]]}},
{"type":"Feature","properties":{"ID":5824182,"redListCat":"EN"},"geometry":{"type":"Polygon","coordinates":[[[120.793233,23.63877],[120.792511,23.638644],[120.791804,23.638201],[120.79141,23.637629],[120.791273,23.636965],[120.79141,23.6363],[120.791804,23.635728],[120.792511,23.635286],[120.793233,23.635159],[120.793954,23.635286],[120.794661,23.635728],[120.795055,23.6363],[120.795193,23.636965],[120.795055,23.637629],[120.794662,23.638201],[120.793954,23.638644],[120.793233,23.63877]]]}},
{"type":"Feature","properties":{"ID":13221874,"redListCat":"EN"},"geometry":{"type":"Polygon","coordinates":[[[120.876937,23.721258],[120.876215,23.721132],[120.875595,23.720769],[120.875114,23.720117],[120.874976,23.719453],[120.875114,23.718788],[120.875595,23.718136],[120.876215,23.717774],[120.876937,23.717647],[120.877659,23.717774],[120.87828,23.718136],[120.878761,23.718788],[120.878899,23.719453],[120.878761,23.720117],[120.87828,23.720769],[120.877659,23.721132],[120.876937,23.721258]]]}},
{"type":"Feature","properties":{"ID":5194345,"redListCat":"EN"},"geometry":{"type":"Polygon","coordinates":[[[120.779328,23.531464],[120.778494,23.531292],[120.7779,23.530894],[120.777507,23.530323],[120.777369,23.529658],[120.777507,23.528993],[120.7779,23.528422],[120.778494,23.528024],[120.779328,23.527852],[120.780162,23.528024],[120.780755,23.528422],[120.781149,23.528993],[120.781286,23.529658],[120.781149,23.530323],[120.780755,23.530894],[120.780162,23.531292],[120.779328,23.531464]]]}},
{"type":"Feature","properties":{"ID":5763703,"redListCat":"EN"},"geometry":{"type":"Polygon","coordinates":[[[120.81009,23.564716],[120.809369,23.564589],[120.808749,23.564227],[120.808317,23.563679],[120.808131,23.56291],[120.808317,23.562141],[120.808749,23.561594],[120.809369,23.561231],[120.81009,23.561104],[120.810811,23.561231],[120.811431,23.561594],[120.811863,23.562141],[120.812049,23.56291],[120.811863,23.563679],[120.811431,23.564227],[120.810811,23.564589],[120.81009,23.564716]]]}},
{"type":"Feature","properties":{"ID":5763704,"redListCat":"EN"},"geometry":{"type":"Polygon","coordinates":[[[120.677198,23.556826],[120.676477,23.556699],[120.675857,23.556336],[120.675425,23.555789],[120.675239,23.55502],[120.675377,23.554355],[120.67577,23.553784],[120.676477,23.553341],[120.677198,23.553214],[120.677919,23.553341],[120.678626,23.553784],[120.679019,23.554355],[120.679157,23.55502],[120.67897,23.555789],[120.678539,23.556336],[120.677919,23.556699],[120.677198,23.556826]]]}},
{"type":"Feature","properties":{"ID":5764950,"redListCat":"EN"},"geometry":{"type":"Polygon","coordinates":[[[120.812916,23.851021],[120.812946,23.850255],[120.813259,23.849642],[120.813796,23.849179],[120.81448,23.84893],[120.815216,23.84893],[120.8159,23.849179],[120.816505,23.849736],[120.816776,23.850365],[120.816776,23.851042],[120.816436,23.851765],[120.8159,23.852228],[120.815216,23.852477],[120.814602,23.852495],[120.814075,23.852363],[120.812916,23.851021]]]}},
{"type":"Feature","properties":{"ID":5764951,"redListCat":"EN"},"geometry":{"type":"Polygon","coordinates":[[[120.918749,23.628094],[120.917914,23.627922],[120.91732,23.627524],[120.916926,23.626953],[120.916789,23.626288],[120.916927,23.625623],[120.917407,23.624972],[120.918027,23.624609],[120.918749,23.624482],[120.91947,23.624609],[120.92009,23.624972],[120.920571,23.625623],[120.920709,23.626288],[120.920571,23.626953],[120.920178,23.627524],[120.919583,23.627922],[120.918749,23.628094]]]}},
{"type":"Feature","properties":{"ID":5807862,"redListCat":"EN"},"geometry":{"type":"Polygon","coordinates":[[[120.802558,23.831972],[120.801835,23.831845],[120.801214,23.831483],[120.800732,23.830831],[120.800595,23.830166],[120.800732,23.829501],[120.801127,23.82893],[120.801835,23.828487],[120.802558,23.82836],[120.80328,23.828487],[120.803988,23.82893],[120.804383,23.829501],[120.804521,23.830166],[120.804383,23.830831],[120.803901,23.831483],[120.80328,23.831845],[120.802558,23.831972]]]}},
{"type":"Feature","properties":{"ID":5763236,"redListCat":"EN"},"geometry":{"type":"Polygon","coordinates":[[[120.766152,23.816555],[120.765317,23.816383],[120.764722,23.815985],[120.764327,23.815414],[120.76419,23.814749],[120.764376,23.81398],[120.764809,23.813433],[120.76543,23.81307],[120.766152,23.812943],[120.766875,23.81307],[120.767496,23.813433],[120.767928,23.81398],[120.768115,23.814749],[120.767977,23.815414],[120.767583,23.815985],[120.766988,23.816383],[120.766152,23.816555]]]}},
{"type":"Feature","properties":{"ID":5190443,"redListCat":"EN"},"geometry":{"type":"Polygon","coordinates":[[[121.220009,24.111114],[121.219171,24.110943],[121.218575,24.110545],[121.21818,24.109973],[121.218042,24.109309],[121.21818,24.108644],[121.218575,24.108073],[121.219285,24.10763],[121.220009,24.107503],[121.220733,24.10763],[121.221443,24.108073],[121.221838,24.108644],[121.221976,24.109309],[121.221838,24.109973],[121.221443,24.110545],[121.220846,24.110943],[121.220009,24.111114]]]}},
{"type":"Feature","properties":{"ID":5824933,"redListCat":"EN"},"geometry":{"type":"Polygon","coordinates":[[[120.901298,23.831916],[120.900575,23.83179],[120.899954,23.831427],[120.899473,23.830775],[120.899335,23.830111],[120.899473,23.829446],[120.899867,23.828874],[120.900575,23.828432],[120.901298,23.828305],[120.902021,23.828432],[120.902729,23.828874],[120.903123,23.829446],[120.903261,23.830111],[120.903123,23.830775],[120.902642,23.831427],[120.902021,23.83179],[120.901298,23.831916]]]}},
{"type":"Feature","properties":{"ID":9948869,"redListCat":"EN"},"geometry":{"type":"Polygon","coordinates":[[[120.911468,23.865396],[120.910745,23.865269],[120.910124,23.864907],[120.909691,23.864359],[120.909504,23.86359],[120.909691,23.862822],[120.910124,23.862274],[120.910745,23.861912],[120.911468,23.861785],[120.912191,23.861912],[120.912812,23.862274],[120.913245,23.862822],[120.913431,23.86359],[120.913245,23.864359],[120.912812,23.864907],[120.912191,23.865269],[120.911468,23.865396]]]}},
{"type":"Feature","properties":{"ID":12602744,"redListCat":"EN"},"geometry":{"type":"Polygon","coordinates":[[[121.202768,24.108628],[121.202044,24.108501],[121.201334,24.108058],[121.200939,24.107487],[121.200801,24.106822],[121.200988,24.106053],[121.201422,24.105506],[121.202044,24.105143],[121.202768,24.105016],[121.203492,24.105143],[121.204115,24.105506],[121.204548,24.106053],[121.204735,24.106822],[121.204597,24.107487],[121.204202,24.108058],[121.203492,24.108501],[121.202768,24.108628]]]}},
{"type":"Feature","properties":{"ID":12604342,"redListCat":"EN"},"geometry":{"type":"Polygon","coordinates":[[[121.200277,24.107788],[121.200554,24.107123],[121.201059,24.10663],[121.201726,24.106342],[121.202584,24.106317],[121.203269,24.106566],[121.203807,24.107029],[121.204121,24.107642],[121.204148,24.108429],[121.203844,24.109103],[121.203361,24.108896],[121.202106,24.108764],[121.201518,24.108251],[121.200277,24.107788]]]}},
{"type":"Feature","properties":{"ID":5839268,"redListCat":"EN"},"geometry":{"type":"Polygon","coordinates":[[[120.706148,23.60605],[120.705426,23.605923],[120.704806,23.60556],[120.704375,23.605013],[120.704188,23.604244],[120.704326,23.603579],[120.704806,23.602928],[120.705426,23.602565],[120.706148,23.602438],[120.706869,23.602565],[120.707489,23.602928],[120.70797,23.603579],[120.708107,23.604244],[120.707921,23.605013],[120.707489,23.60556],[120.706869,23.605923],[120.706148,23.60605]]]}},
{"type":"Feature","properties":{"ID":5839274,"redListCat":"EN"},"geometry":{"type":"Polygon","coordinates":[[[120.874326,23.508272],[120.873493,23.5081],[120.872899,23.507703],[120.872506,23.507131],[120.872368,23.506466],[120.872506,23.505802],[120.872986,23.50515],[120.873606,23.504787],[120.874326,23.504661],[120.875047,23.504787],[120.875667,23.50515],[120.876147,23.505802],[120.876285,23.506466],[120.876147,23.507131],[120.875754,23.507703],[120.87516,23.5081],[120.874326,23.508272]]]}},
{"type":"Feature","properties":{"ID":13206225,"redListCat":"EN"},"geometry":{"type":"Polygon","coordinates":[[[120.803347,23.82676],[120.802511,23.826588],[120.801916,23.82619],[120.801522,23.825619],[120.801384,23.824954],[120.801522,23.824289],[120.801916,23.823718],[120.802511,23.82332],[120.803347,23.823148],[120.804183,23.82332],[120.804778,23.823718],[120.805172,23.824289],[120.80531,23.824954],[120.805172,23.825619],[120.804778,23.82619],[120.804183,23.826588],[120.803347,23.82676]]]}},
{"type":"Feature","properties":{"ID":5171651,"redListCat":"EN"},"geometry":{"type":"Polygon","coordinates":[[[120.94972,23.472524],[120.949,23.472397],[120.948293,23.471954],[120.9479,23.471383],[120.947763,23.470718],[120.9479,23.470053],[120.94838,23.469402],[120.949,23.469039],[120.94972,23.468912],[120.950441,23.469039],[120.95106,23.469402],[120.951541,23.470053],[120.951678,23.470718],[120.951541,23.471383],[120.951147,23.471954],[120.950441,23.472397],[120.94972,23.472524]]]}},
{"type":"Feature","properties":{"ID":5182896,"redListCat":"EN"},"geometry":{"type":"Polygon","coordinates":[[[121.270382,24.061192],[121.269658,24.061065],[121.269036,24.060702],[121.268603,24.060155],[121.268416,24.059386],[121.268554,24.058721],[121.268949,24.05815],[121.269545,24.057752],[121.270382,24.05758],[121.271219,24.057752],[121.271816,24.05815],[121.27221,24.058721],[121.272349,24.059386],[121.272161,24.060155],[121.271728,24.060702],[121.271106,24.061065],[121.270382,24.061192]]]}},
{"type":"Feature","properties":{"ID":5418071,"redListCat":"EN"},"geometry":{"type":"Polygon","coordinates":[[[120.917857,23.475217],[120.917531,23.475651],[120.917153,23.47594],[120.916709,23.476133],[120.916227,23.476218],[120.915737,23.476189],[120.91516,23.475998],[120.914763,23.475732],[120.914436,23.475359],[120.915005,23.47513],[120.915446,23.475107],[120.917857,23.475217]]]}},
{"type":"Feature","properties":{"ID":5762929,"redListCat":"EN"},"geometry":{"type":"Polygon","coordinates":[[[121.175095,24.035442],[121.174371,24.035315],[121.173661,24.034872],[121.173266,24.034301],[121.173128,24.033636],[121.173267,24.032971],[121.173661,24.0324],[121.174371,24.031957],[121.175095,24.03183],[121.175818,24.031957],[121.176528,24.0324],[121.176923,24.032971],[121.177061,24.033636],[121.176923,24.034301],[121.176528,24.034872],[121.175818,24.035315],[121.175095,24.035442]]]}},
{"type":"Feature","properties":{"ID":5916389,"redListCat":"EN"},"geometry":{"type":"Polygon","coordinates":[[[121.176216,24.035601],[121.175493,24.035474],[121.17487,24.035111],[121.174388,24.03446],[121.17425,24.033795],[121.174388,24.03313],[121.174783,24.032559],[121.175379,24.032161],[121.176216,24.031989],[121.177053,24.032161],[121.17765,24.032559],[121.178044,24.03313],[121.178182,24.033795],[121.178044,24.03446],[121.177562,24.035111],[121.17694,24.035474],[121.176216,24.035601]]]}},
{"type":"Feature","properties":{"ID":6027491,"redListCat":"EN"},"geometry":{"type":"Polygon","coordinates":[[[120.903507,23.576349],[120.902785,23.576223],[120.902165,23.57586],[120.901734,23.575312],[120.901547,23.574544],[120.901685,23.573879],[120.902165,23.573227],[120.902785,23.572864],[120.903507,23.572738],[120.904228,23.572864],[120.904848,23.573227],[120.905328,23.573879],[120.905466,23.574544],[120.905279,23.575312],[120.904848,23.57586],[120.904228,23.576223],[120.903507,23.576349]]]}},
{"type":"Feature","properties":{"ID":6027846,"redListCat":"EN"},"geometry":{"type":"Polygon","coordinates":[[[120.867705,23.502172],[120.866984,23.502045],[120.866278,23.501603],[120.865885,23.501031],[120.865747,23.500366],[120.865933,23.499598],[120.866365,23.49905],[120.866984,23.498687],[120.867705,23.498561],[120.868426,23.498687],[120.869046,23.49905],[120.869477,23.499598],[120.869663,23.500366],[120.869526,23.501031],[120.869133,23.501603],[120.868426,23.502045],[120.867705,23.502172]]]}},
{"type":"Feature","properties":{"ID":6027932,"redListCat":"EN"},"geometry":{"type":"Polygon","coordinates":[[[120.961304,23.565407],[120.960583,23.565281],[120.959963,23.564918],[120.959531,23.56437],[120.959345,23.563602],[120.959483,23.562937],[120.959876,23.562365],[120.960583,23.561923],[120.961304,23.561796],[120.962025,23.561923],[120.962732,23.562365],[120.963125,23.562937],[120.963263,23.563602],[120.963077,23.56437],[120.962645,23.564918],[120.962025,23.565281],[120.961304,23.565407]]]}},
{"type":"Feature","properties":{"ID":6028364,"redListCat":"EN"},"geometry":{"type":"Polygon","coordinates":[[[120.845606,23.567157],[120.844885,23.56703],[120.844178,23.566587],[120.843785,23.566016],[120.843647,23.565351],[120.843785,23.564686],[120.844265,23.564035],[120.844885,23.563672],[120.845606,23.563545],[120.846327,23.563672],[120.846947,23.564035],[120.847428,23.564686],[120.847565,23.565351],[120.847428,23.566016],[120.847034,23.566587],[120.846327,23.56703],[120.845606,23.567157]]]}},
{"type":"Feature","properties":{"ID":5167311,"redListCat":"EN"},"geometry":{"type":"Polygon","coordinates":[[[120.950708,23.471755],[120.949875,23.471583],[120.949281,23.471185],[120.948888,23.470614],[120.948751,23.469949],[120.948888,23.469284],[120.949281,23.468713],[120.949988,23.46827],[120.950708,23.468143],[120.951429,23.46827],[120.952135,23.468713],[120.952528,23.469284],[120.952666,23.469949],[120.952528,23.470614],[120.952135,23.471185],[120.951542,23.471583],[120.950708,23.471755]]]}},
{"type":"Feature","properties":{"ID":5786654,"redListCat":"EN"},"geometry":{"type":"Polygon","coordinates":[[[120.7482,23.518752],[120.74748,23.518625],[120.74686,23.518262],[120.746428,23.517715],[120.746242,23.516946],[120.74638,23.516281],[120.746773,23.51571],[120.74748,23.515267],[120.7482,23.51514],[120.748921,23.515267],[120.749628,23.51571],[120.750021,23.516281],[120.750159,23.516946],[120.749972,23.517715],[120.749541,23.518262],[120.748921,23.518625],[120.7482,23.518752]]]}},
{"type":"Feature","properties":{"ID":5786656,"redListCat":"EN"},"geometry":{"type":"Polygon","coordinates":[[[120.911833,23.869109],[120.91111,23.868982],[120.910489,23.868619],[120.910008,23.867968],[120.90987,23.867303],[120.910008,23.866638],[120.910402,23.866067],[120.910997,23.865669],[120.911833,23.865497],[120.912669,23.865669],[120.913265,23.866067],[120.913659,23.866638],[120.913797,23.867303],[120.913659,23.867968],[120.913177,23.868619],[120.912556,23.868982],[120.911833,23.869109]]]}},
{"type":"Feature","properties":{"ID":5786657,"redListCat":"EN"},"geometry":{"type":"Polygon","coordinates":[[[120.88217,23.890921],[120.881334,23.890749],[120.880739,23.890351],[120.880344,23.88978],[120.880207,23.889115],[120.880394,23.888346],[120.880826,23.887799],[120.881448,23.887436],[120.88217,23.887309],[120.882893,23.887436],[120.883515,23.887799],[120.883947,23.888346],[120.884134,23.889115],[120.883996,23.88978],[120.883602,23.890351],[120.883007,23.890749],[120.88217,23.890921]]]}},
{"type":"Feature","properties":{"ID":5786658,"redListCat":"EN"},"geometry":{"type":"Polygon","coordinates":[[[121.055996,23.920181],[121.055273,23.920054],[121.054652,23.919691],[121.05417,23.91904],[121.054032,23.918375],[121.05417,23.91771],[121.054564,23.917139],[121.055273,23.916696],[121.055996,23.916569],[121.056719,23.916696],[121.057428,23.917139],[121.057823,23.91771],[121.057961,23.918375],[121.057823,23.91904],[121.057341,23.919691],[121.056719,23.920054],[121.055996,23.920181]]]}},
{"type":"Feature","properties":{"ID":5786659,"redListCat":"EN"},"geometry":{"type":"Polygon","coordinates":[[[120.882422,23.921644],[120.881698,23.921517],[120.881077,23.921154],[120.880644,23.920607],[120.880457,23.919838],[120.880595,23.919173],[120.881077,23.918522],[120.881698,23.918159],[120.882422,23.918032],[120.883145,23.918159],[120.883766,23.918522],[120.884248,23.919173],[120.884386,23.919838],[120.884199,23.920607],[120.883766,23.921154],[120.883145,23.921517],[120.882422,23.921644]]]}},
{"type":"Feature","properties":{"ID":5786660,"redListCat":"EN"},"geometry":{"type":"Polygon","coordinates":[[[120.786621,23.768825],[120.785899,23.768698],[120.785191,23.768255],[120.784797,23.767684],[120.784659,23.767019],[120.784797,23.766354],[120.785191,23.765783],[120.785786,23.765385],[120.786621,23.765213],[120.787457,23.765385],[120.788051,23.765783],[120.788445,23.766354],[120.788583,23.767019],[120.788445,23.767684],[120.788051,23.768255],[120.787343,23.768698],[120.786621,23.768825]]]}},
{"type":"Feature","properties":{"ID":5786662,"redListCat":"EN"},"geometry":{"type":"Polygon","coordinates":[[[120.877603,23.918931],[120.878251,23.919172],[120.878712,23.919546],[120.879025,23.920032],[120.879161,23.920651],[120.878772,23.920363],[120.878361,23.920341],[120.8779,23.920189],[120.87798,23.919297],[120.877603,23.918931]]]}},
{"type":"Feature","properties":{"ID":5786663,"redListCat":"EN"},"geometry":{"type":"Polygon","coordinates":[[[120.886179,23.925326],[120.885343,23.925155],[120.884747,23.924757],[120.884353,23.924185],[120.884215,23.923521],[120.884353,23.922856],[120.884747,23.922285],[120.885456,23.921842],[120.886179,23.921715],[120.886903,23.921842],[120.887611,23.922285],[120.888006,23.922856],[120.888144,23.923521],[120.888006,23.924185],[120.887611,23.924757],[120.887016,23.925155],[120.886179,23.925326]]]}},
{"type":"Feature","properties":{"ID":5786665,"redListCat":"EN"},"geometry":{"type":"Polygon","coordinates":[[[120.883503,23.921625],[120.88278,23.921498],[120.882071,23.921055],[120.881677,23.920484],[120.881539,23.919819],[120.881726,23.91905],[120.882158,23.918503],[120.88278,23.91814],[120.883503,23.918013],[120.884226,23.91814],[120.884848,23.918503],[120.88528,23.91905],[120.885467,23.919819],[120.885329,23.920484],[120.884935,23.921055],[120.884226,23.921498],[120.883503,23.921625]]]}},
{"type":"Feature","properties":{"ID":5780419,"redListCat":"EN"},"geometry":{"type":"Polygon","coordinates":[[[120.818585,23.83199],[120.817863,23.831863],[120.817242,23.831501],[120.81676,23.830849],[120.816622,23.830184],[120.81676,23.829519],[120.817155,23.828948],[120.817863,23.828505],[120.818585,23.828378],[120.819308,23.828505],[120.820016,23.828948],[120.820411,23.829519],[120.820548,23.830184],[120.820411,23.830849],[120.819929,23.831501],[120.819308,23.831863],[120.818585,23.83199]]]}},
{"type":"Feature","properties":{"ID":5915865,"redListCat":"EN"},"geometry":{"type":"Polygon","coordinates":[[[120.816878,23.831068],[120.816042,23.830897],[120.815447,23.830499],[120.815053,23.829927],[120.814915,23.829263],[120.815053,23.828598],[120.815447,23.828027],[120.816042,23.827629],[120.816878,23.827457],[120.817714,23.827629],[120.818309,23.828027],[120.818703,23.828598],[120.818841,23.829263],[120.818703,23.829927],[120.818309,23.830499],[120.817714,23.830897],[120.816878,23.831068]]]}},
{"type":"Feature","properties":{"ID":5176187,"redListCat":"EN"},"geometry":{"type":"Polygon","coordinates":[[[121.310372,24.080936],[121.309648,24.08081],[121.309026,24.080447],[121.308543,24.079795],[121.308405,24.079131],[121.308543,24.078466],[121.309026,24.077814],[121.309648,24.077452],[121.310372,24.077325],[121.311096,24.077452],[121.311718,24.077814],[121.312201,24.078466],[121.312339,24.079131],[121.312201,24.079795],[121.311718,24.080447],[121.311096,24.08081],[121.310372,24.080936]]]}},
{"type":"Feature","properties":{"ID":5176223,"redListCat":"EN"},"geometry":{"type":"Polygon","coordinates":[[[121.27068,23.972439],[121.269956,23.972312],[121.269247,23.97187],[121.268852,23.971298],[121.268714,23.970633],[121.268852,23.969969],[121.269247,23.969397],[121.269843,23.969],[121.27068,23.968828],[121.271516,23.969],[121.272112,23.969397],[121.272507,23.969969],[121.272645,23.970633],[121.272507,23.971298],[121.272112,23.97187],[121.271403,23.972312],[121.27068,23.972439]]]}},
{"type":"Feature","properties":{"ID":5176227,"redListCat":"EN"},"geometry":{"type":"Polygon","coordinates":[[[121.291669,24.061099],[121.290989,24.061346],[121.290374,24.061363],[121.289783,24.061206],[121.289274,24.060888],[121.288897,24.060442],[121.288689,24.05991],[121.28867,24.059345],[121.28887,24.058752],[121.289605,24.059134],[121.290417,24.060137],[121.290783,24.060285],[121.291669,24.061099]]]}},
{"type":"Feature","properties":{"ID":5176243,"redListCat":"EN"},"geometry":{"type":"Polygon","coordinates":[[[121.309262,24.092167],[121.308538,24.09204],[121.307916,24.091678],[121.307434,24.091026],[121.307295,24.090361],[121.307483,24.089593],[121.307916,24.089045],[121.308538,24.088683],[121.309262,24.088556],[121.309986,24.088683],[121.310609,24.089045],[121.311042,24.089593],[121.311229,24.090361],[121.311091,24.091026],[121.310609,24.091678],[121.309986,24.09204],[121.309262,24.092167]]]}},
{"type":"Feature","properties":{"ID":5176255,"redListCat":"EN"},"geometry":{"type":"Polygon","coordinates":[[[121.31962,24.111397],[121.318896,24.11127],[121.318186,24.110828],[121.317791,24.110256],[121.317653,24.109592],[121.31784,24.108823],[121.318273,24.108275],[121.318896,24.107913],[121.31962,24.107786],[121.320344,24.107913],[121.320967,24.108275],[121.3214,24.108823],[121.321587,24.109592],[121.321449,24.110256],[121.321054,24.110828],[121.320344,24.11127],[121.31962,24.111397]]]}},
{"type":"Feature","properties":{"ID":5179035,"redListCat":"EN"},"geometry":{"type":"Polygon","coordinates":[[[121.0608,23.521542],[121.059966,23.52137],[121.059372,23.520972],[121.058979,23.520401],[121.058841,23.519736],[121.059028,23.518967],[121.059459,23.51842],[121.060079,23.518057],[121.0608,23.51793],[121.06152,23.518057],[121.06214,23.51842],[121.062571,23.518967],[121.062758,23.519736],[121.06262,23.520401],[121.062227,23.520972],[121.061633,23.52137],[121.0608,23.521542]]]}},
{"type":"Feature","properties":{"ID":5179047,"redListCat":"EN"},"geometry":{"type":"Polygon","coordinates":[[[121.089422,23.521499],[121.088701,23.521372],[121.087994,23.52093],[121.087601,23.520358],[121.087464,23.519693],[121.087601,23.519029],[121.087994,23.518457],[121.088588,23.518059],[121.089422,23.517888],[121.090256,23.518059],[121.09085,23.518457],[121.091243,23.519029],[121.09138,23.519693],[121.091243,23.520358],[121.09085,23.52093],[121.090143,23.521372],[121.089422,23.521499]]]}},
{"type":"Feature","properties":{"ID":5796894,"redListCat":"EN"},"geometry":{"type":"Polygon","coordinates":[[[120.794612,23.671765],[120.79389,23.671638],[120.79327,23.671276],[120.792789,23.670624],[120.792651,23.669959],[120.792789,23.669294],[120.79327,23.668643],[120.79389,23.66828],[120.794612,23.668153],[120.795333,23.66828],[120.795954,23.668643],[120.796435,23.669294],[120.796572,23.669959],[120.796435,23.670624],[120.795954,23.671276],[120.795333,23.671638],[120.794612,23.671765]]]}},
{"type":"Feature","properties":{"ID":5796895,"redListCat":"EN"},"geometry":{"type":"Polygon","coordinates":[[[120.836043,23.856308],[120.835812,23.855659],[120.835858,23.854984],[120.836172,23.854372],[120.836814,23.853851],[120.837637,23.853631],[120.838367,23.853716],[120.839011,23.854042],[120.83948,23.854563],[120.839708,23.855207],[120.839632,23.855977],[120.839203,23.855924],[120.838885,23.8557],[120.838629,23.855399],[120.838173,23.855148],[120.837661,23.855362],[120.83715,23.855906],[120.836807,23.856107],[120.836043,23.856308]]]}},
{"type":"Feature","properties":{"ID":5167371,"redListCat":"EN"},"geometry":{"type":"Polygon","coordinates":[[[120.941866,23.469796],[120.942197,23.470363],[120.942289,23.471034],[120.942107,23.47169],[120.941763,23.472157],[120.941279,23.472503],[120.940581,23.472712],[120.939849,23.47267],[120.939196,23.472389],[120.939714,23.472089],[120.940496,23.471457],[120.941866,23.469796]]]}},
{"type":"Feature","properties":{"ID":5171802,"redListCat":"EN"},"geometry":{"type":"Polygon","coordinates":[[[120.950394,23.47257],[120.949674,23.472443],[120.948967,23.472],[120.948574,23.471428],[120.948437,23.470764],[120.948574,23.470099],[120.948967,23.469527],[120.949674,23.469085],[120.950394,23.468958],[120.951115,23.469085],[120.951821,23.469527],[120.952215,23.470099],[120.952352,23.470764],[120.952215,23.471428],[120.951822,23.472],[120.951115,23.472443],[120.950394,23.47257]]]}},
{"type":"Feature","properties":{"ID":5179068,"redListCat":"EN"},"geometry":{"type":"Polygon","coordinates":[[[121.059274,23.522017],[121.05844,23.521845],[121.057846,23.521447],[121.057453,23.520876],[121.057316,23.520211],[121.057453,23.519546],[121.057934,23.518895],[121.058553,23.518532],[121.059274,23.518405],[121.059995,23.518532],[121.060615,23.518895],[121.061095,23.519546],[121.061232,23.520211],[121.061095,23.520876],[121.060702,23.521447],[121.060108,23.521845],[121.059274,23.522017]]]}},
{"type":"Feature","properties":{"ID":5177716,"redListCat":"EN"},"geometry":{"type":"Polygon","coordinates":[[[120.930475,23.561397],[120.929641,23.561225],[120.929047,23.560827],[120.928654,23.560256],[120.928516,23.559591],[120.928654,23.558927],[120.929047,23.558355],[120.929641,23.557957],[120.930475,23.557785],[120.931309,23.557957],[120.931903,23.558355],[120.932296,23.558927],[120.932434,23.559591],[120.932296,23.560256],[120.931903,23.560827],[120.931309,23.561225],[120.930475,23.561397]]]}},
{"type":"Feature","properties":{"ID":5915468,"redListCat":"EN"},"geometry":{"type":"Polygon","coordinates":[[[120.806,23.828517],[120.805278,23.82839],[120.804656,23.828027],[120.804224,23.82748],[120.804037,23.826711],[120.804175,23.826046],[120.804657,23.825395],[120.805278,23.825032],[120.806,23.824905],[120.806723,23.825032],[120.807344,23.825395],[120.807825,23.826046],[120.807963,23.826711],[120.807776,23.82748],[120.807344,23.828027],[120.806723,23.82839],[120.806,23.828517]]]}},
{"type":"Feature","properties":{"ID":5923355,"redListCat":"EN"},"geometry":{"type":"Polygon","coordinates":[[[120.948768,23.858361],[120.948016,23.858192],[120.947421,23.857794],[120.946985,23.857116],[120.946893,23.856444],[120.947076,23.855789],[120.947508,23.855242],[120.948246,23.85484],[120.948976,23.854756],[120.94942,23.85483],[120.949367,23.85518],[120.949528,23.855986],[120.949508,23.856465],[120.949202,23.857799],[120.948768,23.858361]]]}},
{"type":"Feature","properties":{"ID":13228715,"redListCat":"EN"},"geometry":{"type":"Polygon","coordinates":[[[121.176832,23.95473],[121.175995,23.954558],[121.1754,23.95416],[121.175005,23.953589],[121.174867,23.952924],[121.175005,23.95226],[121.1754,23.951688],[121.176109,23.951245],[121.176832,23.951119],[121.177555,23.951245],[121.178264,23.951688],[121.178659,23.95226],[121.178797,23.952924],[121.178659,23.953589],[121.178264,23.95416],[121.177669,23.954558],[121.176832,23.95473]]]}},
{"type":"Feature","properties":{"ID":5836973,"redListCat":"EN"},"geometry":{"type":"Polygon","coordinates":[[[120.906108,23.476359],[120.905447,23.47676],[120.904604,23.476883],[120.903783,23.476663],[120.903146,23.476146],[120.905393,23.476329],[120.906108,23.476359]]]}},
{"type":"Feature","properties":{"ID":5836974,"redListCat":"EN"},"geometry":{"type":"Polygon","coordinates":[[[120.809831,23.564351],[120.80911,23.564224],[120.80849,23.563861],[120.808058,23.563314],[120.807872,23.562545],[120.80801,23.56188],[120.80849,23.561229],[120.80911,23.560866],[120.809831,23.560739],[120.810552,23.560866],[120.811172,23.561229],[120.811652,23.56188],[120.81179,23.562545],[120.811604,23.563314],[120.811172,23.563861],[120.810552,23.564224],[120.809831,23.564351]]]}},
{"type":"Feature","properties":{"ID":12914225,"redListCat":"EN"},"geometry":{"type":"Polygon","coordinates":[[[120.792661,23.641579],[120.79194,23.641452],[120.791319,23.641089],[120.790839,23.640438],[120.790701,23.639773],[120.790888,23.639004],[120.791319,23.638456],[120.79194,23.638094],[120.792661,23.637967],[120.793383,23.638094],[120.794003,23.638456],[120.794435,23.639004],[120.794621,23.639773],[120.794484,23.640438],[120.794003,23.641089],[120.793383,23.641452],[120.792661,23.641579]]]}},
{"type":"Feature","properties":{"ID":5798961,"redListCat":"EN"},"geometry":{"type":"Polygon","coordinates":[[[120.644057,23.534246],[120.643336,23.534119],[120.642629,23.533676],[120.642236,23.533105],[120.642098,23.53244],[120.642285,23.531671],[120.642716,23.531123],[120.643336,23.530761],[120.644057,23.530634],[120.644778,23.530761],[120.645398,23.531123],[120.645829,23.531671],[120.646015,23.53244],[120.645878,23.533105],[120.645485,23.533676],[120.644778,23.534119],[120.644057,23.534246]]]}},
{"type":"Feature","properties":{"ID":5403121,"redListCat":"EN"},"geometry":{"type":"Polygon","coordinates":[[[120.468331,23.960323],[120.467495,23.960151],[120.466899,23.959753],[120.466504,23.959182],[120.466366,23.958517],[120.466504,23.957852],[120.466899,23.957281],[120.467608,23.956838],[120.468331,23.956711],[120.469055,23.956838],[120.469764,23.957281],[120.470158,23.957852],[120.470296,23.958517],[120.470158,23.959182],[120.469764,23.959753],[120.469168,23.960151],[120.468331,23.960323]]]}},
{"type":"Feature","properties":{"ID":5793040,"redListCat":"EN"},"geometry":{"type":"Polygon","coordinates":[[[120.79108,23.833295],[120.790358,23.833168],[120.789649,23.832725],[120.789255,23.832154],[120.789117,23.831489],[120.789255,23.830824],[120.789649,23.830253],[120.790358,23.82981],[120.79108,23.829683],[120.791803,23.82981],[120.792511,23.830253],[120.792905,23.830824],[120.793043,23.831489],[120.792905,23.832154],[120.792511,23.832725],[120.791803,23.833168],[120.79108,23.833295]]]}},
{"type":"Feature","properties":{"ID":5793047,"redListCat":"EN"},"geometry":{"type":"Polygon","coordinates":[[[120.7933,23.834021],[120.792577,23.833895],[120.791869,23.833452],[120.791475,23.83288],[120.791337,23.832216],[120.791475,23.831551],[120.791956,23.830899],[120.792577,23.830537],[120.7933,23.83041],[120.794023,23.830537],[120.794644,23.830899],[120.795125,23.831551],[120.795263,23.832216],[120.795125,23.83288],[120.794731,23.833452],[120.794023,23.833895],[120.7933,23.834021]]]}},
{"type":"Feature","properties":{"ID":5916109,"redListCat":"EN"},"geometry":{"type":"Polygon","coordinates":[[[120.792025,23.833959],[120.791303,23.833832],[120.790594,23.833389],[120.7902,23.832818],[120.790062,23.832153],[120.7902,23.831489],[120.790681,23.830837],[120.791303,23.830474],[120.792025,23.830348],[120.792748,23.830474],[120.793369,23.830837],[120.79385,23.831489],[120.793988,23.832153],[120.79385,23.832818],[120.793456,23.833389],[120.792748,23.833832],[120.792025,23.833959]]]}},
{"type":"Feature","properties":{"ID":5919625,"redListCat":"EN"},"geometry":{"type":"Polygon","coordinates":[[[120.793719,23.833604],[120.792996,23.833478],[120.792288,23.833035],[120.791893,23.832463],[120.791756,23.831799],[120.791893,23.831134],[120.792375,23.830482],[120.792996,23.83012],[120.793719,23.829993],[120.794441,23.83012],[120.795062,23.830482],[120.795544,23.831134],[120.795682,23.831799],[120.795544,23.832463],[120.79515,23.833035],[120.794441,23.833478],[120.793719,23.833604]]]}},
{"type":"Feature","properties":{"ID":5924097,"redListCat":"EN"},"geometry":{"type":"Polygon","coordinates":[[[120.793301,23.833442],[120.792578,23.833315],[120.791957,23.832953],[120.791524,23.832405],[120.791338,23.831636],[120.791475,23.830972],[120.79187,23.8304],[120.792578,23.829958],[120.793301,23.829831],[120.794023,23.829958],[120.794732,23.8304],[120.795126,23.830972],[120.795264,23.831636],[120.795077,23.832405],[120.794644,23.832953],[120.794023,23.833315],[120.793301,23.833442]]]}},
{"type":"Feature","properties":{"ID":5165597,"redListCat":"EN"},"geometry":{"type":"Polygon","coordinates":[[[120.900051,23.86104],[120.899328,23.860913],[120.89862,23.86047],[120.898225,23.859899],[120.898088,23.859234],[120.898225,23.858569],[120.89862,23.857998],[120.899328,23.857555],[120.900051,23.857428],[120.900774,23.857555],[120.901482,23.857998],[120.901877,23.858569],[120.902014,23.859234],[120.901877,23.859899],[120.901482,23.86047],[120.900774,23.860913],[120.900051,23.86104]]]}},
{"type":"Feature","properties":{"ID":5836175,"redListCat":"EN"},"geometry":{"type":"Polygon","coordinates":[[[120.927973,23.870579],[120.927175,23.870454],[120.926554,23.870092],[120.926121,23.869544],[120.925938,23.868889],[120.926072,23.868111],[120.926467,23.867539],[120.927062,23.867141],[120.927775,23.866973],[120.928621,23.867096],[120.929242,23.867459],[120.929675,23.868006],[120.929858,23.868662],[120.929848,23.868986],[120.929478,23.869315],[120.928585,23.869779],[120.928219,23.870091],[120.927973,23.870579]]]}},
{"type":"Feature","properties":{"ID":5426865,"redListCat":"EN"},"geometry":{"type":"Polygon","coordinates":[[[120.785888,23.669009],[120.785166,23.668882],[120.784546,23.668519],[120.784114,23.667972],[120.783927,23.667203],[120.784065,23.666538],[120.784459,23.665967],[120.785053,23.665569],[120.785888,23.665397],[120.786722,23.665569],[120.787317,23.665967],[120.787711,23.666538],[120.787848,23.667203],[120.787662,23.667972],[120.78723,23.668519],[120.786609,23.668882],[120.785888,23.669009]]]}},
{"type":"Feature","properties":{"ID":5812382,"redListCat":"EN"},"geometry":{"type":"Polygon","coordinates":[[[121.014805,23.785842],[121.014082,23.785715],[121.013374,23.785272],[121.01298,23.784701],[121.012842,23.784036],[121.01298,23.783371],[121.013374,23.7828],[121.014082,23.782357],[121.014805,23.78223],[121.015527,23.782357],[121.016235,23.7828],[121.016629,23.783371],[121.016767,23.784036],[121.016629,23.784701],[121.016235,23.785272],[121.015527,23.785715],[121.014805,23.785842]]]}},
{"type":"Feature","properties":{"ID":5812383,"redListCat":"EN"},"geometry":{"type":"Polygon","coordinates":[[[120.890203,23.652137],[120.889368,23.651965],[120.888774,23.651567],[120.88838,23.650996],[120.888243,23.650331],[120.88838,23.649666],[120.888861,23.649015],[120.889481,23.648652],[120.890203,23.648525],[120.890925,23.648652],[120.891545,23.649015],[120.892026,23.649666],[120.892163,23.650331],[120.892026,23.650996],[120.891632,23.651567],[120.891038,23.651965],[120.890203,23.652137]]]}},
{"type":"Feature","properties":{"ID":5809954,"redListCat":"EN"},"geometry":{"type":"Polygon","coordinates":[[[120.881156,23.890475],[120.88032,23.890303],[120.879725,23.889905],[120.87933,23.889334],[120.879192,23.888669],[120.87933,23.888005],[120.879725,23.887433],[120.88032,23.887035],[120.881156,23.886864],[120.881992,23.887035],[120.882588,23.887433],[120.882982,23.888005],[120.88312,23.888669],[120.882982,23.889334],[120.882588,23.889905],[120.881992,23.890303],[120.881156,23.890475]]]}},
{"type":"Feature","properties":{"ID":5809957,"redListCat":"EN"},"geometry":{"type":"Polygon","coordinates":[[[120.874437,23.512236],[120.873716,23.512109],[120.873096,23.511746],[120.872665,23.511199],[120.872478,23.51043],[120.872616,23.509765],[120.873009,23.509194],[120.873603,23.508796],[120.874437,23.508624],[120.87527,23.508796],[120.875864,23.509194],[120.876257,23.509765],[120.876395,23.51043],[120.876209,23.511199],[120.875777,23.511746],[120.875158,23.512109],[120.874437,23.512236]]]}},
{"type":"Feature","properties":{"ID":5809958,"redListCat":"EN"},"geometry":{"type":"Polygon","coordinates":[[[120.88939,23.653237],[120.888668,23.653111],[120.887961,23.652668],[120.887567,23.652096],[120.88743,23.651432],[120.887616,23.650663],[120.888048,23.650115],[120.888668,23.649753],[120.88939,23.649626],[120.890112,23.649753],[120.890732,23.650115],[120.891164,23.650663],[120.89135,23.651432],[120.891213,23.652096],[120.890819,23.652668],[120.890112,23.653111],[120.88939,23.653237]]]}},
{"type":"Feature","properties":{"ID":5177753,"redListCat":"EN"},"geometry":{"type":"Polygon","coordinates":[[[120.950673,23.55236],[120.949952,23.552233],[120.949332,23.551871],[120.948851,23.551219],[120.948714,23.550554],[120.948851,23.54989],[120.949332,23.549238],[120.949952,23.548875],[120.950673,23.548748],[120.951394,23.548875],[120.952014,23.549238],[120.952494,23.54989],[120.952632,23.550554],[120.952494,23.551219],[120.952014,23.551871],[120.951394,23.552233],[120.950673,23.55236]]]}},
{"type":"Feature","properties":{"ID":5388288,"redListCat":"EN"},"geometry":{"type":"Polygon","coordinates":[[[120.923701,23.553278],[120.92298,23.553151],[120.92236,23.552789],[120.921879,23.552137],[120.921742,23.551472],[120.921879,23.550807],[120.92236,23.550156],[120.92298,23.549793],[120.923701,23.549666],[120.924422,23.549793],[120.925042,23.550156],[120.925522,23.550807],[120.925659,23.551472],[120.925522,23.552137],[120.925042,23.552789],[120.924422,23.553151],[120.923701,23.553278]]]}},
{"type":"Feature","properties":{"ID":5426789,"redListCat":"EN"},"geometry":{"type":"Polygon","coordinates":[[[121.211066,24.04561],[121.210342,24.045483],[121.20972,24.045121],[121.209287,24.044573],[121.2091,24.043804],[121.209238,24.04314],[121.20972,24.042488],[121.210342,24.042125],[121.211066,24.041999],[121.21179,24.042125],[121.212412,24.042488],[121.212894,24.04314],[121.213032,24.043804],[121.212845,24.044573],[121.212412,24.045121],[121.21179,24.045483],[121.211066,24.04561]]]}},
{"type":"Feature","properties":{"ID":5828606,"redListCat":"EN"},"geometry":{"type":"Polygon","coordinates":[[[120.89028,23.652688],[120.889559,23.652561],[120.888938,23.652198],[120.888458,23.651546],[120.88832,23.650882],[120.888507,23.650113],[120.888939,23.649565],[120.889559,23.649203],[120.89028,23.649076],[120.891002,23.649203],[120.891622,23.649565],[120.892054,23.650113],[120.892241,23.650882],[120.892103,23.651546],[120.891622,23.652198],[120.891002,23.652561],[120.89028,23.652688]]]}},
{"type":"Feature","properties":{"ID":5761997,"redListCat":"EN"},"geometry":{"type":"Polygon","coordinates":[[[120.988342,23.504788],[120.987509,23.504616],[120.986915,23.504218],[120.986522,23.503647],[120.986384,23.502982],[120.986522,23.502317],[120.987002,23.501665],[120.987622,23.501303],[120.988342,23.501176],[120.989063,23.501303],[120.989683,23.501665],[120.990163,23.502317],[120.9903,23.502982],[120.990163,23.503647],[120.98977,23.504218],[120.989176,23.504616],[120.988342,23.504788]]]}},
{"type":"Feature","properties":{"ID":5922799,"redListCat":"EN"},"geometry":{"type":"Polygon","coordinates":[[[120.988214,23.504493],[120.98738,23.504321],[120.986786,23.503923],[120.986393,23.503352],[120.986256,23.502687],[120.986393,23.502022],[120.986873,23.501371],[120.987493,23.501008],[120.988214,23.500881],[120.988935,23.501008],[120.989554,23.501371],[120.990034,23.502022],[120.990172,23.502687],[120.990034,23.503352],[120.989641,23.503923],[120.989048,23.504321],[120.988214,23.504493]]]}},
{"type":"Feature","properties":{"ID":5762002,"redListCat":"EN"},"geometry":{"type":"Polygon","coordinates":[[[120.816088,23.518388],[120.815367,23.518262],[120.814748,23.517899],[120.814316,23.517352],[120.81413,23.516583],[120.814267,23.515918],[120.814661,23.515346],[120.815254,23.514949],[120.816088,23.514777],[120.816922,23.514949],[120.817516,23.515346],[120.817909,23.515918],[120.818047,23.516583],[120.81786,23.517352],[120.817429,23.517899],[120.816809,23.518262],[120.816088,23.518388]]]}},
{"type":"Feature","properties":{"ID":5762003,"redListCat":"EN"},"geometry":{"type":"Polygon","coordinates":[[[121.180634,23.953954],[121.179797,23.953782],[121.179202,23.953385],[121.178807,23.952813],[121.178669,23.952149],[121.178856,23.95138],[121.179289,23.950832],[121.179911,23.95047],[121.180634,23.950343],[121.181357,23.95047],[121.181979,23.950832],[121.182412,23.95138],[121.182599,23.952149],[121.182461,23.952813],[121.182066,23.953385],[121.181471,23.953782],[121.180634,23.953954]]]}},
{"type":"Feature","properties":{"ID":5762005,"redListCat":"EN"},"geometry":{"type":"Polygon","coordinates":[[[120.798195,23.670376],[120.797473,23.670249],[120.796853,23.669886],[120.796421,23.669339],[120.796234,23.66857],[120.796372,23.667905],[120.796766,23.667334],[120.79736,23.666936],[120.798195,23.666764],[120.79903,23.666936],[120.799624,23.667334],[120.800018,23.667905],[120.800155,23.66857],[120.799969,23.669339],[120.799537,23.669886],[120.798917,23.670249],[120.798195,23.670376]]]}},
{"type":"Feature","properties":{"ID":5762006,"redListCat":"EN"},"geometry":{"type":"Polygon","coordinates":[[[120.779947,23.567114],[120.779226,23.566987],[120.778519,23.566544],[120.778125,23.565973],[120.777988,23.565308],[120.778125,23.564643],[120.778519,23.564072],[120.779113,23.563674],[120.779947,23.563502],[120.780781,23.563674],[120.781375,23.564072],[120.781768,23.564643],[120.781906,23.565308],[120.781768,23.565973],[120.781375,23.566544],[120.780668,23.566987],[120.779947,23.567114]]]}},
{"type":"Feature","properties":{"ID":5762007,"redListCat":"EN"},"geometry":{"type":"Polygon","coordinates":[[[120.781766,23.645551],[120.781044,23.645424],[120.780337,23.644981],[120.779943,23.64441],[120.779806,23.643745],[120.779992,23.642976],[120.780424,23.642429],[120.781044,23.642066],[120.781766,23.641939],[120.782487,23.642066],[120.783108,23.642429],[120.78354,23.642976],[120.783726,23.643745],[120.783588,23.64441],[120.783195,23.644981],[120.782487,23.645424],[120.781766,23.645551]]]}},
{"type":"Feature","properties":{"ID":5919868,"redListCat":"EN"},"geometry":{"type":"Polygon","coordinates":[[[120.670772,23.57928],[120.670051,23.579153],[120.669344,23.57871],[120.668951,23.578139],[120.668813,23.577474],[120.668951,23.576809],[120.669344,23.576238],[120.669938,23.57584],[120.670772,23.575668],[120.671606,23.57584],[120.6722,23.576238],[120.672594,23.576809],[120.672732,23.577474],[120.672594,23.578139],[120.672113,23.57879],[120.671494,23.579153],[120.670772,23.57928]]]}},
{"type":"Feature","properties":{"ID":5925499,"redListCat":"EN"},"geometry":{"type":"Polygon","coordinates":[[[120.78051,23.644663],[120.779788,23.644536],[120.779081,23.644093],[120.778687,23.643522],[120.778549,23.642857],[120.778687,23.642192],[120.779081,23.641621],[120.779788,23.641178],[120.78051,23.641051],[120.781231,23.641178],[120.781938,23.641621],[120.782332,23.642192],[120.78247,23.642857],[120.782332,23.643522],[120.781938,23.644093],[120.781231,23.644536],[120.78051,23.644663]]]}},
{"type":"Feature","properties":{"ID":5631281,"redListCat":"EN"},"geometry":{"type":"Polygon","coordinates":[[[120.86932,23.522334],[120.868486,23.522162],[120.867892,23.521764],[120.867499,23.521193],[120.867361,23.520528],[120.867499,23.519863],[120.867892,23.519292],[120.868486,23.518894],[120.86932,23.518722],[120.870154,23.518894],[120.870747,23.519292],[120.871141,23.519863],[120.871278,23.520528],[120.871141,23.521193],[120.870747,23.521764],[120.870154,23.522162],[120.86932,23.522334]]]}},
{"type":"Feature","properties":{"ID":5427211,"redListCat":"EN"},"geometry":{"type":"Polygon","coordinates":[[[120.898238,23.846283],[120.897515,23.846156],[120.896894,23.845793],[120.896462,23.845246],[120.896275,23.844477],[120.896413,23.843812],[120.896894,23.84316],[120.897515,23.842798],[120.898238,23.842671],[120.898961,23.842798],[120.899582,23.84316],[120.900063,23.843812],[120.900201,23.844477],[120.900014,23.845246],[120.899582,23.845793],[120.898961,23.846156],[120.898238,23.846283]]]}},
{"type":"Feature","properties":{"ID":5784584,"redListCat":"EN"},"geometry":{"type":"Polygon","coordinates":[[[120.872895,23.878374],[120.872058,23.878202],[120.871463,23.877804],[120.871069,23.877233],[120.870931,23.876568],[120.871069,23.875903],[120.871463,23.875332],[120.872059,23.874934],[120.872895,23.874762],[120.873731,23.874934],[120.874326,23.875332],[120.87472,23.875903],[120.874858,23.876568],[120.87472,23.877233],[120.874326,23.877804],[120.873731,23.878202],[120.872895,23.878374]]]}},
{"type":"Feature","properties":{"ID":5784616,"redListCat":"EN"},"geometry":{"type":"Polygon","coordinates":[[[120.65794,23.754878],[120.657218,23.754751],[120.65651,23.754309],[120.656116,23.753737],[120.655978,23.753072],[120.656116,23.752408],[120.65651,23.751836],[120.657105,23.751439],[120.65794,23.751267],[120.658775,23.751439],[120.65937,23.751836],[120.659764,23.752408],[120.659902,23.753072],[120.659764,23.753737],[120.65937,23.754309],[120.658662,23.754751],[120.65794,23.754878]]]}},
{"type":"Feature","properties":{"ID":5784617,"redListCat":"EN"},"geometry":{"type":"Polygon","coordinates":[[[120.725074,23.67385],[120.724352,23.673723],[120.723645,23.673281],[120.723251,23.672709],[120.723113,23.672044],[120.723251,23.67138],[120.723732,23.670728],[120.724352,23.670365],[120.725074,23.670239],[120.725796,23.670365],[120.726416,23.670728],[120.726897,23.67138],[120.727034,23.672044],[120.726897,23.672709],[120.726503,23.673281],[120.725796,23.673723],[120.725074,23.67385]]]}},
{"type":"Feature","properties":{"ID":5808366,"redListCat":"EN"},"geometry":{"type":"Polygon","coordinates":[[[120.799369,23.81797],[120.798533,23.817798],[120.797938,23.817401],[120.797544,23.816829],[120.797406,23.816164],[120.797593,23.815396],[120.798025,23.814848],[120.798646,23.814485],[120.799369,23.814359],[120.800091,23.814485],[120.800713,23.814848],[120.801145,23.815396],[120.801332,23.816164],[120.801194,23.816829],[120.8008,23.817401],[120.800205,23.817798],[120.799369,23.81797]]]}},
{"type":"Feature","properties":{"ID":5808368,"redListCat":"EN"},"geometry":{"type":"Polygon","coordinates":[[[120.87348,23.760356],[120.872758,23.760229],[120.87205,23.759787],[120.871656,23.759215],[120.871518,23.75855],[120.871656,23.757886],[120.87205,23.757314],[120.872758,23.756871],[120.87348,23.756745],[120.874202,23.756871],[120.87491,23.757314],[120.875304,23.757886],[120.875442,23.75855],[120.875304,23.759215],[120.87491,23.759787],[120.874202,23.760229],[120.87348,23.760356]]]}},
{"type":"Feature","properties":{"ID":5808375,"redListCat":"EN"},"geometry":{"type":"Polygon","coordinates":[[[120.5243,23.905286],[120.523577,23.905159],[120.522955,23.904796],[120.522474,23.904145],[120.522336,23.90348],[120.522474,23.902815],[120.522868,23.902244],[120.523463,23.901846],[120.5243,23.901674],[120.525136,23.901846],[120.525731,23.902244],[120.526126,23.902815],[120.526264,23.90348],[120.526126,23.904145],[120.525644,23.904796],[120.525023,23.905159],[120.5243,23.905286]]]}},
{"type":"Feature","properties":{"ID":5758814,"redListCat":"EN"},"geometry":{"type":"Polygon","coordinates":[[[121.273844,24.138319],[121.273521,24.13762],[121.273521,24.136944],[121.273793,24.136314],[121.274298,24.135821],[121.274965,24.135533],[121.275701,24.13549],[121.276508,24.135757],[121.277046,24.136221],[121.277277,24.136604],[121.27507,24.137594],[121.273844,24.138319]]]}},
{"type":"Feature","properties":{"ID":5806669,"redListCat":"EN"},"geometry":{"type":"Polygon","coordinates":[[[120.882327,23.921392],[120.881604,23.921265],[120.880983,23.920903],[120.88055,23.920355],[120.880363,23.919586],[120.88055,23.918817],[120.880983,23.91827],[120.881604,23.917907],[120.882327,23.91778],[120.883051,23.917907],[120.883672,23.91827],[120.884105,23.918817],[120.884292,23.919586],[120.884105,23.920355],[120.883672,23.920903],[120.883051,23.921265],[120.882327,23.921392]]]}},
{"type":"Feature","properties":{"ID":5164219,"redListCat":"VU"},"geometry":{"type":"Polygon","coordinates":[[[121.26967,24.12805],[121.270485,24.127835],[121.271216,24.12792],[121.271862,24.128246],[121.272332,24.128767],[121.27256,24.129411],[121.272514,24.130086],[121.272124,24.130788],[121.271556,24.131219],[121.270855,24.131428],[121.270078,24.131375],[121.269732,24.129213],[121.26967,24.12805]]]}},
{"type":"Feature","properties":{"ID":5416222,"redListCat":"VU"},"geometry":{"type":"Polygon","coordinates":[[[121.277333,24.132866],[121.276609,24.132739],[121.275987,24.132377],[121.275504,24.131725],[121.275366,24.13106],[121.275504,24.130396],[121.275899,24.129824],[121.276609,24.129382],[121.277333,24.129255],[121.278058,24.129382],[121.278768,24.129824],[121.279163,24.130396],[121.279301,24.13106],[121.279163,24.131725],[121.27868,24.132377],[121.278058,24.132739],[121.277333,24.132866]]]}},
{"type":"Feature","properties":{"ID":5612527,"redListCat":"VU"},"geometry":{"type":"Polygon","coordinates":[[[121.299695,24.102612],[121.298858,24.10244],[121.298261,24.102042],[121.297866,24.101471],[121.297728,24.100806],[121.297866,24.100141],[121.298349,24.09949],[121.298971,24.099127],[121.299695,24.099],[121.300419,24.099127],[121.301042,24.09949],[121.301524,24.100141],[121.301662,24.100806],[121.301524,24.101471],[121.301129,24.102042],[121.300533,24.10244],[121.299695,24.102612]]]}},
{"type":"Feature","properties":{"ID":5614083,"redListCat":"VU"},"geometry":{"type":"Polygon","coordinates":[[[121.317365,24.101087],[121.31664,24.10096],[121.315931,24.100517],[121.315536,24.099946],[121.315397,24.099281],[121.315536,24.098616],[121.315931,24.098045],[121.31664,24.097602],[121.317365,24.097475],[121.318089,24.097602],[121.318799,24.098045],[121.319194,24.098616],[121.319332,24.099281],[121.319194,24.099946],[121.318799,24.100517],[121.318089,24.10096],[121.317365,24.101087]]]}},
{"type":"Feature","properties":{"ID":5615347,"redListCat":"VU"},"geometry":{"type":"Polygon","coordinates":[[[120.95179,23.467888],[120.951077,23.468156],[120.950224,23.468131],[120.949463,23.467774],[120.948954,23.467178],[120.950552,23.467619],[120.95179,23.467888]]]}},
{"type":"Feature","properties":{"ID":5800907,"redListCat":"VU"},"geometry":{"type":"Polygon","coordinates":[[[121.280214,24.135775],[121.280952,24.135376],[121.28174,24.135296],[121.281478,24.135879],[121.280841,24.135758],[121.280214,24.135775]]]}},
{"type":"Feature","properties":{"ID":5427817,"redListCat":"VU"},"geometry":{"type":"Polygon","coordinates":[[[120.805785,23.517981],[120.805064,23.517855],[120.804445,23.517492],[120.804013,23.516945],[120.803827,23.516176],[120.803964,23.515511],[120.804358,23.514939],[120.804951,23.514542],[120.805785,23.51437],[120.806619,23.514542],[120.807213,23.514939],[120.807606,23.515511],[120.807744,23.516176],[120.807557,23.516945],[120.807126,23.517492],[120.806506,23.517855],[120.805785,23.517981]]]}},
{"type":"Feature","properties":{"ID":5765361,"redListCat":"VU"},"geometry":{"type":"Polygon","coordinates":[[[120.739762,23.528768],[120.738928,23.528596],[120.738335,23.528199],[120.737941,23.527627],[120.737804,23.526962],[120.737941,23.526298],[120.738335,23.525726],[120.739041,23.525283],[120.739762,23.525156],[120.740483,23.525283],[120.74119,23.525726],[120.741583,23.526298],[120.741721,23.526962],[120.741583,23.527627],[120.74119,23.528199],[120.740596,23.528596],[120.739762,23.528768]]]}},
{"type":"Feature","properties":{"ID":5765365,"redListCat":"VU"},"geometry":{"type":"Polygon","coordinates":[[[120.888733,23.652312],[120.888011,23.652185],[120.887391,23.651823],[120.886959,23.651275],[120.886772,23.650506],[120.886959,23.649737],[120.887391,23.64919],[120.888011,23.648827],[120.888733,23.6487],[120.889454,23.648827],[120.890074,23.64919],[120.890506,23.649737],[120.890693,23.650506],[120.890506,23.651275],[120.890074,23.651823],[120.889454,23.652185],[120.888733,23.652312]]]}},
{"type":"Feature","properties":{"ID":5765366,"redListCat":"VU"},"geometry":{"type":"Polygon","coordinates":[[[120.795433,23.693754],[120.794599,23.693582],[120.794004,23.693184],[120.79361,23.692613],[120.793473,23.691948],[120.79361,23.691283],[120.794004,23.690712],[120.794712,23.690269],[120.795433,23.690142],[120.796155,23.690269],[120.796863,23.690712],[120.797257,23.691283],[120.797394,23.691948],[120.797257,23.692613],[120.796776,23.693264],[120.796155,23.693627],[120.795433,23.693754]]]}},
{"type":"Feature","properties":{"ID":5765368,"redListCat":"VU"},"geometry":{"type":"Polygon","coordinates":[[[120.894231,23.646993],[120.893509,23.646866],[120.892889,23.646503],[120.892408,23.645852],[120.892271,23.645187],[120.892408,23.644522],[120.892889,23.64387],[120.893509,23.643508],[120.894231,23.643381],[120.894952,23.643508],[120.895573,23.64387],[120.896053,23.644522],[120.896191,23.645187],[120.896053,23.645852],[120.895573,23.646503],[120.894952,23.646866],[120.894231,23.646993]]]}},
{"type":"Feature","properties":{"ID":5919493,"redListCat":"VU"},"geometry":{"type":"Polygon","coordinates":[[[120.795581,23.69339],[120.794746,23.693218],[120.794152,23.69282],[120.793758,23.692249],[120.79362,23.691584],[120.793807,23.690815],[120.794239,23.690267],[120.794859,23.689905],[120.795581,23.689778],[120.796303,23.689905],[120.796923,23.690267],[120.797355,23.690815],[120.797542,23.691584],[120.797404,23.692249],[120.797011,23.69282],[120.796416,23.693218],[120.795581,23.69339]]]}},
{"type":"Feature","properties":{"ID":5810199,"redListCat":"VU"},"geometry":{"type":"Polygon","coordinates":[[[120.998952,23.792752],[120.99823,23.792626],[120.997522,23.792183],[120.997128,23.791611],[120.99699,23.790947],[120.997177,23.790178],[120.997609,23.78963],[120.99823,23.789268],[120.998952,23.789141],[120.999675,23.789268],[121.000296,23.78963],[121.000728,23.790178],[121.000915,23.790947],[121.000777,23.791611],[121.000383,23.792183],[120.999675,23.792626],[120.998952,23.792752]]]}},
{"type":"Feature","properties":{"ID":5810200,"redListCat":"VU"},"geometry":{"type":"Polygon","coordinates":[[[120.990677,23.512335],[120.989956,23.512208],[120.989336,23.511845],[120.988856,23.511194],[120.988718,23.510529],[120.988856,23.509864],[120.989249,23.509293],[120.989843,23.508895],[120.990677,23.508723],[120.99151,23.508895],[120.992104,23.509293],[120.992497,23.509864],[120.992635,23.510529],[120.992497,23.511194],[120.992017,23.511845],[120.991398,23.512208],[120.990677,23.512335]]]}},
{"type":"Feature","properties":{"ID":5810203,"redListCat":"VU"},"geometry":{"type":"Polygon","coordinates":[[[121.225233,24.047188],[121.224395,24.047016],[121.223799,24.046618],[121.223404,24.046047],[121.223266,24.045382],[121.223404,24.044717],[121.223799,24.044146],[121.224395,24.043748],[121.225233,24.043576],[121.22607,24.043748],[121.226666,24.044146],[121.227061,24.044717],[121.227199,24.045382],[121.227061,24.046047],[121.226666,24.046618],[121.22607,24.047016],[121.225233,24.047188]]]}},
{"type":"Feature","properties":{"ID":5810193,"redListCat":"VU"},"geometry":{"type":"Polygon","coordinates":[[[120.889254,23.65198],[120.888532,23.651853],[120.887912,23.65149],[120.887431,23.650839],[120.887294,23.650174],[120.88748,23.649405],[120.887912,23.648857],[120.888532,23.648495],[120.889254,23.648368],[120.889976,23.648495],[120.890596,23.648857],[120.891028,23.649405],[120.891214,23.650174],[120.891077,23.650839],[120.890596,23.65149],[120.889976,23.651853],[120.889254,23.65198]]]}},
{"type":"Feature","properties":{"ID":5804722,"redListCat":"VU"},"geometry":{"type":"Polygon","coordinates":[[[120.734117,23.671458],[120.733282,23.671286],[120.732688,23.670888],[120.732294,23.670317],[120.732156,23.669652],[120.732294,23.668987],[120.732775,23.668335],[120.733395,23.667973],[120.734117,23.667846],[120.734839,23.667973],[120.735459,23.668335],[120.73594,23.668987],[120.736078,23.669652],[120.73594,23.670317],[120.735546,23.670888],[120.734952,23.671286],[120.734117,23.671458]]]}},
{"type":"Feature","properties":{"ID":5801287,"redListCat":"VU"},"geometry":{"type":"Polygon","coordinates":[[[120.587474,24.046727],[120.586643,24.046651],[120.585998,24.046325],[120.585528,24.045803],[120.5853,24.04516],[120.585381,24.044375],[120.585736,24.043782],[120.586304,24.043351],[120.587004,24.043142],[120.587497,24.043142],[120.587975,24.043255],[120.588407,24.043473],[120.588818,24.043844],[120.58783,24.044449],[120.587507,24.044814],[120.587276,24.045255],[120.58729,24.045838],[120.587474,24.046727]]]}},
{"type":"Feature","properties":{"ID":5801300,"redListCat":"VU"},"geometry":{"type":"Polygon","coordinates":[[[120.90657,23.864423],[120.905847,23.864297],[120.905226,23.863934],[120.904745,23.863282],[120.904607,23.862618],[120.904745,23.861953],[120.905139,23.861381],[120.905734,23.860984],[120.90657,23.860812],[120.907406,23.860984],[120.908002,23.861381],[120.908396,23.861953],[120.908534,23.862618],[120.908396,23.863282],[120.907914,23.863934],[120.907293,23.864297],[120.90657,23.864423]]]}},
{"type":"Feature","properties":{"ID":5612617,"redListCat":"VU"},"geometry":{"type":"Polygon","coordinates":[[[120.799222,23.55122],[120.798501,23.551093],[120.797881,23.550731],[120.797449,23.550183],[120.797263,23.549414],[120.797449,23.548645],[120.797881,23.548098],[120.798501,23.547735],[120.799222,23.547608],[120.799943,23.547735],[120.800563,23.548098],[120.800994,23.548645],[120.80118,23.549414],[120.800994,23.550183],[120.800563,23.550731],[120.799943,23.551093],[120.799222,23.55122]]]}},
{"type":"Feature","properties":{"ID":5815333,"redListCat":"VU"},"geometry":{"type":"Polygon","coordinates":[[[120.889374,23.653284],[120.888652,23.653157],[120.887945,23.652715],[120.887551,23.652143],[120.887414,23.651478],[120.8876,23.65071],[120.888032,23.650162],[120.888652,23.649799],[120.889374,23.649673],[120.890096,23.649799],[120.890716,23.650162],[120.891148,23.65071],[120.891334,23.651478],[120.891197,23.652143],[120.890803,23.652715],[120.890096,23.653157],[120.889374,23.653284]]]}},
{"type":"Feature","properties":{"ID":5799103,"redListCat":"VU"},"geometry":{"type":"Polygon","coordinates":[[[120.73876,23.529198],[120.738039,23.529071],[120.737332,23.528628],[120.736939,23.528056],[120.736801,23.527392],[120.736988,23.526623],[120.737419,23.526075],[120.738039,23.525713],[120.73876,23.525586],[120.739481,23.525713],[120.740101,23.526075],[120.740532,23.526623],[120.740718,23.527392],[120.740581,23.528056],[120.740188,23.528628],[120.739481,23.529071],[120.73876,23.529198]]]}},
{"type":"Feature","properties":{"ID":5164392,"redListCat":"VU"},"geometry":{"type":"Polygon","coordinates":[[[120.900272,23.501258],[120.899552,23.501131],[120.898932,23.500768],[120.898501,23.500221],[120.898314,23.499452],[120.898452,23.498787],[120.898932,23.498135],[120.899552,23.497773],[120.900272,23.497646],[120.900993,23.497773],[120.901613,23.498135],[120.902093,23.498787],[120.90223,23.499452],[120.902044,23.500221],[120.901613,23.500768],[120.900993,23.501131],[120.900272,23.501258]]]}},
{"type":"Feature","properties":{"ID":5613418,"redListCat":"VU"},"geometry":{"type":"Polygon","coordinates":[[[120.716624,23.602637],[120.715789,23.602465],[120.715195,23.602068],[120.714802,23.601496],[120.714664,23.600831],[120.714802,23.600167],[120.715282,23.599515],[120.715902,23.599152],[120.716624,23.599026],[120.717345,23.599152],[120.717965,23.599515],[120.718446,23.600167],[120.718583,23.600831],[120.718446,23.601496],[120.718052,23.602068],[120.717458,23.602465],[120.716624,23.602637]]]}},
{"type":"Feature","properties":{"ID":5598208,"redListCat":"VU"},"geometry":{"type":"Polygon","coordinates":[[[121.325061,24.115416],[121.324224,24.115244],[121.323627,24.114846],[121.323232,24.114275],[121.323094,24.11361],[121.323232,24.112946],[121.323715,24.112294],[121.324337,24.111931],[121.325061,24.111805],[121.325786,24.111931],[121.326408,24.112294],[121.326891,24.112946],[121.327029,24.11361],[121.326891,24.114275],[121.326496,24.114846],[121.325899,24.115244],[121.325061,24.115416]]]}},
{"type":"Feature","properties":{"ID":5755520,"redListCat":"VU"},"geometry":{"type":"Polygon","coordinates":[[[121.277855,24.049861],[121.277131,24.049734],[121.276508,24.049371],[121.276026,24.04872],[121.275888,24.048055],[121.276026,24.04739],[121.276421,24.046819],[121.277017,24.046421],[121.277855,24.046249],[121.278692,24.046421],[121.279288,24.046819],[121.279683,24.04739],[121.279821,24.048055],[121.279683,24.04872],[121.279201,24.049371],[121.278578,24.049734],[121.277855,24.049861]]]}},
{"type":"Feature","properties":{"ID":5755553,"redListCat":"VU"},"geometry":{"type":"Polygon","coordinates":[[[120.713993,23.500649],[120.713932,23.501094],[120.713751,23.501515],[120.713186,23.502106],[120.712402,23.502419],[120.711912,23.502447],[120.711524,23.502388],[120.71183,23.501884],[120.711953,23.501501],[120.713153,23.50093],[120.713993,23.500649]]]}},
{"type":"Feature","properties":{"ID":5755601,"redListCat":"VU"},"geometry":{"type":"Polygon","coordinates":[[[120.769352,23.59352],[120.768631,23.593393],[120.768011,23.59303],[120.767579,23.592483],[120.767393,23.591714],[120.76753,23.591049],[120.768011,23.590397],[120.768631,23.590035],[120.769352,23.589908],[120.770073,23.590035],[120.770693,23.590397],[120.771174,23.591049],[120.771312,23.591714],[120.771125,23.592483],[120.770693,23.59303],[120.770073,23.593393],[120.769352,23.59352]]]}},
{"type":"Feature","properties":{"ID":5758625,"redListCat":"VU"},"geometry":{"type":"Polygon","coordinates":[[[120.888207,23.598013],[120.887372,23.597841],[120.886778,23.597444],[120.886385,23.596872],[120.886247,23.596207],[120.886385,23.595543],[120.886865,23.594891],[120.887485,23.594528],[120.888207,23.594402],[120.888928,23.594528],[120.889548,23.594891],[120.890029,23.595543],[120.890166,23.596207],[120.890029,23.596872],[120.889635,23.597444],[120.889041,23.597841],[120.888207,23.598013]]]}},
{"type":"Feature","properties":{"ID":12913776,"redListCat":"VU"},"geometry":{"type":"Polygon","coordinates":[[[120.883719,23.519352],[120.882998,23.519225],[120.882379,23.518863],[120.881947,23.518315],[120.881761,23.517546],[120.881898,23.516882],[120.882292,23.51631],[120.882998,23.515867],[120.883719,23.515741],[120.88444,23.515867],[120.885147,23.51631],[120.88554,23.516882],[120.885678,23.517546],[120.885491,23.518315],[120.88506,23.518863],[120.88444,23.519225],[120.883719,23.519352]]]}},
{"type":"Feature","properties":{"ID":5612130,"redListCat":"VU"},"geometry":{"type":"Polygon","coordinates":[[[120.899615,23.50119],[120.898894,23.501063],[120.898274,23.5007],[120.897794,23.500049],[120.897657,23.499384],[120.897794,23.498719],[120.898187,23.498148],[120.898894,23.497705],[120.899615,23.497578],[120.900336,23.497705],[120.901042,23.498148],[120.901435,23.498719],[120.901573,23.499384],[120.901435,23.500049],[120.900955,23.5007],[120.900336,23.501063],[120.899615,23.50119]]]}},
{"type":"Feature","properties":{"ID":5758713,"redListCat":"VU"},"geometry":{"type":"Polygon","coordinates":[[[120.748306,23.583651],[120.747584,23.583524],[120.746964,23.583162],[120.746484,23.58251],[120.746346,23.581845],[120.746484,23.58118],[120.746877,23.580609],[120.747584,23.580166],[120.748306,23.580039],[120.749027,23.580166],[120.749734,23.580609],[120.750127,23.58118],[120.750265,23.581845],[120.750127,23.58251],[120.749647,23.583162],[120.749027,23.583524],[120.748306,23.583651]]]}},
{"type":"Feature","properties":{"ID":5758718,"redListCat":"VU"},"geometry":{"type":"Polygon","coordinates":[[[120.663195,23.570126],[120.662474,23.569999],[120.661854,23.569637],[120.661374,23.568985],[120.661236,23.56832],[120.661423,23.567551],[120.661854,23.567004],[120.662474,23.566641],[120.663195,23.566514],[120.663917,23.566641],[120.664537,23.567004],[120.664968,23.567551],[120.665155,23.56832],[120.665017,23.568985],[120.664537,23.569637],[120.663917,23.569999],[120.663195,23.570126]]]}},
{"type":"Feature","properties":{"ID":5838172,"redListCat":"VU"},"geometry":{"type":"Polygon","coordinates":[[[120.874729,23.468433],[120.874552,23.468762],[120.874239,23.469111],[120.873504,23.469512],[120.872654,23.469586],[120.871891,23.469341],[120.872855,23.469005],[120.873296,23.468753],[120.87414,23.468623],[120.874729,23.468433]]]}},
{"type":"Feature","properties":{"ID":5838173,"redListCat":"VU"},"geometry":{"type":"Polygon","coordinates":[[[120.879335,23.475652],[120.878615,23.475526],[120.877995,23.475163],[120.877564,23.474615],[120.877378,23.473846],[120.877515,23.473182],[120.877995,23.47253],[120.878615,23.472167],[120.879335,23.472041],[120.880056,23.472167],[120.880675,23.47253],[120.881156,23.473182],[120.881293,23.473846],[120.881107,23.474615],[120.880675,23.475163],[120.880056,23.475526],[120.879335,23.475652]]]}},
{"type":"Feature","properties":{"ID":5791515,"redListCat":"VU"},"geometry":{"type":"Polygon","coordinates":[[[120.903171,23.476148],[120.903035,23.476144],[120.902881,23.476129],[120.903171,23.476148]]]}},
{"type":"Feature","properties":{"ID":5615312,"redListCat":"VU"},"geometry":{"type":"Polygon","coordinates":[[[120.88178,23.468379],[120.881724,23.468348],[120.881666,23.468312],[120.881728,23.468335],[120.88178,23.468379]]]}},
{"type":"Feature","properties":{"ID":5594291,"redListCat":"VU"},"geometry":{"type":"Polygon","coordinates":[[[120.961803,23.753415],[120.961081,23.753288],[120.96046,23.752925],[120.960028,23.752378],[120.959842,23.751609],[120.960028,23.75084],[120.96046,23.750292],[120.961081,23.74993],[120.961803,23.749803],[120.962526,23.74993],[120.963146,23.750292],[120.963579,23.75084],[120.963765,23.751609],[120.963579,23.752378],[120.963146,23.752925],[120.962526,23.753288],[120.961803,23.753415]]]}},
{"type":"Feature","properties":{"ID":5189771,"redListCat":"VU"},"geometry":{"type":"Polygon","coordinates":[[[120.889199,23.651608],[120.888477,23.651481],[120.887857,23.651118],[120.887376,23.650466],[120.887238,23.649802],[120.887425,23.649033],[120.887857,23.648485],[120.888477,23.648123],[120.889199,23.647996],[120.88992,23.648123],[120.890541,23.648485],[120.890972,23.649033],[120.891159,23.649802],[120.891021,23.650466],[120.890541,23.651118],[120.88992,23.651481],[120.889199,23.651608]]]}},
{"type":"Feature","properties":{"ID":5189816,"redListCat":"VU"},"geometry":{"type":"Polygon","coordinates":[[[120.91029,23.632742],[120.909455,23.63257],[120.908861,23.632172],[120.908468,23.631601],[120.90833,23.630936],[120.908468,23.630271],[120.908861,23.6297],[120.909455,23.629302],[120.91029,23.62913],[120.911124,23.629302],[120.911719,23.6297],[120.912112,23.630271],[120.91225,23.630936],[120.912112,23.631601],[120.911719,23.632172],[120.911124,23.63257],[120.91029,23.632742]]]}},
{"type":"Feature","properties":{"ID":5613471,"redListCat":"VU"},"geometry":{"type":"Polygon","coordinates":[[[120.716232,23.60206],[120.715511,23.601933],[120.714803,23.601491],[120.71441,23.600919],[120.714272,23.600254],[120.71441,23.59959],[120.714803,23.599018],[120.715511,23.598575],[120.716232,23.598449],[120.716953,23.598575],[120.71766,23.599018],[120.718054,23.59959],[120.718191,23.600254],[120.718054,23.600919],[120.71766,23.601491],[120.716953,23.601933],[120.716232,23.60206]]]}},
{"type":"Feature","properties":{"ID":5754974,"redListCat":"VU"},"geometry":{"type":"Polygon","coordinates":[[[121.279838,24.047238],[121.279001,24.047066],[121.278404,24.046668],[121.27801,24.046097],[121.277872,24.045432],[121.27801,24.044768],[121.278404,24.044196],[121.279001,24.043798],[121.279838,24.043627],[121.280675,24.043798],[121.281271,24.044196],[121.281666,24.044768],[121.281804,24.045432],[121.281666,24.046097],[121.281271,24.046668],[121.280675,24.047066],[121.279838,24.047238]]]}},
{"type":"Feature","properties":{"ID":9955982,"redListCat":"VU"},"geometry":{"type":"Polygon","coordinates":[[[121.279555,24.042085],[121.278831,24.041958],[121.278209,24.041596],[121.277776,24.041048],[121.277589,24.04028],[121.277727,24.039615],[121.278122,24.039043],[121.278718,24.038646],[121.279555,24.038474],[121.280392,24.038646],[121.280988,24.039043],[121.281383,24.039615],[121.281521,24.04028],[121.281334,24.041048],[121.280901,24.041596],[121.280279,24.041958],[121.279555,24.042085]]]}},
{"type":"Feature","properties":{"ID":5612185,"redListCat":"VU"},"geometry":{"type":"Polygon","coordinates":[[[121.315779,24.101744],[121.314942,24.101573],[121.314345,24.101175],[121.31395,24.100603],[121.313812,24.099939],[121.31395,24.099274],[121.314433,24.098622],[121.315055,24.09826],[121.315779,24.098133],[121.316503,24.09826],[121.317126,24.098622],[121.317608,24.099274],[121.317746,24.099939],[121.317608,24.100603],[121.317213,24.101175],[121.316617,24.101573],[121.315779,24.101744]]]}},
{"type":"Feature","properties":{"ID":5830052,"redListCat":"VU"},"geometry":{"type":"Polygon","coordinates":[[[121.274365,24.137971],[121.27384,24.13741],[121.273612,24.136766],[121.273658,24.136091],[121.273972,24.135478],[121.27451,24.135015],[121.275195,24.134766],[121.275933,24.134766],[121.276721,24.135079],[121.277288,24.13567],[121.27747,24.136091],[121.27753,24.136481],[121.274365,24.137971]]]}},
{"type":"Feature","properties":{"ID":5164955,"redListCat":"VU"},"geometry":{"type":"Polygon","coordinates":[[[121.272188,24.138879],[121.272308,24.13911],[121.27215,24.139139],[121.272188,24.138879]]]}},
{"type":"Feature","properties":{"ID":5171825,"redListCat":"VU"},"geometry":{"type":"Polygon","coordinates":[[[120.949251,23.472124],[120.94853,23.471997],[120.947823,23.471554],[120.94743,23.470983],[120.947293,23.470318],[120.94743,23.469653],[120.94791,23.469001],[120.94853,23.468639],[120.949251,23.468512],[120.949971,23.468639],[120.950591,23.469001],[120.951071,23.469653],[120.951208,23.470318],[120.951071,23.470983],[120.950678,23.471554],[120.949971,23.471997],[120.949251,23.472124]]]}},
{"type":"Feature","properties":{"ID":5166552,"redListCat":"VU"},"geometry":{"type":"Polygon","coordinates":[[[120.809555,23.712393],[120.808833,23.712267],[120.808213,23.711904],[120.807732,23.711252],[120.807594,23.710588],[120.807732,23.709923],[120.808213,23.709271],[120.808833,23.708909],[120.809555,23.708782],[120.810277,23.708909],[120.810898,23.709271],[120.811379,23.709923],[120.811516,23.710588],[120.811379,23.711252],[120.810898,23.711904],[120.810277,23.712267],[120.809555,23.712393]]]}},
{"type":"Feature","properties":{"ID":5613499,"redListCat":"VU"},"geometry":{"type":"Polygon","coordinates":[[[120.667495,23.652079],[120.666774,23.651952],[120.666154,23.651589],[120.665722,23.651042],[120.665535,23.650273],[120.665673,23.649608],[120.666154,23.648957],[120.666774,23.648594],[120.667495,23.648467],[120.668217,23.648594],[120.668837,23.648957],[120.669318,23.649608],[120.669456,23.650273],[120.669269,23.651042],[120.668837,23.651589],[120.668217,23.651952],[120.667495,23.652079]]]}},
{"type":"Feature","properties":{"ID":5790510,"redListCat":"VU"},"geometry":{"type":"Polygon","coordinates":[[[120.864153,23.53295],[120.863319,23.532778],[120.862726,23.532381],[120.862332,23.531809],[120.862195,23.531144],[120.862332,23.53048],[120.862813,23.529828],[120.863432,23.529465],[120.864153,23.529339],[120.864874,23.529465],[120.865494,23.529828],[120.865974,23.53048],[120.866112,23.531144],[120.865974,23.531809],[120.865581,23.532381],[120.864987,23.532778],[120.864153,23.53295]]]}},
{"type":"Feature","properties":{"ID":5775494,"redListCat":"VU"},"geometry":{"type":"Polygon","coordinates":[[[120.640427,23.620338],[120.639706,23.620212],[120.638999,23.619769],[120.638605,23.619197],[120.638467,23.618533],[120.638654,23.617764],[120.639086,23.617216],[120.639706,23.616854],[120.640427,23.616727],[120.641149,23.616854],[120.641769,23.617216],[120.642201,23.617764],[120.642387,23.618533],[120.64225,23.619197],[120.641856,23.619769],[120.641149,23.620212],[120.640427,23.620338]]]}},
{"type":"Feature","properties":{"ID":5775501,"redListCat":"VU"},"geometry":{"type":"Polygon","coordinates":[[[120.646697,23.605802],[120.645976,23.605675],[120.645355,23.605312],[120.644924,23.604765],[120.644737,23.603996],[120.644875,23.603331],[120.645268,23.60276],[120.645976,23.602317],[120.646697,23.60219],[120.647418,23.602317],[120.648125,23.60276],[120.648519,23.603331],[120.648657,23.603996],[120.64847,23.604765],[120.648038,23.605312],[120.647418,23.605675],[120.646697,23.605802]]]}},
{"type":"Feature","properties":{"ID":5173774,"redListCat":"VU"},"geometry":{"type":"Polygon","coordinates":[[[120.890884,23.928512],[120.891536,23.928599],[120.892084,23.928856],[120.892518,23.929255],[120.892797,23.929758],[120.892894,23.930316],[120.892798,23.930874],[120.892518,23.931378],[120.892023,23.931815],[120.891197,23.93119],[120.891017,23.930842],[120.890967,23.930486],[120.891273,23.929357],[120.891198,23.928962],[120.890884,23.928512]]]}},
{"type":"Feature","properties":{"ID":5815951,"redListCat":"VU"},"geometry":{"type":"Polygon","coordinates":[[[120.799616,23.818136],[120.798894,23.818009],[120.798273,23.817647],[120.79784,23.817099],[120.797654,23.81633],[120.797791,23.815665],[120.798273,23.815014],[120.798894,23.814651],[120.799616,23.814524],[120.800339,23.814651],[120.80096,23.815014],[120.801441,23.815665],[120.801579,23.81633],[120.801392,23.817099],[120.80096,23.817647],[120.800339,23.818009],[120.799616,23.818136]]]}},
{"type":"Feature","properties":{"ID":5815955,"redListCat":"VU"},"geometry":{"type":"Polygon","coordinates":[[[120.873103,23.761472],[120.87238,23.761345],[120.871672,23.760902],[120.871279,23.760331],[120.871141,23.759666],[120.871279,23.759001],[120.87176,23.75835],[120.87238,23.757987],[120.873103,23.75786],[120.873825,23.757987],[120.874446,23.75835],[120.874927,23.759001],[120.875065,23.759666],[120.874927,23.760331],[120.874533,23.760902],[120.873825,23.761345],[120.873103,23.761472]]]}},
{"type":"Feature","properties":{"ID":5815956,"redListCat":"VU"},"geometry":{"type":"Polygon","coordinates":[[[120.872675,23.7612],[120.871953,23.761073],[120.871245,23.76063],[120.870851,23.760059],[120.870713,23.759394],[120.870851,23.758729],[120.871245,23.758158],[120.87184,23.75776],[120.872675,23.757588],[120.873511,23.75776],[120.874106,23.758158],[120.874499,23.758729],[120.874637,23.759394],[120.8745,23.760059],[120.874106,23.76063],[120.873398,23.761073],[120.872675,23.7612]]]}},
{"type":"Feature","properties":{"ID":5916828,"redListCat":"VU"},"geometry":{"type":"Polygon","coordinates":[[[120.873803,23.761255],[120.873081,23.761128],[120.872373,23.760685],[120.871979,23.760114],[120.871841,23.759449],[120.871979,23.758784],[120.872373,23.758213],[120.873081,23.75777],[120.873803,23.757643],[120.874525,23.75777],[120.875233,23.758213],[120.875627,23.758784],[120.875765,23.759449],[120.875627,23.760114],[120.875233,23.760685],[120.874525,23.761128],[120.873803,23.761255]]]}},
{"type":"Feature","properties":{"ID":5918486,"redListCat":"VU"},"geometry":{"type":"Polygon","coordinates":[[[120.739212,23.581387],[120.73849,23.581261],[120.73787,23.580898],[120.73739,23.580246],[120.737252,23.579582],[120.73739,23.578917],[120.737783,23.578345],[120.73849,23.577903],[120.739212,23.577776],[120.739933,23.577903],[120.74064,23.578345],[120.741033,23.578917],[120.741171,23.579582],[120.741033,23.580246],[120.740553,23.580898],[120.739933,23.581261],[120.739212,23.581387]]]}},
{"type":"Feature","properties":{"ID":5168512,"redListCat":"VU"},"geometry":{"type":"Polygon","coordinates":[[[121.179433,24.021917],[121.178709,24.02179],[121.178,24.021347],[121.177605,24.020776],[121.177467,24.020111],[121.177654,24.019342],[121.178087,24.018795],[121.178709,24.018432],[121.179433,24.018305],[121.180156,24.018432],[121.180778,24.018795],[121.181211,24.019342],[121.181399,24.020111],[121.18126,24.020776],[121.180866,24.021347],[121.180156,24.02179],[121.179433,24.021917]]]}},
{"type":"Feature","properties":{"ID":5188415,"redListCat":"VU"},"geometry":{"type":"Polygon","coordinates":[[[121.320472,24.102366],[121.319748,24.102239],[121.319125,24.101876],[121.318643,24.101225],[121.318505,24.10056],[121.318643,24.099895],[121.319038,24.099324],[121.319748,24.098881],[121.320472,24.098754],[121.321196,24.098881],[121.321906,24.099324],[121.322301,24.099895],[121.322439,24.10056],[121.322301,24.101225],[121.321818,24.101876],[121.321196,24.102239],[121.320472,24.102366]]]}},
{"type":"Feature","properties":{"ID":5775563,"redListCat":"VU"},"geometry":{"type":"Polygon","coordinates":[[[120.749794,23.584062],[120.749073,23.583936],[120.748453,23.583573],[120.747972,23.582921],[120.747835,23.582256],[120.747972,23.581592],[120.748366,23.58102],[120.74896,23.580623],[120.749794,23.580451],[120.750628,23.580623],[120.751222,23.58102],[120.751616,23.581592],[120.751753,23.582256],[120.751616,23.582921],[120.751135,23.583573],[120.750515,23.583936],[120.749794,23.584062]]]}},
{"type":"Feature","properties":{"ID":5775567,"redListCat":"VU"},"geometry":{"type":"Polygon","coordinates":[[[120.79956,23.817994],[120.798725,23.817822],[120.79813,23.817424],[120.797735,23.816853],[120.797598,23.816188],[120.797735,23.815523],[120.798217,23.814872],[120.798838,23.814509],[120.79956,23.814382],[120.800283,23.814509],[120.800904,23.814872],[120.801385,23.815523],[120.801523,23.816188],[120.801385,23.816853],[120.800991,23.817424],[120.800396,23.817822],[120.79956,23.817994]]]}},
{"type":"Feature","properties":{"ID":5775568,"redListCat":"VU"},"geometry":{"type":"Polygon","coordinates":[[[120.786375,23.642365],[120.785654,23.642238],[120.785033,23.641876],[120.784553,23.641224],[120.784415,23.640559],[120.784553,23.639895],[120.784946,23.639323],[120.785654,23.63888],[120.786375,23.638754],[120.787097,23.63888],[120.787804,23.639323],[120.788198,23.639895],[120.788335,23.640559],[120.788198,23.641224],[120.787717,23.641876],[120.787097,23.642238],[120.786375,23.642365]]]}},
{"type":"Feature","properties":{"ID":5775569,"redListCat":"VU"},"geometry":{"type":"Polygon","coordinates":[[[120.998959,23.793482],[120.998237,23.793355],[120.997616,23.792992],[120.997134,23.792341],[120.996997,23.791676],[120.997134,23.791011],[120.997528,23.79044],[120.998123,23.790042],[120.998959,23.78987],[120.999794,23.790042],[121.000389,23.79044],[121.000784,23.791011],[121.000921,23.791676],[121.000784,23.792341],[121.000302,23.792992],[120.999681,23.793355],[120.998959,23.793482]]]}},
{"type":"Feature","properties":{"ID":5775570,"redListCat":"VU"},"geometry":{"type":"Polygon","coordinates":[[[120.890407,23.651699],[120.889685,23.651572],[120.889065,23.651209],[120.888633,23.650662],[120.888447,23.649893],[120.888633,23.649124],[120.889065,23.648576],[120.889685,23.648214],[120.890407,23.648087],[120.891129,23.648214],[120.891749,23.648576],[120.892181,23.649124],[120.892367,23.649893],[120.892181,23.650662],[120.891749,23.651209],[120.891129,23.651572],[120.890407,23.651699]]]}},
{"type":"Feature","properties":{"ID":5775571,"redListCat":"VU"},"geometry":{"type":"Polygon","coordinates":[[[120.87796,23.919398],[120.878689,23.919357],[120.879279,23.919514],[120.879787,23.919832],[120.88022,23.920379],[120.880392,23.920922],[120.880345,23.921597],[120.880101,23.922116],[120.879641,23.922578],[120.87951,23.922197],[120.879332,23.920978],[120.879135,23.920601],[120.878772,23.920363],[120.878361,23.920341],[120.8779,23.920189],[120.87796,23.919398]]]}},
{"type":"Feature","properties":{"ID":5775572,"redListCat":"VU"},"geometry":{"type":"Polygon","coordinates":[[[121.168258,23.809505],[121.167536,23.809379],[121.166827,23.808936],[121.166433,23.808364],[121.166295,23.8077],[121.166433,23.807035],[121.166827,23.806463],[121.167536,23.806021],[121.168258,23.805894],[121.168981,23.806021],[121.169689,23.806463],[121.170083,23.807035],[121.170221,23.8077],[121.170083,23.808364],[121.169689,23.808936],[121.168981,23.809379],[121.168258,23.809505]]]}},
{"type":"Feature","properties":{"ID":5775574,"redListCat":"VU"},"geometry":{"type":"Polygon","coordinates":[[[120.80272,23.677428],[120.801999,23.677301],[120.801378,23.676938],[120.800897,23.676287],[120.80076,23.675622],[120.800946,23.674853],[120.801378,23.674305],[120.801999,23.673943],[120.80272,23.673816],[120.803442,23.673943],[120.804062,23.674305],[120.804494,23.674853],[120.804681,23.675622],[120.804543,23.676287],[120.804063,23.676938],[120.803442,23.677301],[120.80272,23.677428]]]}},
{"type":"Feature","properties":{"ID":5913055,"redListCat":"VU"},"geometry":{"type":"Polygon","coordinates":[[[120.802812,23.676414],[120.80209,23.676287],[120.801469,23.675924],[120.800989,23.675273],[120.800851,23.674608],[120.800989,23.673943],[120.801382,23.673372],[120.80209,23.672929],[120.802812,23.672802],[120.803533,23.672929],[120.804241,23.673372],[120.804635,23.673943],[120.804772,23.674608],[120.804635,23.675273],[120.804154,23.675924],[120.803533,23.676287],[120.802812,23.676414]]]}},
{"type":"Feature","properties":{"ID":5921210,"redListCat":"VU"},"geometry":{"type":"Polygon","coordinates":[[[120.877877,23.919181],[120.878569,23.919148],[120.87916,23.919305],[120.879668,23.919623],[120.880101,23.92017],[120.880284,23.920826],[120.880226,23.921388],[120.879982,23.921907],[120.87956,23.922342],[120.879332,23.920978],[120.879135,23.920601],[120.878772,23.920363],[120.878361,23.920341],[120.8779,23.920189],[120.87798,23.919297],[120.877877,23.919181]]]}},
{"type":"Feature","properties":{"ID":5922310,"redListCat":"VU"},"geometry":{"type":"Polygon","coordinates":[[[121.167243,23.808683],[121.166407,23.808511],[121.165812,23.808113],[121.165418,23.807542],[121.16528,23.806877],[121.165467,23.806108],[121.1659,23.805561],[121.166521,23.805198],[121.167243,23.805071],[121.167966,23.805198],[121.168587,23.805561],[121.169019,23.806108],[121.169206,23.806877],[121.169068,23.807542],[121.168674,23.808113],[121.168079,23.808511],[121.167243,23.808683]]]}},
{"type":"Feature","properties":{"ID":6312405,"redListCat":"VU"},"geometry":{"type":"Polygon","coordinates":[[[121.139287,24.026797],[121.138563,24.02667],[121.137854,24.026227],[121.137459,24.025656],[121.137321,24.024991],[121.137508,24.024222],[121.137941,24.023675],[121.138563,24.023312],[121.139287,24.023185],[121.14001,24.023312],[121.140633,24.023675],[121.141066,24.024222],[121.141253,24.024991],[121.141115,24.025656],[121.14072,24.026227],[121.14001,24.02667],[121.139287,24.026797]]]}},
{"type":"Feature","properties":{"ID":5170065,"redListCat":"VU"},"geometry":{"type":"Polygon","coordinates":[[[121.131616,24.019393],[121.132069,24.019804],[121.132383,24.020417],[121.132429,24.021092],[121.132196,24.021745],[121.13192,24.020847],[121.131616,24.019393]]]}},
{"type":"Feature","properties":{"ID":5767051,"redListCat":"VU"},"geometry":{"type":"Polygon","coordinates":[[[121.180039,23.954107],[121.179316,23.95398],[121.178607,23.953537],[121.178212,23.952966],[121.178074,23.952301],[121.178261,23.951532],[121.178694,23.950985],[121.179316,23.950622],[121.180039,23.950495],[121.180762,23.950622],[121.181384,23.950985],[121.181817,23.951532],[121.182004,23.952301],[121.181866,23.952966],[121.181471,23.953537],[121.180762,23.95398],[121.180039,23.954107]]]}},
{"type":"Feature","properties":{"ID":5767052,"redListCat":"VU"},"geometry":{"type":"Polygon","coordinates":[[[120.765298,23.738911],[120.764463,23.738739],[120.763868,23.738341],[120.763474,23.73777],[120.763336,23.737105],[120.763474,23.73644],[120.763868,23.735869],[120.764463,23.735471],[120.765298,23.735299],[120.766133,23.735471],[120.766728,23.735869],[120.767122,23.73644],[120.767259,23.737105],[120.767122,23.73777],[120.766728,23.738341],[120.766133,23.738739],[120.765298,23.738911]]]}},
{"type":"Feature","properties":{"ID":5767064,"redListCat":"VU"},"geometry":{"type":"Polygon","coordinates":[[[120.800256,23.819301],[120.799533,23.819175],[120.798825,23.818732],[120.798431,23.81816],[120.798293,23.817496],[120.798431,23.816831],[120.798825,23.816259],[120.799533,23.815817],[120.800256,23.81569],[120.800978,23.815817],[120.801687,23.816259],[120.802081,23.816831],[120.802219,23.817496],[120.802081,23.81816],[120.801687,23.818732],[120.800978,23.819175],[120.800256,23.819301]]]}},
{"type":"Feature","properties":{"ID":5767065,"redListCat":"VU"},"geometry":{"type":"Polygon","coordinates":[[[120.967385,23.841816],[120.968164,23.841711],[120.968001,23.841874],[120.967472,23.841871],[120.967385,23.841816]]]}},
{"type":"Feature","properties":{"ID":5767067,"redListCat":"VU"},"geometry":{"type":"Polygon","coordinates":[[[120.831516,23.844242],[120.830793,23.844115],[120.830085,23.843672],[120.82969,23.843101],[120.829552,23.842436],[120.82969,23.841771],[120.830085,23.8412],[120.83068,23.840802],[120.831516,23.84063],[120.832352,23.840802],[120.832947,23.8412],[120.833341,23.841771],[120.833479,23.842436],[120.833341,23.843101],[120.832947,23.843672],[120.832238,23.844115],[120.831516,23.844242]]]}},
{"type":"Feature","properties":{"ID":5767068,"redListCat":"VU"},"geometry":{"type":"Polygon","coordinates":[[[120.655375,23.769954],[120.654653,23.769827],[120.654032,23.769465],[120.6536,23.768917],[120.653413,23.768148],[120.653551,23.767483],[120.653945,23.766912],[120.65454,23.766514],[120.655375,23.766342],[120.65621,23.766514],[120.656805,23.766912],[120.657199,23.767483],[120.657337,23.768148],[120.65715,23.768917],[120.656718,23.769465],[120.656097,23.769827],[120.655375,23.769954]]]}},
{"type":"Feature","properties":{"ID":5767069,"redListCat":"VU"},"geometry":{"type":"Polygon","coordinates":[[[121.035915,23.857272],[121.035192,23.857145],[121.034484,23.856702],[121.034089,23.856131],[121.033952,23.855466],[121.034089,23.854801],[121.034484,23.85423],[121.035079,23.853832],[121.035915,23.85366],[121.036751,23.853832],[121.037346,23.85423],[121.03774,23.854801],[121.037878,23.855466],[121.03774,23.856131],[121.037346,23.856702],[121.036638,23.857145],[121.035915,23.857272]]]}},
{"type":"Feature","properties":{"ID":5767070,"redListCat":"VU"},"geometry":{"type":"Polygon","coordinates":[[[120.889877,23.652892],[120.889156,23.652766],[120.888535,23.652403],[120.888104,23.651855],[120.887917,23.651087],[120.888104,23.650318],[120.888535,23.64977],[120.889156,23.649408],[120.889877,23.649281],[120.890599,23.649408],[120.891219,23.64977],[120.891651,23.650318],[120.891838,23.651087],[120.891651,23.651855],[120.891219,23.652403],[120.890599,23.652766],[120.889877,23.652892]]]}},
{"type":"Feature","properties":{"ID":5767072,"redListCat":"VU"},"geometry":{"type":"Polygon","coordinates":[[[120.876925,23.918414],[120.877463,23.918311],[120.878075,23.918364],[120.878639,23.918589],[120.8791,23.918962],[120.879413,23.919449],[120.879535,23.919887],[120.879516,23.920452],[120.879322,23.920959],[120.879135,23.920601],[120.878772,23.920363],[120.878361,23.920341],[120.8779,23.920189],[120.87798,23.919297],[120.877716,23.918999],[120.877242,23.918712],[120.876925,23.918414]]]}},
{"type":"Feature","properties":{"ID":5767073,"redListCat":"VU"},"geometry":{"type":"Polygon","coordinates":[[[120.796781,23.833786],[120.796058,23.833659],[120.79535,23.833217],[120.794956,23.832645],[120.794818,23.831981],[120.795005,23.831212],[120.795437,23.830664],[120.796058,23.830302],[120.796781,23.830175],[120.797503,23.830302],[120.798125,23.830664],[120.798557,23.831212],[120.798744,23.831981],[120.798606,23.832645],[120.798212,23.833217],[120.797503,23.833659],[120.796781,23.833786]]]}},
{"type":"Feature","properties":{"ID":5767077,"redListCat":"VU"},"geometry":{"type":"Polygon","coordinates":[[[120.797276,23.83719],[120.796553,23.837063],[120.795845,23.83662],[120.795451,23.836049],[120.795313,23.835384],[120.795451,23.83472],[120.795845,23.834148],[120.796554,23.833705],[120.797276,23.833579],[120.797999,23.833705],[120.798707,23.834148],[120.799101,23.83472],[120.799239,23.835384],[120.799101,23.836049],[120.798707,23.83662],[120.797999,23.837063],[120.797276,23.83719]]]}},
{"type":"Feature","properties":{"ID":5767078,"redListCat":"VU"},"geometry":{"type":"Polygon","coordinates":[[[120.801114,23.832248],[120.800278,23.832076],[120.799683,23.831678],[120.799289,23.831107],[120.799151,23.830442],[120.799289,23.829777],[120.799683,23.829206],[120.800391,23.828763],[120.801114,23.828636],[120.801836,23.828763],[120.802545,23.829206],[120.802939,23.829777],[120.803077,23.830442],[120.802939,23.831107],[120.802545,23.831678],[120.80195,23.832076],[120.801114,23.832248]]]}},
{"type":"Feature","properties":{"ID":5767079,"redListCat":"VU"},"geometry":{"type":"Polygon","coordinates":[[[120.883544,23.921142],[120.882708,23.920971],[120.882112,23.920573],[120.881718,23.920001],[120.88158,23.919337],[120.881718,23.918672],[120.8822,23.91802],[120.882821,23.917658],[120.883544,23.917531],[120.884268,23.917658],[120.884889,23.91802],[120.885371,23.918672],[120.885509,23.919337],[120.885371,23.920001],[120.884976,23.920573],[120.884381,23.920971],[120.883544,23.921142]]]}},
{"type":"Feature","properties":{"ID":5767085,"redListCat":"VU"},"geometry":{"type":"Polygon","coordinates":[[[120.79341,23.812526],[120.792688,23.812399],[120.792066,23.812037],[120.791585,23.811385],[120.791447,23.81072],[120.791585,23.810056],[120.791979,23.809484],[120.792574,23.809087],[120.79341,23.808915],[120.794246,23.809087],[120.794841,23.809484],[120.795235,23.810056],[120.795373,23.81072],[120.795235,23.811385],[120.794754,23.812037],[120.794133,23.812399],[120.79341,23.812526]]]}},
{"type":"Feature","properties":{"ID":5911647,"redListCat":"VU"},"geometry":{"type":"Polygon","coordinates":[[[120.764291,23.738667],[120.763569,23.73854],[120.762949,23.738178],[120.762516,23.73763],[120.76233,23.736861],[120.762468,23.736196],[120.762861,23.735625],[120.763569,23.735182],[120.764291,23.735055],[120.765013,23.735182],[120.765721,23.735625],[120.766115,23.736196],[120.766253,23.736861],[120.766066,23.73763],[120.765634,23.738178],[120.765014,23.73854],[120.764291,23.738667]]]}},
{"type":"Feature","properties":{"ID":5916147,"redListCat":"VU"},"geometry":{"type":"Polygon","coordinates":[[[120.797183,23.836059],[120.79646,23.835932],[120.795839,23.835569],[120.795407,23.835022],[120.79522,23.834253],[120.795407,23.833484],[120.795839,23.832936],[120.796461,23.832574],[120.797183,23.832447],[120.797906,23.832574],[120.798527,23.832936],[120.798959,23.833484],[120.799146,23.834253],[120.798959,23.835022],[120.798527,23.835569],[120.797906,23.835932],[120.797183,23.836059]]]}},
{"type":"Feature","properties":{"ID":5923000,"redListCat":"VU"},"geometry":{"type":"Polygon","coordinates":[[[120.796918,23.833198],[120.796196,23.833071],[120.795488,23.832628],[120.795093,23.832057],[120.794955,23.831392],[120.795093,23.830727],[120.795488,23.830156],[120.796196,23.829713],[120.796918,23.829586],[120.797641,23.829713],[120.798349,23.830156],[120.798744,23.830727],[120.798882,23.831392],[120.798744,23.832057],[120.798349,23.832628],[120.797641,23.833071],[120.796918,23.833198]]]}},
{"type":"Feature","properties":{"ID":5923115,"redListCat":"VU"},"geometry":{"type":"Polygon","coordinates":[[[120.855811,23.551318],[120.85509,23.551191],[120.85447,23.550828],[120.854039,23.550281],[120.853852,23.549512],[120.85399,23.548847],[120.85447,23.548196],[120.85509,23.547833],[120.855811,23.547706],[120.856532,23.547833],[120.857152,23.548196],[120.857632,23.548847],[120.85777,23.549512],[120.857583,23.550281],[120.857152,23.550828],[120.856532,23.551191],[120.855811,23.551318]]]}},
{"type":"Feature","properties":{"ID":5760260,"redListCat":"VU"},"geometry":{"type":"Polygon","coordinates":[[[120.81551,23.51724],[120.814676,23.517068],[120.814082,23.516671],[120.813689,23.516099],[120.813552,23.515434],[120.813689,23.51477],[120.814169,23.514118],[120.814789,23.513755],[120.81551,23.513629],[120.816231,23.513755],[120.81685,23.514118],[120.817331,23.51477],[120.817468,23.515434],[120.817331,23.516099],[120.816937,23.516671],[120.816344,23.517068],[120.81551,23.51724]]]}},
{"type":"Feature","properties":{"ID":5760261,"redListCat":"VU"},"geometry":{"type":"Polygon","coordinates":[[[120.639653,23.619641],[120.638931,23.619514],[120.638311,23.619151],[120.637879,23.618604],[120.637693,23.617835],[120.63783,23.61717],[120.638224,23.616599],[120.638931,23.616156],[120.639653,23.616029],[120.640374,23.616156],[120.641081,23.616599],[120.641475,23.61717],[120.641612,23.617835],[120.641426,23.618604],[120.640994,23.619151],[120.640374,23.619514],[120.639653,23.619641]]]}},
{"type":"Feature","properties":{"ID":5760262,"redListCat":"VU"},"geometry":{"type":"Polygon","coordinates":[[[120.708293,23.609321],[120.707571,23.609194],[120.706864,23.608751],[120.706471,23.60818],[120.706333,23.607515],[120.706471,23.60685],[120.706864,23.606279],[120.707571,23.605836],[120.708293,23.605709],[120.709014,23.605836],[120.709721,23.606279],[120.710115,23.60685],[120.710252,23.607515],[120.710115,23.60818],[120.709721,23.608751],[120.709014,23.609194],[120.708293,23.609321]]]}},
{"type":"Feature","properties":{"ID":5760264,"redListCat":"VU"},"geometry":{"type":"Polygon","coordinates":[[[120.678783,23.511412],[120.678062,23.511285],[120.677443,23.510922],[120.677011,23.510375],[120.676825,23.509606],[120.676963,23.508941],[120.677443,23.508289],[120.678062,23.507927],[120.678783,23.5078],[120.679504,23.507927],[120.680124,23.508289],[120.680604,23.508941],[120.680742,23.509606],[120.680555,23.510375],[120.680124,23.510922],[120.679504,23.511285],[120.678783,23.511412]]]}},
{"type":"Feature","properties":{"ID":5760276,"redListCat":"VU"},"geometry":{"type":"Polygon","coordinates":[[[120.798043,23.671164],[120.797208,23.670992],[120.796614,23.670594],[120.79622,23.670022],[120.796082,23.669358],[120.79622,23.668693],[120.796701,23.668041],[120.797321,23.667679],[120.798043,23.667552],[120.798764,23.667679],[120.799385,23.668041],[120.799866,23.668693],[120.800003,23.669358],[120.799866,23.670022],[120.799472,23.670594],[120.798878,23.670992],[120.798043,23.671164]]]}},
{"type":"Feature","properties":{"ID":5760277,"redListCat":"VU"},"geometry":{"type":"Polygon","coordinates":[[[121.017778,23.789995],[121.017055,23.789869],[121.016347,23.789426],[121.015953,23.788854],[121.015815,23.78819],[121.015953,23.787525],[121.016434,23.786873],[121.017055,23.786511],[121.017778,23.786384],[121.0185,23.786511],[121.019121,23.786873],[121.019602,23.787525],[121.01974,23.78819],[121.019602,23.788854],[121.019208,23.789426],[121.0185,23.789869],[121.017778,23.789995]]]}},
{"type":"Feature","properties":{"ID":5760278,"redListCat":"VU"},"geometry":{"type":"Polygon","coordinates":[[[121.03502,23.856705],[121.034298,23.856578],[121.033676,23.856215],[121.033195,23.855564],[121.033057,23.854899],[121.033195,23.854234],[121.033589,23.853663],[121.034298,23.85322],[121.03502,23.853093],[121.035743,23.85322],[121.036452,23.853663],[121.036846,23.854234],[121.036984,23.854899],[121.036846,23.855564],[121.036364,23.856215],[121.035743,23.856578],[121.03502,23.856705]]]}},
{"type":"Feature","properties":{"ID":5760281,"redListCat":"VU"},"geometry":{"type":"Polygon","coordinates":[[[120.662944,23.570094],[120.66211,23.569922],[120.661516,23.569525],[120.661123,23.568953],[120.660985,23.568289],[120.661123,23.567624],[120.661603,23.566972],[120.662223,23.566609],[120.662944,23.566483],[120.663666,23.566609],[120.664286,23.566972],[120.664766,23.567624],[120.664904,23.568289],[120.664766,23.568953],[120.664373,23.569525],[120.663779,23.569922],[120.662944,23.570094]]]}},
{"type":"Feature","properties":{"ID":5760282,"redListCat":"VU"},"geometry":{"type":"Polygon","coordinates":[[[120.738783,23.582028],[120.737948,23.581857],[120.737354,23.581459],[120.736961,23.580887],[120.736823,23.580223],[120.73701,23.579454],[120.737441,23.578906],[120.738061,23.578544],[120.738783,23.578417],[120.739504,23.578544],[120.740124,23.578906],[120.740555,23.579454],[120.740742,23.580223],[120.740604,23.580887],[120.740211,23.581459],[120.739617,23.581857],[120.738783,23.582028]]]}},
{"type":"Feature","properties":{"ID":5760283,"redListCat":"VU"},"geometry":{"type":"Polygon","coordinates":[[[120.779512,23.568111],[120.778791,23.567984],[120.778171,23.567621],[120.777691,23.56697],[120.777553,23.566305],[120.777691,23.56564],[120.778084,23.565069],[120.778678,23.564671],[120.779512,23.564499],[120.780347,23.564671],[120.780941,23.565069],[120.781334,23.56564],[120.781472,23.566305],[120.781334,23.56697],[120.780854,23.567621],[120.780234,23.567984],[120.779512,23.568111]]]}},
{"type":"Feature","properties":{"ID":5916921,"redListCat":"VU"},"geometry":{"type":"Polygon","coordinates":[[[120.679063,23.510849],[120.678342,23.510722],[120.677722,23.51036],[120.677242,23.509708],[120.677105,23.509043],[120.677242,23.508378],[120.677635,23.507807],[120.678229,23.507409],[120.679063,23.507237],[120.679897,23.507409],[120.68049,23.507807],[120.680884,23.508378],[120.681021,23.509043],[120.680884,23.509708],[120.680403,23.51036],[120.679784,23.510722],[120.679063,23.510849]]]}},
{"type":"Feature","properties":{"ID":5917668,"redListCat":"VU"},"geometry":{"type":"Polygon","coordinates":[[[120.664166,23.568885],[120.663445,23.568759],[120.662825,23.568396],[120.662394,23.567848],[120.662207,23.56708],[120.662345,23.566415],[120.662738,23.565843],[120.663445,23.565401],[120.664166,23.565274],[120.664887,23.565401],[120.665594,23.565843],[120.665988,23.566415],[120.666125,23.56708],[120.665939,23.567848],[120.665507,23.568396],[120.664887,23.568759],[120.664166,23.568885]]]}},
{"type":"Feature","properties":{"ID":5919885,"redListCat":"VU"},"geometry":{"type":"Polygon","coordinates":[[[120.671345,23.57918],[120.670511,23.579008],[120.669917,23.578611],[120.669524,23.578039],[120.669386,23.577374],[120.669524,23.57671],[120.670004,23.576058],[120.670624,23.575695],[120.671345,23.575569],[120.672067,23.575695],[120.672687,23.576058],[120.673167,23.57671],[120.673305,23.577374],[120.673167,23.578039],[120.672774,23.578611],[120.67218,23.579008],[120.671345,23.57918]]]}},
{"type":"Feature","properties":{"ID":5920265,"redListCat":"VU"},"geometry":{"type":"Polygon","coordinates":[[[120.737544,23.582471],[120.736822,23.582344],[120.736202,23.581982],[120.735722,23.58133],[120.735584,23.580665],[120.735722,23.580001],[120.736115,23.579429],[120.736822,23.578986],[120.737544,23.578859],[120.738265,23.578986],[120.738972,23.579429],[120.739365,23.580001],[120.739503,23.580665],[120.739365,23.58133],[120.738885,23.581982],[120.738265,23.582344],[120.737544,23.582471]]]}},
{"type":"Feature","properties":{"ID":5167588,"redListCat":"VU"},"geometry":{"type":"Polygon","coordinates":[[[120.790086,23.662385],[120.789364,23.662258],[120.788744,23.661895],[120.788312,23.661348],[120.788125,23.660579],[120.788263,23.659914],[120.788657,23.659343],[120.789364,23.6589],[120.790086,23.658773],[120.790807,23.6589],[120.791515,23.659343],[120.791909,23.659914],[120.792046,23.660579],[120.79186,23.661348],[120.791428,23.661895],[120.790807,23.662258],[120.790086,23.662385]]]}},
{"type":"Feature","properties":{"ID":5168901,"redListCat":"VU"},"geometry":{"type":"Polygon","coordinates":[[[120.790691,23.641785],[120.789969,23.641658],[120.789262,23.641215],[120.788868,23.640644],[120.78873,23.639979],[120.788917,23.63921],[120.789349,23.638662],[120.789969,23.6383],[120.790691,23.638173],[120.791412,23.6383],[120.792032,23.638662],[120.792464,23.63921],[120.792651,23.639979],[120.792513,23.640644],[120.792119,23.641215],[120.791412,23.641658],[120.790691,23.641785]]]}},
{"type":"Feature","properties":{"ID":5185080,"redListCat":"VU"},"geometry":{"type":"Polygon","coordinates":[[[120.80053,23.641437],[120.799808,23.64131],[120.799101,23.640868],[120.798707,23.640296],[120.798569,23.639631],[120.798756,23.638863],[120.799188,23.638315],[120.799808,23.637952],[120.80053,23.637826],[120.801251,23.637952],[120.801871,23.638315],[120.802303,23.638863],[120.80249,23.639631],[120.802352,23.640296],[120.801958,23.640868],[120.801251,23.64131],[120.80053,23.641437]]]}},
{"type":"Feature","properties":{"ID":5193325,"redListCat":"VU"},"geometry":{"type":"Polygon","coordinates":[[[120.779585,23.621342],[120.778864,23.621215],[120.778156,23.620773],[120.777763,23.620201],[120.777625,23.619536],[120.777812,23.618768],[120.778243,23.61822],[120.778864,23.617857],[120.779585,23.617731],[120.780306,23.617857],[120.780927,23.61822],[120.781358,23.618768],[120.781545,23.619536],[120.781407,23.620201],[120.781014,23.620773],[120.780307,23.621215],[120.779585,23.621342]]]}},
{"type":"Feature","properties":{"ID":5386684,"redListCat":"VU"},"geometry":{"type":"Polygon","coordinates":[[[120.78677,23.66968],[120.785935,23.669508],[120.785341,23.66911],[120.784947,23.668539],[120.784809,23.667874],[120.784947,23.667209],[120.785341,23.666638],[120.785935,23.66624],[120.78677,23.666068],[120.787605,23.66624],[120.788199,23.666638],[120.788593,23.667209],[120.788731,23.667874],[120.788593,23.668539],[120.788199,23.66911],[120.787605,23.669508],[120.78677,23.66968]]]}},
{"type":"Feature","properties":{"ID":5398527,"redListCat":"VU"},"geometry":{"type":"Polygon","coordinates":[[[121.180325,24.031576],[121.179601,24.031449],[121.178891,24.031006],[121.178497,24.030435],[121.178359,24.02977],[121.178546,24.029001],[121.178979,24.028454],[121.179601,24.028091],[121.180325,24.027964],[121.181048,24.028091],[121.18167,24.028454],[121.182104,24.029001],[121.182291,24.02977],[121.182153,24.030435],[121.181758,24.031006],[121.181048,24.031449],[121.180325,24.031576]]]}},
{"type":"Feature","properties":{"ID":5421169,"redListCat":"VU"},"geometry":{"type":"Polygon","coordinates":[[[120.792185,23.67868],[120.791463,23.678553],[120.790755,23.678111],[120.790362,23.677539],[120.790224,23.676874],[120.790362,23.67621],[120.790755,23.675638],[120.79135,23.67524],[120.792185,23.675069],[120.79302,23.67524],[120.793614,23.675638],[120.794008,23.67621],[120.794145,23.676874],[120.794008,23.677539],[120.793614,23.678111],[120.792906,23.678553],[120.792185,23.67868]]]}},
{"type":"Feature","properties":{"ID":5631246,"redListCat":"VU"},"geometry":{"type":"Polygon","coordinates":[[[120.699618,23.521403],[120.698897,23.521277],[120.698277,23.520914],[120.697797,23.520262],[120.697659,23.519598],[120.697846,23.518829],[120.698277,23.518281],[120.698897,23.517919],[120.699618,23.517792],[120.700339,23.517919],[120.700958,23.518281],[120.70139,23.518829],[120.701576,23.519598],[120.701439,23.520262],[120.700958,23.520914],[120.700339,23.521277],[120.699618,23.521403]]]}},
{"type":"Feature","properties":{"ID":5760809,"redListCat":"VU"},"geometry":{"type":"Polygon","coordinates":[[[120.801474,23.622872],[120.800752,23.622746],[120.800132,23.622383],[120.799651,23.621731],[120.799514,23.621067],[120.799651,23.620402],[120.800045,23.61983],[120.800639,23.619433],[120.801474,23.619261],[120.802308,23.619433],[120.802902,23.61983],[120.803296,23.620402],[120.803433,23.621067],[120.803296,23.621731],[120.802815,23.622383],[120.802195,23.622746],[120.801474,23.622872]]]}},
{"type":"Feature","properties":{"ID":5760810,"redListCat":"VU"},"geometry":{"type":"Polygon","coordinates":[[[120.803506,23.678262],[120.802784,23.678136],[120.802163,23.677773],[120.801732,23.677226],[120.801545,23.676457],[120.801683,23.675792],[120.802163,23.67514],[120.802784,23.674778],[120.803506,23.674651],[120.804227,23.674778],[120.804848,23.67514],[120.805329,23.675792],[120.805466,23.676457],[120.80528,23.677226],[120.804848,23.677773],[120.804227,23.678136],[120.803506,23.678262]]]}},
{"type":"Feature","properties":{"ID":5760811,"redListCat":"VU"},"geometry":{"type":"Polygon","coordinates":[[[120.797669,23.633617],[120.796835,23.633445],[120.79624,23.633048],[120.795847,23.632476],[120.795709,23.631811],[120.795847,23.631147],[120.796327,23.630495],[120.796948,23.630132],[120.797669,23.630006],[120.798391,23.630132],[120.799011,23.630495],[120.799492,23.631147],[120.799629,23.631811],[120.799492,23.632476],[120.799098,23.633048],[120.798504,23.633445],[120.797669,23.633617]]]}},
{"type":"Feature","properties":{"ID":5760812,"redListCat":"VU"},"geometry":{"type":"Polygon","coordinates":[[[120.793406,23.638307],[120.792572,23.638136],[120.791977,23.637738],[120.791584,23.637166],[120.791446,23.636502],[120.791584,23.635837],[120.791977,23.635265],[120.792685,23.634823],[120.793406,23.634696],[120.794128,23.634823],[120.794835,23.635265],[120.795229,23.635837],[120.795366,23.636502],[120.795229,23.637166],[120.794835,23.637738],[120.794241,23.638136],[120.793406,23.638307]]]}},
{"type":"Feature","properties":{"ID":5760816,"redListCat":"VU"},"geometry":{"type":"Polygon","coordinates":[[[120.798249,23.670266],[120.797527,23.670139],[120.796907,23.669777],[120.796475,23.669229],[120.796288,23.66846],[120.796426,23.667796],[120.79682,23.667224],[120.797414,23.666826],[120.798249,23.666655],[120.799084,23.666826],[120.799678,23.667224],[120.800072,23.667796],[120.80021,23.66846],[120.800023,23.669229],[120.799591,23.669777],[120.798971,23.670139],[120.798249,23.670266]]]}},
{"type":"Feature","properties":{"ID":5760817,"redListCat":"VU"},"geometry":{"type":"Polygon","coordinates":[[[120.78461,23.670061],[120.783889,23.669935],[120.783268,23.669572],[120.782836,23.669024],[120.78265,23.668256],[120.782787,23.667591],[120.783181,23.667019],[120.783776,23.666622],[120.78461,23.66645],[120.785445,23.666622],[120.786039,23.667019],[120.786433,23.667591],[120.786571,23.668256],[120.786384,23.669024],[120.785952,23.669572],[120.785332,23.669935],[120.78461,23.670061]]]}},
{"type":"Feature","properties":{"ID":5760818,"redListCat":"VU"},"geometry":{"type":"Polygon","coordinates":[[[120.797877,23.694747],[120.797155,23.69462],[120.796535,23.694257],[120.796103,23.69371],[120.795916,23.692941],[120.796103,23.692172],[120.796535,23.691625],[120.797155,23.691262],[120.797877,23.691135],[120.798599,23.691262],[120.79922,23.691625],[120.799652,23.692172],[120.799838,23.692941],[120.799652,23.69371],[120.79922,23.694257],[120.798599,23.69462],[120.797877,23.694747]]]}},
{"type":"Feature","properties":{"ID":5760820,"redListCat":"VU"},"geometry":{"type":"Polygon","coordinates":[[[120.781777,23.644691],[120.781055,23.644564],[120.780348,23.644121],[120.779954,23.64355],[120.779816,23.642885],[120.779954,23.64222],[120.780348,23.641649],[120.781055,23.641206],[120.781777,23.641079],[120.782498,23.641206],[120.783206,23.641649],[120.783599,23.64222],[120.783737,23.642885],[120.783599,23.64355],[120.783119,23.644201],[120.782498,23.644564],[120.781777,23.644691]]]}},
{"type":"Feature","properties":{"ID":5760821,"redListCat":"VU"},"geometry":{"type":"Polygon","coordinates":[[[120.793798,23.638961],[120.793077,23.638834],[120.792456,23.638472],[120.792025,23.637924],[120.791838,23.637155],[120.791976,23.63649],[120.792369,23.635919],[120.793077,23.635476],[120.793798,23.635349],[120.79452,23.635476],[120.795227,23.635919],[120.795621,23.63649],[120.795758,23.637155],[120.795572,23.637924],[120.79514,23.638472],[120.79452,23.638834],[120.793798,23.638961]]]}},
{"type":"Feature","properties":{"ID":5919963,"redListCat":"VU"},"geometry":{"type":"Polygon","coordinates":[[[120.784044,23.669863],[120.783209,23.669691],[120.782615,23.669294],[120.782221,23.668722],[120.782084,23.668057],[120.782221,23.667393],[120.782615,23.666821],[120.783209,23.666424],[120.784044,23.666252],[120.784879,23.666424],[120.785473,23.666821],[120.785867,23.667393],[120.786005,23.668057],[120.785867,23.668722],[120.785473,23.669294],[120.784879,23.669691],[120.784044,23.669863]]]}},
{"type":"Feature","properties":{"ID":5920654,"redListCat":"VU"},"geometry":{"type":"Polygon","coordinates":[[[120.798688,23.69511],[120.797966,23.694984],[120.797346,23.694621],[120.796914,23.694073],[120.796727,23.693305],[120.796865,23.69264],[120.797346,23.691988],[120.797966,23.691626],[120.798688,23.691499],[120.79941,23.691626],[120.800031,23.691988],[120.800512,23.69264],[120.800649,23.693305],[120.800463,23.694073],[120.800031,23.694621],[120.79941,23.694984],[120.798688,23.69511]]]}},
{"type":"Feature","properties":{"ID":5925490,"redListCat":"VU"},"geometry":{"type":"Polygon","coordinates":[[[120.780328,23.645147],[120.779607,23.645021],[120.778986,23.644658],[120.778555,23.644111],[120.778368,23.643342],[120.778506,23.642677],[120.778899,23.642105],[120.779607,23.641663],[120.780328,23.641536],[120.78105,23.641663],[120.781757,23.642105],[120.782151,23.642677],[120.782289,23.643342],[120.782102,23.644111],[120.78167,23.644658],[120.78105,23.645021],[120.780328,23.645147]]]}},
{"type":"Feature","properties":{"ID":6052472,"redListCat":"VU"},"geometry":{"type":"Polygon","coordinates":[[[120.73567,23.575759],[120.734949,23.575632],[120.734329,23.575269],[120.733898,23.574722],[120.733711,23.573953],[120.733849,23.573288],[120.734329,23.572637],[120.734949,23.572274],[120.73567,23.572147],[120.736391,23.572274],[120.737011,23.572637],[120.737492,23.573288],[120.737629,23.573953],[120.737443,23.574722],[120.737011,23.575269],[120.736392,23.575632],[120.73567,23.575759]]]}},
{"type":"Feature","properties":{"ID":13212375,"redListCat":"VU"},"geometry":{"type":"Polygon","coordinates":[[[120.786935,23.640408],[120.786214,23.640281],[120.785593,23.639918],[120.785113,23.639267],[120.784975,23.638602],[120.785162,23.637833],[120.785593,23.637285],[120.786214,23.636923],[120.786935,23.636796],[120.787657,23.636923],[120.788277,23.637285],[120.788709,23.637833],[120.788895,23.638602],[120.788758,23.639267],[120.788277,23.639918],[120.787657,23.640281],[120.786935,23.640408]]]}},
{"type":"Feature","properties":{"ID":5165617,"redListCat":"VU"},"geometry":{"type":"Polygon","coordinates":[[[120.790559,23.661232],[120.789725,23.66106],[120.78913,23.660662],[120.788737,23.660091],[120.788599,23.659426],[120.788737,23.658761],[120.78913,23.65819],[120.789725,23.657792],[120.790559,23.65762],[120.791394,23.657792],[120.791988,23.65819],[120.792382,23.658761],[120.79252,23.659426],[120.792382,23.660091],[120.791989,23.660662],[120.791394,23.66106],[120.790559,23.661232]]]}},
{"type":"Feature","properties":{"ID":5821475,"redListCat":"VU"},"geometry":{"type":"Polygon","coordinates":[[[120.747882,23.578108],[120.747161,23.577982],[120.746541,23.577619],[120.746109,23.577071],[120.745923,23.576303],[120.746061,23.575638],[120.746454,23.575066],[120.747161,23.574624],[120.747882,23.574497],[120.748603,23.574624],[120.74931,23.575066],[120.749704,23.575638],[120.749841,23.576303],[120.749655,23.577071],[120.749223,23.577619],[120.748603,23.577982],[120.747882,23.578108]]]}},
{"type":"Feature","properties":{"ID":5821476,"redListCat":"VU"},"geometry":{"type":"Polygon","coordinates":[[[120.839129,23.847036],[120.838406,23.846909],[120.837785,23.846547],[120.837303,23.845895],[120.837165,23.84523],[120.837303,23.844566],[120.837785,23.843914],[120.838406,23.843551],[120.839129,23.843425],[120.839851,23.843551],[120.840472,23.843914],[120.840954,23.844566],[120.841092,23.84523],[120.840954,23.845895],[120.840472,23.846547],[120.839851,23.846909],[120.839129,23.847036]]]}},
{"type":"Feature","properties":{"ID":5821477,"redListCat":"VU"},"geometry":{"type":"Polygon","coordinates":[[[120.694058,23.675578],[120.693223,23.675406],[120.692629,23.675008],[120.692235,23.674437],[120.692097,23.673772],[120.692284,23.673003],[120.692716,23.672455],[120.693336,23.672093],[120.694058,23.671966],[120.69478,23.672093],[120.6954,23.672455],[120.695832,23.673003],[120.696019,23.673772],[120.695881,23.674437],[120.695487,23.675008],[120.694893,23.675406],[120.694058,23.675578]]]}},
{"type":"Feature","properties":{"ID":5821478,"redListCat":"VU"},"geometry":{"type":"Polygon","coordinates":[[[120.786524,23.668745],[120.785803,23.668618],[120.785182,23.668256],[120.78475,23.667708],[120.784564,23.666939],[120.784702,23.666275],[120.785095,23.665703],[120.78569,23.665306],[120.786524,23.665134],[120.787359,23.665306],[120.787954,23.665703],[120.788347,23.666275],[120.788485,23.666939],[120.788298,23.667708],[120.787866,23.668256],[120.787246,23.668618],[120.786524,23.668745]]]}},
{"type":"Feature","properties":{"ID":5821479,"redListCat":"VU"},"geometry":{"type":"Polygon","coordinates":[[[120.783693,23.682813],[120.782971,23.682686],[120.782264,23.682243],[120.78187,23.681672],[120.781732,23.681007],[120.78187,23.680342],[120.782264,23.679771],[120.782858,23.679373],[120.783693,23.679201],[120.784528,23.679373],[120.785122,23.679771],[120.785516,23.680342],[120.785654,23.681007],[120.785516,23.681672],[120.785122,23.682243],[120.784415,23.682686],[120.783693,23.682813]]]}},
{"type":"Feature","properties":{"ID":5821480,"redListCat":"VU"},"geometry":{"type":"Polygon","coordinates":[[[120.62584,23.573041],[120.625118,23.572915],[120.624411,23.572472],[120.624018,23.5719],[120.623881,23.571235],[120.624018,23.570571],[120.624412,23.569999],[120.625006,23.569602],[120.62584,23.56943],[120.626674,23.569602],[120.627268,23.569999],[120.627661,23.570571],[120.627799,23.571235],[120.627661,23.5719],[120.627268,23.572472],[120.626561,23.572915],[120.62584,23.573041]]]}},
{"type":"Feature","properties":{"ID":5821482,"redListCat":"VU"},"geometry":{"type":"Polygon","coordinates":[[[120.864975,23.833821],[120.864252,23.833694],[120.863631,23.833332],[120.86315,23.83268],[120.863012,23.832015],[120.86315,23.831351],[120.863631,23.830699],[120.864252,23.830336],[120.864975,23.83021],[120.865697,23.830336],[120.866319,23.830699],[120.8668,23.831351],[120.866938,23.832015],[120.8668,23.83268],[120.866319,23.833332],[120.865697,23.833694],[120.864975,23.833821]]]}},
{"type":"Feature","properties":{"ID":5911010,"redListCat":"VU"},"geometry":{"type":"Polygon","coordinates":[[[120.625983,23.571242],[120.625261,23.571115],[120.624641,23.570753],[120.624161,23.570101],[120.624023,23.569436],[120.62421,23.568668],[120.624641,23.56812],[120.625261,23.567757],[120.625983,23.567631],[120.626704,23.567757],[120.627324,23.56812],[120.627755,23.568668],[120.627942,23.569436],[120.627804,23.570101],[120.627324,23.570753],[120.626704,23.571115],[120.625983,23.571242]]]}},
{"type":"Feature","properties":{"ID":5766381,"redListCat":"VU"},"geometry":{"type":"Polygon","coordinates":[[[120.852298,23.535149],[120.851577,23.535022],[120.850957,23.534659],[120.850526,23.534112],[120.850339,23.533343],[120.850526,23.532574],[120.850957,23.532027],[120.851577,23.531664],[120.852298,23.531537],[120.853019,23.531664],[120.853639,23.532027],[120.85407,23.532574],[120.854257,23.533343],[120.85407,23.534112],[120.853639,23.534659],[120.853019,23.535022],[120.852298,23.535149]]]}},
{"type":"Feature","properties":{"ID":5923923,"redListCat":"VU"},"geometry":{"type":"Polygon","coordinates":[[[120.852428,23.536911],[120.851707,23.536784],[120.851087,23.536422],[120.850607,23.53577],[120.850469,23.535105],[120.850607,23.53444],[120.851,23.533869],[120.851594,23.533471],[120.852428,23.533299],[120.853262,23.533471],[120.853856,23.533869],[120.854249,23.53444],[120.854386,23.535105],[120.854249,23.53577],[120.853769,23.536422],[120.853149,23.536784],[120.852428,23.536911]]]}},
{"type":"Feature","properties":{"ID":5397499,"redListCat":"VU"},"geometry":{"type":"Polygon","coordinates":[[[120.882761,23.898943],[120.882038,23.898816],[120.881329,23.898373],[120.880935,23.897802],[120.880797,23.897137],[120.880984,23.896368],[120.881416,23.895821],[120.882038,23.895458],[120.882761,23.895331],[120.883484,23.895458],[120.884105,23.895821],[120.884538,23.896368],[120.884725,23.897137],[120.884587,23.897802],[120.884192,23.898373],[120.883484,23.898816],[120.882761,23.898943]]]}},
{"type":"Feature","properties":{"ID":5911557,"redListCat":"VU"},"geometry":{"type":"Polygon","coordinates":[[[120.884576,23.925427],[120.88374,23.925256],[120.883144,23.924858],[120.88275,23.924286],[120.882612,23.923622],[120.88275,23.922957],[120.883144,23.922386],[120.88374,23.921988],[120.884576,23.921816],[120.885413,23.921988],[120.886008,23.922386],[120.886403,23.922957],[120.886541,23.923622],[120.886403,23.924286],[120.886008,23.924858],[120.885413,23.925256],[120.884576,23.925427]]]}},
{"type":"Feature","properties":{"ID":5776524,"redListCat":"VU"},"geometry":{"type":"Polygon","coordinates":[[[120.749503,23.5836],[120.748669,23.583428],[120.748075,23.58303],[120.747682,23.582458],[120.747544,23.581794],[120.747731,23.581025],[120.748162,23.580477],[120.748782,23.580115],[120.749503,23.579988],[120.750225,23.580115],[120.750845,23.580477],[120.751276,23.581025],[120.751463,23.581794],[120.751325,23.582458],[120.750932,23.58303],[120.750338,23.583428],[120.749503,23.5836]]]}},
{"type":"Feature","properties":{"ID":5778412,"redListCat":"VU"},"geometry":{"type":"Polygon","coordinates":[[[120.673796,23.609188],[120.673074,23.609061],[120.672454,23.608699],[120.671974,23.608047],[120.671836,23.607382],[120.672022,23.606613],[120.672454,23.606066],[120.673074,23.605703],[120.673796,23.605576],[120.674517,23.605703],[120.675137,23.606066],[120.675569,23.606613],[120.675755,23.607382],[120.675618,23.608047],[120.675137,23.608699],[120.674517,23.609061],[120.673796,23.609188]]]}},
{"type":"Feature","properties":{"ID":5778414,"redListCat":"VU"},"geometry":{"type":"Polygon","coordinates":[[[120.839375,23.846378],[120.838653,23.846251],[120.838031,23.845889],[120.837599,23.845341],[120.837412,23.844572],[120.83755,23.843908],[120.838031,23.843256],[120.838653,23.842893],[120.839375,23.842767],[120.840098,23.842893],[120.840719,23.843256],[120.841201,23.843908],[120.841339,23.844572],[120.841152,23.845341],[120.840719,23.845889],[120.840098,23.846251],[120.839375,23.846378]]]}},
{"type":"Feature","properties":{"ID":5778415,"redListCat":"VU"},"geometry":{"type":"Polygon","coordinates":[[[120.948871,23.556327],[120.94815,23.5562],[120.94753,23.555837],[120.947099,23.55529],[120.946913,23.554521],[120.947099,23.553752],[120.94753,23.553204],[120.94815,23.552842],[120.948871,23.552715],[120.949593,23.552842],[120.950212,23.553204],[120.950644,23.553752],[120.95083,23.554521],[120.950644,23.55529],[120.950212,23.555837],[120.949593,23.5562],[120.948871,23.556327]]]}},
{"type":"Feature","properties":{"ID":5789059,"redListCat":"VU"},"geometry":{"type":"Polygon","coordinates":[[[120.797616,23.673403],[120.796895,23.673276],[120.796187,23.672833],[120.795793,23.672262],[120.795656,23.671597],[120.795793,23.670932],[120.796187,23.670361],[120.796781,23.669963],[120.797616,23.669791],[120.798451,23.669963],[120.799045,23.670361],[120.799439,23.670932],[120.799577,23.671597],[120.799439,23.672262],[120.799046,23.672833],[120.798338,23.673276],[120.797616,23.673403]]]}},
{"type":"Feature","properties":{"ID":5789060,"redListCat":"VU"},"geometry":{"type":"Polygon","coordinates":[[[120.799228,23.675309],[120.798506,23.675182],[120.797886,23.67482],[120.797405,23.674168],[120.797267,23.673503],[120.797405,23.672838],[120.797886,23.672187],[120.798506,23.671824],[120.799228,23.671697],[120.79995,23.671824],[120.80057,23.672187],[120.801051,23.672838],[120.801189,23.673503],[120.801051,23.674168],[120.80057,23.67482],[120.79995,23.675182],[120.799228,23.675309]]]}},
{"type":"Feature","properties":{"ID":5789077,"redListCat":"VU"},"geometry":{"type":"Polygon","coordinates":[[[120.629787,23.601636],[120.630499,23.601467],[120.631228,23.601552],[120.631964,23.601953],[120.632395,23.602501],[120.632578,23.603156],[120.632444,23.603934],[120.632051,23.604506],[120.631457,23.604903],[120.630745,23.605072],[120.630017,23.604987],[120.629373,23.604661],[120.628968,23.604237],[120.629304,23.60342],[120.629382,23.60298],[120.629764,23.602193],[120.629787,23.601636]]]}},
{"type":"Feature","properties":{"ID":5789078,"redListCat":"VU"},"geometry":{"type":"Polygon","coordinates":[[[120.795492,23.676579],[120.79477,23.676452],[120.79415,23.676089],[120.793669,23.675438],[120.793531,23.674773],[120.793669,23.674108],[120.794063,23.673537],[120.79477,23.673094],[120.795492,23.672967],[120.796214,23.673094],[120.796921,23.673537],[120.797315,23.674108],[120.797453,23.674773],[120.797315,23.675438],[120.796834,23.676089],[120.796214,23.676452],[120.795492,23.676579]]]}},
{"type":"Feature","properties":{"ID":5799176,"redListCat":"VU"},"geometry":{"type":"Polygon","coordinates":[[[120.748085,23.584322],[120.747251,23.58415],[120.746657,23.583752],[120.746263,23.583181],[120.746126,23.582516],[120.746263,23.581851],[120.746657,23.58128],[120.747251,23.580882],[120.748085,23.58071],[120.748919,23.580882],[120.749513,23.58128],[120.749907,23.581851],[120.750044,23.582516],[120.749907,23.583181],[120.749513,23.583752],[120.748919,23.58415],[120.748085,23.584322]]]}},
{"type":"Feature","properties":{"ID":5396632,"redListCat":"VU"},"geometry":{"type":"Polygon","coordinates":[[[121.19518,24.038957],[121.194343,24.038785],[121.193747,24.038387],[121.193352,24.037816],[121.193214,24.037151],[121.193401,24.036382],[121.193834,24.035835],[121.194456,24.035472],[121.19518,24.035346],[121.195904,24.035472],[121.196526,24.035835],[121.196959,24.036382],[121.197146,24.037151],[121.197008,24.037816],[121.196613,24.038387],[121.196017,24.038785],[121.19518,24.038957]]]}},
{"type":"Feature","properties":{"ID":5191085,"redListCat":"VU"},"geometry":{"type":"Polygon","coordinates":[[[120.999809,23.501155],[120.999088,23.501028],[120.998469,23.500665],[120.998038,23.500118],[120.997851,23.499349],[120.998038,23.49858],[120.998469,23.498032],[120.999088,23.49767],[120.999809,23.497543],[121.00053,23.49767],[121.00115,23.498032],[121.001581,23.49858],[121.001767,23.499349],[121.001581,23.500118],[121.00115,23.500665],[121.00053,23.501028],[120.999809,23.501155]]]}},
{"type":"Feature","properties":{"ID":5417959,"redListCat":"VU"},"geometry":{"type":"Polygon","coordinates":[[[120.890572,23.824169],[120.88985,23.824042],[120.889141,23.8236],[120.888747,23.823028],[120.888609,23.822363],[120.888747,23.821699],[120.889229,23.821047],[120.88985,23.820685],[120.890572,23.820558],[120.891295,23.820685],[120.891916,23.821047],[120.892397,23.821699],[120.892535,23.822363],[120.892397,23.823028],[120.892003,23.8236],[120.891295,23.824042],[120.890572,23.824169]]]}},
{"type":"Feature","properties":{"ID":5384683,"redListCat":"VU"},"geometry":{"type":"Polygon","coordinates":[[[120.923256,23.841694],[120.92242,23.841522],[120.921824,23.841124],[120.92143,23.840553],[120.921292,23.839888],[120.921479,23.839119],[120.921912,23.838571],[120.922533,23.838209],[120.923256,23.838082],[120.923978,23.838209],[120.924599,23.838571],[120.925032,23.839119],[120.925219,23.839888],[120.925081,23.840553],[120.924687,23.841124],[120.924091,23.841522],[120.923256,23.841694]]]}},
{"type":"Feature","properties":{"ID":5780552,"redListCat":"VU"},"geometry":{"type":"Polygon","coordinates":[[[120.903641,23.864143],[120.902918,23.864016],[120.902297,23.863654],[120.901864,23.863106],[120.901677,23.862337],[120.901815,23.861673],[120.90221,23.861101],[120.902805,23.860703],[120.903641,23.860532],[120.904477,23.860703],[120.905072,23.861101],[120.905466,23.861673],[120.905604,23.862337],[120.905417,23.863106],[120.904985,23.863654],[120.904364,23.864016],[120.903641,23.864143]]]}},
{"type":"Feature","properties":{"ID":5835145,"redListCat":"VU"},"geometry":{"type":"Polygon","coordinates":[[[120.82043,23.514177],[120.821214,23.514441],[120.821749,23.514904],[120.822061,23.515517],[120.822108,23.516192],[120.821881,23.516836],[120.821413,23.517357],[120.820652,23.517715],[120.819919,23.517757],[120.819221,23.517548],[120.818656,23.517117],[120.818302,23.516524],[120.818222,23.515739],[120.818511,23.514998],[120.819014,23.514505],[120.819339,23.514328],[120.819523,23.514967],[120.819975,23.514465],[120.82043,23.514177]]]}},
{"type":"Feature","properties":{"ID":13217909,"redListCat":"VU"},"geometry":{"type":"Polygon","coordinates":[[[121.288037,24.134021],[121.288261,24.133654],[121.288599,24.133324],[121.289015,24.133082],[121.289484,24.132942],[121.289976,24.132913],[121.290461,24.132998],[121.290907,24.133191],[121.291267,24.13346],[121.290074,24.133637],[121.288037,24.134021]]]}},
{"type":"Feature","properties":{"ID":13217910,"redListCat":"VU"},"geometry":{"type":"Polygon","coordinates":[[[121.289279,24.133799],[121.289777,24.133491],[121.290246,24.133351],[121.290861,24.133333],[121.291361,24.133455],[121.290659,24.133539],[121.289279,24.133799]]]}},
{"type":"Feature","properties":{"ID":5182953,"redListCat":"VU"},"geometry":{"type":"Polygon","coordinates":[[[121.270592,24.051405],[121.269868,24.051278],[121.269246,24.050915],[121.268813,24.050368],[121.268626,24.049599],[121.268764,24.048934],[121.269159,24.048363],[121.269755,24.047965],[121.270592,24.047793],[121.271429,24.047965],[121.272026,24.048363],[121.27242,24.048934],[121.272559,24.049599],[121.272371,24.050368],[121.271938,24.050915],[121.271316,24.051278],[121.270592,24.051405]]]}},
{"type":"Feature","properties":{"ID":5758223,"redListCat":"VU"},"geometry":{"type":"Polygon","coordinates":[[[120.79481,23.671672],[120.794088,23.671545],[120.793468,23.671182],[120.792987,23.670531],[120.792849,23.669866],[120.792987,23.669201],[120.793468,23.668549],[120.794088,23.668187],[120.79481,23.66806],[120.795532,23.668187],[120.796152,23.668549],[120.796633,23.669201],[120.796771,23.669866],[120.796633,23.670531],[120.796152,23.671182],[120.795532,23.671545],[120.79481,23.671672]]]}},
{"type":"Feature","properties":{"ID":5758224,"redListCat":"VU"},"geometry":{"type":"Polygon","coordinates":[[[120.874221,23.513665],[120.873387,23.513493],[120.872793,23.513095],[120.8724,23.512524],[120.872262,23.511859],[120.8724,23.511194],[120.87288,23.510542],[120.8735,23.51018],[120.874221,23.510053],[120.874942,23.51018],[120.875561,23.510542],[120.876041,23.511194],[120.876179,23.511859],[120.876041,23.512524],[120.875648,23.513095],[120.875055,23.513493],[120.874221,23.513665]]]}},
{"type":"Feature","properties":{"ID":5163337,"redListCat":"VU"},"geometry":{"type":"Polygon","coordinates":[[[120.809131,23.542026],[120.808297,23.541855],[120.807703,23.541457],[120.807309,23.540885],[120.807172,23.540221],[120.807309,23.539556],[120.807703,23.538984],[120.808297,23.538587],[120.809131,23.538415],[120.809964,23.538587],[120.810558,23.538984],[120.810952,23.539556],[120.811089,23.540221],[120.810952,23.540885],[120.810558,23.541457],[120.809965,23.541855],[120.809131,23.542026]]]}},
{"type":"Feature","properties":{"ID":5394408,"redListCat":"VU"},"geometry":{"type":"Polygon","coordinates":[[[120.806591,23.519304],[120.80587,23.519177],[120.805251,23.518814],[120.804819,23.518267],[120.804633,23.517498],[120.80477,23.516833],[120.805164,23.516262],[120.80587,23.515819],[120.806591,23.515692],[120.807312,23.515819],[120.808019,23.516262],[120.808412,23.516833],[120.80855,23.517498],[120.808363,23.518267],[120.807932,23.518814],[120.807312,23.519177],[120.806591,23.519304]]]}},
{"type":"Feature","properties":{"ID":5176250,"redListCat":"VU"},"geometry":{"type":"Polygon","coordinates":[[[121.310811,24.081778],[121.310087,24.081651],[121.309465,24.081288],[121.308982,24.080637],[121.308844,24.079972],[121.308982,24.079307],[121.309377,24.078736],[121.309973,24.078338],[121.310811,24.078166],[121.311648,24.078338],[121.312245,24.078736],[121.31264,24.079307],[121.312778,24.079972],[121.31264,24.080637],[121.312157,24.081288],[121.311535,24.081651],[121.310811,24.081778]]]}},
{"type":"Feature","properties":{"ID":5180474,"redListCat":"VU"},"geometry":{"type":"Polygon","coordinates":[[[121.270177,24.052548],[121.26934,24.052377],[121.268744,24.051979],[121.268349,24.051407],[121.268211,24.050743],[121.268398,24.049974],[121.268831,24.049426],[121.269454,24.049064],[121.270177,24.048937],[121.270901,24.049064],[121.271523,24.049426],[121.271957,24.049974],[121.272144,24.050743],[121.272006,24.051407],[121.271611,24.051979],[121.271015,24.052377],[121.270177,24.052548]]]}},
{"type":"Feature","properties":{"ID":5426641,"redListCat":"VU"},"geometry":{"type":"Polygon","coordinates":[[[121.252243,24.041678],[121.251406,24.041506],[121.25081,24.041108],[121.250415,24.040537],[121.250277,24.039872],[121.250464,24.039104],[121.250897,24.038556],[121.251519,24.038193],[121.252243,24.038067],[121.252967,24.038193],[121.253589,24.038556],[121.254022,24.039104],[121.254209,24.039872],[121.254071,24.040537],[121.253676,24.041108],[121.25308,24.041506],[121.252243,24.041678]]]}},
{"type":"Feature","properties":{"ID":5169350,"redListCat":"VU"},"geometry":{"type":"Polygon","coordinates":[[[121.309749,24.091104],[121.309025,24.090977],[121.308403,24.090615],[121.30797,24.090067],[121.307783,24.089299],[121.307921,24.088634],[121.308403,24.087982],[121.309025,24.08762],[121.309749,24.087493],[121.310474,24.08762],[121.311096,24.087982],[121.311578,24.088634],[121.311716,24.089299],[121.311529,24.090067],[121.311096,24.090615],[121.310474,24.090977],[121.309749,24.091104]]]}},
{"type":"Feature","properties":{"ID":5188364,"redListCat":"VU"},"geometry":{"type":"Polygon","coordinates":[[[121.320011,24.102501],[121.319173,24.10233],[121.318577,24.101932],[121.318182,24.10136],[121.318044,24.100696],[121.318231,24.099927],[121.318664,24.099379],[121.319287,24.099017],[121.320011,24.09889],[121.320735,24.099017],[121.321358,24.099379],[121.321791,24.099927],[121.321978,24.100696],[121.32184,24.10136],[121.321445,24.101932],[121.320849,24.10233],[121.320011,24.102501]]]}},
{"type":"Feature","properties":{"ID":5188493,"redListCat":"VU"},"geometry":{"type":"Polygon","coordinates":[[[121.319246,24.112201],[121.318521,24.112075],[121.317899,24.111712],[121.317416,24.11106],[121.317278,24.110396],[121.317416,24.109731],[121.317811,24.10916],[121.318521,24.108717],[121.319246,24.10859],[121.31997,24.108717],[121.32068,24.10916],[121.321075,24.109731],[121.321213,24.110396],[121.321075,24.11106],[121.320592,24.111712],[121.31997,24.112075],[121.319246,24.112201]]]}},
{"type":"Feature","properties":{"ID":5192749,"redListCat":"VU"},"geometry":{"type":"Polygon","coordinates":[[[121.230052,24.032341],[121.229328,24.032214],[121.228706,24.031851],[121.228224,24.0312],[121.228086,24.030535],[121.228224,24.02987],[121.228619,24.029299],[121.229215,24.028901],[121.230052,24.028729],[121.230889,24.028901],[121.231485,24.029299],[121.23188,24.02987],[121.232018,24.030535],[121.23188,24.0312],[121.231398,24.031851],[121.230776,24.032214],[121.230052,24.032341]]]}},
{"type":"Feature","properties":{"ID":6313200,"redListCat":"VU"},"geometry":{"type":"Polygon","coordinates":[[[121.271181,24.123796],[121.270457,24.123669],[121.269834,24.123306],[121.269352,24.122655],[121.269214,24.12199],[121.269352,24.121325],[121.269747,24.120754],[121.270457,24.120311],[121.271181,24.120184],[121.271906,24.120311],[121.272615,24.120754],[121.273011,24.121325],[121.273149,24.12199],[121.273011,24.122655],[121.272528,24.123306],[121.271906,24.123669],[121.271181,24.123796]]]}},
{"type":"Feature","properties":{"ID":5169404,"redListCat":"VU"},"geometry":{"type":"Polygon","coordinates":[[[121.309689,24.091241],[121.308965,24.091114],[121.308342,24.090751],[121.307909,24.090204],[121.307722,24.089435],[121.30786,24.08877],[121.308342,24.088119],[121.308965,24.087756],[121.309689,24.087629],[121.310413,24.087756],[121.311035,24.088119],[121.311517,24.08877],[121.311656,24.089435],[121.311468,24.090204],[121.311035,24.090751],[121.310413,24.091114],[121.309689,24.091241]]]}},
{"type":"Feature","properties":{"ID":5169299,"redListCat":"VU"},"geometry":{"type":"Polygon","coordinates":[[[121.319176,24.111709],[121.318452,24.111582],[121.317829,24.111219],[121.317347,24.110568],[121.317209,24.109903],[121.317347,24.109238],[121.317742,24.108667],[121.318452,24.108224],[121.319176,24.108097],[121.3199,24.108224],[121.32061,24.108667],[121.321005,24.109238],[121.321143,24.109903],[121.321005,24.110568],[121.320523,24.111219],[121.3199,24.111582],[121.319176,24.111709]]]}},
{"type":"Feature","properties":{"ID":5182886,"redListCat":"VU"},"geometry":{"type":"Polygon","coordinates":[[[121.269968,24.061021],[121.269131,24.060849],[121.268535,24.060451],[121.26814,24.05988],[121.268002,24.059215],[121.26814,24.05855],[121.268622,24.057899],[121.269244,24.057536],[121.269968,24.057409],[121.270692,24.057536],[121.271314,24.057899],[121.271797,24.05855],[121.271935,24.059215],[121.271797,24.05988],[121.271402,24.060451],[121.270806,24.060849],[121.269968,24.061021]]]}},
{"type":"Feature","properties":{"ID":5781339,"redListCat":"VU"},"geometry":{"type":"Polygon","coordinates":[[[120.910606,23.870221],[120.909884,23.870094],[120.909262,23.869731],[120.908781,23.86908],[120.908643,23.868415],[120.908781,23.86775],[120.909175,23.867179],[120.909884,23.866736],[120.910606,23.866609],[120.911329,23.866736],[120.912038,23.867179],[120.912432,23.86775],[120.91257,23.868415],[120.912432,23.86908],[120.911951,23.869731],[120.911329,23.870094],[120.910606,23.870221]]]}},
{"type":"Feature","properties":{"ID":5781345,"redListCat":"VU"},"geometry":{"type":"Polygon","coordinates":[[[120.43307,24.042105],[120.432233,24.041933],[120.431637,24.041535],[120.431242,24.040964],[120.431104,24.040299],[120.431242,24.039634],[120.431637,24.039063],[120.432233,24.038665],[120.43307,24.038493],[120.433907,24.038665],[120.434503,24.039063],[120.434898,24.039634],[120.435036,24.040299],[120.434898,24.040964],[120.434503,24.041535],[120.433907,24.041933],[120.43307,24.042105]]]}},
{"type":"Feature","properties":{"ID":5826681,"redListCat":"VU"},"geometry":{"type":"Polygon","coordinates":[[[120.873128,23.512324],[120.872407,23.512197],[120.871787,23.511834],[120.871307,23.511182],[120.871169,23.510518],[120.871307,23.509853],[120.8717,23.509281],[120.872294,23.508884],[120.873128,23.508712],[120.873961,23.508884],[120.874555,23.509281],[120.874948,23.509853],[120.875086,23.510518],[120.874948,23.511182],[120.874468,23.511834],[120.873848,23.512197],[120.873128,23.512324]]]}},
{"type":"Feature","properties":{"ID":5826682,"redListCat":"VU"},"geometry":{"type":"Polygon","coordinates":[[[120.7865,23.642367],[120.785778,23.64224],[120.785158,23.641878],[120.784677,23.641226],[120.78454,23.640561],[120.784677,23.639896],[120.785071,23.639325],[120.785778,23.638882],[120.7865,23.638755],[120.787221,23.638882],[120.787929,23.639325],[120.788322,23.639896],[120.78846,23.640561],[120.788322,23.641226],[120.787842,23.641878],[120.787221,23.64224],[120.7865,23.642367]]]}},
{"type":"Feature","properties":{"ID":5826683,"redListCat":"VU"},"geometry":{"type":"Polygon","coordinates":[[[120.78335,23.646347],[120.782629,23.646221],[120.782008,23.645858],[120.781577,23.64531],[120.78139,23.644542],[120.781577,23.643773],[120.782008,23.643225],[120.782629,23.642863],[120.78335,23.642736],[120.784072,23.642863],[120.784692,23.643225],[120.785124,23.643773],[120.78531,23.644542],[120.785124,23.64531],[120.784692,23.645858],[120.784072,23.646221],[120.78335,23.646347]]]}},
{"type":"Feature","properties":{"ID":12638507,"redListCat":"VU"},"geometry":{"type":"Polygon","coordinates":[[[120.781902,23.646966],[120.781067,23.646794],[120.780473,23.646396],[120.780079,23.645825],[120.779941,23.64516],[120.780079,23.644495],[120.78056,23.643844],[120.78118,23.643481],[120.781902,23.643354],[120.782623,23.643481],[120.783244,23.643844],[120.783724,23.644495],[120.783862,23.64516],[120.783724,23.645825],[120.783331,23.646396],[120.782736,23.646794],[120.781902,23.646966]]]}},
{"type":"Feature","properties":{"ID":5411487,"redListCat":"VU"},"geometry":{"type":"Polygon","coordinates":[[[121.180592,24.096578],[121.18123,24.096518],[121.181944,24.096686],[121.182541,24.097084],[121.182886,24.097551],[121.183058,24.098094],[121.183012,24.098769],[121.182698,24.099381],[121.182228,24.099803],[121.181902,24.099185],[121.181475,24.097885],[121.180592,24.096578]]]}},
{"type":"Feature","properties":{"ID":5171406,"redListCat":"VU"},"geometry":{"type":"Polygon","coordinates":[[[120.900886,23.481912],[120.900165,23.481786],[120.899545,23.481423],[120.899065,23.480771],[120.898928,23.480107],[120.899065,23.479442],[120.899545,23.47879],[120.900165,23.478428],[120.900886,23.478301],[120.901606,23.478428],[120.902226,23.47879],[120.902706,23.479442],[120.902843,23.480107],[120.902706,23.480771],[120.902226,23.481423],[120.901606,23.481786],[120.900886,23.481912]]]}},
{"type":"Feature","properties":{"ID":5171870,"redListCat":"VU"},"geometry":{"type":"Polygon","coordinates":[[[120.872553,23.469127],[120.872889,23.469845],[120.872889,23.470521],[120.872619,23.471151],[120.872116,23.471644],[120.871453,23.471932],[120.87072,23.471975],[120.870023,23.471765],[120.869382,23.471244],[120.869145,23.470848],[120.869023,23.470405],[120.872553,23.469127]]]}},
{"type":"Feature","properties":{"ID":5182941,"redListCat":"VU"},"geometry":{"type":"Polygon","coordinates":[[[121.229768,24.050844],[121.228931,24.050672],[121.228335,24.050274],[121.22794,24.049703],[121.227802,24.049038],[121.22794,24.048373],[121.228335,24.047802],[121.228931,24.047404],[121.229768,24.047232],[121.230606,24.047404],[121.231202,24.047802],[121.231597,24.048373],[121.231735,24.049038],[121.231597,24.049703],[121.231202,24.050274],[121.230606,24.050672],[121.229768,24.050844]]]}},
{"type":"Feature","properties":{"ID":5192716,"redListCat":"VU"},"geometry":{"type":"Polygon","coordinates":[[[121.269123,24.051726],[121.2684,24.051599],[121.267777,24.051237],[121.267295,24.050585],[121.267157,24.049921],[121.267295,24.049256],[121.267777,24.048604],[121.2684,24.048242],[121.269123,24.048115],[121.269847,24.048242],[121.270469,24.048604],[121.270952,24.049256],[121.27109,24.049921],[121.270952,24.050585],[121.27047,24.051237],[121.269847,24.051599],[121.269123,24.051726]]]}},
{"type":"Feature","properties":{"ID":5404800,"redListCat":"VU"},"geometry":{"type":"Polygon","coordinates":[[[121.252762,24.040709],[121.252038,24.040582],[121.251329,24.040139],[121.250934,24.039568],[121.250796,24.038903],[121.250934,24.038238],[121.251416,24.037587],[121.252038,24.037224],[121.252762,24.037097],[121.253486,24.037224],[121.254108,24.037587],[121.25459,24.038238],[121.254728,24.038903],[121.25459,24.039568],[121.254195,24.040139],[121.253486,24.040582],[121.252762,24.040709]]]}},
{"type":"Feature","properties":{"ID":5762230,"redListCat":"VU"},"geometry":{"type":"Polygon","coordinates":[[[121.248955,24.052064],[121.248231,24.051937],[121.247609,24.051575],[121.247127,24.050923],[121.246989,24.050258],[121.247176,24.049489],[121.247609,24.048942],[121.248231,24.048579],[121.248955,24.048453],[121.249679,24.048579],[121.250301,24.048942],[121.250734,24.049489],[121.250921,24.050258],[121.250783,24.050923],[121.250301,24.051575],[121.249679,24.051937],[121.248955,24.052064]]]}},
{"type":"Feature","properties":{"ID":5762231,"redListCat":"VU"},"geometry":{"type":"Polygon","coordinates":[[[120.890938,23.480421],[120.890217,23.480294],[120.889598,23.479932],[120.889118,23.47928],[120.88898,23.478615],[120.889118,23.477951],[120.889511,23.477379],[120.890217,23.476936],[120.890938,23.47681],[120.891659,23.476936],[120.892365,23.477379],[120.892758,23.477951],[120.892896,23.478615],[120.892758,23.47928],[120.892278,23.479932],[120.891659,23.480294],[120.890938,23.480421]]]}},
{"type":"Feature","properties":{"ID":5923658,"redListCat":"VU"},"geometry":{"type":"Polygon","coordinates":[[[120.890125,23.479442],[120.889404,23.479315],[120.888697,23.478872],[120.888304,23.478301],[120.888167,23.477636],[120.888304,23.476971],[120.888697,23.4764],[120.889291,23.476002],[120.890125,23.47583],[120.890958,23.476002],[120.891552,23.4764],[120.891945,23.476971],[120.892082,23.477636],[120.891945,23.478301],[120.891552,23.478872],[120.890845,23.479315],[120.890125,23.479442]]]}},
{"type":"Feature","properties":{"ID":13214404,"redListCat":"VU"},"geometry":{"type":"Polygon","coordinates":[[[121.263674,24.051984],[121.26295,24.051857],[121.262328,24.051494],[121.261845,24.050843],[121.261707,24.050178],[121.261895,24.049409],[121.262328,24.048862],[121.26295,24.048499],[121.263674,24.048372],[121.264398,24.048499],[121.26502,24.048862],[121.265453,24.049409],[121.26564,24.050178],[121.265502,24.050843],[121.26502,24.051494],[121.264398,24.051857],[121.263674,24.051984]]]}},
{"type":"Feature","properties":{"ID":5390485,"redListCat":"VU"},"geometry":{"type":"Polygon","coordinates":[[[120.692767,23.833722],[120.692044,23.833595],[120.691423,23.833232],[120.690991,23.832685],[120.690804,23.831916],[120.690942,23.831251],[120.691423,23.8306],[120.692044,23.830237],[120.692767,23.83011],[120.69349,23.830237],[120.694111,23.8306],[120.694592,23.831251],[120.69473,23.831916],[120.694543,23.832685],[120.694111,23.833232],[120.69349,23.833595],[120.692767,23.833722]]]}},
{"type":"Feature","properties":{"ID":5766416,"redListCat":"VU"},"geometry":{"type":"Polygon","coordinates":[[[120.612309,23.99148],[120.611737,23.990998],[120.611423,23.990386],[120.611377,23.98971],[120.611667,23.988969],[120.612171,23.988476],[120.612838,23.988188],[120.613573,23.988145],[120.614362,23.988402],[120.613683,23.988837],[120.613059,23.989398],[120.61279,23.989751],[120.612611,23.990173],[120.612309,23.99148]]]}},
{"type":"Feature","properties":{"ID":5766417,"redListCat":"VU"},"geometry":{"type":"Polygon","coordinates":[[[120.598045,23.827559],[120.597209,23.827387],[120.596614,23.826989],[120.59622,23.826418],[120.596082,23.825753],[120.59622,23.825088],[120.596614,23.824517],[120.597322,23.824074],[120.598045,23.823947],[120.598768,23.824074],[120.599389,23.824437],[120.599821,23.824984],[120.600008,23.825753],[120.59987,23.826418],[120.599476,23.826989],[120.598881,23.827387],[120.598045,23.827559]]]}},
{"type":"Feature","properties":{"ID":5766418,"redListCat":"VU"},"geometry":{"type":"Polygon","coordinates":[[[120.610944,23.855364],[120.610108,23.855192],[120.609512,23.854794],[120.609118,23.854223],[120.60898,23.853558],[120.609118,23.852893],[120.609513,23.852322],[120.610108,23.851924],[120.610944,23.851752],[120.61178,23.851924],[120.612375,23.852322],[120.612769,23.852893],[120.612907,23.853558],[120.612769,23.854223],[120.612375,23.854794],[120.61178,23.855192],[120.610944,23.855364]]]}},
{"type":"Feature","properties":{"ID":5920914,"redListCat":"VU"},"geometry":{"type":"Polygon","coordinates":[[[120.598471,23.827122],[120.597749,23.826995],[120.597128,23.826632],[120.596646,23.825981],[120.596508,23.825316],[120.596646,23.824651],[120.59704,23.82408],[120.597749,23.823637],[120.598471,23.82351],[120.599194,23.823637],[120.599902,23.82408],[120.600296,23.824651],[120.600434,23.825316],[120.600296,23.825981],[120.599815,23.826632],[120.599194,23.826995],[120.598471,23.827122]]]}},
{"type":"Feature","properties":{"ID":5393720,"redListCat":"VU"},"geometry":{"type":"Polygon","coordinates":[[[120.882073,23.899908],[120.88135,23.899782],[120.880728,23.899419],[120.880246,23.898767],[120.880108,23.898103],[120.880295,23.897334],[120.880728,23.896786],[120.88135,23.896424],[120.882073,23.896297],[120.882796,23.896424],[120.883417,23.896786],[120.88385,23.897334],[120.884037,23.898103],[120.883899,23.898767],[120.883417,23.899419],[120.882796,23.899782],[120.882073,23.899908]]]}},
{"type":"Feature","properties":{"ID":5923110,"redListCat":"VU"},"geometry":{"type":"Polygon","coordinates":[[[120.933063,23.852209],[120.93234,23.852082],[120.931719,23.851719],[120.931237,23.851068],[120.931099,23.850403],[120.931237,23.849738],[120.931631,23.849167],[120.93234,23.848724],[120.933063,23.848597],[120.933785,23.848724],[120.934494,23.849167],[120.934888,23.849738],[120.935026,23.850403],[120.934888,23.851068],[120.934407,23.851719],[120.933785,23.852082],[120.933063,23.852209]]]}},
{"type":"Feature","properties":{"ID":5924372,"redListCat":"VU"},"geometry":{"type":"Polygon","coordinates":[[[120.877014,23.918497],[120.877434,23.918479],[120.877918,23.918564],[120.878364,23.918757],[120.878743,23.919045],[120.879032,23.919411],[120.879214,23.919832],[120.879275,23.920281],[120.879209,23.920744],[120.879135,23.920601],[120.878772,23.920363],[120.878361,23.920341],[120.8779,23.920189],[120.87798,23.919297],[120.877716,23.918999],[120.877014,23.918497]]]}},
{"type":"Feature","properties":{"ID":5924753,"redListCat":"VU"},"geometry":{"type":"Polygon","coordinates":[[[121.011359,23.835644],[121.010524,23.835472],[121.009928,23.835074],[121.009534,23.834503],[121.009396,23.833838],[121.009534,23.833173],[121.010016,23.832522],[121.010637,23.832159],[121.011359,23.832032],[121.012082,23.832159],[121.012703,23.832522],[121.013185,23.833173],[121.013322,23.833838],[121.013185,23.834503],[121.01279,23.835074],[121.012195,23.835472],[121.011359,23.835644]]]}},
{"type":"Feature","properties":{"ID":12605788,"redListCat":"VU"},"geometry":{"type":"Polygon","coordinates":[[[120.949674,23.719276],[120.948952,23.719149],[120.948331,23.718786],[120.94785,23.718135],[120.947713,23.71747],[120.94785,23.716805],[120.948244,23.716234],[120.948839,23.715836],[120.949674,23.715664],[120.950509,23.715836],[120.951104,23.716234],[120.951498,23.716805],[120.951635,23.71747],[120.951498,23.718135],[120.951017,23.718786],[120.950396,23.719149],[120.949674,23.719276]]]}},
{"type":"Feature","properties":{"ID":5816207,"redListCat":"VU"},"geometry":{"type":"Polygon","coordinates":[[[120.877974,23.919324],[120.878761,23.919637],[120.879327,23.920228],[120.879566,23.920985],[120.879442,23.921738],[120.879332,23.920978],[120.879135,23.920601],[120.878772,23.920363],[120.878361,23.920341],[120.8779,23.920189],[120.877974,23.919324]]]}},
{"type":"Feature","properties":{"ID":5788087,"redListCat":"VU"},"geometry":{"type":"Polygon","coordinates":[[[121.274194,24.138074],[121.273839,24.137413],[121.273793,24.136738],[121.274021,24.136094],[121.274491,24.135573],[121.275137,24.135247],[121.275992,24.135172],[121.276693,24.135382],[121.277261,24.135813],[121.27762,24.136416],[121.27507,24.137594],[121.274194,24.138074]]]}},
{"type":"Feature","properties":{"ID":5180519,"redListCat":"VU"},"geometry":{"type":"Polygon","coordinates":[[[121.270483,24.042133],[121.269646,24.041961],[121.26905,24.041564],[121.268655,24.040992],[121.268517,24.040328],[121.268704,24.039559],[121.269137,24.039011],[121.26976,24.038649],[121.270483,24.038522],[121.271207,24.038649],[121.271829,24.039011],[121.272262,24.039559],[121.27245,24.040328],[121.272311,24.040992],[121.271917,24.041564],[121.271321,24.041961],[121.270483,24.042133]]]}},
{"type":"Feature","properties":{"ID":5426708,"redListCat":"VU"},"geometry":{"type":"Polygon","coordinates":[[[121.273127,24.025837],[121.272403,24.02571],[121.271694,24.025267],[121.271299,24.024696],[121.271161,24.024031],[121.271299,24.023366],[121.271694,24.022795],[121.272403,24.022352],[121.273127,24.022225],[121.273851,24.022352],[121.27456,24.022795],[121.274955,24.023366],[121.275093,24.024031],[121.274955,24.024696],[121.27456,24.025267],[121.273851,24.02571],[121.273127,24.025837]]]}},
{"type":"Feature","properties":{"ID":5915454,"redListCat":"VU"},"geometry":{"type":"Polygon","coordinates":[[[120.806069,23.829879],[120.805347,23.829752],[120.804726,23.82939],[120.804293,23.828842],[120.804106,23.828073],[120.804293,23.827304],[120.804726,23.826757],[120.805347,23.826394],[120.806069,23.826267],[120.806792,23.826394],[120.807413,23.826757],[120.807845,23.827304],[120.808032,23.828073],[120.807845,23.828842],[120.807413,23.82939],[120.806792,23.829752],[120.806069,23.829879]]]}},
{"type":"Feature","properties":{"ID":5181699,"redListCat":"VU"},"geometry":{"type":"Polygon","coordinates":[[[121.148409,24.038345],[121.149056,24.038161],[121.149791,24.038204],[121.150458,24.038492],[121.150935,24.038948],[121.14994,24.038615],[121.148409,24.038345]]]}},
{"type":"Feature","properties":{"ID":5823169,"redListCat":"VU"},"geometry":{"type":"Polygon","coordinates":[[[120.874274,23.761216],[120.873551,23.761089],[120.872844,23.760647],[120.87245,23.760075],[120.872312,23.75941],[120.87245,23.758746],[120.872844,23.758174],[120.873438,23.757776],[120.874274,23.757605],[120.875109,23.757776],[120.875704,23.758174],[120.876098,23.758746],[120.876236,23.75941],[120.876098,23.760075],[120.875704,23.760647],[120.874996,23.761089],[120.874274,23.761216]]]}},
{"type":"Feature","properties":{"ID":5191282,"redListCat":"VU"},"geometry":{"type":"Polygon","coordinates":[[[120.979921,23.532483],[120.979087,23.532311],[120.978493,23.531913],[120.9781,23.531342],[120.977962,23.530677],[120.9781,23.530012],[120.97858,23.52936],[120.9792,23.528998],[120.979921,23.528871],[120.980642,23.528998],[120.981261,23.52936],[120.981742,23.530012],[120.981879,23.530677],[120.981742,23.531342],[120.981348,23.531913],[120.980754,23.532311],[120.979921,23.532483]]]}},
{"type":"Feature","properties":{"ID":5387772,"redListCat":"VU"},"geometry":{"type":"Polygon","coordinates":[[[121.058596,23.755875],[121.05776,23.755703],[121.057166,23.755306],[121.056772,23.754734],[121.056634,23.754069],[121.056772,23.753405],[121.057166,23.752833],[121.057874,23.752391],[121.058596,23.752264],[121.059318,23.752391],[121.060026,23.752833],[121.06042,23.753405],[121.060558,23.754069],[121.06042,23.754734],[121.060026,23.755306],[121.059431,23.755703],[121.058596,23.755875]]]}},
{"type":"Feature","properties":{"ID":5388266,"redListCat":"VU"},"geometry":{"type":"Polygon","coordinates":[[[120.973968,23.521442],[120.973247,23.521315],[120.972541,23.520872],[120.972147,23.520301],[120.97201,23.519636],[120.972147,23.518971],[120.972541,23.5184],[120.973134,23.518002],[120.973968,23.51783],[120.974802,23.518002],[120.975396,23.5184],[120.975789,23.518971],[120.975927,23.519636],[120.975789,23.520301],[120.975396,23.520872],[120.974689,23.521315],[120.973968,23.521442]]]}},
{"type":"Feature","properties":{"ID":5417154,"redListCat":"VU"},"geometry":{"type":"Polygon","coordinates":[[[120.925084,23.515121],[120.924363,23.514994],[120.923743,23.514631],[120.923263,23.513979],[120.923126,23.513315],[120.923263,23.51265],[120.923656,23.512078],[120.924363,23.511636],[120.925084,23.511509],[120.925805,23.511636],[120.926511,23.512078],[120.926905,23.51265],[120.927042,23.513315],[120.926905,23.513979],[120.926424,23.514631],[120.925805,23.514994],[120.925084,23.515121]]]}},
{"type":"Feature","properties":{"ID":5830305,"redListCat":"VU"},"geometry":{"type":"Polygon","coordinates":[[[120.906072,23.476359],[120.905381,23.476434],[120.90464,23.476251],[120.905393,23.476329],[120.906072,23.476359]]]}},
{"type":"Feature","properties":{"ID":5922206,"redListCat":"VU"},"geometry":{"type":"Polygon","coordinates":[[[120.848829,23.476178],[120.848109,23.476051],[120.847489,23.475688],[120.847058,23.475141],[120.846872,23.474372],[120.847009,23.473707],[120.847489,23.473055],[120.848109,23.472693],[120.848829,23.472566],[120.84955,23.472693],[120.850169,23.473055],[120.85065,23.473707],[120.850787,23.474372],[120.850601,23.475141],[120.850169,23.475688],[120.84955,23.476051],[120.848829,23.476178]]]}},
{"type":"Feature","properties":{"ID":5163359,"redListCat":"VU"},"geometry":{"type":"Polygon","coordinates":[[[120.810427,23.532158],[120.809593,23.531986],[120.808999,23.531588],[120.808606,23.531017],[120.808468,23.530352],[120.808655,23.529583],[120.809086,23.529036],[120.809706,23.528673],[120.810427,23.528546],[120.811148,23.528673],[120.811768,23.529036],[120.812199,23.529583],[120.812385,23.530352],[120.812248,23.531017],[120.811855,23.531588],[120.811261,23.531986],[120.810427,23.532158]]]}},
{"type":"Feature","properties":{"ID":5763701,"redListCat":"VU"},"geometry":{"type":"Polygon","coordinates":[[[120.767419,23.53339],[120.766698,23.533263],[120.766078,23.5329],[120.765647,23.532353],[120.76546,23.531584],[120.765598,23.530919],[120.765991,23.530348],[120.766698,23.529905],[120.767419,23.529778],[120.76814,23.529905],[120.768847,23.530348],[120.76924,23.530919],[120.769377,23.531584],[120.769191,23.532353],[120.76876,23.5329],[120.76814,23.533263],[120.767419,23.53339]]]}},
{"type":"Feature","properties":{"ID":5763702,"redListCat":"VU"},"geometry":{"type":"Polygon","coordinates":[[[121.200916,24.108011],[121.200953,24.107283],[121.201267,24.10667],[121.201804,24.106207],[121.202611,24.10594],[121.203347,24.105983],[121.204112,24.10634],[121.204582,24.106862],[121.20481,24.107505],[121.20481,24.107958],[121.204687,24.108396],[121.20445,24.108793],[121.204027,24.109184],[121.203361,24.108896],[121.202106,24.108764],[121.201518,24.108251],[121.200916,24.108011]]]}},
{"type":"Feature","properties":{"ID":5769149,"redListCat":"VU"},"geometry":{"type":"Polygon","coordinates":[[[120.747512,23.518483],[120.746791,23.518356],[120.746171,23.517993],[120.74574,23.517446],[120.745553,23.516677],[120.745691,23.516012],[120.746084,23.515441],[120.746678,23.515043],[120.747512,23.514871],[120.748345,23.515043],[120.748939,23.515441],[120.749332,23.516012],[120.74947,23.516677],[120.749283,23.517446],[120.748852,23.517993],[120.748232,23.518356],[120.747512,23.518483]]]}},
{"type":"Feature","properties":{"ID":5764793,"redListCat":"VU"},"geometry":{"type":"Polygon","coordinates":[[[120.918268,23.629008],[120.917547,23.628881],[120.916839,23.628438],[120.916446,23.627867],[120.916308,23.627202],[120.916495,23.626433],[120.916926,23.625886],[120.917547,23.625523],[120.918268,23.625396],[120.91899,23.625523],[120.91961,23.625886],[120.920042,23.626433],[120.920228,23.627202],[120.92009,23.627867],[120.919697,23.628438],[120.91899,23.628881],[120.918268,23.629008]]]}},
{"type":"Feature","properties":{"ID":5188877,"redListCat":"VU"},"geometry":{"type":"Polygon","coordinates":[[[120.780533,23.731775],[120.779698,23.731604],[120.779104,23.731206],[120.77871,23.730634],[120.778572,23.72997],[120.77871,23.729305],[120.779104,23.728733],[120.779811,23.728291],[120.780533,23.728164],[120.781256,23.728291],[120.781963,23.728733],[120.782357,23.729305],[120.782495,23.72997],[120.782357,23.730634],[120.781963,23.731206],[120.781369,23.731604],[120.780533,23.731775]]]}},
{"type":"Feature","properties":{"ID":5765090,"redListCat":"VU"},"geometry":{"type":"Polygon","coordinates":[[[120.82882,23.856153],[120.829421,23.855906],[120.830032,23.855853],[120.830632,23.855976],[120.831244,23.856331],[120.830761,23.856546],[120.83025,23.856572],[120.829483,23.856251],[120.82882,23.856153]]]}},
{"type":"Feature","properties":{"ID":5783787,"redListCat":"VU"},"geometry":{"type":"Polygon","coordinates":[[[120.906099,23.476359],[120.905368,23.476757],[120.90464,23.476842],[120.903819,23.476622],[120.90322,23.476151],[120.905393,23.476329],[120.906099,23.476359]]]}},
{"type":"Feature","properties":{"ID":5783788,"redListCat":"VU"},"geometry":{"type":"Polygon","coordinates":[[[120.748498,23.578298],[120.747777,23.578171],[120.747157,23.577808],[120.746726,23.577261],[120.746539,23.576492],[120.746677,23.575827],[120.74707,23.575256],[120.747664,23.574858],[120.748498,23.574686],[120.749332,23.574858],[120.749926,23.575256],[120.75032,23.575827],[120.750457,23.576492],[120.750271,23.577261],[120.749839,23.577808],[120.74922,23.578171],[120.748498,23.578298]]]}},
{"type":"Feature","properties":{"ID":5783790,"redListCat":"VU"},"geometry":{"type":"Polygon","coordinates":[[[120.731398,23.518583],[120.730677,23.518456],[120.730057,23.518093],[120.729626,23.517546],[120.729439,23.516777],[120.729577,23.516112],[120.72997,23.515541],[120.730677,23.515098],[120.731398,23.514971],[120.732119,23.515098],[120.732825,23.515541],[120.733219,23.516112],[120.733356,23.516777],[120.73317,23.517546],[120.732738,23.518093],[120.732119,23.518456],[120.731398,23.518583]]]}},
{"type":"Feature","properties":{"ID":5783791,"redListCat":"VU"},"geometry":{"type":"Polygon","coordinates":[[[120.737688,23.58274],[120.736967,23.582614],[120.736347,23.582251],[120.735915,23.581704],[120.735729,23.580935],[120.735866,23.58027],[120.736347,23.579618],[120.736967,23.579256],[120.737688,23.579129],[120.738409,23.579256],[120.739029,23.579618],[120.73951,23.58027],[120.739647,23.580935],[120.739461,23.581704],[120.739029,23.582251],[120.738409,23.582614],[120.737688,23.58274]]]}},
{"type":"Feature","properties":{"ID":5783814,"redListCat":"VU"},"geometry":{"type":"Polygon","coordinates":[[[120.749014,23.577715],[120.748293,23.577589],[120.747673,23.577226],[120.747242,23.576678],[120.747055,23.57591],[120.747193,23.575245],[120.747586,23.574673],[120.748293,23.574231],[120.749014,23.574104],[120.749736,23.574231],[120.750443,23.574673],[120.750836,23.575245],[120.750974,23.57591],[120.750787,23.576678],[120.750356,23.577226],[120.749736,23.577589],[120.749014,23.577715]]]}},
{"type":"Feature","properties":{"ID":5783818,"redListCat":"VU"},"geometry":{"type":"Polygon","coordinates":[[[120.739384,23.581849],[120.738663,23.581722],[120.738043,23.58136],[120.737611,23.580812],[120.737425,23.580043],[120.737562,23.579379],[120.738043,23.578727],[120.738663,23.578364],[120.739384,23.578237],[120.740105,23.578364],[120.740725,23.578727],[120.741206,23.579379],[120.741343,23.580043],[120.741157,23.580812],[120.740725,23.58136],[120.740105,23.581722],[120.739384,23.581849]]]}},
{"type":"Feature","properties":{"ID":5783822,"redListCat":"VU"},"geometry":{"type":"Polygon","coordinates":[[[120.76976,23.812017],[120.769038,23.81189],[120.768417,23.811527],[120.767935,23.810876],[120.767798,23.810211],[120.767984,23.809442],[120.768417,23.808894],[120.769038,23.808532],[120.76976,23.808405],[120.770483,23.808532],[120.771104,23.808894],[120.771536,23.809442],[120.771723,23.810211],[120.771585,23.810876],[120.771104,23.811527],[120.770483,23.81189],[120.76976,23.812017]]]}},
{"type":"Feature","properties":{"ID":5783823,"redListCat":"VU"},"geometry":{"type":"Polygon","coordinates":[[[120.768574,23.808586],[120.767738,23.808415],[120.767143,23.808017],[120.766749,23.807445],[120.766611,23.806781],[120.766749,23.806116],[120.76723,23.805464],[120.767851,23.805102],[120.768574,23.804975],[120.769296,23.805102],[120.769918,23.805464],[120.770399,23.806116],[120.770537,23.806781],[120.770399,23.807445],[120.770005,23.808017],[120.76941,23.808415],[120.768574,23.808586]]]}},
{"type":"Feature","properties":{"ID":5783824,"redListCat":"VU"},"geometry":{"type":"Polygon","coordinates":[[[120.766059,23.812433],[120.765336,23.812306],[120.764715,23.811944],[120.764283,23.811396],[120.764096,23.810627],[120.764234,23.809963],[120.764628,23.809391],[120.765223,23.808994],[120.766059,23.808822],[120.766895,23.808994],[120.76749,23.809391],[120.767884,23.809963],[120.768022,23.810627],[120.767835,23.811396],[120.767402,23.811944],[120.766781,23.812306],[120.766059,23.812433]]]}},
{"type":"Feature","properties":{"ID":5783826,"redListCat":"VU"},"geometry":{"type":"Polygon","coordinates":[[[120.644144,23.533862],[120.643423,23.533736],[120.642716,23.533293],[120.642323,23.532721],[120.642185,23.532057],[120.642372,23.531288],[120.642803,23.53074],[120.643423,23.530378],[120.644144,23.530251],[120.644865,23.530378],[120.645485,23.53074],[120.645916,23.531288],[120.646102,23.532057],[120.645965,23.532721],[120.645572,23.533293],[120.644865,23.533736],[120.644144,23.533862]]]}},
{"type":"Feature","properties":{"ID":5783827,"redListCat":"VU"},"geometry":{"type":"Polygon","coordinates":[[[120.788982,23.694229],[120.78826,23.694102],[120.78764,23.693739],[120.787208,23.693192],[120.787021,23.692423],[120.787159,23.691758],[120.787553,23.691187],[120.788147,23.690789],[120.788982,23.690617],[120.789817,23.690789],[120.790412,23.691187],[120.790806,23.691758],[120.790943,23.692423],[120.790757,23.693192],[120.790325,23.693739],[120.789704,23.694102],[120.788982,23.694229]]]}},
{"type":"Feature","properties":{"ID":5811654,"redListCat":"VU"},"geometry":{"type":"Polygon","coordinates":[[[120.884072,23.925813],[120.884513,23.925509],[120.88497,23.925342],[120.885582,23.925289],[120.886066,23.925374],[120.886512,23.925567],[120.886891,23.925855],[120.88718,23.926221],[120.887388,23.926752],[120.886511,23.925943],[120.886112,23.925773],[120.885358,23.925635],[120.884072,23.925813]]]}},
{"type":"Feature","properties":{"ID":5811658,"redListCat":"VU"},"geometry":{"type":"Polygon","coordinates":[[[120.881817,23.918251],[120.881094,23.918124],[120.880473,23.917761],[120.88004,23.917214],[120.879853,23.916445],[120.879991,23.91578],[120.880385,23.915209],[120.881094,23.914766],[120.881817,23.914639],[120.88254,23.914766],[120.883249,23.915209],[120.883644,23.91578],[120.883781,23.916445],[120.883595,23.917214],[120.883162,23.917761],[120.88254,23.918124],[120.881817,23.918251]]]}},
{"type":"Feature","properties":{"ID":5165540,"redListCat":"VU"},"geometry":{"type":"Polygon","coordinates":[[[120.720178,23.742477],[120.719343,23.742305],[120.718748,23.741908],[120.718354,23.741336],[120.718217,23.740671],[120.718354,23.740007],[120.718748,23.739435],[120.719456,23.738992],[120.720178,23.738866],[120.7209,23.738992],[120.721608,23.739435],[120.722002,23.740007],[120.72214,23.740671],[120.722002,23.741336],[120.721608,23.741908],[120.721014,23.742305],[120.720178,23.742477]]]}},
{"type":"Feature","properties":{"ID":5165559,"redListCat":"VU"},"geometry":{"type":"Polygon","coordinates":[[[120.790693,23.731671],[120.789971,23.731544],[120.789263,23.731101],[120.788869,23.73053],[120.788732,23.729865],[120.788869,23.7292],[120.789263,23.728629],[120.789858,23.728231],[120.790693,23.728059],[120.791528,23.728231],[120.792123,23.728629],[120.792517,23.7292],[120.792655,23.729865],[120.792517,23.73053],[120.792123,23.731101],[120.791415,23.731544],[120.790693,23.731671]]]}},
{"type":"Feature","properties":{"ID":5175580,"redListCat":"VU"},"geometry":{"type":"Polygon","coordinates":[[[120.789512,23.672086],[120.788791,23.671959],[120.78817,23.671596],[120.787738,23.671049],[120.787552,23.67028],[120.787689,23.669615],[120.788083,23.669044],[120.788791,23.668601],[120.789512,23.668474],[120.790234,23.668601],[120.790942,23.669044],[120.791335,23.669615],[120.791473,23.67028],[120.791286,23.671049],[120.790855,23.671596],[120.790234,23.671959],[120.789512,23.672086]]]}},
{"type":"Feature","properties":{"ID":5180984,"redListCat":"VU"},"geometry":{"type":"Polygon","coordinates":[[[120.710722,23.602235],[120.709887,23.602063],[120.709293,23.601666],[120.7089,23.601094],[120.708762,23.600429],[120.7089,23.599765],[120.709293,23.599193],[120.71,23.59875],[120.710722,23.598624],[120.711443,23.59875],[120.71215,23.599193],[120.712544,23.599765],[120.712681,23.600429],[120.712544,23.601094],[120.71215,23.601666],[120.711556,23.602063],[120.710722,23.602235]]]}},
{"type":"Feature","properties":{"ID":5182774,"redListCat":"VU"},"geometry":{"type":"Polygon","coordinates":[[[120.890716,23.641923],[120.889994,23.641797],[120.889374,23.641434],[120.888893,23.640782],[120.888755,23.640118],[120.888942,23.639349],[120.889374,23.638801],[120.889994,23.638439],[120.890716,23.638312],[120.891437,23.638439],[120.892057,23.638801],[120.892489,23.639349],[120.892676,23.640118],[120.892538,23.640782],[120.892057,23.641434],[120.891437,23.641797],[120.890716,23.641923]]]}},
{"type":"Feature","properties":{"ID":5189395,"redListCat":"VU"},"geometry":{"type":"Polygon","coordinates":[[[120.779356,23.721483],[120.778634,23.721357],[120.777926,23.720914],[120.777532,23.720342],[120.777395,23.719678],[120.777532,23.719013],[120.778013,23.718361],[120.778634,23.717999],[120.779356,23.717872],[120.780078,23.717999],[120.780699,23.718361],[120.78118,23.719013],[120.781317,23.719678],[120.78118,23.720342],[120.780786,23.720914],[120.780078,23.721357],[120.779356,23.721483]]]}},
{"type":"Feature","properties":{"ID":5395565,"redListCat":"VU"},"geometry":{"type":"Polygon","coordinates":[[[120.648781,23.535613],[120.647947,23.535441],[120.647353,23.535043],[120.64696,23.534472],[120.646822,23.533807],[120.64696,23.533142],[120.64744,23.532491],[120.64806,23.532128],[120.648781,23.532001],[120.649502,23.532128],[120.650122,23.532491],[120.650602,23.533142],[120.65074,23.533807],[120.650602,23.534472],[120.650209,23.535043],[120.649615,23.535441],[120.648781,23.535613]]]}},
{"type":"Feature","properties":{"ID":5763357,"redListCat":"VU"},"geometry":{"type":"Polygon","coordinates":[[[120.639962,23.619136],[120.63924,23.619009],[120.63862,23.618646],[120.638189,23.618099],[120.638002,23.61733],[120.63814,23.616665],[120.638533,23.616094],[120.63924,23.615651],[120.639962,23.615524],[120.640683,23.615651],[120.64139,23.616094],[120.641784,23.616665],[120.641922,23.61733],[120.641735,23.618099],[120.641303,23.618646],[120.640683,23.619009],[120.639962,23.619136]]]}},
{"type":"Feature","properties":{"ID":5763358,"redListCat":"VU"},"geometry":{"type":"Polygon","coordinates":[[[120.709008,23.608345],[120.708287,23.608218],[120.70758,23.607775],[120.707186,23.607203],[120.707049,23.606539],[120.707186,23.605874],[120.707667,23.605222],[120.708287,23.60486],[120.709008,23.604733],[120.70973,23.60486],[120.71035,23.605222],[120.71083,23.605874],[120.710968,23.606539],[120.71083,23.607203],[120.710437,23.607775],[120.70973,23.608218],[120.709008,23.608345]]]}},
{"type":"Feature","properties":{"ID":5763361,"redListCat":"VU"},"geometry":{"type":"Polygon","coordinates":[[[120.771819,23.664826],[120.771098,23.664699],[120.770477,23.664336],[120.770046,23.663789],[120.769859,23.66302],[120.770046,23.662251],[120.770477,23.661703],[120.771098,23.661341],[120.771819,23.661214],[120.772541,23.661341],[120.773161,23.661703],[120.773593,23.662251],[120.77378,23.66302],[120.773593,23.663789],[120.773162,23.664336],[120.772541,23.664699],[120.771819,23.664826]]]}},
{"type":"Feature","properties":{"ID":5763368,"redListCat":"VU"},"geometry":{"type":"Polygon","coordinates":[[[120.662791,23.568753],[120.66207,23.568626],[120.66145,23.568263],[120.661018,23.567716],[120.660832,23.566947],[120.660969,23.566282],[120.661363,23.565711],[120.66207,23.565268],[120.662791,23.565141],[120.663512,23.565268],[120.664219,23.565711],[120.664612,23.566282],[120.66475,23.566947],[120.664563,23.567716],[120.664132,23.568263],[120.663512,23.568626],[120.662791,23.568753]]]}},
{"type":"Feature","properties":{"ID":5763371,"redListCat":"VU"},"geometry":{"type":"Polygon","coordinates":[[[120.794472,23.756479],[120.79375,23.756352],[120.793129,23.75599],[120.792648,23.755338],[120.79251,23.754673],[120.792648,23.754009],[120.793042,23.753437],[120.793637,23.753039],[120.794472,23.752868],[120.795307,23.753039],[120.795902,23.753437],[120.796296,23.754009],[120.796434,23.754673],[120.796296,23.755338],[120.795815,23.75599],[120.795194,23.756352],[120.794472,23.756479]]]}},
{"type":"Feature","properties":{"ID":5911280,"redListCat":"VU"},"geometry":{"type":"Polygon","coordinates":[[[120.794814,23.757433],[120.793978,23.757261],[120.793383,23.756863],[120.792989,23.756292],[120.792852,23.755627],[120.79299,23.754963],[120.793383,23.754391],[120.793978,23.753993],[120.794814,23.753822],[120.795649,23.753993],[120.796244,23.754391],[120.796638,23.754963],[120.796775,23.755627],[120.796638,23.756292],[120.796244,23.756863],[120.795649,23.757261],[120.794814,23.757433]]]}},
{"type":"Feature","properties":{"ID":5912061,"redListCat":"VU"},"geometry":{"type":"Polygon","coordinates":[[[120.7715,23.663757],[120.770779,23.66363],[120.770158,23.663267],[120.769678,23.662616],[120.76954,23.661951],[120.769678,23.661286],[120.770158,23.660634],[120.770779,23.660272],[120.7715,23.660145],[120.772222,23.660272],[120.772843,23.660634],[120.773323,23.661286],[120.773461,23.661951],[120.773323,23.662616],[120.772843,23.663267],[120.772222,23.66363],[120.7715,23.663757]]]}},
{"type":"Feature","properties":{"ID":5917879,"redListCat":"VU"},"geometry":{"type":"Polygon","coordinates":[[[120.663529,23.568614],[120.662695,23.568442],[120.662101,23.568044],[120.661708,23.567473],[120.66157,23.566808],[120.661708,23.566143],[120.662188,23.565492],[120.662808,23.565129],[120.663529,23.565002],[120.66425,23.565129],[120.66487,23.565492],[120.665351,23.566143],[120.665488,23.566808],[120.665351,23.567473],[120.664957,23.568044],[120.664363,23.568442],[120.663529,23.568614]]]}},
{"type":"Feature","properties":{"ID":5918132,"redListCat":"VU"},"geometry":{"type":"Polygon","coordinates":[[[120.730615,23.517767],[120.729894,23.517641],[120.729274,23.517278],[120.728843,23.51673],[120.728657,23.515962],[120.728794,23.515297],[120.729274,23.514645],[120.729894,23.514282],[120.730615,23.514156],[120.731336,23.514282],[120.731956,23.514645],[120.732436,23.515297],[120.732573,23.515962],[120.732387,23.51673],[120.731956,23.517278],[120.731336,23.517641],[120.730615,23.517767]]]}},
{"type":"Feature","properties":{"ID":6312509,"redListCat":"VU"},"geometry":{"type":"Polygon","coordinates":[[[120.658711,23.535555],[120.657877,23.535383],[120.657284,23.534985],[120.65689,23.534414],[120.656753,23.533749],[120.65689,23.533084],[120.657371,23.532433],[120.65799,23.53207],[120.658711,23.531943],[120.659432,23.53207],[120.660052,23.532433],[120.660532,23.533084],[120.66067,23.533749],[120.660532,23.534414],[120.660139,23.534985],[120.659545,23.535383],[120.658711,23.535555]]]}},
{"type":"Feature","properties":{"ID":6312523,"redListCat":"VU"},"geometry":{"type":"Polygon","coordinates":[[[120.662456,23.537087],[120.661735,23.53696],[120.661115,23.536598],[120.660635,23.535946],[120.660498,23.535281],[120.660635,23.534617],[120.661028,23.534045],[120.661622,23.533647],[120.662456,23.533476],[120.66329,23.533647],[120.663884,23.534045],[120.664277,23.534617],[120.664415,23.535281],[120.664277,23.535946],[120.663797,23.536598],[120.663177,23.53696],[120.662456,23.537087]]]}},
{"type":"Feature","properties":{"ID":12638673,"redListCat":"VU"},"geometry":{"type":"Polygon","coordinates":[[[120.773718,23.67177],[120.772996,23.671643],[120.772376,23.67128],[120.771895,23.670628],[120.771758,23.669964],[120.771895,23.669299],[120.772289,23.668728],[120.772997,23.668285],[120.773718,23.668158],[120.77444,23.668285],[120.775147,23.668728],[120.775541,23.669299],[120.775679,23.669964],[120.775541,23.670628],[120.77506,23.67128],[120.77444,23.671643],[120.773718,23.67177]]]}},
{"type":"Feature","properties":{"ID":5165474,"redListCat":"VU"},"geometry":{"type":"Polygon","coordinates":[[[120.720467,23.741533],[120.719745,23.741406],[120.719124,23.741044],[120.718692,23.740496],[120.718505,23.739727],[120.718643,23.739062],[120.719124,23.738411],[120.719745,23.738048],[120.720467,23.737921],[120.721189,23.738048],[120.721809,23.738411],[120.722291,23.739062],[120.722428,23.739727],[120.722242,23.740496],[120.72181,23.741044],[120.721189,23.741406],[120.720467,23.741533]]]}},
{"type":"Feature","properties":{"ID":5594119,"redListCat":"VU"},"geometry":{"type":"Polygon","coordinates":[[[120.96187,23.753502],[120.961147,23.753375],[120.960527,23.753013],[120.960095,23.752465],[120.959908,23.751696],[120.960046,23.751032],[120.960527,23.75038],[120.961147,23.750017],[120.96187,23.749891],[120.962592,23.750017],[120.963213,23.75038],[120.963694,23.751032],[120.963831,23.751696],[120.963645,23.752465],[120.963213,23.753013],[120.962592,23.753375],[120.96187,23.753502]]]}},
{"type":"Feature","properties":{"ID":13212252,"redListCat":"VU"},"geometry":{"type":"Polygon","coordinates":[[[120.804015,23.825528],[120.803292,23.825401],[120.802671,23.825038],[120.80219,23.824387],[120.802052,23.823722],[120.80219,23.823057],[120.802584,23.822486],[120.803179,23.822088],[120.804015,23.821916],[120.804851,23.822088],[120.805446,23.822486],[120.80584,23.823057],[120.805978,23.823722],[120.80584,23.824387],[120.805359,23.825038],[120.804738,23.825401],[120.804015,23.825528]]]}},
{"type":"Feature","properties":{"ID":5754372,"redListCat":"VU"},"geometry":{"type":"Polygon","coordinates":[[[120.869258,23.578674],[120.868424,23.578502],[120.86783,23.578104],[120.867437,23.577533],[120.867299,23.576868],[120.867437,23.576203],[120.867917,23.575551],[120.868537,23.575189],[120.869258,23.575062],[120.86998,23.575189],[120.870599,23.575551],[120.87108,23.576203],[120.871218,23.576868],[120.87108,23.577533],[120.870687,23.578104],[120.870093,23.578502],[120.869258,23.578674]]]}},
{"type":"Feature","properties":{"ID":5917932,"redListCat":"VU"},"geometry":{"type":"Polygon","coordinates":[[[120.869715,23.580085],[120.868994,23.579958],[120.868287,23.579516],[120.867893,23.578944],[120.867756,23.578279],[120.867942,23.577511],[120.868374,23.576963],[120.868994,23.5766],[120.869715,23.576474],[120.870436,23.5766],[120.871056,23.576963],[120.871488,23.577511],[120.871674,23.578279],[120.871537,23.578944],[120.871143,23.579516],[120.870436,23.579958],[120.869715,23.580085]]]}},
{"type":"Feature","properties":{"ID":5786875,"redListCat":"VU"},"geometry":{"type":"Polygon","coordinates":[[[120.8,23.819261],[120.799277,23.819134],[120.798569,23.818691],[120.798175,23.81812],[120.798037,23.817455],[120.798175,23.81679],[120.798569,23.816219],[120.799277,23.815776],[120.8,23.815649],[120.800722,23.815776],[120.801431,23.816219],[120.801825,23.81679],[120.801963,23.817455],[120.801825,23.81812],[120.801431,23.818691],[120.800722,23.819134],[120.8,23.819261]]]}},
{"type":"Feature","properties":{"ID":5823299,"redListCat":"VU"},"geometry":{"type":"Polygon","coordinates":[[[120.794111,23.833595],[120.793388,23.833468],[120.79268,23.833025],[120.792286,23.832454],[120.792148,23.831789],[120.792286,23.831125],[120.792767,23.830473],[120.793388,23.83011],[120.794111,23.829984],[120.794833,23.83011],[120.795455,23.830473],[120.795936,23.831125],[120.796074,23.831789],[120.795936,23.832454],[120.795542,23.833025],[120.794834,23.833468],[120.794111,23.833595]]]}},
{"type":"Feature","properties":{"ID":5169282,"redListCat":"VU"},"geometry":{"type":"Polygon","coordinates":[[[121.309272,24.092489],[121.308548,24.092363],[121.307925,24.092],[121.307443,24.091348],[121.307305,24.090684],[121.307492,24.089915],[121.307925,24.089367],[121.308548,24.089005],[121.309272,24.088878],[121.309996,24.089005],[121.310618,24.089367],[121.311052,24.089915],[121.311239,24.090684],[121.311101,24.091348],[121.310618,24.092],[121.309996,24.092363],[121.309272,24.092489]]]}},
{"type":"Feature","properties":{"ID":5188550,"redListCat":"VU"},"geometry":{"type":"Polygon","coordinates":[[[121.319751,24.101289],[121.319027,24.101162],[121.318404,24.1008],[121.317922,24.100148],[121.317784,24.099483],[121.317922,24.098819],[121.318404,24.098167],[121.319027,24.097805],[121.319751,24.097678],[121.320475,24.097805],[121.321098,24.098167],[121.32158,24.098819],[121.321718,24.099483],[121.32158,24.100148],[121.321098,24.1008],[121.320475,24.101162],[121.319751,24.101289]]]}},
{"type":"Feature","properties":{"ID":5171985,"redListCat":"VU"},"geometry":{"type":"Polygon","coordinates":[[[120.951056,23.467719],[120.951696,23.468088],[120.952127,23.468636],[120.952309,23.469291],[120.952176,23.470069],[120.951783,23.470641],[120.951189,23.471038],[120.950355,23.47121],[120.949635,23.471084],[120.948928,23.470641],[120.948535,23.470069],[120.948398,23.469404],[120.948535,23.46874],[120.948928,23.468168],[120.949522,23.46777],[120.950233,23.467602],[120.951056,23.467719]]]}},
{"type":"Feature","properties":{"ID":5800773,"redListCat":"VU"},"geometry":{"type":"Polygon","coordinates":[[[120.779054,23.834392],[120.778332,23.834265],[120.77771,23.833902],[120.777229,23.833251],[120.777091,23.832586],[120.777229,23.831921],[120.777623,23.83135],[120.778218,23.830952],[120.779054,23.83078],[120.77989,23.830952],[120.780485,23.83135],[120.780879,23.831921],[120.781017,23.832586],[120.780879,23.833251],[120.780398,23.833902],[120.779777,23.834265],[120.779054,23.834392]]]}},
{"type":"Feature","properties":{"ID":5168683,"redListCat":"VU"},"geometry":{"type":"Polygon","coordinates":[[[121.179024,24.021924],[121.178301,24.021798],[121.177591,24.021355],[121.177197,24.020783],[121.177059,24.020119],[121.177246,24.01935],[121.177679,24.018802],[121.178301,24.01844],[121.179024,24.018313],[121.179748,24.01844],[121.18037,24.018802],[121.180803,24.01935],[121.18099,24.020119],[121.180852,24.020783],[121.180458,24.021355],[121.179748,24.021798],[121.179024,24.021924]]]}},
{"type":"Feature","properties":{"ID":5839084,"redListCat":"VU"},"geometry":{"type":"Polygon","coordinates":[[[120.605688,24.00444],[120.605021,24.004151],[120.604517,24.003658],[120.604227,24.002917],[120.604273,24.002241],[120.604586,24.001629],[120.605123,24.001166],[120.605808,24.000917],[120.606665,24.000942],[120.60723,24.001166],[120.607739,24.001596],[120.606839,24.003189],[120.605688,24.00444]]]}},
{"type":"Feature","properties":{"ID":5402107,"redListCat":"VU"},"geometry":{"type":"Polygon","coordinates":[[[120.924296,23.842714],[120.923574,23.842587],[120.922865,23.842144],[120.922471,23.841573],[120.922333,23.840908],[120.922471,23.840243],[120.922865,23.839672],[120.923574,23.839229],[120.924296,23.839102],[120.925019,23.839229],[120.925728,23.839672],[120.926122,23.840243],[120.92626,23.840908],[120.926122,23.841573],[120.925728,23.842144],[120.925019,23.842587],[120.924296,23.842714]]]}},
{"type":"Feature","properties":{"ID":5767429,"redListCat":"VU"},"geometry":{"type":"Polygon","coordinates":[[[120.612994,23.989484],[120.612867,23.988952],[120.612925,23.98839],[120.613169,23.987871],[120.613576,23.987447],[120.614105,23.98716],[120.614705,23.987037],[120.615318,23.98709],[120.615888,23.987318],[120.615154,23.987895],[120.613683,23.988837],[120.612994,23.989484]]]}},
{"type":"Feature","properties":{"ID":5767430,"redListCat":"VU"},"geometry":{"type":"Polygon","coordinates":[[[120.684131,23.577447],[120.683409,23.577321],[120.682789,23.576958],[120.682358,23.57641],[120.682171,23.575642],[120.682309,23.574977],[120.682702,23.574405],[120.683296,23.574008],[120.684131,23.573836],[120.684965,23.574008],[120.685559,23.574405],[120.685952,23.574977],[120.68609,23.575642],[120.685903,23.57641],[120.685472,23.576958],[120.684852,23.577321],[120.684131,23.577447]]]}},
{"type":"Feature","properties":{"ID":5767451,"redListCat":"VU"},"geometry":{"type":"Polygon","coordinates":[[[120.869522,23.829787],[120.868799,23.82966],[120.868091,23.829217],[120.867697,23.828646],[120.867559,23.827981],[120.867697,23.827316],[120.868178,23.826665],[120.868799,23.826302],[120.869522,23.826175],[120.870244,23.826302],[120.870865,23.826665],[120.871347,23.827316],[120.871485,23.827981],[120.871347,23.828646],[120.870953,23.829217],[120.870244,23.82966],[120.869522,23.829787]]]}},
{"type":"Feature","properties":{"ID":5767452,"redListCat":"VU"},"geometry":{"type":"Polygon","coordinates":[[[121.089123,23.754872],[121.088401,23.754745],[121.087693,23.754303],[121.087299,23.753731],[121.087161,23.753066],[121.087299,23.752402],[121.087693,23.75183],[121.088401,23.751387],[121.089123,23.751261],[121.089845,23.751387],[121.090553,23.75183],[121.090947,23.752402],[121.091085,23.753066],[121.090947,23.753731],[121.090553,23.754303],[121.089845,23.754745],[121.089123,23.754872]]]}},
{"type":"Feature","properties":{"ID":5767454,"redListCat":"VU"},"geometry":{"type":"Polygon","coordinates":[[[120.872634,23.760708],[120.871798,23.760537],[120.871203,23.760139],[120.87081,23.759567],[120.870672,23.758903],[120.87081,23.758238],[120.871203,23.757666],[120.871798,23.757269],[120.872634,23.757097],[120.873469,23.757269],[120.874064,23.757666],[120.874458,23.758238],[120.874596,23.758903],[120.874458,23.759567],[120.874064,23.760139],[120.873469,23.760537],[120.872634,23.760708]]]}},
{"type":"Feature","properties":{"ID":5767457,"redListCat":"VU"},"geometry":{"type":"Polygon","coordinates":[[[120.838195,23.822156],[120.837472,23.822029],[120.836851,23.821666],[120.83637,23.821015],[120.836232,23.82035],[120.836419,23.819581],[120.836851,23.819033],[120.837472,23.818671],[120.838195,23.818544],[120.838917,23.818671],[120.839538,23.819033],[120.839971,23.819581],[120.840158,23.82035],[120.84002,23.821015],[120.839538,23.821666],[120.838917,23.822029],[120.838195,23.822156]]]}},
{"type":"Feature","properties":{"ID":5767459,"redListCat":"VU"},"geometry":{"type":"Polygon","coordinates":[[[120.848041,23.801818],[120.847319,23.801691],[120.84661,23.801248],[120.846216,23.800677],[120.846079,23.800012],[120.846216,23.799347],[120.84661,23.798776],[120.847319,23.798333],[120.848041,23.798206],[120.848764,23.798333],[120.849472,23.798776],[120.849866,23.799347],[120.850004,23.800012],[120.849866,23.800677],[120.849472,23.801248],[120.848764,23.801691],[120.848041,23.801818]]]}},
{"type":"Feature","properties":{"ID":5767463,"redListCat":"VU"},"geometry":{"type":"Polygon","coordinates":[[[120.628975,23.80271],[120.628253,23.802583],[120.627545,23.80214],[120.627151,23.801569],[120.627013,23.800904],[120.6272,23.800135],[120.627632,23.799588],[120.628253,23.799225],[120.628975,23.799098],[120.629698,23.799225],[120.630319,23.799588],[120.630751,23.800135],[120.630938,23.800904],[120.6308,23.801569],[120.630406,23.80214],[120.629698,23.802583],[120.628975,23.80271]]]}},
{"type":"Feature","properties":{"ID":5916273,"redListCat":"VU"},"geometry":{"type":"Polygon","coordinates":[[[120.837453,23.821753],[120.836618,23.821582],[120.836022,23.821184],[120.835628,23.820612],[120.83549,23.819948],[120.835628,23.819283],[120.836023,23.818712],[120.836618,23.818314],[120.837453,23.818142],[120.838289,23.818314],[120.838884,23.818712],[120.839278,23.819283],[120.839416,23.819948],[120.839278,23.820612],[120.838884,23.821184],[120.838289,23.821582],[120.837453,23.821753]]]}},
{"type":"Feature","properties":{"ID":5918343,"redListCat":"VU"},"geometry":{"type":"Polygon","coordinates":[[[120.848576,23.803043],[120.847853,23.802916],[120.847145,23.802473],[120.846751,23.801902],[120.846613,23.801237],[120.8468,23.800468],[120.847232,23.79992],[120.847853,23.799558],[120.848576,23.799431],[120.849298,23.799558],[120.849919,23.79992],[120.850352,23.800468],[120.850538,23.801237],[120.850401,23.801902],[120.850006,23.802473],[120.849298,23.802916],[120.848576,23.803043]]]}},
{"type":"Feature","properties":{"ID":5922683,"redListCat":"VU"},"geometry":{"type":"Polygon","coordinates":[[[120.630377,23.801825],[120.629654,23.801698],[120.628946,23.801255],[120.628552,23.800684],[120.628414,23.800019],[120.628552,23.799354],[120.628946,23.798783],[120.629654,23.79834],[120.630377,23.798213],[120.631099,23.79834],[120.631807,23.798783],[120.632201,23.799354],[120.632339,23.800019],[120.632201,23.800684],[120.631807,23.801255],[120.631099,23.801698],[120.630377,23.801825]]]}},
{"type":"Feature","properties":{"ID":5924652,"redListCat":"VU"},"geometry":{"type":"Polygon","coordinates":[[[120.872992,23.761924],[120.87227,23.761797],[120.871562,23.761354],[120.871168,23.760783],[120.87103,23.760118],[120.871168,23.759454],[120.871562,23.758882],[120.87227,23.758439],[120.872992,23.758313],[120.873715,23.758439],[120.874422,23.758882],[120.874816,23.759454],[120.874954,23.760118],[120.874816,23.760783],[120.874422,23.761354],[120.873715,23.761797],[120.872992,23.761924]]]}},
{"type":"Feature","properties":{"ID":5817160,"redListCat":"VU"},"geometry":{"type":"Polygon","coordinates":[[[120.877833,23.919132],[120.8784,23.919186],[120.878858,23.919353],[120.879256,23.919619],[120.879633,23.920065],[120.879814,23.920486],[120.879872,23.921048],[120.879738,23.9216],[120.87948,23.92202],[120.879332,23.920978],[120.879135,23.920601],[120.878772,23.920363],[120.878361,23.920341],[120.8779,23.920189],[120.87798,23.919297],[120.877833,23.919132]]]}},
{"type":"Feature","properties":{"ID":5169398,"redListCat":"VU"},"geometry":{"type":"Polygon","coordinates":[[[121.320293,24.091225],[121.319624,24.090936],[121.319119,24.090443],[121.318829,24.089702],[121.318875,24.089026],[121.319189,24.088414],[121.319726,24.087951],[121.320534,24.087684],[121.321269,24.087726],[121.32186,24.087967],[121.321238,24.088776],[121.320293,24.091225]]]}},
{"type":"Feature","properties":{"ID":5180469,"redListCat":"VU"},"geometry":{"type":"Polygon","coordinates":[[[121.220957,24.051717],[121.220233,24.05159],[121.219611,24.051227],[121.219128,24.050576],[121.21899,24.049911],[121.219128,24.049246],[121.219611,24.048595],[121.220233,24.048232],[121.220957,24.048105],[121.22168,24.048232],[121.222303,24.048595],[121.222785,24.049246],[121.222923,24.049911],[121.222785,24.050576],[121.222303,24.051227],[121.22168,24.05159],[121.220957,24.051717]]]}},
{"type":"Feature","properties":{"ID":5191202,"redListCat":"VU"},"geometry":{"type":"Polygon","coordinates":[[[120.959389,23.552181],[120.958555,23.552009],[120.957961,23.551611],[120.957568,23.551039],[120.95743,23.550375],[120.957568,23.54971],[120.958048,23.549058],[120.958668,23.548696],[120.959389,23.548569],[120.96011,23.548696],[120.96073,23.549058],[120.96121,23.54971],[120.961348,23.550375],[120.96121,23.551039],[120.960817,23.551611],[120.960223,23.552009],[120.959389,23.552181]]]}},
{"type":"Feature","properties":{"ID":5192911,"redListCat":"VU"},"geometry":{"type":"Polygon","coordinates":[[[121.27049,24.052506],[121.269653,24.052334],[121.269057,24.051936],[121.268662,24.051365],[121.268524,24.0507],[121.268711,24.049931],[121.269144,24.049384],[121.269767,24.049021],[121.27049,24.048895],[121.271214,24.049021],[121.271836,24.049384],[121.27227,24.049931],[121.272457,24.0507],[121.272319,24.051365],[121.271924,24.051936],[121.271328,24.052334],[121.27049,24.052506]]]}},
{"type":"Feature","properties":{"ID":5388260,"redListCat":"VU"},"geometry":{"type":"Polygon","coordinates":[[[120.974926,23.521588],[120.974092,23.521416],[120.973498,23.521018],[120.973105,23.520447],[120.972967,23.519782],[120.973105,23.519117],[120.973585,23.518465],[120.974205,23.518103],[120.974926,23.517976],[120.975647,23.518103],[120.976266,23.518465],[120.976747,23.519117],[120.976884,23.519782],[120.976747,23.520447],[120.976353,23.521018],[120.97576,23.521416],[120.974926,23.521588]]]}},
{"type":"Feature","properties":{"ID":5404726,"redListCat":"VU"},"geometry":{"type":"Polygon","coordinates":[[[121.251891,24.040685],[121.251167,24.040558],[121.250458,24.040115],[121.250063,24.039544],[121.249925,24.038879],[121.250063,24.038215],[121.250545,24.037563],[121.251167,24.0372],[121.251891,24.037074],[121.252615,24.0372],[121.253237,24.037563],[121.253719,24.038215],[121.253857,24.038879],[121.253719,24.039544],[121.253324,24.040115],[121.252615,24.040558],[121.251891,24.040685]]]}},
{"type":"Feature","properties":{"ID":5426642,"redListCat":"VU"},"geometry":{"type":"Polygon","coordinates":[[[121.190444,24.099853],[121.190247,24.099173],[121.190339,24.098501],[121.190694,24.097908],[121.191372,24.097425],[121.192086,24.097257],[121.192934,24.09738],[121.193556,24.097743],[121.19399,24.09829],[121.194173,24.098946],[121.194039,24.099724],[121.193644,24.100295],[121.193047,24.100693],[121.192578,24.100833],[121.192047,24.100858],[121.191342,24.099604],[121.190917,24.099451],[121.190444,24.099853]]]}},
{"type":"Feature","properties":{"ID":5916379,"redListCat":"VU"},"geometry":{"type":"Polygon","coordinates":[[[121.175835,24.034387],[121.174997,24.034216],[121.174401,24.033818],[121.174007,24.033246],[121.173869,24.032582],[121.174007,24.031917],[121.174489,24.031265],[121.175111,24.030903],[121.175835,24.030776],[121.176558,24.030903],[121.17718,24.031265],[121.177663,24.031917],[121.177801,24.032582],[121.177663,24.033246],[121.177268,24.033818],[121.176672,24.034216],[121.175835,24.034387]]]}},
{"type":"Feature","properties":{"ID":5923657,"redListCat":"VU"},"geometry":{"type":"Polygon","coordinates":[[[120.891632,23.475733],[120.892102,23.476256],[120.892329,23.476899],[120.892283,23.477575],[120.891895,23.478277],[120.89133,23.478708],[120.890632,23.478917],[120.8899,23.478875],[120.889139,23.478517],[120.888615,23.477894],[120.888433,23.477239],[120.888525,23.476568],[120.888878,23.475974],[120.889097,23.475768],[120.889531,23.475719],[120.891632,23.475733]]]}},
{"type":"Feature","properties":{"ID":12604798,"redListCat":"VU"},"geometry":{"type":"Polygon","coordinates":[[[121.266737,24.051214],[121.266013,24.051088],[121.265391,24.050725],[121.264909,24.050073],[121.264771,24.049409],[121.264909,24.048744],[121.265304,24.048173],[121.2659,24.047775],[121.266737,24.047603],[121.267574,24.047775],[121.26817,24.048173],[121.268565,24.048744],[121.268703,24.049409],[121.268565,24.050073],[121.268083,24.050725],[121.267461,24.051088],[121.266737,24.051214]]]}},
{"type":"Feature","properties":{"ID":5164215,"redListCat":"VU"},"geometry":{"type":"Polygon","coordinates":[[[121.269727,24.12885],[121.270543,24.128687],[121.271268,24.128813],[121.27189,24.129176],[121.272324,24.129723],[121.272507,24.130379],[121.272415,24.13105],[121.272059,24.131643],[121.271381,24.132126],[121.270825,24.132279],[121.270141,24.131607],[121.27,24.131093],[121.269727,24.12885]]]}},
{"type":"Feature","properties":{"ID":5179168,"redListCat":"VU"},"geometry":{"type":"Polygon","coordinates":[[[120.991065,23.490128],[120.99089,23.490709],[120.990546,23.491176],[120.990062,23.491523],[120.989486,23.491714],[120.988873,23.491732],[120.988285,23.491574],[120.987778,23.491257],[120.987348,23.490711],[120.9895,23.490185],[120.991065,23.490128]]]}},
{"type":"Feature","properties":{"ID":5828550,"redListCat":"VU"},"geometry":{"type":"Polygon","coordinates":[[[120.874681,23.468449],[120.874589,23.469114],[120.874311,23.469618],[120.873878,23.470017],[120.873332,23.470274],[120.872728,23.470362],[120.872123,23.470274],[120.871577,23.470017],[120.87113,23.4696],[120.872468,23.469161],[120.873296,23.468753],[120.87414,23.468623],[120.874681,23.468449]]]}},
{"type":"Feature","properties":{"ID":5828553,"redListCat":"VU"},"geometry":{"type":"Polygon","coordinates":[[[121.269867,24.130099],[121.270358,24.12954],[121.271004,24.129214],[121.271858,24.12914],[121.27256,24.129349],[121.273128,24.129781],[121.273483,24.130374],[121.273575,24.131045],[121.273336,24.131801],[121.272959,24.132248],[121.272336,24.13261],[121.271735,24.132734],[121.271112,24.132678],[121.27089,24.132342],[121.270141,24.131607],[121.269867,24.130099]]]}},
{"type":"Feature","properties":{"ID":5828554,"redListCat":"VU"},"geometry":{"type":"Polygon","coordinates":[[[121.273629,24.138488],[121.273398,24.137746],[121.27349,24.137075],[121.273846,24.136482],[121.274414,24.136051],[121.275115,24.135841],[121.275851,24.135884],[121.276518,24.136172],[121.277051,24.136709],[121.274558,24.137855],[121.273629,24.138488]]]}},
{"type":"Feature","properties":{"ID":5172622,"redListCat":"VU"},"geometry":{"type":"Polygon","coordinates":[[[121.279624,24.13114],[121.2789,24.131013],[121.278277,24.13065],[121.277795,24.129999],[121.277657,24.129334],[121.277795,24.128669],[121.27819,24.128098],[121.2789,24.127655],[121.279624,24.127528],[121.280348,24.127655],[121.281058,24.128098],[121.281454,24.128669],[121.281592,24.129334],[121.281454,24.129999],[121.280971,24.13065],[121.280349,24.131013],[121.279624,24.13114]]]}},
{"type":"Feature","properties":{"ID":5189429,"redListCat":"VU"},"geometry":{"type":"Polygon","coordinates":[[[120.869901,23.82094],[120.869179,23.820813],[120.86847,23.82037],[120.868076,23.819799],[120.867938,23.819134],[120.868076,23.818469],[120.86847,23.817898],[120.869065,23.8175],[120.869901,23.817328],[120.870737,23.8175],[120.871332,23.817898],[120.871726,23.818469],[120.871864,23.819134],[120.871726,23.819799],[120.871332,23.82037],[120.870624,23.820813],[120.869901,23.82094]]]}},
{"type":"Feature","properties":{"ID":5384181,"redListCat":"VU"},"geometry":{"type":"Polygon","coordinates":[[[120.852651,23.810694],[120.851928,23.810567],[120.85122,23.810125],[120.850826,23.809553],[120.850688,23.808888],[120.850826,23.808224],[120.85122,23.807652],[120.851928,23.807209],[120.852651,23.807083],[120.853373,23.807209],[120.854082,23.807652],[120.854476,23.808224],[120.854614,23.808888],[120.854476,23.809553],[120.854082,23.810125],[120.853373,23.810567],[120.852651,23.810694]]]}},
{"type":"Feature","properties":{"ID":5780547,"redListCat":"VU"},"geometry":{"type":"Polygon","coordinates":[[[120.870705,23.836515],[120.869869,23.836343],[120.869274,23.835946],[120.86888,23.835374],[120.868742,23.834709],[120.86888,23.834045],[120.869274,23.833473],[120.869982,23.833031],[120.870705,23.832904],[120.871427,23.833031],[120.872136,23.833473],[120.87253,23.834045],[120.872668,23.834709],[120.87253,23.835374],[120.872136,23.835946],[120.871541,23.836343],[120.870705,23.836515]]]}},
{"type":"Feature","properties":{"ID":5917962,"redListCat":"VU"},"geometry":{"type":"Polygon","coordinates":[[[120.84994,23.824168],[120.849218,23.824042],[120.848597,23.823679],[120.848115,23.823027],[120.847977,23.822363],[120.848115,23.821698],[120.848597,23.821046],[120.849218,23.820684],[120.84994,23.820557],[120.850663,23.820684],[120.851284,23.821046],[120.851765,23.821698],[120.851903,23.822363],[120.851765,23.823027],[120.851284,23.823679],[120.850663,23.824042],[120.84994,23.824168]]]}},
{"type":"Feature","properties":{"ID":5918402,"redListCat":"VU"},"geometry":{"type":"Polygon","coordinates":[[[120.848031,23.803635],[120.847308,23.803508],[120.846687,23.803146],[120.846206,23.802494],[120.846068,23.801829],[120.846255,23.801061],[120.846687,23.800513],[120.847308,23.80015],[120.848031,23.800024],[120.848753,23.80015],[120.849374,23.800513],[120.849807,23.801061],[120.849993,23.801829],[120.849856,23.802494],[120.849374,23.803146],[120.848753,23.803508],[120.848031,23.803635]]]}},
{"type":"Feature","properties":{"ID":5923196,"redListCat":"VU"},"geometry":{"type":"Polygon","coordinates":[[[120.846515,23.821158],[120.845792,23.821031],[120.845171,23.820668],[120.844738,23.820121],[120.844552,23.819352],[120.84469,23.818687],[120.845171,23.818036],[120.845792,23.817673],[120.846515,23.817546],[120.847237,23.817673],[120.847858,23.818036],[120.848339,23.818687],[120.848477,23.819352],[120.848291,23.820121],[120.847858,23.820668],[120.847237,23.821031],[120.846515,23.821158]]]}},
{"type":"Feature","properties":{"ID":5924625,"redListCat":"VU"},"geometry":{"type":"Polygon","coordinates":[[[120.873849,23.760856],[120.873127,23.760729],[120.872419,23.760286],[120.872025,23.759715],[120.871887,23.75905],[120.872025,23.758385],[120.872419,23.757814],[120.873014,23.757416],[120.873849,23.757244],[120.874685,23.757416],[120.87528,23.757814],[120.875674,23.758385],[120.875811,23.75905],[120.875674,23.759715],[120.87528,23.760286],[120.874572,23.760729],[120.873849,23.760856]]]}},
{"type":"Feature","properties":{"ID":13221993,"redListCat":"VU"},"geometry":{"type":"Polygon","coordinates":[[[120.805813,23.824219],[120.80509,23.824093],[120.804469,23.82373],[120.804037,23.823183],[120.80385,23.822414],[120.803988,23.821749],[120.804469,23.821097],[120.80509,23.820735],[120.805813,23.820608],[120.806535,23.820735],[120.807156,23.821097],[120.807638,23.821749],[120.807776,23.822414],[120.807589,23.823183],[120.807156,23.82373],[120.806535,23.824093],[120.805813,23.824219]]]}},
{"type":"Feature","properties":{"ID":5194457,"redListCat":"VU"},"geometry":{"type":"Polygon","coordinates":[[[120.900623,23.901324],[120.8999,23.901197],[120.899191,23.900754],[120.898797,23.900183],[120.898659,23.899518],[120.898797,23.898853],[120.899191,23.898282],[120.8999,23.897839],[120.900623,23.897712],[120.901346,23.897839],[120.902054,23.898282],[120.902449,23.898853],[120.902587,23.899518],[120.902449,23.900183],[120.902054,23.900754],[120.901346,23.901197],[120.900623,23.901324]]]}},
{"type":"Feature","properties":{"ID":5767186,"redListCat":"VU"},"geometry":{"type":"Polygon","coordinates":[[[120.899732,23.926625],[120.899015,23.926843],[120.89828,23.926801],[120.897614,23.926513],[120.897047,23.925922],[120.89682,23.925278],[120.8969,23.924494],[120.897255,23.923901],[120.897822,23.923469],[120.89828,23.923303],[120.898892,23.923249],[120.899492,23.923373],[120.900001,23.923646],[120.899711,23.925358],[120.899732,23.926625]]]}},
{"type":"Feature","properties":{"ID":5767187,"redListCat":"VU"},"geometry":{"type":"Polygon","coordinates":[[[120.8928,23.926295],[120.892077,23.926168],[120.891456,23.925805],[120.891023,23.925258],[120.890836,23.924489],[120.891023,23.92372],[120.891456,23.923173],[120.892077,23.92281],[120.8928,23.922683],[120.893524,23.92281],[120.894145,23.923173],[120.894578,23.92372],[120.894765,23.924489],[120.894578,23.925258],[120.894145,23.925805],[120.893524,23.926168],[120.8928,23.926295]]]}},
{"type":"Feature","properties":{"ID":5767188,"redListCat":"VU"},"geometry":{"type":"Polygon","coordinates":[[[120.877713,23.918998],[120.878184,23.919054],[120.878642,23.919221],[120.87904,23.919487],[120.879354,23.919835],[120.879564,23.920245],[120.879656,23.92069],[120.879625,23.921141],[120.879436,23.921639],[120.879332,23.920978],[120.879135,23.920601],[120.878772,23.920363],[120.878361,23.920341],[120.8779,23.920189],[120.87798,23.919297],[120.877713,23.918998]]]}},
{"type":"Feature","properties":{"ID":5767189,"redListCat":"VU"},"geometry":{"type":"Polygon","coordinates":[[[120.881207,23.925461],[120.881391,23.924784],[120.881824,23.924236],[120.882445,23.923873],[120.883292,23.92375],[120.884005,23.923918],[120.884601,23.924316],[120.884995,23.924888],[120.88513,23.925651],[120.88406,23.925815],[120.882466,23.925827],[120.881907,23.925721],[120.881207,23.925461]]]}},
{"type":"Feature","properties":{"ID":5767190,"redListCat":"VU"},"geometry":{"type":"Polygon","coordinates":[[[120.882961,23.921243],[120.882237,23.921117],[120.881616,23.920754],[120.881134,23.920102],[120.880996,23.919438],[120.881134,23.918773],[120.881529,23.918202],[120.882124,23.917804],[120.882961,23.917632],[120.883797,23.917804],[120.884393,23.918202],[120.884787,23.918773],[120.884925,23.919438],[120.884787,23.920102],[120.884305,23.920754],[120.883684,23.921117],[120.882961,23.921243]]]}},
{"type":"Feature","properties":{"ID":5767191,"redListCat":"VU"},"geometry":{"type":"Polygon","coordinates":[[[120.884335,23.925787],[120.883957,23.925098],[120.883911,23.924423],[120.884138,23.923779],[120.884607,23.923258],[120.885252,23.922932],[120.885983,23.922847],[120.886806,23.923067],[120.887373,23.923498],[120.887728,23.924091],[120.887808,23.924876],[120.887581,23.925519],[120.887112,23.926041],[120.88685,23.926208],[120.886511,23.925943],[120.886112,23.925773],[120.885358,23.925635],[120.884335,23.925787]]]}},
{"type":"Feature","properties":{"ID":5767192,"redListCat":"VU"},"geometry":{"type":"Polygon","coordinates":[[[120.882192,23.921101],[120.881469,23.920974],[120.880847,23.920612],[120.880365,23.91996],[120.880227,23.919295],[120.880414,23.918526],[120.880847,23.917979],[120.881469,23.917616],[120.882192,23.917489],[120.882915,23.917616],[120.883536,23.917979],[120.883969,23.918526],[120.884156,23.919295],[120.884018,23.91996],[120.883536,23.920612],[120.882915,23.920974],[120.882192,23.921101]]]}},
{"type":"Feature","properties":{"ID":5767193,"redListCat":"VU"},"geometry":{"type":"Polygon","coordinates":[[[120.788664,23.73315],[120.787829,23.732978],[120.787234,23.73258],[120.78684,23.732009],[120.786703,23.731344],[120.78684,23.730679],[120.787234,23.730108],[120.787829,23.72971],[120.788664,23.729538],[120.789499,23.72971],[120.790094,23.730108],[120.790488,23.730679],[120.790626,23.731344],[120.790488,23.732009],[120.790094,23.73258],[120.789499,23.732978],[120.788664,23.73315]]]}},
{"type":"Feature","properties":{"ID":5767202,"redListCat":"VU"},"geometry":{"type":"Polygon","coordinates":[[[120.881127,23.890701],[120.880404,23.890574],[120.879782,23.890211],[120.879301,23.88956],[120.879163,23.888895],[120.879301,23.88823],[120.879695,23.887659],[120.880291,23.887261],[120.881127,23.887089],[120.881963,23.887261],[120.882558,23.887659],[120.882953,23.88823],[120.883091,23.888895],[120.882953,23.88956],[120.882471,23.890211],[120.88185,23.890574],[120.881127,23.890701]]]}},
{"type":"Feature","properties":{"ID":5767204,"redListCat":"VU"},"geometry":{"type":"Polygon","coordinates":[[[120.978353,23.559667],[120.977519,23.559496],[120.976925,23.559098],[120.976532,23.558526],[120.976395,23.557862],[120.976532,23.557197],[120.977012,23.556545],[120.977632,23.556183],[120.978353,23.556056],[120.979075,23.556183],[120.979694,23.556545],[120.980175,23.557197],[120.980312,23.557862],[120.980175,23.558526],[120.979781,23.559098],[120.979188,23.559496],[120.978353,23.559667]]]}},
{"type":"Feature","properties":{"ID":5767207,"redListCat":"VU"},"geometry":{"type":"Polygon","coordinates":[[[120.917122,23.628612],[120.916288,23.62844],[120.915693,23.628042],[120.9153,23.627471],[120.915162,23.626806],[120.915349,23.626037],[120.915781,23.62549],[120.916401,23.625127],[120.917122,23.625],[120.917844,23.625127],[120.918464,23.62549],[120.918896,23.626037],[120.919082,23.626806],[120.918945,23.627471],[120.918551,23.628042],[120.917957,23.62844],[120.917122,23.628612]]]}},
{"type":"Feature","properties":{"ID":5385919,"redListCat":"VU"},"geometry":{"type":"Polygon","coordinates":[[[120.883272,23.900285],[120.882549,23.900158],[120.881927,23.899795],[120.881495,23.899248],[120.881308,23.898479],[120.881446,23.897814],[120.88184,23.897243],[120.882435,23.896845],[120.883272,23.896673],[120.884108,23.896845],[120.884703,23.897243],[120.885098,23.897814],[120.885236,23.898479],[120.885049,23.899248],[120.884616,23.899795],[120.883995,23.900158],[120.883272,23.900285]]]}},
{"type":"Feature","properties":{"ID":5426730,"redListCat":"VU"},"geometry":{"type":"Polygon","coordinates":[[[121.275937,24.046793],[121.275099,24.046621],[121.274503,24.046224],[121.274108,24.045652],[121.27397,24.044988],[121.274157,24.044219],[121.274591,24.043671],[121.275213,24.043309],[121.275937,24.043182],[121.27666,24.043309],[121.277283,24.043671],[121.277716,24.044219],[121.277903,24.044988],[121.277765,24.045652],[121.27737,24.046224],[121.276774,24.046621],[121.275937,24.046793]]]}},
{"type":"Feature","properties":{"ID":5426771,"redListCat":"VU"},"geometry":{"type":"Polygon","coordinates":[[[121.2513,24.040937],[121.250576,24.040811],[121.249867,24.040368],[121.249472,24.039796],[121.249334,24.039132],[121.249521,24.038363],[121.249954,24.037815],[121.250577,24.037453],[121.2513,24.037326],[121.252024,24.037453],[121.252646,24.037815],[121.253079,24.038363],[121.253266,24.039132],[121.253128,24.039796],[121.252734,24.040368],[121.252024,24.040811],[121.2513,24.040937]]]}},
{"type":"Feature","properties":{"ID":5767212,"redListCat":"VU"},"geometry":{"type":"Polygon","coordinates":[[[120.747231,23.518087],[120.74651,23.51796],[120.74589,23.517597],[120.745459,23.51705],[120.745273,23.516281],[120.74541,23.515616],[120.745803,23.515045],[120.746397,23.514647],[120.747231,23.514475],[120.748065,23.514647],[120.748659,23.515045],[120.749052,23.515616],[120.749189,23.516281],[120.749003,23.51705],[120.748572,23.517597],[120.747952,23.51796],[120.747231,23.518087]]]}},
{"type":"Feature","properties":{"ID":5767214,"redListCat":"VU"},"geometry":{"type":"Polygon","coordinates":[[[120.910946,23.870192],[120.910223,23.870065],[120.909601,23.869702],[120.90912,23.869051],[120.908982,23.868386],[120.90912,23.867721],[120.909514,23.86715],[120.910223,23.866707],[120.910946,23.86658],[120.911668,23.866707],[120.912377,23.86715],[120.912771,23.867721],[120.912909,23.868386],[120.912771,23.869051],[120.91229,23.869702],[120.911668,23.870065],[120.910946,23.870192]]]}},
{"type":"Feature","properties":{"ID":5767215,"redListCat":"VU"},"geometry":{"type":"Polygon","coordinates":[[[121.248664,24.05115],[121.24794,24.051023],[121.247318,24.050661],[121.246836,24.050009],[121.246698,24.049345],[121.246836,24.04868],[121.247231,24.048108],[121.247827,24.047711],[121.248664,24.047539],[121.249501,24.047711],[121.250097,24.048108],[121.250492,24.04868],[121.25063,24.049345],[121.250492,24.050009],[121.25001,24.050661],[121.249388,24.051023],[121.248664,24.05115]]]}},
{"type":"Feature","properties":{"ID":5767219,"redListCat":"VU"},"geometry":{"type":"Polygon","coordinates":[[[120.88188,23.92571],[120.881698,23.924953],[120.881836,23.924288],[120.882231,23.923717],[120.882826,23.923319],[120.883539,23.923151],[120.884386,23.923274],[120.885007,23.923636],[120.88544,23.924184],[120.885627,23.924953],[120.885476,23.925646],[120.88406,23.925815],[120.882466,23.925827],[120.88188,23.92571]]]}},
{"type":"Feature","properties":{"ID":5767220,"redListCat":"VU"},"geometry":{"type":"Polygon","coordinates":[[[120.882368,23.925808],[120.883007,23.925292],[120.88383,23.925072],[120.884676,23.925195],[120.885385,23.925638],[120.88406,23.925815],[120.882368,23.925808]]]}},
{"type":"Feature","properties":{"ID":5767222,"redListCat":"VU"},"geometry":{"type":"Polygon","coordinates":[[[120.881661,23.92097],[120.880825,23.920798],[120.880229,23.9204],[120.879835,23.919829],[120.879697,23.919164],[120.879835,23.918499],[120.88023,23.917928],[120.880825,23.91753],[120.881661,23.917358],[120.882498,23.91753],[120.883093,23.917928],[120.883488,23.918499],[120.883626,23.919164],[120.883488,23.919829],[120.883093,23.9204],[120.882498,23.920798],[120.881661,23.92097]]]}},
{"type":"Feature","properties":{"ID":5767223,"redListCat":"VU"},"geometry":{"type":"Polygon","coordinates":[[[120.890024,23.92773],[120.889301,23.927604],[120.888679,23.927241],[120.888198,23.926589],[120.88806,23.925925],[120.888198,23.92526],[120.888679,23.924608],[120.889301,23.924246],[120.890024,23.924119],[120.890747,23.924246],[120.891369,23.924608],[120.891851,23.92526],[120.891989,23.925925],[120.891851,23.926589],[120.891369,23.927241],[120.890747,23.927604],[120.890024,23.92773]]]}},
{"type":"Feature","properties":{"ID":5767224,"redListCat":"VU"},"geometry":{"type":"Polygon","coordinates":[[[120.888252,23.925353],[120.887416,23.925181],[120.88682,23.924783],[120.886426,23.924212],[120.886288,23.923547],[120.886426,23.922882],[120.88682,23.922311],[120.887529,23.921868],[120.888252,23.921741],[120.888976,23.921868],[120.889684,23.922311],[120.890079,23.922882],[120.890217,23.923547],[120.890079,23.924212],[120.889684,23.924783],[120.889089,23.925181],[120.888252,23.925353]]]}},
{"type":"Feature","properties":{"ID":5767225,"redListCat":"VU"},"geometry":{"type":"Polygon","coordinates":[[[120.887211,23.92656],[120.887726,23.926183],[120.888304,23.925991],[120.888919,23.925974],[120.889619,23.926183],[120.890186,23.926614],[120.890499,23.9271],[120.890633,23.927652],[120.890573,23.928222],[120.890201,23.928131],[120.889783,23.928164],[120.88891,23.928541],[120.888461,23.928531],[120.888155,23.928294],[120.887483,23.926853],[120.887211,23.92656]]]}},
{"type":"Feature","properties":{"ID":13217239,"redListCat":"VU"},"geometry":{"type":"Polygon","coordinates":[[[121.177417,24.09587],[121.176997,24.09521],[121.176905,24.094539],[121.177088,24.093883],[121.177521,24.093336],[121.178144,24.092973],[121.178991,24.09285],[121.179705,24.093018],[121.180302,24.093416],[121.180697,24.093987],[121.180835,24.094652],[121.180648,24.095421],[121.180214,24.095968],[121.179526,24.096353],[121.178843,24.096046],[121.177417,24.09587]]]}},
{"type":"Feature","properties":{"ID":5180491,"redListCat":"VU"},"geometry":{"type":"Polygon","coordinates":[[[121.269529,24.051293],[121.268805,24.051166],[121.268183,24.050804],[121.267701,24.050152],[121.267562,24.049488],[121.267701,24.048823],[121.268095,24.048251],[121.268692,24.047854],[121.269529,24.047682],[121.270366,24.047854],[121.270962,24.048251],[121.271357,24.048823],[121.271495,24.049488],[121.271357,24.050152],[121.270875,24.050804],[121.270253,24.051166],[121.269529,24.051293]]]}},
{"type":"Feature","properties":{"ID":5187520,"redListCat":"VU"},"geometry":{"type":"Polygon","coordinates":[[[121.257533,24.120108],[121.257622,24.119401],[121.257977,24.118808],[121.258655,24.118325],[121.259369,24.118157],[121.260101,24.118242],[121.260839,24.118643],[121.261273,24.11919],[121.261456,24.119846],[121.261425,24.120297],[121.261273,24.120728],[121.261009,24.12111],[121.260566,24.121472],[121.2584,24.120869],[121.257846,24.120457],[121.257533,24.120108]]]}},
{"type":"Feature","properties":{"ID":5194120,"redListCat":"VU"},"geometry":{"type":"Polygon","coordinates":[[[121.279302,24.131947],[121.278578,24.131821],[121.277868,24.131378],[121.277472,24.130806],[121.277334,24.130142],[121.277472,24.129477],[121.277955,24.128825],[121.278578,24.128463],[121.279302,24.128336],[121.280026,24.128463],[121.280649,24.128825],[121.281131,24.129477],[121.281269,24.130142],[121.281131,24.130806],[121.280736,24.131378],[121.280026,24.131821],[121.279302,24.131947]]]}},
{"type":"Feature","properties":{"ID":5385752,"redListCat":"VU"},"geometry":{"type":"Polygon","coordinates":[[[121.253176,24.041261],[121.252339,24.041089],[121.251743,24.040691],[121.251348,24.04012],[121.25121,24.039455],[121.251348,24.03879],[121.251743,24.038219],[121.252339,24.037821],[121.253176,24.037649],[121.254013,24.037821],[121.254609,24.038219],[121.255004,24.03879],[121.255142,24.039455],[121.255004,24.04012],[121.254609,24.040691],[121.254013,24.041089],[121.253176,24.041261]]]}},
{"type":"Feature","properties":{"ID":5547147,"redListCat":"VU"},"geometry":{"type":"Polygon","coordinates":[[[121.270766,24.049495],[121.270042,24.049369],[121.269332,24.048926],[121.268937,24.048354],[121.268799,24.04769],[121.268937,24.047025],[121.269332,24.046454],[121.269928,24.046056],[121.270766,24.045884],[121.271603,24.046056],[121.272199,24.046454],[121.272594,24.047025],[121.272732,24.04769],[121.272594,24.048354],[121.272199,24.048926],[121.27149,24.049369],[121.270766,24.049495]]]}},
{"type":"Feature","properties":{"ID":5631126,"redListCat":"VU"},"geometry":{"type":"Polygon","coordinates":[[[121.258508,24.120891],[121.258059,24.120331],[121.257875,24.119675],[121.257968,24.119004],[121.258405,24.118326],[121.259001,24.117928],[121.259715,24.11776],[121.260447,24.117844],[121.261186,24.118245],[121.261619,24.118793],[121.261806,24.119562],[121.261668,24.120226],[121.261273,24.120798],[121.260787,24.121144],[121.260099,24.121351],[121.258508,24.120891]]]}},
{"type":"Feature","properties":{"ID":5831990,"redListCat":"VU"},"geometry":{"type":"Polygon","coordinates":[[[121.216367,24.11564],[121.216706,24.115089],[121.217274,24.114657],[121.217976,24.114448],[121.218711,24.114491],[121.219378,24.114779],[121.219883,24.115272],[121.220155,24.115901],[121.220155,24.116576],[121.218968,24.116265],[121.217619,24.116062],[121.216367,24.11564]]]}},
{"type":"Feature","properties":{"ID":5831991,"redListCat":"VU"},"geometry":{"type":"Polygon","coordinates":[[[121.228221,24.049537],[121.227497,24.04941],[121.226788,24.048967],[121.226393,24.048396],[121.226255,24.047731],[121.226393,24.047067],[121.226788,24.046495],[121.227497,24.046052],[121.228221,24.045926],[121.228945,24.046052],[121.229654,24.046495],[121.230049,24.047067],[121.230187,24.047731],[121.230049,24.048396],[121.229654,24.048967],[121.228945,24.04941],[121.228221,24.049537]]]}},
{"type":"Feature","properties":{"ID":5831992,"redListCat":"VU"},"geometry":{"type":"Polygon","coordinates":[[[121.283821,24.134528],[121.284038,24.133944],[121.284416,24.133498],[121.284925,24.133181],[121.285516,24.133023],[121.286131,24.133041],[121.28671,24.133232],[121.287197,24.133578],[121.287565,24.134092],[121.284702,24.134383],[121.283821,24.134528]]]}},
{"type":"Feature","properties":{"ID":5831994,"redListCat":"VU"},"geometry":{"type":"Polygon","coordinates":[[[121.24239,24.120911],[121.242516,24.120436],[121.24283,24.11995],[121.243291,24.119576],[121.243856,24.119352],[121.244469,24.119299],[121.24507,24.119422],[121.2456,24.11971],[121.245945,24.12005],[121.244537,24.120639],[121.244282,24.120899],[121.243476,24.121072],[121.24302,24.121084],[121.24239,24.120911]]]}},
{"type":"Feature","properties":{"ID":12606390,"redListCat":"VU"},"geometry":{"type":"Polygon","coordinates":[[[121.282456,24.134947],[121.281673,24.13473],[121.281105,24.134299],[121.28075,24.133706],[121.280658,24.133035],[121.280841,24.132379],[121.281367,24.131757],[121.282013,24.131431],[121.282745,24.131346],[121.283459,24.131514],[121.284056,24.131912],[121.284493,24.13259],[121.284585,24.133261],[121.284402,24.133917],[121.283913,24.134509],[121.282456,24.134947]]]}},
{"type":"Feature","properties":{"ID":13216043,"redListCat":"VU"},"geometry":{"type":"Polygon","coordinates":[[[121.262717,24.052368],[121.26188,24.052197],[121.261284,24.051799],[121.260889,24.051227],[121.260751,24.050563],[121.260938,24.049794],[121.261371,24.049246],[121.261994,24.048884],[121.262717,24.048757],[121.263441,24.048884],[121.264063,24.049246],[121.264497,24.049794],[121.264684,24.050563],[121.264546,24.051227],[121.264151,24.051799],[121.263555,24.052197],[121.262717,24.052368]]]}},
{"type":"Feature","properties":{"ID":5831401,"redListCat":"VU"},"geometry":{"type":"Polygon","coordinates":[[[120.811348,23.564446],[120.810626,23.564319],[120.810007,23.563956],[120.809575,23.563409],[120.809389,23.56264],[120.809526,23.561975],[120.810007,23.561323],[120.810626,23.560961],[120.811348,23.560834],[120.812069,23.560961],[120.812689,23.561323],[120.813169,23.561975],[120.813307,23.56264],[120.81312,23.563409],[120.812689,23.563956],[120.812069,23.564319],[120.811348,23.564446]]]}},
{"type":"Feature","properties":{"ID":6313846,"redListCat":"VU"},"geometry":{"type":"Polygon","coordinates":[[[120.6638,23.570233],[120.663079,23.570106],[120.662459,23.569743],[120.661979,23.569091],[120.661841,23.568427],[120.661979,23.567762],[120.662459,23.56711],[120.663079,23.566748],[120.6638,23.566621],[120.664522,23.566748],[120.665142,23.56711],[120.665622,23.567762],[120.66576,23.568427],[120.665622,23.569091],[120.665142,23.569743],[120.664522,23.570106],[120.6638,23.570233]]]}},
{"type":"Feature","properties":{"ID":5409479,"redListCat":"VU"},"geometry":{"type":"Polygon","coordinates":[[[120.769034,23.528813],[120.768313,23.528686],[120.767694,23.528324],[120.767262,23.527776],[120.767076,23.527007],[120.767213,23.526343],[120.767694,23.525691],[120.768313,23.525328],[120.769034,23.525201],[120.769755,23.525328],[120.770375,23.525691],[120.770855,23.526343],[120.770993,23.527007],[120.770806,23.527776],[120.770375,23.528324],[120.769755,23.528686],[120.769034,23.528813]]]}},
{"type":"Feature","properties":{"ID":5806941,"redListCat":"VU"},"geometry":{"type":"Polygon","coordinates":[[[120.890498,23.652121],[120.889663,23.651949],[120.889069,23.651551],[120.888675,23.65098],[120.888537,23.650315],[120.888724,23.649546],[120.889156,23.648999],[120.889776,23.648636],[120.890498,23.648509],[120.891219,23.648636],[120.89184,23.648999],[120.892271,23.649546],[120.892458,23.650315],[120.89232,23.65098],[120.891927,23.651551],[120.891332,23.651949],[120.890498,23.652121]]]}},
{"type":"Feature","properties":{"ID":5167335,"redListCat":"VU"},"geometry":{"type":"Polygon","coordinates":[[[120.949127,23.4814],[120.948406,23.481273],[120.947787,23.480911],[120.947356,23.480363],[120.947169,23.479594],[120.947307,23.478929],[120.9477,23.478358],[120.948406,23.477915],[120.949127,23.477788],[120.949848,23.477915],[120.950554,23.478358],[120.950947,23.478929],[120.951085,23.479594],[120.950899,23.480363],[120.950467,23.480911],[120.949848,23.481273],[120.949127,23.4814]]]}},
{"type":"Feature","properties":{"ID":5168015,"redListCat":"VU"},"geometry":{"type":"Polygon","coordinates":[[[120.941674,23.469969],[120.941913,23.47055],[120.941932,23.471115],[120.941762,23.471658],[120.941417,23.472125],[120.940933,23.472471],[120.940236,23.47268],[120.939623,23.472663],[120.939029,23.472461],[120.939714,23.472089],[120.940496,23.471457],[120.941674,23.469969]]]}},
{"type":"Feature","properties":{"ID":5176672,"redListCat":"VU"},"geometry":{"type":"Polygon","coordinates":[[[120.931842,23.470883],[120.931784,23.471433],[120.93154,23.471952],[120.931135,23.472376],[120.930608,23.472663],[120.93001,23.472787],[120.929401,23.472733],[120.928838,23.472509],[120.92846,23.47222],[120.929619,23.471523],[120.930287,23.471259],[120.931476,23.470923],[120.931842,23.470883]]]}},
{"type":"Feature","properties":{"ID":5179044,"redListCat":"VU"},"geometry":{"type":"Polygon","coordinates":[[[121.089642,23.522255],[121.088809,23.522083],[121.088215,23.521685],[121.087821,23.521114],[121.087684,23.520449],[121.087822,23.519784],[121.088215,23.519213],[121.088809,23.518815],[121.089642,23.518643],[121.090476,23.518815],[121.09107,23.519213],[121.091463,23.519784],[121.091601,23.520449],[121.091463,23.521114],[121.09107,23.521685],[121.090476,23.522083],[121.089642,23.522255]]]}},
{"type":"Feature","properties":{"ID":5179059,"redListCat":"VU"},"geometry":{"type":"Polygon","coordinates":[[[121.059584,23.522155],[121.05875,23.521983],[121.058156,23.521586],[121.057763,23.521014],[121.057626,23.520349],[121.057763,23.519685],[121.058156,23.519113],[121.05875,23.518716],[121.059584,23.518544],[121.060418,23.518716],[121.061012,23.519113],[121.061405,23.519685],[121.061542,23.520349],[121.061405,23.521014],[121.061012,23.521586],[121.060418,23.521983],[121.059584,23.522155]]]}},
{"type":"Feature","properties":{"ID":5179084,"redListCat":"VU"},"geometry":{"type":"Polygon","coordinates":[[[121.020361,23.492043],[121.019691,23.492335],[121.018959,23.492378],[121.018261,23.492169],[121.017733,23.491777],[121.018167,23.491747],[121.020361,23.492043]]]}},
{"type":"Feature","properties":{"ID":5179095,"redListCat":"VU"},"geometry":{"type":"Polygon","coordinates":[[[121.080511,23.521969],[121.079677,23.521798],[121.079083,23.5214],[121.07869,23.520828],[121.078552,23.520164],[121.07869,23.519499],[121.07917,23.518847],[121.07979,23.518485],[121.080511,23.518358],[121.081232,23.518485],[121.081851,23.518847],[121.082332,23.519499],[121.082469,23.520164],[121.082332,23.520828],[121.081938,23.5214],[121.081345,23.521798],[121.080511,23.521969]]]}},
{"type":"Feature","properties":{"ID":5179143,"redListCat":"VU"},"geometry":{"type":"Polygon","coordinates":[[[121.041892,23.491195],[121.041322,23.491425],[121.040712,23.491478],[121.040114,23.491355],[121.039647,23.491111],[121.040792,23.491144],[121.041892,23.491195]]]}},
{"type":"Feature","properties":{"ID":5180623,"redListCat":"VU"},"geometry":{"type":"Polygon","coordinates":[[[120.949633,23.471311],[120.948912,23.471184],[120.948293,23.470822],[120.947862,23.470274],[120.947675,23.469505],[120.947813,23.468841],[120.948206,23.468269],[120.948912,23.467826],[120.949633,23.467699],[120.950354,23.467826],[120.95106,23.468269],[120.951453,23.468841],[120.951591,23.469505],[120.951404,23.470274],[120.950973,23.470822],[120.950354,23.471184],[120.949633,23.471311]]]}},
{"type":"Feature","properties":{"ID":5188346,"redListCat":"VU"},"geometry":{"type":"Polygon","coordinates":[[[121.328473,24.111599],[121.328327,24.111241],[121.328266,24.110811],[121.328587,24.111018],[121.328473,24.111599]]]}},
{"type":"Feature","properties":{"ID":5788852,"redListCat":"VU"},"geometry":{"type":"Polygon","coordinates":[[[120.906109,23.476359],[120.90567,23.476488],[120.905181,23.476516],[120.904699,23.476432],[120.904221,23.476218],[120.905393,23.476329],[120.906109,23.476359]]]}},
{"type":"Feature","properties":{"ID":5788853,"redListCat":"VU"},"geometry":{"type":"Polygon","coordinates":[[[120.874229,23.512119],[120.873508,23.511993],[120.872888,23.51163],[120.872408,23.510978],[120.872271,23.510314],[120.872408,23.509649],[120.872801,23.509077],[120.873395,23.50868],[120.874229,23.508508],[120.875063,23.50868],[120.875656,23.509077],[120.87605,23.509649],[120.876187,23.510314],[120.87605,23.510978],[120.875569,23.51163],[120.87495,23.511993],[120.874229,23.512119]]]}},
{"type":"Feature","properties":{"ID":5788854,"redListCat":"VU"},"geometry":{"type":"Polygon","coordinates":[[[120.889239,23.652138],[120.888405,23.651966],[120.88781,23.651568],[120.887417,23.650997],[120.887279,23.650332],[120.887417,23.649667],[120.887897,23.649016],[120.888518,23.648653],[120.889239,23.648526],[120.889961,23.648653],[120.890581,23.649016],[120.891062,23.649667],[120.8912,23.650332],[120.891062,23.650997],[120.890668,23.651568],[120.890074,23.651966],[120.889239,23.652138]]]}},
{"type":"Feature","properties":{"ID":6028941,"redListCat":"VU"},"geometry":{"type":"Polygon","coordinates":[[[120.959954,23.483895],[120.959489,23.483666],[120.959131,23.483356],[120.958868,23.482974],[120.958717,23.482543],[120.958686,23.482091],[120.958778,23.481647],[120.958987,23.481237],[120.959339,23.480856],[120.959922,23.482927],[120.959998,23.483476],[120.959954,23.483895]]]}},
{"type":"Feature","properties":{"ID":5821174,"redListCat":"VU"},"geometry":{"type":"Polygon","coordinates":[[[120.883847,23.917359],[120.883124,23.917233],[120.882415,23.91679],[120.88202,23.916218],[120.881882,23.915554],[120.88202,23.914889],[120.882502,23.914237],[120.883124,23.913875],[120.883847,23.913748],[120.88457,23.913875],[120.885191,23.914237],[120.885673,23.914889],[120.885811,23.915554],[120.885673,23.916218],[120.885279,23.91679],[120.88457,23.917233],[120.883847,23.917359]]]}},
{"type":"Feature","properties":{"ID":5807586,"redListCat":"VU"},"geometry":{"type":"Polygon","coordinates":[[[120.900016,23.8607],[120.899293,23.860573],[120.898584,23.86013],[120.89819,23.859559],[120.898052,23.858894],[120.898239,23.858125],[120.898672,23.857578],[120.899293,23.857215],[120.900016,23.857088],[120.900738,23.857215],[120.90136,23.857578],[120.901792,23.858125],[120.901979,23.858894],[120.901841,23.859559],[120.901447,23.86013],[120.900738,23.860573],[120.900016,23.8607]]]}},
{"type":"Feature","properties":{"ID":5807796,"redListCat":"VU"},"geometry":{"type":"Polygon","coordinates":[[[120.910456,23.870173],[120.909733,23.870046],[120.909111,23.869683],[120.90863,23.869032],[120.908492,23.868367],[120.90863,23.867702],[120.909024,23.867131],[120.909733,23.866688],[120.910456,23.866561],[120.911178,23.866688],[120.911887,23.867131],[120.912281,23.867702],[120.912419,23.868367],[120.912281,23.869032],[120.9118,23.869683],[120.911178,23.870046],[120.910456,23.870173]]]}},
{"type":"Feature","properties":{"ID":5807797,"redListCat":"VU"},"geometry":{"type":"Polygon","coordinates":[[[120.795033,23.671121],[120.794311,23.670994],[120.793691,23.670631],[120.793259,23.670084],[120.793072,23.669315],[120.79321,23.66865],[120.793691,23.667999],[120.794311,23.667636],[120.795033,23.667509],[120.795755,23.667636],[120.796375,23.667999],[120.796856,23.66865],[120.796993,23.669315],[120.796807,23.670084],[120.796375,23.670631],[120.795755,23.670994],[120.795033,23.671121]]]}},
{"type":"Feature","properties":{"ID":6022978,"redListCat":"VU"},"geometry":{"type":"Polygon","coordinates":[[[120.736887,23.59509],[120.736166,23.594963],[120.735546,23.5946],[120.735114,23.594053],[120.734927,23.593284],[120.735065,23.592619],[120.735459,23.592048],[120.736166,23.591605],[120.736887,23.591478],[120.737608,23.591605],[120.738315,23.592048],[120.738709,23.592619],[120.738846,23.593284],[120.73866,23.594053],[120.738228,23.5946],[120.737608,23.594963],[120.736887,23.59509]]]}},
{"type":"Feature","properties":{"ID":6052497,"redListCat":"VU"},"geometry":{"type":"Polygon","coordinates":[[[120.775536,23.576643],[120.774815,23.576516],[120.774195,23.576154],[120.773763,23.575606],[120.773577,23.574837],[120.773714,23.574173],[120.774195,23.573521],[120.774815,23.573158],[120.775536,23.573032],[120.776257,23.573158],[120.776877,23.573521],[120.777357,23.574173],[120.777495,23.574837],[120.777309,23.575606],[120.776877,23.576154],[120.776257,23.576516],[120.775536,23.576643]]]}},
{"type":"Feature","properties":{"ID":6312789,"redListCat":"VU"},"geometry":{"type":"Polygon","coordinates":[[[120.776822,23.516362],[120.776102,23.516235],[120.775395,23.515792],[120.775002,23.515221],[120.774864,23.514556],[120.775002,23.513891],[120.775482,23.51324],[120.776102,23.512877],[120.776822,23.51275],[120.777543,23.512877],[120.778163,23.51324],[120.778643,23.513891],[120.778781,23.514556],[120.778643,23.515221],[120.77825,23.515792],[120.777543,23.516235],[120.776822,23.516362]]]}},
{"type":"Feature","properties":{"ID":5167618,"redListCat":"VU"},"geometry":{"type":"Polygon","coordinates":[[[120.941847,23.469812],[120.942066,23.470361],[120.942085,23.470926],[120.941914,23.471468],[120.94157,23.471935],[120.941086,23.472282],[120.94051,23.472473],[120.939897,23.472491],[120.939311,23.472334],[120.940496,23.471457],[120.941847,23.469812]]]}},
{"type":"Feature","properties":{"ID":5169665,"redListCat":"VU"},"geometry":{"type":"Polygon","coordinates":[[[120.910595,23.482054],[120.909874,23.481927],[120.909255,23.481565],[120.908774,23.480913],[120.908637,23.480248],[120.908774,23.479583],[120.909255,23.478932],[120.909874,23.478569],[120.910595,23.478442],[120.911315,23.478569],[120.911935,23.478932],[120.912415,23.479583],[120.912553,23.480248],[120.912415,23.480913],[120.911935,23.481565],[120.911315,23.481927],[120.910595,23.482054]]]}},
{"type":"Feature","properties":{"ID":5176760,"redListCat":"VU"},"geometry":{"type":"Polygon","coordinates":[[[120.931214,23.471001],[120.930785,23.471665],[120.930191,23.472062],[120.929481,23.472231],[120.928642,23.472109],[120.929619,23.471523],[120.931214,23.471001]]]}},
{"type":"Feature","properties":{"ID":5789247,"redListCat":"VU"},"geometry":{"type":"Polygon","coordinates":[[[121.211588,24.11206],[121.211627,24.111341],[121.211941,24.110728],[121.212585,24.110207],[121.213286,24.109998],[121.214022,24.110041],[121.214689,24.110329],[121.215256,24.11092],[121.215484,24.111564],[121.215438,24.112239],[121.215124,24.112851],[121.21448,24.113372],[121.213779,24.113581],[121.213,24.113527],[121.212654,24.112915],[121.211588,24.11206]]]}},
{"type":"Feature","properties":{"ID":6312700,"redListCat":"VU"},"geometry":{"type":"Polygon","coordinates":[[[120.893268,23.495991],[120.892547,23.495864],[120.891841,23.495421],[120.891447,23.49485],[120.89131,23.494185],[120.891447,23.49352],[120.891841,23.492949],[120.892547,23.492506],[120.893268,23.492379],[120.893989,23.492506],[120.894695,23.492949],[120.895088,23.49352],[120.895226,23.494185],[120.895088,23.49485],[120.894695,23.495421],[120.893989,23.495864],[120.893268,23.495991]]]}},
{"type":"Feature","properties":{"ID":5416762,"redListCat":"VU"},"geometry":{"type":"Polygon","coordinates":[[[120.78114,23.638146],[120.780418,23.638019],[120.779798,23.637657],[120.779366,23.637109],[120.77918,23.63634],[120.779317,23.635676],[120.779798,23.635024],[120.780418,23.634661],[120.78114,23.634535],[120.781861,23.634661],[120.782481,23.635024],[120.782962,23.635676],[120.7831,23.63634],[120.782913,23.637109],[120.782481,23.637657],[120.781861,23.638019],[120.78114,23.638146]]]}},
{"type":"Feature","properties":{"ID":5831527,"redListCat":"VU"},"geometry":{"type":"Polygon","coordinates":[[[120.812998,23.556312],[120.812164,23.55614],[120.81157,23.555742],[120.811177,23.555171],[120.811039,23.554506],[120.811177,23.553841],[120.811657,23.55319],[120.812277,23.552827],[120.812998,23.5527],[120.813719,23.552827],[120.814339,23.55319],[120.814819,23.553841],[120.814957,23.554506],[120.814819,23.555171],[120.814426,23.555742],[120.813832,23.55614],[120.812998,23.556312]]]}},
{"type":"Feature","properties":{"ID":5831528,"redListCat":"VU"},"geometry":{"type":"Polygon","coordinates":[[[120.776857,23.667993],[120.776135,23.667866],[120.775428,23.667423],[120.775034,23.666852],[120.774896,23.666187],[120.775083,23.665418],[120.775515,23.664871],[120.776135,23.664508],[120.776857,23.664381],[120.777578,23.664508],[120.778199,23.664871],[120.778631,23.665418],[120.778817,23.666187],[120.77868,23.666852],[120.778286,23.667423],[120.777578,23.667866],[120.776857,23.667993]]]}},
{"type":"Feature","properties":{"ID":5831530,"redListCat":"VU"},"geometry":{"type":"Polygon","coordinates":[[[120.781238,23.644178],[120.780517,23.644051],[120.779809,23.643608],[120.779416,23.643037],[120.779278,23.642372],[120.779416,23.641707],[120.779809,23.641136],[120.780517,23.640693],[120.781238,23.640566],[120.78196,23.640693],[120.782667,23.641136],[120.783061,23.641707],[120.783198,23.642372],[120.783061,23.643037],[120.782667,23.643608],[120.78196,23.644051],[120.781238,23.644178]]]}},
{"type":"Feature","properties":{"ID":5831531,"redListCat":"VU"},"geometry":{"type":"Polygon","coordinates":[[[120.793863,23.638717],[120.793142,23.63859],[120.792435,23.638147],[120.792041,23.637576],[120.791903,23.636911],[120.792041,23.636246],[120.792522,23.635595],[120.793142,23.635232],[120.793863,23.635105],[120.794585,23.635232],[120.795205,23.635595],[120.795686,23.636246],[120.795824,23.636911],[120.795686,23.637576],[120.795292,23.638147],[120.794585,23.63859],[120.793863,23.638717]]]}},
{"type":"Feature","properties":{"ID":5831532,"redListCat":"VU"},"geometry":{"type":"Polygon","coordinates":[[[120.799897,23.631195],[120.799175,23.631068],[120.798555,23.630705],[120.798075,23.630054],[120.797937,23.629389],[120.798075,23.628724],[120.798468,23.628153],[120.799175,23.62771],[120.799897,23.627583],[120.800618,23.62771],[120.801326,23.628153],[120.801719,23.628724],[120.801857,23.629389],[120.801719,23.630054],[120.801239,23.630705],[120.800619,23.631068],[120.799897,23.631195]]]}},
{"type":"Feature","properties":{"ID":5912368,"redListCat":"VU"},"geometry":{"type":"Polygon","coordinates":[[[120.776581,23.667682],[120.775859,23.667555],[120.775152,23.667112],[120.774758,23.666541],[120.77462,23.665876],[120.774758,23.665211],[120.775152,23.66464],[120.775859,23.664197],[120.776581,23.66407],[120.777302,23.664197],[120.77801,23.66464],[120.778404,23.665211],[120.778541,23.665876],[120.778404,23.666541],[120.77801,23.667112],[120.777302,23.667555],[120.776581,23.667682]]]}},
{"type":"Feature","properties":{"ID":5923917,"redListCat":"VU"},"geometry":{"type":"Polygon","coordinates":[[[120.780929,23.645633],[120.780207,23.645506],[120.779587,23.645143],[120.779155,23.644596],[120.778969,23.643827],[120.779155,23.643058],[120.779587,23.64251],[120.780207,23.642148],[120.780929,23.642021],[120.781651,23.642148],[120.782271,23.64251],[120.782703,23.643058],[120.782889,23.643827],[120.782703,23.644596],[120.782271,23.645143],[120.781651,23.645506],[120.780929,23.645633]]]}},
{"type":"Feature","properties":{"ID":5168085,"redListCat":"VU"},"geometry":{"type":"Polygon","coordinates":[[[121.308661,24.120763],[121.308138,24.120259],[121.307867,24.11963],[121.307867,24.118953],[121.308208,24.11823],[121.308745,24.117767],[121.309431,24.117518],[121.310168,24.117518],[121.310956,24.117831],[121.311315,24.118141],[121.31158,24.118523],[121.311732,24.118953],[121.311765,24.119353],[121.311232,24.119601],[121.310149,24.119901],[121.309218,24.120382],[121.308661,24.120763]]]}},
{"type":"Feature","properties":{"ID":5831569,"redListCat":"VU"},"geometry":{"type":"Polygon","coordinates":[[[120.944641,23.468249],[120.944283,23.468856],[120.943718,23.469288],[120.94302,23.469497],[120.942307,23.469458],[120.943139,23.46897],[120.944641,23.468249]]]}},
{"type":"Feature","properties":{"ID":5831573,"redListCat":"VU"},"geometry":{"type":"Polygon","coordinates":[[[121.23586,24.118022],[121.235695,24.117298],[121.235833,24.116634],[121.236228,24.116062],[121.236824,24.115664],[121.237538,24.115496],[121.23827,24.115581],[121.238916,24.115907],[121.239442,24.11653],[121.239625,24.117185],[121.239533,24.117856],[121.239178,24.118449],[121.2385,24.118932],[121.237952,24.119084],[121.237032,24.118791],[121.236325,24.118226],[121.23586,24.118022]]]}},
{"type":"Feature","properties":{"ID":5831574,"redListCat":"VU"},"geometry":{"type":"Polygon","coordinates":[[[121.247883,24.118812],[121.247645,24.118059],[121.247738,24.117388],[121.248093,24.116795],[121.248661,24.116363],[121.249362,24.116154],[121.250098,24.116197],[121.250863,24.116554],[121.251333,24.117076],[121.251541,24.117607],[121.251543,24.118273],[121.249565,24.118428],[121.247883,24.118812]]]}},
{"type":"Feature","properties":{"ID":5923794,"redListCat":"VU"},"geometry":{"type":"Polygon","coordinates":[[[120.945613,23.467662],[120.945519,23.468162],[120.94531,23.468572],[120.944998,23.468921],[120.944601,23.469187],[120.944144,23.469353],[120.943658,23.46941],[120.943171,23.469353],[120.942734,23.469196],[120.944542,23.468312],[120.945613,23.467662]]]}},
{"type":"Feature","properties":{"ID":6312705,"redListCat":"VU"},"geometry":{"type":"Polygon","coordinates":[[[120.892427,23.495833],[120.891706,23.495706],[120.891,23.495263],[120.890606,23.494692],[120.890469,23.494027],[120.890606,23.493362],[120.891,23.492791],[120.891706,23.492348],[120.892427,23.492221],[120.893148,23.492348],[120.893854,23.492791],[120.894247,23.493362],[120.894385,23.494027],[120.894247,23.494692],[120.893854,23.495263],[120.893148,23.495706],[120.892427,23.495833]]]}},
{"type":"Feature","properties":{"ID":13212583,"redListCat":"VU"},"geometry":{"type":"Polygon","coordinates":[[[120.894009,23.495634],[120.893288,23.495507],[120.892669,23.495144],[120.892237,23.494597],[120.892051,23.493828],[120.892188,23.493163],[120.892582,23.492592],[120.893288,23.492149],[120.894009,23.492022],[120.89473,23.492149],[120.895436,23.492592],[120.895829,23.493163],[120.895967,23.493828],[120.895781,23.494597],[120.895349,23.495144],[120.89473,23.495507],[120.894009,23.495634]]]}},
{"type":"Feature","properties":{"ID":5835029,"redListCat":"VU"},"geometry":{"type":"Polygon","coordinates":[[[120.812381,23.555409],[120.811659,23.555282],[120.81104,23.554919],[120.810559,23.554268],[120.810422,23.553603],[120.810559,23.552938],[120.81104,23.552287],[120.811659,23.551924],[120.812381,23.551797],[120.813102,23.551924],[120.813721,23.552287],[120.814202,23.552938],[120.814339,23.553603],[120.814202,23.554268],[120.813721,23.554919],[120.813102,23.555282],[120.812381,23.555409]]]}},
{"type":"Feature","properties":{"ID":5835037,"redListCat":"VU"},"geometry":{"type":"Polygon","coordinates":[[[120.889887,23.651839],[120.889053,23.651667],[120.888458,23.651269],[120.888065,23.650698],[120.887927,23.650033],[120.888114,23.649264],[120.888545,23.648717],[120.889166,23.648354],[120.889887,23.648227],[120.890609,23.648354],[120.891229,23.648717],[120.891661,23.649264],[120.891848,23.650033],[120.89171,23.650698],[120.891316,23.651269],[120.890722,23.651667],[120.889887,23.651839]]]}},
{"type":"Feature","properties":{"ID":5835040,"redListCat":"VU"},"geometry":{"type":"Polygon","coordinates":[[[120.678333,23.511661],[120.677612,23.511534],[120.676993,23.511172],[120.676561,23.510624],[120.676375,23.509855],[120.676512,23.509191],[120.676993,23.508539],[120.677612,23.508176],[120.678333,23.508049],[120.679054,23.508176],[120.679674,23.508539],[120.680154,23.509191],[120.680291,23.509855],[120.680105,23.510624],[120.679674,23.511172],[120.679054,23.511534],[120.678333,23.511661]]]}},
{"type":"Feature","properties":{"ID":5916858,"redListCat":"VU"},"geometry":{"type":"Polygon","coordinates":[[[120.678915,23.511277],[120.678194,23.51115],[120.677487,23.510707],[120.677094,23.510136],[120.676956,23.509471],[120.677094,23.508806],[120.677574,23.508155],[120.678194,23.507792],[120.678915,23.507665],[120.679636,23.507792],[120.680255,23.508155],[120.680735,23.508806],[120.680873,23.509471],[120.680735,23.510136],[120.680342,23.510707],[120.679636,23.51115],[120.678915,23.511277]]]}},
{"type":"Feature","properties":{"ID":5912399,"redListCat":"VU"},"geometry":{"type":"Polygon","coordinates":[[[120.513345,24.156509],[120.513354,24.156141],[120.513477,24.155703],[120.513714,24.155306],[120.514052,24.154976],[120.514469,24.154734],[120.514938,24.154594],[120.5158,24.15462],[120.515536,24.155179],[120.513345,24.156509]]]}},
{"type":"Feature","properties":{"ID":5770798,"redListCat":"VU"},"geometry":{"type":"Polygon","coordinates":[[[121.056488,23.920618],[121.055651,23.920446],[121.055056,23.920048],[121.054661,23.919477],[121.054523,23.918812],[121.054661,23.918147],[121.055056,23.917576],[121.055651,23.917178],[121.056488,23.917006],[121.057324,23.917178],[121.05792,23.917576],[121.058314,23.918147],[121.058452,23.918812],[121.058314,23.919477],[121.05792,23.920048],[121.057324,23.920446],[121.056488,23.920618]]]}},
{"type":"Feature","properties":{"ID":5770799,"redListCat":"VU"},"geometry":{"type":"Polygon","coordinates":[[[120.749646,23.701825],[120.748924,23.701699],[120.748303,23.701336],[120.747822,23.700684],[120.747685,23.70002],[120.747822,23.699355],[120.748216,23.698783],[120.748811,23.698386],[120.749646,23.698214],[120.750481,23.698386],[120.751075,23.698783],[120.751469,23.699355],[120.751607,23.70002],[120.751469,23.700684],[120.750988,23.701336],[120.750368,23.701699],[120.749646,23.701825]]]}},
{"type":"Feature","properties":{"ID":5770800,"redListCat":"VU"},"geometry":{"type":"Polygon","coordinates":[[[120.799304,23.673775],[120.798582,23.673648],[120.797875,23.673206],[120.797481,23.672634],[120.797344,23.671969],[120.797481,23.671305],[120.797875,23.670733],[120.798469,23.670336],[120.799304,23.670164],[120.800139,23.670336],[120.800733,23.670733],[120.801127,23.671305],[120.801265,23.671969],[120.801127,23.672634],[120.800733,23.673206],[120.800026,23.673648],[120.799304,23.673775]]]}},
{"type":"Feature","properties":{"ID":5770801,"redListCat":"VU"},"geometry":{"type":"Polygon","coordinates":[[[120.870028,23.836097],[120.869305,23.83597],[120.868684,23.835607],[120.868251,23.83506],[120.868065,23.834291],[120.868202,23.833626],[120.868684,23.832974],[120.869305,23.832612],[120.870028,23.832485],[120.87075,23.832612],[120.871371,23.832974],[120.871853,23.833626],[120.871991,23.834291],[120.871804,23.83506],[120.871371,23.835607],[120.87075,23.83597],[120.870028,23.836097]]]}},
{"type":"Feature","properties":{"ID":5770803,"redListCat":"VU"},"geometry":{"type":"Polygon","coordinates":[[[120.732986,23.665414],[120.732264,23.665287],[120.731643,23.664924],[120.731212,23.664377],[120.731025,23.663608],[120.731163,23.662943],[120.731644,23.662291],[120.732264,23.661929],[120.732986,23.661802],[120.733707,23.661929],[120.734328,23.662291],[120.734808,23.662943],[120.734946,23.663608],[120.734759,23.664377],[120.734328,23.664924],[120.733707,23.665287],[120.732986,23.665414]]]}},
{"type":"Feature","properties":{"ID":6312528,"redListCat":"VU"},"geometry":{"type":"Polygon","coordinates":[[[120.662977,23.53777],[120.662143,23.537598],[120.661549,23.5372],[120.661156,23.536628],[120.661018,23.535964],[120.661156,23.535299],[120.661549,23.534727],[120.662256,23.534285],[120.662977,23.534158],[120.663698,23.534285],[120.664404,23.534727],[120.664798,23.535299],[120.664935,23.535964],[120.664798,23.536628],[120.664404,23.5372],[120.663811,23.537598],[120.662977,23.53777]]]}},
{"type":"Feature","properties":{"ID":9948014,"redListCat":"VU"},"geometry":{"type":"Polygon","coordinates":[[[120.686633,23.610606],[120.685911,23.61048],[120.685291,23.610117],[120.684811,23.609465],[120.684673,23.608801],[120.684811,23.608136],[120.685204,23.607564],[120.685911,23.607122],[120.686633,23.606995],[120.687354,23.607122],[120.688061,23.607564],[120.688455,23.608136],[120.688592,23.608801],[120.688455,23.609465],[120.687974,23.610117],[120.687354,23.61048],[120.686633,23.610606]]]}},
{"type":"Feature","properties":{"ID":5798599,"redListCat":"VU"},"geometry":{"type":"Polygon","coordinates":[[[120.778944,23.834303],[120.778222,23.834176],[120.777601,23.833813],[120.777168,23.833266],[120.776981,23.832497],[120.777119,23.831832],[120.777601,23.831181],[120.778222,23.830818],[120.778944,23.830691],[120.779667,23.830818],[120.780288,23.831181],[120.78077,23.831832],[120.780907,23.832497],[120.780721,23.833266],[120.780288,23.833813],[120.779667,23.834176],[120.778944,23.834303]]]}},
{"type":"Feature","properties":{"ID":5798610,"redListCat":"VU"},"geometry":{"type":"Polygon","coordinates":[[[120.912306,23.870059],[120.911583,23.869932],[120.910962,23.86957],[120.91048,23.868918],[120.910342,23.868253],[120.91048,23.867589],[120.910874,23.867017],[120.911583,23.866574],[120.912306,23.866448],[120.913029,23.866574],[120.913737,23.867017],[120.914132,23.867589],[120.914269,23.868253],[120.914132,23.868918],[120.91365,23.86957],[120.913029,23.869932],[120.912306,23.870059]]]}},
{"type":"Feature","properties":{"ID":5797401,"redListCat":"VU"},"geometry":{"type":"Polygon","coordinates":[[[120.725166,23.816125],[120.724444,23.815998],[120.723736,23.815555],[120.723342,23.814983],[120.723204,23.814319],[120.723391,23.81355],[120.723823,23.813002],[120.724444,23.81264],[120.725166,23.812513],[120.725889,23.81264],[120.72651,23.813002],[120.726942,23.81355],[120.727129,23.814319],[120.726991,23.814983],[120.726597,23.815555],[120.725889,23.815998],[120.725166,23.816125]]]}},
{"type":"Feature","properties":{"ID":5833907,"redListCat":"VU"},"geometry":{"type":"Polygon","coordinates":[[[120.622305,23.8934],[120.621582,23.893273],[120.620961,23.89291],[120.620479,23.892259],[120.620341,23.891594],[120.620479,23.890929],[120.620874,23.890358],[120.621582,23.889915],[120.622305,23.889788],[120.623028,23.889915],[120.623737,23.890358],[120.624131,23.890929],[120.624269,23.891594],[120.624131,23.892259],[120.62365,23.89291],[120.623028,23.893273],[120.622305,23.8934]]]}},
{"type":"Feature","properties":{"ID":5165600,"redListCat":"VU"},"geometry":{"type":"Polygon","coordinates":[[[120.779264,23.671968],[120.778542,23.671841],[120.777921,23.671478],[120.777441,23.670827],[120.777303,23.670162],[120.777441,23.669497],[120.777834,23.668926],[120.778542,23.668483],[120.779264,23.668356],[120.779985,23.668483],[120.780693,23.668926],[120.781086,23.669497],[120.781224,23.670162],[120.781086,23.670827],[120.780606,23.671478],[120.779985,23.671841],[120.779264,23.671968]]]}},
{"type":"Feature","properties":{"ID":5188708,"redListCat":"VU"},"geometry":{"type":"Polygon","coordinates":[[[120.780747,23.73198],[120.779912,23.731808],[120.779317,23.731411],[120.778923,23.730839],[120.778786,23.730174],[120.778923,23.72951],[120.779317,23.728938],[120.779912,23.728541],[120.780747,23.728369],[120.781582,23.728541],[120.782177,23.728938],[120.782571,23.72951],[120.782709,23.730174],[120.782571,23.730839],[120.782177,23.731411],[120.781582,23.731808],[120.780747,23.73198]]]}},
{"type":"Feature","properties":{"ID":5411838,"redListCat":"VU"},"geometry":{"type":"Polygon","coordinates":[[[120.786879,23.668716],[120.786157,23.668589],[120.785537,23.668227],[120.785105,23.667679],[120.784918,23.66691],[120.785056,23.666246],[120.785537,23.665594],[120.786157,23.665231],[120.786879,23.665105],[120.7876,23.665231],[120.788221,23.665594],[120.788702,23.666246],[120.788839,23.66691],[120.788653,23.667679],[120.788221,23.668227],[120.7876,23.668589],[120.786879,23.668716]]]}},
{"type":"Feature","properties":{"ID":5762257,"redListCat":"VU"},"geometry":{"type":"Polygon","coordinates":[[[120.890094,23.652728],[120.889372,23.652601],[120.888752,23.652238],[120.88832,23.651691],[120.888133,23.650922],[120.888271,23.650257],[120.888665,23.649686],[120.889372,23.649243],[120.890094,23.649116],[120.890815,23.649243],[120.891523,23.649686],[120.891916,23.650257],[120.892054,23.650922],[120.891867,23.651691],[120.891436,23.652238],[120.890815,23.652601],[120.890094,23.652728]]]}},
{"type":"Feature","properties":{"ID":5762258,"redListCat":"VU"},"geometry":{"type":"Polygon","coordinates":[[[120.869672,23.579762],[120.868838,23.57959],[120.868244,23.579193],[120.86785,23.578621],[120.867713,23.577956],[120.86785,23.577292],[120.868244,23.57672],[120.868838,23.576322],[120.869672,23.576151],[120.870506,23.576322],[120.8711,23.57672],[120.871494,23.577292],[120.871631,23.577956],[120.871494,23.578621],[120.8711,23.579193],[120.870506,23.57959],[120.869672,23.579762]]]}},
{"type":"Feature","properties":{"ID":5917911,"redListCat":"VU"},"geometry":{"type":"Polygon","coordinates":[[[120.869889,23.579226],[120.869055,23.579055],[120.868461,23.578657],[120.868067,23.578085],[120.86793,23.577421],[120.868067,23.576756],[120.868461,23.576184],[120.869168,23.575742],[120.869889,23.575615],[120.87061,23.575742],[120.871317,23.576184],[120.871711,23.576756],[120.871848,23.577421],[120.871711,23.578085],[120.871317,23.578657],[120.870723,23.579055],[120.869889,23.579226]]]}},
{"type":"Feature","properties":{"ID":12638362,"redListCat":"VU"},"geometry":{"type":"Polygon","coordinates":[[[120.783968,23.673973],[120.783246,23.673846],[120.782539,23.673403],[120.782145,23.672832],[120.782007,23.672167],[120.782145,23.671503],[120.782626,23.670851],[120.783246,23.670488],[120.783968,23.670362],[120.78469,23.670488],[120.78531,23.670851],[120.785791,23.671503],[120.785928,23.672167],[120.785791,23.672832],[120.785397,23.673403],[120.78469,23.673846],[120.783968,23.673973]]]}},
{"type":"Feature","properties":{"ID":5791514,"redListCat":"VU"},"geometry":{"type":"Polygon","coordinates":[[[120.79744,23.670301],[120.796719,23.670174],[120.796098,23.669812],[120.795666,23.669264],[120.79548,23.668495],[120.795618,23.66783],[120.796011,23.667259],[120.796606,23.666861],[120.79744,23.666689],[120.798275,23.666861],[120.79887,23.667259],[120.799263,23.66783],[120.799401,23.668495],[120.799214,23.669264],[120.798783,23.669812],[120.798162,23.670174],[120.79744,23.670301]]]}},
{"type":"Feature","properties":{"ID":5796393,"redListCat":"VU"},"geometry":{"type":"Polygon","coordinates":[[[120.643641,23.53433],[120.64292,23.534203],[120.642213,23.533761],[120.64182,23.533189],[120.641683,23.532524],[120.641869,23.531756],[120.6423,23.531208],[120.64292,23.530845],[120.643641,23.530719],[120.644362,23.530845],[120.644982,23.531208],[120.645413,23.531756],[120.6456,23.532524],[120.645462,23.533189],[120.645069,23.533761],[120.644362,23.534203],[120.643641,23.53433]]]}},
{"type":"Feature","properties":{"ID":5168748,"redListCat":"VU"},"geometry":{"type":"Polygon","coordinates":[[[120.790033,23.641014],[120.789312,23.640887],[120.788691,23.640524],[120.788211,23.639873],[120.788073,23.639208],[120.788211,23.638543],[120.788691,23.637892],[120.789312,23.637529],[120.790033,23.637402],[120.790755,23.637529],[120.791375,23.637892],[120.791856,23.638543],[120.791993,23.639208],[120.791856,23.639873],[120.791375,23.640524],[120.790755,23.640887],[120.790033,23.641014]]]}},
{"type":"Feature","properties":{"ID":5191298,"redListCat":"VU"},"geometry":{"type":"Polygon","coordinates":[[[120.949476,23.562105],[120.948642,23.561933],[120.948048,23.561535],[120.947655,23.560964],[120.947518,23.560299],[120.947655,23.559634],[120.948048,23.559063],[120.948755,23.55862],[120.949476,23.558493],[120.950198,23.55862],[120.950905,23.559063],[120.951298,23.559634],[120.951435,23.560299],[120.951298,23.560964],[120.950905,23.561535],[120.950311,23.561933],[120.949476,23.562105]]]}},
{"type":"Feature","properties":{"ID":5388881,"redListCat":"VU"},"geometry":{"type":"Polygon","coordinates":[[[120.914376,23.565251],[120.913542,23.565079],[120.912948,23.564681],[120.912555,23.56411],[120.912417,23.563445],[120.912555,23.56278],[120.913035,23.562128],[120.913655,23.561766],[120.914376,23.561639],[120.915097,23.561766],[120.915717,23.562128],[120.916198,23.56278],[120.916335,23.563445],[120.916198,23.56411],[120.915804,23.564681],[120.91521,23.565079],[120.914376,23.565251]]]}},
{"type":"Feature","properties":{"ID":5388986,"redListCat":"VU"},"geometry":{"type":"Polygon","coordinates":[[[121.057841,23.755936],[121.057119,23.755809],[121.056411,23.755366],[121.056017,23.754795],[121.055879,23.75413],[121.056017,23.753465],[121.056411,23.752894],[121.057006,23.752496],[121.057841,23.752324],[121.058676,23.752496],[121.059271,23.752894],[121.059665,23.753465],[121.059803,23.75413],[121.059665,23.754795],[121.059271,23.755366],[121.058563,23.755809],[121.057841,23.755936]]]}},
{"type":"Feature","properties":{"ID":5401046,"redListCat":"VU"},"geometry":{"type":"Polygon","coordinates":[[[120.769907,23.52952],[120.769186,23.529394],[120.768479,23.528951],[120.768086,23.528379],[120.767948,23.527714],[120.768086,23.52705],[120.768566,23.526398],[120.769186,23.526035],[120.769907,23.525909],[120.770628,23.526035],[120.771248,23.526398],[120.771728,23.52705],[120.771865,23.527714],[120.771728,23.528379],[120.771335,23.528951],[120.770628,23.529394],[120.769907,23.52952]]]}},
{"type":"Feature","properties":{"ID":5419563,"redListCat":"VU"},"geometry":{"type":"Polygon","coordinates":[[[121.184907,24.036877],[121.18407,24.036705],[121.183474,24.036307],[121.183079,24.035736],[121.182941,24.035071],[121.183079,24.034406],[121.183474,24.033835],[121.184183,24.033392],[121.184907,24.033265],[121.185631,24.033392],[121.18634,24.033835],[121.186735,24.034406],[121.186873,24.035071],[121.186735,24.035736],[121.18634,24.036307],[121.185744,24.036705],[121.184907,24.036877]]]}},
{"type":"Feature","properties":{"ID":5631302,"redListCat":"VU"},"geometry":{"type":"Polygon","coordinates":[[[120.700373,23.53119],[120.699539,23.531019],[120.698945,23.530621],[120.698552,23.530049],[120.698415,23.529385],[120.698552,23.52872],[120.698946,23.528148],[120.699539,23.527751],[120.700373,23.527579],[120.701207,23.527751],[120.701801,23.528148],[120.702194,23.52872],[120.702332,23.529385],[120.702194,23.530049],[120.701801,23.530621],[120.701207,23.531019],[120.700373,23.53119]]]}},
{"type":"Feature","properties":{"ID":5825066,"redListCat":"VU"},"geometry":{"type":"Polygon","coordinates":[[[120.695159,23.592709],[120.694437,23.592582],[120.69373,23.592139],[120.693337,23.591568],[120.693199,23.590903],[120.693337,23.590238],[120.69373,23.589667],[120.694437,23.589224],[120.695159,23.589097],[120.69588,23.589224],[120.696587,23.589667],[120.696981,23.590238],[120.697118,23.590903],[120.696981,23.591568],[120.696587,23.592139],[120.69588,23.592582],[120.695159,23.592709]]]}},
{"type":"Feature","properties":{"ID":5825073,"redListCat":"VU"},"geometry":{"type":"Polygon","coordinates":[[[120.870848,23.836447],[120.870125,23.83632],[120.869504,23.835957],[120.869072,23.83541],[120.868885,23.834641],[120.869023,23.833976],[120.869417,23.833405],[120.870012,23.833007],[120.870848,23.832835],[120.871684,23.833007],[120.872279,23.833405],[120.872673,23.833976],[120.872811,23.834641],[120.872624,23.83541],[120.872192,23.835957],[120.871571,23.83632],[120.870848,23.836447]]]}},
{"type":"Feature","properties":{"ID":5825075,"redListCat":"VU"},"geometry":{"type":"Polygon","coordinates":[[[120.890522,23.652051],[120.889687,23.651879],[120.889093,23.651482],[120.888699,23.65091],[120.888562,23.650245],[120.888748,23.649477],[120.88918,23.648929],[120.8898,23.648566],[120.890522,23.64844],[120.891244,23.648566],[120.891864,23.648929],[120.892296,23.649477],[120.892482,23.650245],[120.892345,23.65091],[120.891951,23.651482],[120.891357,23.651879],[120.890522,23.652051]]]}},
{"type":"Feature","properties":{"ID":5825077,"redListCat":"VU"},"geometry":{"type":"Polygon","coordinates":[[[120.780777,23.640236],[120.780055,23.640109],[120.779348,23.639666],[120.778954,23.639094],[120.778816,23.63843],[120.778954,23.637765],[120.779435,23.637113],[120.780055,23.636751],[120.780777,23.636624],[120.781498,23.636751],[120.782118,23.637113],[120.782599,23.637765],[120.782737,23.63843],[120.782599,23.639094],[120.782206,23.639666],[120.781498,23.640109],[120.780777,23.640236]]]}},
{"type":"Feature","properties":{"ID":5915043,"redListCat":"VU"},"geometry":{"type":"Polygon","coordinates":[[[120.695125,23.591864],[120.694291,23.591692],[120.693697,23.591294],[120.693303,23.590723],[120.693166,23.590058],[120.693352,23.589289],[120.693784,23.588742],[120.694404,23.588379],[120.695125,23.588252],[120.695847,23.588379],[120.696467,23.588742],[120.696898,23.589289],[120.697085,23.590058],[120.696947,23.590723],[120.696554,23.591294],[120.69596,23.591692],[120.695125,23.591864]]]}},
{"type":"Feature","properties":{"ID":5921153,"redListCat":"VU"},"geometry":{"type":"Polygon","coordinates":[[[120.780704,23.642026],[120.779983,23.6419],[120.779362,23.641537],[120.778882,23.640885],[120.778744,23.640221],[120.778931,23.639452],[120.779362,23.638904],[120.779983,23.638542],[120.780704,23.638415],[120.781426,23.638542],[120.782046,23.638904],[120.782478,23.639452],[120.782664,23.640221],[120.782527,23.640885],[120.782046,23.641537],[120.781426,23.6419],[120.780704,23.642026]]]}},
{"type":"Feature","properties":{"ID":13173091,"redListCat":"VU"},"geometry":{"type":"Polygon","coordinates":[[[120.721069,23.610423],[120.720348,23.610296],[120.719641,23.609854],[120.719247,23.609282],[120.71911,23.608617],[120.719247,23.607953],[120.719641,23.607381],[120.720348,23.606938],[120.721069,23.606812],[120.721791,23.606938],[120.722498,23.607381],[120.722891,23.607953],[120.723029,23.608617],[120.722891,23.609282],[120.722498,23.609854],[120.721791,23.610296],[120.721069,23.610423]]]}},
{"type":"Feature","properties":{"ID":5390831,"redListCat":"VU"},"geometry":{"type":"Polygon","coordinates":[[[120.48895,24.106455],[120.488226,24.106328],[120.487604,24.105965],[120.48717,24.105418],[120.486983,24.104649],[120.487121,24.103984],[120.487516,24.103413],[120.488226,24.10297],[120.48895,24.102843],[120.489674,24.10297],[120.490384,24.103413],[120.490779,24.103984],[120.490917,24.104649],[120.49073,24.105418],[120.490297,24.105965],[120.489674,24.106328],[120.48895,24.106455]]]}},
{"type":"Feature","properties":{"ID":5390844,"redListCat":"VU"},"geometry":{"type":"Polygon","coordinates":[[[120.504939,24.177366],[120.504231,24.176976],[120.503798,24.176428],[120.503614,24.175773],[120.503707,24.175101],[120.504144,24.174423],[120.504741,24.174026],[120.505455,24.173857],[120.506187,24.173942],[120.506633,24.174135],[120.507091,24.174503],[120.506801,24.174654],[120.504939,24.177366]]]}},
{"type":"Feature","properties":{"ID":5387361,"redListCat":"VU"},"geometry":{"type":"Polygon","coordinates":[[[121.180603,24.096592],[121.181115,24.096086],[121.181782,24.095798],[121.18264,24.095774],[121.183326,24.096023],[121.183863,24.096486],[121.184177,24.097098],[121.184223,24.097774],[121.183932,24.098515],[121.183525,24.098939],[121.183109,24.099181],[121.182518,24.099339],[121.181999,24.099335],[121.181475,24.097885],[121.180603,24.096592]]]}},
{"type":"Feature","properties":{"ID":13214940,"redListCat":"VU"},"geometry":{"type":"Polygon","coordinates":[[[121.177405,23.955874],[121.176682,23.955747],[121.175973,23.955304],[121.175579,23.954733],[121.175441,23.954068],[121.175579,23.953403],[121.175973,23.952832],[121.176682,23.952389],[121.177405,23.952262],[121.178129,23.952389],[121.178838,23.952832],[121.179232,23.953403],[121.17937,23.954068],[121.179232,23.954733],[121.178838,23.955304],[121.178129,23.955747],[121.177405,23.955874]]]}},
{"type":"Feature","properties":{"ID":5397473,"redListCat":"VU"},"geometry":{"type":"Polygon","coordinates":[[[120.609789,23.802532],[120.609066,23.802405],[120.608445,23.802042],[120.608013,23.801495],[120.607826,23.800726],[120.608013,23.799957],[120.608445,23.799409],[120.609066,23.799047],[120.609789,23.79892],[120.610511,23.799047],[120.611132,23.799409],[120.611564,23.799957],[120.611751,23.800726],[120.611564,23.801495],[120.611132,23.802042],[120.610511,23.802405],[120.609789,23.802532]]]}},
{"type":"Feature","properties":{"ID":5383115,"redListCat":"VU"},"geometry":{"type":"Polygon","coordinates":[[[121.184251,23.985147],[121.183527,23.98502],[121.182818,23.984577],[121.182423,23.984006],[121.182285,23.983341],[121.182424,23.982676],[121.182905,23.982024],[121.183527,23.981662],[121.184251,23.981535],[121.184974,23.981662],[121.185596,23.982024],[121.186078,23.982676],[121.186216,23.983341],[121.186078,23.984006],[121.185683,23.984577],[121.184974,23.98502],[121.184251,23.985147]]]}},
{"type":"Feature","properties":{"ID":5398852,"redListCat":"VU"},"geometry":{"type":"Polygon","coordinates":[[[120.913646,23.564776],[120.912925,23.564649],[120.912305,23.564287],[120.911873,23.563739],[120.911687,23.56297],[120.911873,23.562201],[120.912305,23.561654],[120.912925,23.561291],[120.913646,23.561164],[120.914367,23.561291],[120.914987,23.561654],[120.915419,23.562201],[120.915605,23.56297],[120.915419,23.563739],[120.914987,23.564287],[120.914367,23.564649],[120.913646,23.564776]]]}},
{"type":"Feature","properties":{"ID":5812386,"redListCat":"VU"},"geometry":{"type":"Polygon","coordinates":[[[120.796475,23.67237],[120.795753,23.672243],[120.795133,23.67188],[120.794652,23.671229],[120.794515,23.670564],[120.794701,23.669795],[120.795133,23.669248],[120.795753,23.668885],[120.796475,23.668758],[120.797197,23.668885],[120.797817,23.669248],[120.798249,23.669795],[120.798436,23.670564],[120.798298,23.671229],[120.797817,23.67188],[120.797197,23.672243],[120.796475,23.67237]]]}},
{"type":"Feature","properties":{"ID":5177774,"redListCat":"VU"},"geometry":{"type":"Polygon","coordinates":[[[120.930302,23.561142],[120.929468,23.56097],[120.928874,23.560572],[120.92848,23.560001],[120.928343,23.559336],[120.928529,23.558567],[120.928961,23.558019],[120.929581,23.557657],[120.930302,23.55753],[120.931023,23.557657],[120.931643,23.558019],[120.932074,23.558567],[120.932261,23.559336],[120.932123,23.560001],[120.93173,23.560572],[120.931136,23.56097],[120.930302,23.561142]]]}},
{"type":"Feature","properties":{"ID":5180055,"redListCat":"VU"},"geometry":{"type":"Polygon","coordinates":[[[121.170373,24.032725],[121.169536,24.032553],[121.16894,24.032155],[121.168545,24.031584],[121.168407,24.030919],[121.168545,24.030255],[121.16894,24.029683],[121.169536,24.029286],[121.170373,24.029114],[121.17121,24.029286],[121.171806,24.029683],[121.172201,24.030255],[121.172339,24.030919],[121.172201,24.031584],[121.171806,24.032155],[121.17121,24.032553],[121.170373,24.032725]]]}},
{"type":"Feature","properties":{"ID":5827391,"redListCat":"VU"},"geometry":{"type":"Polygon","coordinates":[[[120.813955,23.555346],[120.813121,23.555174],[120.812527,23.554776],[120.812134,23.554205],[120.811996,23.55354],[120.812134,23.552875],[120.812527,23.552304],[120.813121,23.551906],[120.813955,23.551734],[120.814789,23.551906],[120.815383,23.552304],[120.815776,23.552875],[120.815914,23.55354],[120.815776,23.554205],[120.815383,23.554776],[120.814789,23.555174],[120.813955,23.555346]]]}},
{"type":"Feature","properties":{"ID":5827393,"redListCat":"VU"},"geometry":{"type":"Polygon","coordinates":[[[120.859974,23.816549],[120.859139,23.816378],[120.858543,23.81598],[120.858149,23.815408],[120.858012,23.814744],[120.858198,23.813975],[120.858631,23.813427],[120.859252,23.813065],[120.859974,23.812938],[120.860697,23.813065],[120.861318,23.813427],[120.86175,23.813975],[120.861937,23.814744],[120.861799,23.815408],[120.861405,23.81598],[120.86081,23.816378],[120.859974,23.816549]]]}},
{"type":"Feature","properties":{"ID":13212086,"redListCat":"VU"},"geometry":{"type":"Polygon","coordinates":[[[121.266351,24.037804],[121.265513,24.037633],[121.264917,24.037235],[121.264523,24.036663],[121.264384,24.035999],[121.264523,24.035334],[121.265005,24.034682],[121.265627,24.03432],[121.266351,24.034193],[121.267074,24.03432],[121.267696,24.034682],[121.268179,24.035334],[121.268317,24.035999],[121.268179,24.036663],[121.267784,24.037235],[121.267188,24.037633],[121.266351,24.037804]]]}},
{"type":"Feature","properties":{"ID":13213458,"redListCat":"VU"},"geometry":{"type":"Polygon","coordinates":[[[121.239059,24.050702],[121.238221,24.05053],[121.237625,24.050132],[121.23723,24.049561],[121.237092,24.048896],[121.23723,24.048232],[121.237625,24.04766],[121.238221,24.047262],[121.239059,24.047091],[121.239896,24.047262],[121.240492,24.04766],[121.240887,24.048232],[121.241025,24.048896],[121.240887,24.049561],[121.240492,24.050132],[121.239896,24.05053],[121.239059,24.050702]]]}},
{"type":"Feature","properties":{"ID":5410690,"redListCat":"VU"},"geometry":{"type":"Polygon","coordinates":[[[120.786842,23.669757],[120.786007,23.669585],[120.785413,23.669187],[120.785019,23.668616],[120.784881,23.667951],[120.785019,23.667286],[120.785413,23.666715],[120.786007,23.666317],[120.786842,23.666145],[120.787677,23.666317],[120.788271,23.666715],[120.788665,23.667286],[120.788802,23.667951],[120.788665,23.668616],[120.788271,23.669187],[120.787677,23.669585],[120.786842,23.669757]]]}},
{"type":"Feature","properties":{"ID":5416148,"redListCat":"VU"},"geometry":{"type":"Polygon","coordinates":[[[121.321416,24.08297],[121.320815,24.083216],[121.32008,24.083259],[121.319379,24.08305],[121.318893,24.082703],[121.318547,24.082236],[121.318363,24.081581],[121.318456,24.080909],[121.318774,24.08036],[121.318918,24.0807],[121.319962,24.082058],[121.320251,24.082297],[121.321416,24.08297]]]}},
{"type":"Feature","properties":{"ID":5416665,"redListCat":"VU"},"geometry":{"type":"Polygon","coordinates":[[[120.79426,23.515546],[120.793539,23.515419],[120.792833,23.514976],[120.79244,23.514405],[120.792302,23.51374],[120.79244,23.513075],[120.79292,23.512423],[120.793539,23.512061],[120.79426,23.511934],[120.794981,23.512061],[120.795601,23.512423],[120.796081,23.513075],[120.796219,23.51374],[120.796081,23.514405],[120.795688,23.514976],[120.794981,23.515419],[120.79426,23.515546]]]}},
{"type":"Feature","properties":{"ID":5174877,"redListCat":"VU"},"geometry":{"type":"Polygon","coordinates":[[[121.328235,24.112141],[121.327837,24.111724],[121.327627,24.111314],[121.327535,24.11087],[121.327577,24.110372],[121.328587,24.111018],[121.32847,24.111612],[121.328235,24.112141]]]}},
{"type":"Feature","properties":{"ID":5179153,"redListCat":"VU"},"geometry":{"type":"Polygon","coordinates":[[[121.060494,23.521285],[121.059773,23.521158],[121.059067,23.520715],[121.058674,23.520144],[121.058536,23.519479],[121.058722,23.51871],[121.059154,23.518162],[121.059773,23.5178],[121.060494,23.517673],[121.061215,23.5178],[121.061835,23.518162],[121.062266,23.51871],[121.062453,23.519479],[121.062315,23.520144],[121.061922,23.520715],[121.061215,23.521158],[121.060494,23.521285]]]}},
{"type":"Feature","properties":{"ID":5764121,"redListCat":"VU"},"geometry":{"type":"Polygon","coordinates":[[[120.368249,24.019686],[120.367412,24.019514],[120.366816,24.019117],[120.366422,24.018545],[120.366284,24.017881],[120.366422,24.017216],[120.366816,24.016644],[120.367412,24.016247],[120.368249,24.016075],[120.369086,24.016247],[120.369682,24.016644],[120.370077,24.017216],[120.370215,24.017881],[120.370077,24.018545],[120.369682,24.019117],[120.369086,24.019514],[120.368249,24.019686]]]}},
{"type":"Feature","properties":{"ID":5764122,"redListCat":"VU"},"geometry":{"type":"Polygon","coordinates":[[[120.486975,24.188526],[120.486137,24.188354],[120.48554,24.187956],[120.485145,24.187385],[120.485007,24.18672],[120.485194,24.185951],[120.485628,24.185404],[120.486251,24.185041],[120.486975,24.184914],[120.4877,24.185041],[120.488323,24.185404],[120.488756,24.185951],[120.488944,24.18672],[120.488805,24.187385],[120.48841,24.187956],[120.487813,24.188354],[120.486975,24.188526]]]}},
{"type":"Feature","properties":{"ID":5764123,"redListCat":"VU"},"geometry":{"type":"Polygon","coordinates":[[[120.691928,23.580495],[120.691094,23.580323],[120.6905,23.579926],[120.690107,23.579354],[120.689969,23.578689],[120.690107,23.578025],[120.6905,23.577453],[120.691094,23.577055],[120.691928,23.576884],[120.692763,23.577055],[120.693357,23.577453],[120.69375,23.578025],[120.693888,23.578689],[120.69375,23.579354],[120.693357,23.579926],[120.692763,23.580323],[120.691928,23.580495]]]}},
{"type":"Feature","properties":{"ID":5764128,"redListCat":"VU"},"geometry":{"type":"Polygon","coordinates":[[[120.638711,23.76314],[120.63881,23.763828],[120.638627,23.764484],[120.638195,23.765031],[120.637575,23.765394],[120.63759,23.765208],[120.63778,23.764854],[120.638075,23.764559],[120.638333,23.764106],[120.638543,23.763384],[120.638711,23.76314]]]}},
{"type":"Feature","properties":{"ID":5754891,"redListCat":"VU"},"geometry":{"type":"Polygon","coordinates":[[[121.041432,23.835738],[121.040596,23.835567],[121.040001,23.835169],[121.039606,23.834597],[121.039469,23.833933],[121.039607,23.833268],[121.040088,23.832616],[121.040709,23.832254],[121.041432,23.832127],[121.042154,23.832254],[121.042776,23.832616],[121.043257,23.833268],[121.043395,23.833933],[121.043257,23.834597],[121.042863,23.835169],[121.042268,23.835567],[121.041432,23.835738]]]}},
{"type":"Feature","properties":{"ID":5754892,"redListCat":"VU"},"geometry":{"type":"Polygon","coordinates":[[[121.062758,23.756082],[121.062036,23.755955],[121.061415,23.755592],[121.060983,23.755045],[121.060796,23.754276],[121.060934,23.753611],[121.061328,23.75304],[121.061923,23.752642],[121.062758,23.75247],[121.063594,23.752642],[121.064188,23.75304],[121.064582,23.753611],[121.06472,23.754276],[121.064533,23.755045],[121.064101,23.755592],[121.06348,23.755955],[121.062758,23.756082]]]}},
{"type":"Feature","properties":{"ID":5815705,"redListCat":"VU"},"geometry":{"type":"Polygon","coordinates":[[[120.348518,23.979961],[120.347795,23.979834],[120.347173,23.979472],[120.346691,23.97882],[120.346553,23.978155],[120.346691,23.977491],[120.347086,23.976919],[120.347795,23.976476],[120.348518,23.97635],[120.349242,23.976476],[120.349951,23.976919],[120.350346,23.977491],[120.350484,23.978155],[120.350346,23.97882],[120.349864,23.979472],[120.349242,23.979834],[120.348518,23.979961]]]}},
{"type":"Feature","properties":{"ID":5412020,"redListCat":"VU"},"geometry":{"type":"Polygon","coordinates":[[[120.990408,23.499449],[120.989574,23.499277],[120.98898,23.498879],[120.988587,23.498308],[120.98845,23.497643],[120.988636,23.496874],[120.989067,23.496327],[120.989687,23.495964],[120.990408,23.495837],[120.991129,23.495964],[120.991748,23.496327],[120.99218,23.496874],[120.992366,23.497643],[120.992228,23.498308],[120.991835,23.498879],[120.991242,23.499277],[120.990408,23.499449]]]}},
{"type":"Feature","properties":{"ID":13214646,"redListCat":"VU"},"geometry":{"type":"Polygon","coordinates":[[[120.684659,23.762188],[120.683936,23.762062],[120.683315,23.761699],[120.682883,23.761151],[120.682697,23.760383],[120.682834,23.759718],[120.683228,23.759146],[120.683936,23.758704],[120.684659,23.758577],[120.685381,23.758704],[120.686089,23.759146],[120.686483,23.759718],[120.686621,23.760383],[120.686434,23.761151],[120.686002,23.761699],[120.685381,23.762062],[120.684659,23.762188]]]}},
{"type":"Feature","properties":{"ID":5798426,"redListCat":"VU"},"geometry":{"type":"Polygon","coordinates":[[[120.88996,23.651562],[120.889126,23.65139],[120.888531,23.650992],[120.888138,23.65042],[120.888,23.649756],[120.888138,23.649091],[120.888532,23.64852],[120.889126,23.648122],[120.88996,23.64795],[120.890795,23.648122],[120.891389,23.64852],[120.891783,23.649091],[120.891921,23.649756],[120.891783,23.65042],[120.89139,23.650992],[120.890795,23.65139],[120.88996,23.651562]]]}},
{"type":"Feature","properties":{"ID":13214409,"redListCat":"VU"},"geometry":{"type":"Polygon","coordinates":[[[121.280881,24.044421],[121.280157,24.044294],[121.279535,24.043931],[121.279053,24.04328],[121.278915,24.042615],[121.279102,24.041846],[121.279535,24.041298],[121.280157,24.040936],[121.280881,24.040809],[121.281605,24.040936],[121.282227,24.041298],[121.28266,24.041846],[121.282847,24.042615],[121.282709,24.04328],[121.282227,24.043931],[121.281605,24.044294],[121.280881,24.044421]]]}},
{"type":"Feature","properties":{"ID":13212087,"redListCat":"VU"},"geometry":{"type":"Polygon","coordinates":[[[121.264856,24.03777],[121.264133,24.037644],[121.26351,24.037281],[121.263077,24.036733],[121.26289,24.035965],[121.263028,24.0353],[121.263423,24.034729],[121.264019,24.034331],[121.264856,24.034159],[121.265694,24.034331],[121.26629,24.034729],[121.266684,24.0353],[121.266823,24.035965],[121.266635,24.036733],[121.266202,24.037281],[121.26558,24.037644],[121.264856,24.03777]]]}},
{"type":"Feature","properties":{"ID":5811039,"redListCat":"VU"},"geometry":{"type":"Polygon","coordinates":[[[120.890554,23.652259],[120.889833,23.652132],[120.889212,23.651769],[120.888732,23.651117],[120.888594,23.650453],[120.888732,23.649788],[120.889213,23.649136],[120.889833,23.648774],[120.890554,23.648647],[120.891276,23.648774],[120.891896,23.649136],[120.892377,23.649788],[120.892515,23.650453],[120.892377,23.651117],[120.891896,23.651769],[120.891276,23.652132],[120.890554,23.652259]]]}},
{"type":"Feature","properties":{"ID":5171748,"redListCat":"VU"},"geometry":{"type":"Polygon","coordinates":[[[120.949312,23.471846],[120.948591,23.471719],[120.947972,23.471357],[120.947492,23.470705],[120.947354,23.47004],[120.947492,23.469375],[120.947885,23.468804],[120.948591,23.468361],[120.949312,23.468234],[120.950033,23.468361],[120.950739,23.468804],[120.951132,23.469375],[120.95127,23.47004],[120.951132,23.470705],[120.950652,23.471357],[120.950033,23.471719],[120.949312,23.471846]]]}},
{"type":"Feature","properties":{"ID":5392073,"redListCat":"VU"},"geometry":{"type":"Polygon","coordinates":[[[120.900268,23.480137],[120.899435,23.479965],[120.898841,23.479568],[120.898448,23.478996],[120.898311,23.478331],[120.898497,23.477563],[120.898928,23.477015],[120.899548,23.476652],[120.900268,23.476526],[120.900989,23.476652],[120.901609,23.477015],[120.90204,23.477563],[120.902226,23.478331],[120.902089,23.478996],[120.901696,23.479568],[120.901102,23.479965],[120.900268,23.480137]]]}},
{"type":"Feature","properties":{"ID":6027396,"redListCat":"VU"},"geometry":{"type":"Polygon","coordinates":[[[120.890528,23.49791],[120.889807,23.497783],[120.8891,23.49734],[120.888707,23.496769],[120.88857,23.496104],[120.888756,23.495335],[120.889187,23.494787],[120.889807,23.494425],[120.890528,23.494298],[120.891249,23.494425],[120.891868,23.494787],[120.892299,23.495335],[120.892486,23.496104],[120.892348,23.496769],[120.891955,23.49734],[120.891249,23.497783],[120.890528,23.49791]]]}},
{"type":"Feature","properties":{"ID":5800276,"redListCat":"VU"},"geometry":{"type":"Polygon","coordinates":[[[121.161514,24.055111],[121.161989,24.054476],[121.162611,24.054113],[121.163335,24.053986],[121.164059,24.054113],[121.164681,24.054476],[121.165163,24.055127],[121.165302,24.055792],[121.165163,24.056457],[121.164769,24.057028],[121.164172,24.057426],[121.163335,24.057598],[121.162611,24.057471],[121.161902,24.057028],[121.161507,24.056457],[121.16137,24.055821],[121.161514,24.055111]]]}},
{"type":"Feature","properties":{"ID":5800277,"redListCat":"VU"},"geometry":{"type":"Polygon","coordinates":[[[121.156148,24.046369],[121.156852,24.045995],[121.157583,24.04591],[121.158297,24.046078],[121.158893,24.046476],[121.15933,24.047154],[121.159422,24.047826],[121.159239,24.048481],[121.158806,24.049029],[121.158067,24.04943],[121.157282,24.04951],[121.157185,24.048966],[121.156641,24.048285],[121.156484,24.047901],[121.156383,24.04715],[121.156148,24.046369]]]}},
{"type":"Feature","properties":{"ID":5800287,"redListCat":"VU"},"geometry":{"type":"Polygon","coordinates":[[[120.885311,23.658883],[120.884589,23.658757],[120.883969,23.658394],[120.883537,23.657847],[120.88335,23.657078],[120.883537,23.656309],[120.883969,23.655761],[120.884589,23.655399],[120.885311,23.655272],[120.886032,23.655399],[120.886653,23.655761],[120.887085,23.656309],[120.887271,23.657078],[120.887085,23.657847],[120.886653,23.658394],[120.886032,23.658757],[120.885311,23.658883]]]}},
{"type":"Feature","properties":{"ID":5825971,"redListCat":"VU"},"geometry":{"type":"Polygon","coordinates":[[[120.709481,23.609452],[120.70876,23.609325],[120.708053,23.608882],[120.707659,23.608311],[120.707522,23.607646],[120.707659,23.606981],[120.70814,23.60633],[120.70876,23.605967],[120.709481,23.60584],[120.710203,23.605967],[120.710823,23.60633],[120.711303,23.606981],[120.711441,23.607646],[120.711303,23.608311],[120.71091,23.608882],[120.710203,23.609325],[120.709481,23.609452]]]}},
{"type":"Feature","properties":{"ID":5825980,"redListCat":"VU"},"geometry":{"type":"Polygon","coordinates":[[[120.830634,23.856552],[120.830975,23.85616],[120.831373,23.855894],[120.831831,23.855727],[120.832319,23.855671],[120.832808,23.855727],[120.833265,23.855894],[120.833663,23.85616],[120.834013,23.856565],[120.832662,23.856243],[120.831877,23.856172],[120.831447,23.856242],[120.830634,23.856552]]]}},
{"type":"Feature","properties":{"ID":5923937,"redListCat":"VU"},"geometry":{"type":"Polygon","coordinates":[[[120.830267,23.856571],[120.830509,23.856161],[120.830944,23.855762],[120.831491,23.855505],[120.832098,23.855417],[120.832586,23.855474],[120.83315,23.855698],[120.83361,23.856072],[120.833916,23.856542],[120.832662,23.856243],[120.831877,23.856172],[120.831447,23.856242],[120.830761,23.856546],[120.830267,23.856571]]]}},
{"type":"Feature","properties":{"ID":5828582,"redListCat":"VU"},"geometry":{"type":"Polygon","coordinates":[[[120.873035,23.468902],[120.872649,23.469245],[120.872219,23.469463],[120.871744,23.469576],[120.871209,23.469569],[120.872468,23.469161],[120.873035,23.468902]]]}},
{"type":"Feature","properties":{"ID":5828587,"redListCat":"VU"},"geometry":{"type":"Polygon","coordinates":[[[121.271269,24.046263],[121.270432,24.046092],[121.269836,24.045694],[121.269441,24.045122],[121.269303,24.044458],[121.26949,24.043689],[121.269923,24.043141],[121.270545,24.042779],[121.271269,24.042652],[121.271993,24.042779],[121.272615,24.043141],[121.273048,24.043689],[121.273235,24.044458],[121.273097,24.045122],[121.272702,24.045694],[121.272106,24.046092],[121.271269,24.046263]]]}},
{"type":"Feature","properties":{"ID":5828592,"redListCat":"VU"},"geometry":{"type":"Polygon","coordinates":[[[120.797149,23.671464],[120.796427,23.671337],[120.795807,23.670975],[120.795326,23.670323],[120.795188,23.669658],[120.795375,23.66889],[120.795807,23.668342],[120.796427,23.667979],[120.797149,23.667853],[120.797871,23.667979],[120.798491,23.668342],[120.798923,23.66889],[120.79911,23.669658],[120.798972,23.670323],[120.798491,23.670975],[120.797871,23.671337],[120.797149,23.671464]]]}},
{"type":"Feature","properties":{"ID":5828593,"redListCat":"VU"},"geometry":{"type":"Polygon","coordinates":[[[120.862753,23.527259],[120.862032,23.527132],[120.861412,23.52677],[120.860981,23.526222],[120.860794,23.525453],[120.860932,23.524789],[120.861325,23.524217],[120.861919,23.523819],[120.862753,23.523648],[120.863587,23.523819],[120.86418,23.524217],[120.864574,23.524789],[120.864711,23.525453],[120.864525,23.526222],[120.864093,23.52677],[120.863474,23.527132],[120.862753,23.527259]]]}},
{"type":"Feature","properties":{"ID":5828594,"redListCat":"VU"},"geometry":{"type":"Polygon","coordinates":[[[121.000052,23.502246],[120.999331,23.502119],[120.998624,23.501676],[120.998231,23.501105],[120.998094,23.50044],[120.99828,23.499671],[120.998711,23.499124],[120.999331,23.498761],[121.000052,23.498634],[121.000773,23.498761],[121.001392,23.499124],[121.001824,23.499671],[121.00201,23.50044],[121.001872,23.501105],[121.001479,23.501676],[121.000773,23.502119],[121.000052,23.502246]]]}},
{"type":"Feature","properties":{"ID":5828595,"redListCat":"VU"},"geometry":{"type":"Polygon","coordinates":[[[120.889223,23.652318],[120.888502,23.652191],[120.887881,23.651828],[120.887449,23.651281],[120.887263,23.650512],[120.887449,23.649743],[120.887881,23.649195],[120.888502,23.648833],[120.889223,23.648706],[120.889945,23.648833],[120.890565,23.649195],[120.890997,23.649743],[120.891183,23.650512],[120.890997,23.651281],[120.890565,23.651828],[120.889945,23.652191],[120.889223,23.652318]]]}},
{"type":"Feature","properties":{"ID":5828596,"redListCat":"VU"},"geometry":{"type":"Polygon","coordinates":[[[121.229589,24.049009],[121.228865,24.048882],[121.228243,24.048519],[121.22781,24.047972],[121.227623,24.047203],[121.227761,24.046538],[121.228156,24.045967],[121.228865,24.045524],[121.229589,24.045397],[121.230313,24.045524],[121.231022,24.045967],[121.231417,24.046538],[121.231555,24.047203],[121.231368,24.047972],[121.230935,24.048519],[121.230313,24.048882],[121.229589,24.049009]]]}},
{"type":"Feature","properties":{"ID":5828597,"redListCat":"VU"},"geometry":{"type":"Polygon","coordinates":[[[121.168343,23.808624],[121.167507,23.808452],[121.166912,23.808054],[121.166518,23.807483],[121.16638,23.806818],[121.166518,23.806153],[121.166999,23.805501],[121.16762,23.805139],[121.168343,23.805012],[121.169065,23.805139],[121.169686,23.805501],[121.170167,23.806153],[121.170305,23.806818],[121.170167,23.807483],[121.169773,23.808054],[121.169178,23.808452],[121.168343,23.808624]]]}},
{"type":"Feature","properties":{"ID":5828598,"redListCat":"VU"},"geometry":{"type":"Polygon","coordinates":[[[120.914824,23.525658],[120.914103,23.525531],[120.913483,23.525169],[120.913003,23.524517],[120.912866,23.523852],[120.913003,23.523188],[120.913397,23.522616],[120.91399,23.522218],[120.914824,23.522046],[120.915658,23.522218],[120.916252,23.522616],[120.916645,23.523188],[120.916783,23.523852],[120.916645,23.524517],[120.916165,23.525169],[120.915545,23.525531],[120.914824,23.525658]]]}},
{"type":"Feature","properties":{"ID":5828599,"redListCat":"VU"},"geometry":{"type":"Polygon","coordinates":[[[120.919982,23.521083],[120.919262,23.520956],[120.918555,23.520513],[120.918162,23.519942],[120.918024,23.519277],[120.918211,23.518508],[120.918642,23.517961],[120.919262,23.517598],[120.919982,23.517471],[120.920703,23.517598],[120.921323,23.517961],[120.921754,23.518508],[120.921941,23.519277],[120.921803,23.519942],[120.92141,23.520513],[120.920703,23.520956],[120.919982,23.521083]]]}},
{"type":"Feature","properties":{"ID":5828600,"redListCat":"VU"},"geometry":{"type":"Polygon","coordinates":[[[120.933136,23.570243],[120.932415,23.570117],[120.931795,23.569754],[120.931315,23.569102],[120.931177,23.568438],[120.931315,23.567773],[120.931795,23.567121],[120.932415,23.566759],[120.933136,23.566632],[120.933857,23.566759],[120.934477,23.567121],[120.934958,23.567773],[120.935095,23.568438],[120.934958,23.569102],[120.934477,23.569754],[120.933857,23.570117],[120.933136,23.570243]]]}},
{"type":"Feature","properties":{"ID":5828604,"redListCat":"VU"},"geometry":{"type":"Polygon","coordinates":[[[120.888207,23.597951],[120.887486,23.597824],[120.886779,23.597381],[120.886385,23.59681],[120.886248,23.596145],[120.886385,23.59548],[120.886866,23.594829],[120.887486,23.594466],[120.888207,23.594339],[120.888928,23.594466],[120.889548,23.594829],[120.890029,23.59548],[120.890167,23.596145],[120.890029,23.59681],[120.889635,23.597381],[120.888928,23.597824],[120.888207,23.597951]]]}},
{"type":"Feature","properties":{"ID":6028126,"redListCat":"VU"},"geometry":{"type":"Polygon","coordinates":[[[120.890571,23.584727],[120.889736,23.584555],[120.889142,23.584158],[120.888749,23.583586],[120.888611,23.582921],[120.888798,23.582152],[120.889229,23.581605],[120.889849,23.581242],[120.890571,23.581116],[120.891292,23.581242],[120.891912,23.581605],[120.892344,23.582152],[120.89253,23.582921],[120.892392,23.583586],[120.891999,23.584158],[120.891405,23.584555],[120.890571,23.584727]]]}},
{"type":"Feature","properties":{"ID":12634225,"redListCat":"VU"},"geometry":{"type":"Polygon","coordinates":[[[120.950761,23.471793],[120.95004,23.471666],[120.949421,23.471303],[120.948941,23.470652],[120.948803,23.469987],[120.948941,23.469322],[120.949334,23.468751],[120.95004,23.468308],[120.950761,23.468181],[120.951482,23.468308],[120.952188,23.468751],[120.952581,23.469322],[120.952719,23.469987],[120.952581,23.470652],[120.952101,23.471303],[120.951482,23.471666],[120.950761,23.471793]]]}},
{"type":"Feature","properties":{"ID":5755587,"redListCat":"VU"},"geometry":{"type":"Polygon","coordinates":[[[120.903541,23.476172],[120.902988,23.476352],[120.902498,23.476381],[120.902016,23.476296],[120.901484,23.476048],[120.902809,23.476125],[120.903541,23.476172]]]}},
{"type":"Feature","properties":{"ID":5755591,"redListCat":"VU"},"geometry":{"type":"Polygon","coordinates":[[[120.713338,23.500861],[120.713063,23.501358],[120.712727,23.501688],[120.712199,23.501975],[120.711691,23.502091],[120.711953,23.501501],[120.713338,23.500861]]]}},
{"type":"Feature","properties":{"ID":5815969,"redListCat":"VU"},"geometry":{"type":"Polygon","coordinates":[[[120.795402,23.833344],[120.79468,23.833217],[120.794059,23.832855],[120.793626,23.832307],[120.793439,23.831539],[120.793577,23.830874],[120.793971,23.830302],[120.79468,23.82986],[120.795402,23.829733],[120.796125,23.82986],[120.796833,23.830302],[120.797228,23.830874],[120.797365,23.831539],[120.797179,23.832307],[120.796746,23.832855],[120.796125,23.833217],[120.795402,23.833344]]]}},
{"type":"Feature","properties":{"ID":5815977,"redListCat":"VU"},"geometry":{"type":"Polygon","coordinates":[[[120.807702,23.831153],[120.806867,23.830981],[120.806271,23.830583],[120.805877,23.830012],[120.805739,23.829347],[120.805877,23.828682],[120.806272,23.828111],[120.806867,23.827713],[120.807702,23.827541],[120.808538,23.827713],[120.809133,23.828111],[120.809528,23.828682],[120.809665,23.829347],[120.809528,23.830012],[120.809133,23.830583],[120.808538,23.830981],[120.807702,23.831153]]]}},
{"type":"Feature","properties":{"ID":5815981,"redListCat":"VU"},"geometry":{"type":"Polygon","coordinates":[[[120.518742,23.896222],[120.518019,23.896095],[120.517398,23.895733],[120.516916,23.895081],[120.516778,23.894416],[120.516916,23.893752],[120.517311,23.89318],[120.517906,23.892782],[120.518742,23.892611],[120.519578,23.892782],[120.520174,23.89318],[120.520568,23.893752],[120.520706,23.894416],[120.520568,23.895081],[120.520087,23.895733],[120.519465,23.896095],[120.518742,23.896222]]]}},
{"type":"Feature","properties":{"ID":5815984,"redListCat":"VU"},"geometry":{"type":"Polygon","coordinates":[[[120.794004,23.833671],[120.793281,23.833544],[120.792573,23.833101],[120.792179,23.83253],[120.792041,23.831865],[120.792179,23.8312],[120.79266,23.830549],[120.793281,23.830186],[120.794004,23.830059],[120.794727,23.830186],[120.795348,23.830549],[120.795829,23.8312],[120.795967,23.831865],[120.795829,23.83253],[120.795435,23.833101],[120.794727,23.833544],[120.794004,23.833671]]]}},
{"type":"Feature","properties":{"ID":5165589,"redListCat":"VU"},"geometry":{"type":"Polygon","coordinates":[[[120.78925,23.661605],[120.788415,23.661433],[120.78782,23.661035],[120.787427,23.660464],[120.787289,23.659799],[120.787427,23.659134],[120.78782,23.658563],[120.788528,23.65812],[120.78925,23.657993],[120.789971,23.65812],[120.790679,23.658563],[120.791072,23.659134],[120.79121,23.659799],[120.791072,23.660464],[120.790679,23.661035],[120.790084,23.661433],[120.78925,23.661605]]]}},
{"type":"Feature","properties":{"ID":5165621,"redListCat":"VU"},"geometry":{"type":"Polygon","coordinates":[[[120.779357,23.671467],[120.778635,23.671341],[120.778015,23.670978],[120.777534,23.670326],[120.777397,23.669662],[120.777583,23.668893],[120.778015,23.668345],[120.778635,23.667983],[120.779357,23.667856],[120.780079,23.667983],[120.780699,23.668345],[120.781131,23.668893],[120.781318,23.669662],[120.78118,23.670326],[120.780699,23.670978],[120.780079,23.671341],[120.779357,23.671467]]]}},
{"type":"Feature","properties":{"ID":5181396,"redListCat":"VU"},"geometry":{"type":"Polygon","coordinates":[[[121.189217,24.100879],[121.188698,24.100263],[121.188515,24.099607],[121.188607,24.098936],[121.188962,24.098343],[121.18964,24.09786],[121.190355,24.097692],[121.191086,24.097776],[121.191732,24.098102],[121.192202,24.098624],[121.192441,24.09938],[121.192349,24.100052],[121.191994,24.100645],[121.19195,24.100691],[121.191342,24.099604],[121.190917,24.099451],[121.190219,24.100059],[121.189827,24.100523],[121.189217,24.100879]]]}},
{"type":"Feature","properties":{"ID":5192504,"redListCat":"VU"},"geometry":{"type":"Polygon","coordinates":[[[121.169389,24.021106],[121.168666,24.020979],[121.167956,24.020536],[121.167561,24.019965],[121.167423,24.0193],[121.167611,24.018531],[121.168044,24.017984],[121.168666,24.017621],[121.169389,24.017494],[121.170113,24.017621],[121.170735,24.017984],[121.171168,24.018531],[121.171355,24.0193],[121.171217,24.019965],[121.170822,24.020536],[121.170113,24.020979],[121.169389,24.021106]]]}},
{"type":"Feature","properties":{"ID":5380219,"redListCat":"VU"},"geometry":{"type":"Polygon","coordinates":[[[121.199094,24.101818],[121.19837,24.101691],[121.19766,24.101249],[121.197265,24.100677],[121.197127,24.100012],[121.197265,24.099348],[121.197747,24.098696],[121.19837,24.098334],[121.199094,24.098207],[121.199818,24.098334],[121.20044,24.098696],[121.200923,24.099348],[121.201061,24.100012],[121.200923,24.100677],[121.200528,24.101249],[121.199818,24.101691],[121.199094,24.101818]]]}},
{"type":"Feature","properties":{"ID":5769554,"redListCat":"VU"},"geometry":{"type":"Polygon","coordinates":[[[120.874959,23.46837],[120.874789,23.468906],[120.874526,23.469288],[120.874067,23.469662],[120.873623,23.469855],[120.873141,23.46994],[120.872531,23.469886],[120.872074,23.46972],[120.871643,23.469422],[120.872855,23.469005],[120.873296,23.468753],[120.87414,23.468623],[120.874959,23.46837]]]}},
{"type":"Feature","properties":{"ID":5769557,"redListCat":"VU"},"geometry":{"type":"Polygon","coordinates":[[[120.748025,23.583949],[120.747304,23.583822],[120.746684,23.583459],[120.746203,23.582808],[120.746065,23.582143],[120.746203,23.581478],[120.746597,23.580907],[120.747304,23.580464],[120.748025,23.580337],[120.748746,23.580464],[120.749453,23.580907],[120.749846,23.581478],[120.749984,23.582143],[120.749846,23.582808],[120.749366,23.583459],[120.748746,23.583822],[120.748025,23.583949]]]}},
{"type":"Feature","properties":{"ID":5769568,"redListCat":"VU"},"geometry":{"type":"Polygon","coordinates":[[[120.783851,23.682761],[120.783129,23.682634],[120.782509,23.682271],[120.782028,23.68162],[120.78189,23.680955],[120.782077,23.680186],[120.782509,23.679639],[120.783129,23.679276],[120.783851,23.679149],[120.784573,23.679276],[120.785193,23.679639],[120.785625,23.680186],[120.785812,23.680955],[120.785674,23.68162],[120.785193,23.682271],[120.784573,23.682634],[120.783851,23.682761]]]}},
{"type":"Feature","properties":{"ID":5769575,"redListCat":"VU"},"geometry":{"type":"Polygon","coordinates":[[[120.800107,23.817766],[120.799271,23.817594],[120.798676,23.817197],[120.798282,23.816625],[120.798144,23.815961],[120.798331,23.815192],[120.798764,23.814644],[120.799385,23.814282],[120.800107,23.814155],[120.80083,23.814282],[120.801451,23.814644],[120.801883,23.815192],[120.80207,23.815961],[120.801932,23.816625],[120.801538,23.817197],[120.800943,23.817594],[120.800107,23.817766]]]}},
{"type":"Feature","properties":{"ID":5769578,"redListCat":"VU"},"geometry":{"type":"Polygon","coordinates":[[[120.786197,23.643576],[120.785475,23.643449],[120.784855,23.643086],[120.784374,23.642435],[120.784237,23.64177],[120.784374,23.641105],[120.784768,23.640534],[120.785475,23.640091],[120.786197,23.639964],[120.786918,23.640091],[120.787626,23.640534],[120.788019,23.641105],[120.788157,23.64177],[120.788019,23.642435],[120.787539,23.643086],[120.786918,23.643449],[120.786197,23.643576]]]}},
{"type":"Feature","properties":{"ID":5769579,"redListCat":"VU"},"geometry":{"type":"Polygon","coordinates":[[[120.797486,23.671557],[120.796764,23.67143],[120.796144,23.671068],[120.795712,23.67052],[120.795526,23.669751],[120.795663,23.669086],[120.796144,23.668435],[120.796764,23.668072],[120.797486,23.667945],[120.798208,23.668072],[120.798828,23.668435],[120.799309,23.669086],[120.799447,23.669751],[120.79926,23.67052],[120.798828,23.671068],[120.798208,23.67143],[120.797486,23.671557]]]}},
{"type":"Feature","properties":{"ID":5769580,"redListCat":"VU"},"geometry":{"type":"Polygon","coordinates":[[[120.998607,23.793232],[120.997884,23.793105],[120.997263,23.792743],[120.996782,23.792091],[120.996644,23.791426],[120.996782,23.790761],[120.997264,23.79011],[120.997884,23.789747],[120.998607,23.78962],[120.999329,23.789747],[120.99995,23.79011],[121.000431,23.790761],[121.000569,23.791426],[121.000431,23.792091],[120.99995,23.792743],[120.999329,23.793105],[120.998607,23.793232]]]}},
{"type":"Feature","properties":{"ID":5769581,"redListCat":"VU"},"geometry":{"type":"Polygon","coordinates":[[[120.999486,23.503431],[120.998765,23.503304],[120.998145,23.502942],[120.997714,23.502394],[120.997527,23.501625],[120.997665,23.500961],[120.998058,23.500389],[120.998652,23.499991],[120.999486,23.49982],[121.000319,23.499991],[121.000913,23.500389],[121.001306,23.500961],[121.001444,23.501625],[121.001257,23.502394],[121.000826,23.502942],[121.000206,23.503304],[120.999486,23.503431]]]}},
{"type":"Feature","properties":{"ID":5769582,"redListCat":"VU"},"geometry":{"type":"Polygon","coordinates":[[[120.862826,23.526897],[120.862105,23.52677],[120.861485,23.526407],[120.861005,23.525756],[120.860867,23.525091],[120.861005,23.524426],[120.861485,23.523775],[120.862105,23.523412],[120.862826,23.523285],[120.863547,23.523412],[120.864166,23.523775],[120.864647,23.524426],[120.864784,23.525091],[120.864647,23.525756],[120.864167,23.526407],[120.863547,23.52677],[120.862826,23.526897]]]}},
{"type":"Feature","properties":{"ID":5769583,"redListCat":"VU"},"geometry":{"type":"Polygon","coordinates":[[[120.890108,23.652985],[120.889387,23.652858],[120.888766,23.652495],[120.888286,23.651844],[120.888148,23.651179],[120.888335,23.65041],[120.888766,23.649862],[120.889387,23.6495],[120.890108,23.649373],[120.89083,23.6495],[120.89145,23.649862],[120.891882,23.65041],[120.892069,23.651179],[120.891931,23.651844],[120.89145,23.652495],[120.89083,23.652858],[120.890108,23.652985]]]}},
{"type":"Feature","properties":{"ID":5769584,"redListCat":"VU"},"geometry":{"type":"Polygon","coordinates":[[[120.780581,23.645218],[120.779859,23.645091],[120.779239,23.644728],[120.778807,23.644181],[120.778621,23.643412],[120.778758,23.642747],[120.779152,23.642176],[120.779746,23.641778],[120.780581,23.641606],[120.781416,23.641778],[120.78201,23.642176],[120.782404,23.642747],[120.782541,23.643412],[120.782355,23.644181],[120.781923,23.644728],[120.781303,23.645091],[120.780581,23.645218]]]}},
{"type":"Feature","properties":{"ID":5769594,"redListCat":"VU"},"geometry":{"type":"Polygon","coordinates":[[[120.846017,23.4777],[120.845296,23.477573],[120.844677,23.477211],[120.844196,23.476559],[120.844059,23.475894],[120.844197,23.475229],[120.84459,23.474658],[120.845296,23.474215],[120.846017,23.474088],[120.846737,23.474215],[120.847444,23.474658],[120.847837,23.475229],[120.847974,23.475894],[120.847837,23.476559],[120.847357,23.477211],[120.846737,23.477573],[120.846017,23.4777]]]}},
{"type":"Feature","properties":{"ID":5769599,"redListCat":"VU"},"geometry":{"type":"Polygon","coordinates":[[[120.779688,23.528848],[120.778967,23.528721],[120.778347,23.528358],[120.777916,23.527811],[120.777729,23.527042],[120.777867,23.526377],[120.77826,23.525806],[120.778967,23.525363],[120.779688,23.525236],[120.780409,23.525363],[120.781116,23.525806],[120.781509,23.526377],[120.781646,23.527042],[120.78146,23.527811],[120.781029,23.528358],[120.780409,23.528721],[120.779688,23.528848]]]}},
{"type":"Feature","properties":{"ID":5769608,"redListCat":"VU"},"geometry":{"type":"Polygon","coordinates":[[[120.730707,23.517525],[120.729873,23.517353],[120.72928,23.516955],[120.728886,23.516384],[120.728749,23.515719],[120.728886,23.515054],[120.729367,23.514403],[120.729986,23.51404],[120.730707,23.513913],[120.731428,23.51404],[120.732048,23.514403],[120.732528,23.515054],[120.732666,23.515719],[120.732528,23.516384],[120.732135,23.516955],[120.731541,23.517353],[120.730707,23.517525]]]}},
{"type":"Feature","properties":{"ID":5769617,"redListCat":"VU"},"geometry":{"type":"Polygon","coordinates":[[[120.73145,23.517309],[120.730616,23.517137],[120.730023,23.516739],[120.729629,23.516168],[120.729492,23.515503],[120.729629,23.514838],[120.73011,23.514187],[120.730729,23.513824],[120.73145,23.513697],[120.732171,23.513824],[120.732791,23.514187],[120.733271,23.514838],[120.733409,23.515503],[120.733271,23.516168],[120.732878,23.516739],[120.732284,23.517137],[120.73145,23.517309]]]}},
{"type":"Feature","properties":{"ID":5769675,"redListCat":"VU"},"geometry":{"type":"Polygon","coordinates":[[[120.688009,23.508199],[120.687272,23.508158],[120.68651,23.5078],[120.685987,23.507178],[120.685804,23.506519],[120.688009,23.508199]]]}},
{"type":"Feature","properties":{"ID":5769736,"redListCat":"VU"},"geometry":{"type":"Polygon","coordinates":[[[120.783432,23.682057],[120.78271,23.68193],[120.782089,23.681568],[120.781609,23.680916],[120.781471,23.680251],[120.781658,23.679482],[120.782089,23.678935],[120.78271,23.678572],[120.783432,23.678445],[120.784154,23.678572],[120.784774,23.678935],[120.785206,23.679482],[120.785392,23.680251],[120.785255,23.680916],[120.784774,23.681568],[120.784154,23.68193],[120.783432,23.682057]]]}},
{"type":"Feature","properties":{"ID":5769739,"redListCat":"VU"},"geometry":{"type":"Polygon","coordinates":[[[120.7816,23.645614],[120.780879,23.645487],[120.780259,23.645124],[120.779827,23.644577],[120.77964,23.643808],[120.779827,23.643039],[120.780259,23.642492],[120.780879,23.642129],[120.7816,23.642002],[120.782322,23.642129],[120.782942,23.642492],[120.783374,23.643039],[120.783561,23.643808],[120.783374,23.644577],[120.782942,23.645124],[120.782322,23.645487],[120.7816,23.645614]]]}},
{"type":"Feature","properties":{"ID":5769740,"redListCat":"VU"},"geometry":{"type":"Polygon","coordinates":[[[120.903663,23.506193],[120.902943,23.506067],[120.902323,23.505704],[120.901892,23.505156],[120.901705,23.504388],[120.901843,23.503723],[120.902236,23.503151],[120.90283,23.502754],[120.903663,23.502582],[120.904497,23.502754],[120.905091,23.503151],[120.905484,23.503723],[120.905622,23.504388],[120.905435,23.505156],[120.905004,23.505704],[120.904384,23.506067],[120.903663,23.506193]]]}},
{"type":"Feature","properties":{"ID":5769759,"redListCat":"VU"},"geometry":{"type":"Polygon","coordinates":[[[120.988761,23.504581],[120.987927,23.504409],[120.987334,23.504011],[120.98694,23.50344],[120.986803,23.502775],[120.98694,23.50211],[120.987421,23.501459],[120.98804,23.501096],[120.988761,23.500969],[120.989482,23.501096],[120.990101,23.501459],[120.990582,23.50211],[120.990719,23.502775],[120.990582,23.50344],[120.990188,23.504011],[120.989595,23.504409],[120.988761,23.504581]]]}},
{"type":"Feature","properties":{"ID":5769760,"redListCat":"VU"},"geometry":{"type":"Polygon","coordinates":[[[120.94906,23.55166],[120.948226,23.551488],[120.947632,23.55109],[120.947239,23.550519],[120.947101,23.549854],[120.947239,23.549189],[120.947719,23.548538],[120.948339,23.548175],[120.94906,23.548048],[120.949781,23.548175],[120.950401,23.548538],[120.950882,23.549189],[120.951019,23.549854],[120.950882,23.550519],[120.950488,23.55109],[120.949894,23.551488],[120.94906,23.55166]]]}},
{"type":"Feature","properties":{"ID":5769761,"redListCat":"VU"},"geometry":{"type":"Polygon","coordinates":[[[121.181772,24.098733],[121.182393,24.098424],[121.183001,24.098336],[121.183725,24.098463],[121.184255,24.09875],[121.184662,24.099174],[121.184933,24.099803],[121.184952,24.100368],[121.184762,24.100944],[121.183015,24.100166],[121.18231,24.100171],[121.18219,24.099632],[121.181902,24.099185],[121.181772,24.098733]]]}},
{"type":"Feature","properties":{"ID":5769763,"redListCat":"VU"},"geometry":{"type":"Polygon","coordinates":[[[121.167779,23.809233],[121.167057,23.809106],[121.166349,23.808663],[121.165954,23.808092],[121.165817,23.807427],[121.165955,23.806762],[121.166349,23.806191],[121.167057,23.805748],[121.167779,23.805621],[121.168502,23.805748],[121.16921,23.806191],[121.169604,23.806762],[121.169742,23.807427],[121.169604,23.808092],[121.16921,23.808663],[121.168502,23.809106],[121.167779,23.809233]]]}},
{"type":"Feature","properties":{"ID":5769772,"redListCat":"VU"},"geometry":{"type":"Polygon","coordinates":[[[121.206248,24.084058],[121.205411,24.083886],[121.204815,24.083488],[121.20442,24.082917],[121.204282,24.082252],[121.204469,24.081483],[121.204902,24.080935],[121.205524,24.080573],[121.206248,24.080446],[121.206972,24.080573],[121.207595,24.080935],[121.208028,24.081483],[121.208215,24.082252],[121.208077,24.082917],[121.207682,24.083488],[121.207086,24.083886],[121.206248,24.084058]]]}},
{"type":"Feature","properties":{"ID":5769773,"redListCat":"VU"},"geometry":{"type":"Polygon","coordinates":[[[120.914657,23.52592],[120.913936,23.525793],[120.913229,23.525351],[120.912836,23.524779],[120.912698,23.524114],[120.912836,23.52345],[120.913316,23.522798],[120.913936,23.522435],[120.914657,23.522309],[120.915378,23.522435],[120.915997,23.522798],[120.916478,23.52345],[120.916615,23.524114],[120.916478,23.524779],[120.916084,23.525351],[120.915378,23.525793],[120.914657,23.52592]]]}},
{"type":"Feature","properties":{"ID":5769781,"redListCat":"VU"},"geometry":{"type":"Polygon","coordinates":[[[120.91542,23.525336],[120.914699,23.525209],[120.913992,23.524766],[120.913599,23.524194],[120.913462,23.52353],[120.913599,23.522865],[120.913992,23.522293],[120.914586,23.521896],[120.91542,23.521724],[120.916254,23.521896],[120.916848,23.522293],[120.917241,23.522865],[120.917378,23.52353],[120.917241,23.524194],[120.916848,23.524766],[120.916141,23.525209],[120.91542,23.525336]]]}},
{"type":"Feature","properties":{"ID":5769791,"redListCat":"VU"},"geometry":{"type":"Polygon","coordinates":[[[120.91057,23.781234],[120.909848,23.781107],[120.909227,23.780745],[120.908746,23.780093],[120.908608,23.779428],[120.908795,23.778659],[120.909227,23.778112],[120.909848,23.777749],[120.91057,23.777622],[120.911292,23.777749],[120.911913,23.778112],[120.912346,23.778659],[120.912532,23.779428],[120.912395,23.780093],[120.911913,23.780745],[120.911292,23.781107],[120.91057,23.781234]]]}},
{"type":"Feature","properties":{"ID":5769798,"redListCat":"VU"},"geometry":{"type":"Polygon","coordinates":[[[121.179194,23.948739],[121.178471,23.948612],[121.177762,23.948169],[121.177367,23.947598],[121.177229,23.946933],[121.177367,23.946269],[121.177762,23.945697],[121.178357,23.945299],[121.179194,23.945128],[121.18003,23.945299],[121.180626,23.945697],[121.181021,23.946269],[121.181159,23.946933],[121.181021,23.947598],[121.180626,23.948169],[121.179917,23.948612],[121.179194,23.948739]]]}},
{"type":"Feature","properties":{"ID":5769809,"redListCat":"VU"},"geometry":{"type":"Polygon","coordinates":[[[120.86733,23.559508],[120.866609,23.559381],[120.865989,23.559019],[120.865509,23.558367],[120.865371,23.557702],[120.865509,23.557037],[120.865902,23.556466],[120.866496,23.556068],[120.86733,23.555896],[120.868164,23.556068],[120.868758,23.556466],[120.869152,23.557037],[120.869289,23.557702],[120.869152,23.558367],[120.868671,23.559019],[120.868051,23.559381],[120.86733,23.559508]]]}},
{"type":"Feature","properties":{"ID":5769816,"redListCat":"VU"},"geometry":{"type":"Polygon","coordinates":[[[120.802515,23.677313],[120.801793,23.677186],[120.801085,23.676743],[120.800692,23.676172],[120.800554,23.675507],[120.800692,23.674842],[120.801172,23.674191],[120.801793,23.673828],[120.802515,23.673701],[120.803236,23.673828],[120.803857,23.674191],[120.804338,23.674842],[120.804475,23.675507],[120.804338,23.676172],[120.803944,23.676743],[120.803236,23.677186],[120.802515,23.677313]]]}},
{"type":"Feature","properties":{"ID":5769819,"redListCat":"VU"},"geometry":{"type":"Polygon","coordinates":[[[121.1722,24.085902],[121.172764,24.085315],[121.173431,24.085027],[121.174167,24.084984],[121.174868,24.085193],[121.175512,24.085714],[121.175826,24.086327],[121.175872,24.087002],[121.175644,24.087646],[121.175174,24.088167],[121.174528,24.088493],[121.173797,24.088578],[121.173082,24.088409],[121.172671,24.08794],[121.172483,24.087602],[121.1722,24.085902]]]}},
{"type":"Feature","properties":{"ID":5769826,"redListCat":"VU"},"geometry":{"type":"Polygon","coordinates":[[[120.804792,23.661725],[120.803958,23.661553],[120.803363,23.661155],[120.80297,23.660584],[120.802832,23.659919],[120.80297,23.659254],[120.803363,23.658683],[120.804071,23.65824],[120.804792,23.658113],[120.805514,23.65824],[120.806221,23.658683],[120.806615,23.659254],[120.806753,23.659919],[120.806615,23.660584],[120.806222,23.661155],[120.805627,23.661553],[120.804792,23.661725]]]}},
{"type":"Feature","properties":{"ID":5913070,"redListCat":"VU"},"geometry":{"type":"Polygon","coordinates":[[[120.803965,23.677673],[120.803243,23.677547],[120.802623,23.677184],[120.802142,23.676532],[120.802004,23.675868],[120.802142,23.675203],[120.802536,23.674631],[120.80313,23.674234],[120.803965,23.674062],[120.8048,23.674234],[120.805394,23.674631],[120.805788,23.675203],[120.805926,23.675868],[120.805788,23.676532],[120.805307,23.677184],[120.804687,23.677547],[120.803965,23.677673]]]}},
{"type":"Feature","properties":{"ID":5916252,"redListCat":"VU"},"geometry":{"type":"Polygon","coordinates":[[[120.73109,23.5187],[120.730369,23.518574],[120.729749,23.518211],[120.729318,23.517663],[120.729132,23.516895],[120.729318,23.516126],[120.729749,23.515578],[120.730369,23.515216],[120.73109,23.515089],[120.731811,23.515216],[120.732431,23.515578],[120.732862,23.516126],[120.733048,23.516895],[120.732862,23.517663],[120.732431,23.518211],[120.731811,23.518574],[120.73109,23.5187]]]}},
{"type":"Feature","properties":{"ID":5918019,"redListCat":"VU"},"geometry":{"type":"Polygon","coordinates":[[[120.844531,23.476842],[120.84381,23.476715],[120.843191,23.476353],[120.84276,23.475805],[120.842573,23.475036],[120.842711,23.474372],[120.843104,23.4738],[120.84381,23.473357],[120.844531,23.473231],[120.845252,23.473357],[120.845958,23.4738],[120.846351,23.474372],[120.846489,23.475036],[120.846303,23.475805],[120.845871,23.476353],[120.845252,23.476715],[120.844531,23.476842]]]}},
{"type":"Feature","properties":{"ID":5919708,"redListCat":"VU"},"geometry":{"type":"Polygon","coordinates":[[[120.687796,23.508037],[120.687197,23.508509],[120.686499,23.508718],[120.685767,23.508675],[120.685006,23.508318],[120.684538,23.507796],[120.684311,23.507153],[120.684357,23.506477],[120.684745,23.505775],[120.68478,23.505739],[120.687796,23.508037]]]}},
{"type":"Feature","properties":{"ID":5920508,"redListCat":"VU"},"geometry":{"type":"Polygon","coordinates":[[[121.182276,24.100017],[121.182612,24.099314],[121.183149,24.098851],[121.183835,24.098602],[121.184572,24.098602],[121.185359,24.098915],[121.185864,24.099408],[121.186135,24.100037],[121.186135,24.100714],[121.185893,24.101298],[121.185458,24.101102],[121.184565,24.100891],[121.183015,24.100166],[121.18231,24.100171],[121.182276,24.100017]]]}},
{"type":"Feature","properties":{"ID":5922235,"redListCat":"VU"},"geometry":{"type":"Polygon","coordinates":[[[121.207509,24.084725],[121.206785,24.084599],[121.206163,24.084236],[121.20573,24.083688],[121.205542,24.08292],[121.20568,24.082255],[121.206075,24.081684],[121.206672,24.081286],[121.207509,24.081114],[121.208347,24.081286],[121.208943,24.081684],[121.209338,24.082255],[121.209476,24.08292],[121.209289,24.083688],[121.208856,24.084236],[121.208233,24.084599],[121.207509,24.084725]]]}},
{"type":"Feature","properties":{"ID":5922297,"redListCat":"VU"},"geometry":{"type":"Polygon","coordinates":[[[121.167191,23.809248],[121.166469,23.809121],[121.165761,23.808678],[121.165367,23.808107],[121.165229,23.807442],[121.165416,23.806673],[121.165848,23.806125],[121.166469,23.805763],[121.167191,23.805636],[121.167914,23.805763],[121.168535,23.806125],[121.168967,23.806673],[121.169154,23.807442],[121.169016,23.808107],[121.168622,23.808678],[121.167914,23.809121],[121.167191,23.809248]]]}},
{"type":"Feature","properties":{"ID":5922360,"redListCat":"VU"},"geometry":{"type":"Polygon","coordinates":[[[120.780735,23.645601],[120.780013,23.645474],[120.779393,23.645111],[120.778961,23.644564],[120.778775,23.643795],[120.778961,23.643026],[120.779393,23.642478],[120.780013,23.642116],[120.780735,23.641989],[120.781457,23.642116],[120.782077,23.642478],[120.782509,23.643026],[120.782695,23.643795],[120.782509,23.644564],[120.782077,23.645111],[120.781457,23.645474],[120.780735,23.645601]]]}},
{"type":"Feature","properties":{"ID":5922650,"redListCat":"VU"},"geometry":{"type":"Polygon","coordinates":[[[120.903232,23.505627],[120.902511,23.505501],[120.901892,23.505138],[120.90146,23.504591],[120.901274,23.503822],[120.90146,23.503053],[120.901892,23.502505],[120.902511,23.502143],[120.903232,23.502016],[120.903953,23.502143],[120.904572,23.502505],[120.905004,23.503053],[120.90519,23.503822],[120.905004,23.504591],[120.904572,23.505138],[120.903953,23.505501],[120.903232,23.505627]]]}},
{"type":"Feature","properties":{"ID":5922865,"redListCat":"VU"},"geometry":{"type":"Polygon","coordinates":[[[120.989228,23.505552],[120.988508,23.505425],[120.987888,23.505063],[120.987457,23.504515],[120.98727,23.503746],[120.987408,23.503081],[120.987801,23.50251],[120.988508,23.502067],[120.989228,23.50194],[120.989949,23.502067],[120.990656,23.50251],[120.991049,23.503081],[120.991187,23.503746],[120.991,23.504515],[120.990569,23.505063],[120.989949,23.505425],[120.989228,23.505552]]]}},
{"type":"Feature","properties":{"ID":5922940,"redListCat":"VU"},"geometry":{"type":"Polygon","coordinates":[[[120.949216,23.551588],[120.948382,23.551416],[120.947788,23.551018],[120.947395,23.550446],[120.947257,23.549782],[120.947395,23.549117],[120.947875,23.548465],[120.948495,23.548103],[120.949216,23.547976],[120.949937,23.548103],[120.950557,23.548465],[120.951037,23.549117],[120.951175,23.549782],[120.951037,23.550446],[120.950644,23.551018],[120.95005,23.551416],[120.949216,23.551588]]]}},
{"type":"Feature","properties":{"ID":5922987,"redListCat":"VU"},"geometry":{"type":"Polygon","coordinates":[[[120.913915,23.525597],[120.913194,23.52547],[120.912574,23.525107],[120.912143,23.52456],[120.911956,23.523791],[120.912094,23.523126],[120.912487,23.522555],[120.913081,23.522157],[120.913915,23.521985],[120.914749,23.522157],[120.915342,23.522555],[120.915736,23.523126],[120.915873,23.523791],[120.915687,23.52456],[120.915255,23.525107],[120.914636,23.52547],[120.913915,23.525597]]]}},
{"type":"Feature","properties":{"ID":5924051,"redListCat":"VU"},"geometry":{"type":"Polygon","coordinates":[[[120.782849,23.682107],[120.782127,23.681981],[120.781506,23.681618],[120.781074,23.68107],[120.780888,23.680302],[120.781025,23.679637],[120.781419,23.679065],[120.782014,23.678668],[120.782849,23.678496],[120.783683,23.678668],[120.784278,23.679065],[120.784672,23.679637],[120.784809,23.680302],[120.784623,23.68107],[120.784191,23.681618],[120.78357,23.681981],[120.782849,23.682107]]]}},
{"type":"Feature","properties":{"ID":5924585,"redListCat":"VU"},"geometry":{"type":"Polygon","coordinates":[[[121.180055,23.947475],[121.179332,23.947348],[121.17871,23.946986],[121.178277,23.946438],[121.178091,23.945669],[121.178278,23.9449],[121.17871,23.944353],[121.179332,23.94399],[121.180055,23.943863],[121.180779,23.94399],[121.1814,23.944353],[121.181833,23.9449],[121.18202,23.945669],[121.181833,23.946438],[121.1814,23.946986],[121.180779,23.947348],[121.180055,23.947475]]]}},
{"type":"Feature","properties":{"ID":5924849,"redListCat":"VU"},"geometry":{"type":"Polygon","coordinates":[[[120.91186,23.781895],[120.911137,23.781769],[120.910429,23.781326],[120.910035,23.780754],[120.909897,23.78009],[120.910035,23.779425],[120.910429,23.778853],[120.911137,23.778411],[120.91186,23.778284],[120.912582,23.778411],[120.91329,23.778853],[120.913684,23.779425],[120.913822,23.78009],[120.913684,23.780754],[120.91329,23.781326],[120.912582,23.781769],[120.91186,23.781895]]]}},
{"type":"Feature","properties":{"ID":5925281,"redListCat":"VU"},"geometry":{"type":"Polygon","coordinates":[[[120.867244,23.559521],[120.86641,23.559349],[120.865816,23.558951],[120.865423,23.558379],[120.865285,23.557715],[120.865423,23.55705],[120.865816,23.556479],[120.86641,23.556081],[120.867244,23.555909],[120.868078,23.556081],[120.868672,23.556479],[120.869065,23.55705],[120.869203,23.557715],[120.869065,23.558379],[120.868672,23.558951],[120.868078,23.559349],[120.867244,23.559521]]]}},
{"type":"Feature","properties":{"ID":13214310,"redListCat":"VU"},"geometry":{"type":"Polygon","coordinates":[[[120.805634,23.620951],[120.804912,23.620824],[120.804205,23.620381],[120.803811,23.61981],[120.803674,23.619145],[120.80386,23.618376],[120.804292,23.617829],[120.804912,23.617466],[120.805634,23.617339],[120.806355,23.617466],[120.806975,23.617829],[120.807407,23.618376],[120.807593,23.619145],[120.807456,23.61981],[120.807062,23.620381],[120.806355,23.620824],[120.805634,23.620951]]]}},
{"type":"Feature","properties":{"ID":5772399,"redListCat":"VU"},"geometry":{"type":"Polygon","coordinates":[[[120.788815,23.655385],[120.788093,23.655258],[120.787386,23.654816],[120.786992,23.654244],[120.786854,23.653579],[120.786992,23.652915],[120.787386,23.652343],[120.78798,23.651946],[120.788815,23.651774],[120.789649,23.651946],[120.790244,23.652343],[120.790637,23.652915],[120.790775,23.653579],[120.790637,23.654244],[120.790244,23.654816],[120.789536,23.655258],[120.788815,23.655385]]]}},
{"type":"Feature","properties":{"ID":5781379,"redListCat":"VU"},"geometry":{"type":"Polygon","coordinates":[[[120.813134,23.556457],[120.8123,23.556285],[120.811706,23.555887],[120.811312,23.555316],[120.811175,23.554651],[120.811312,23.553986],[120.811706,23.553415],[120.8123,23.553017],[120.813134,23.552845],[120.813968,23.553017],[120.814562,23.553415],[120.814955,23.553986],[120.815093,23.554651],[120.814955,23.555316],[120.814562,23.555887],[120.813968,23.556285],[120.813134,23.556457]]]}},
{"type":"Feature","properties":{"ID":5781381,"redListCat":"VU"},"geometry":{"type":"Polygon","coordinates":[[[120.784319,23.567089],[120.783485,23.566917],[120.782891,23.56652],[120.782497,23.565948],[120.78236,23.565283],[120.782498,23.564619],[120.782891,23.564047],[120.783485,23.563649],[120.784319,23.563478],[120.785153,23.563649],[120.785747,23.564047],[120.78614,23.564619],[120.786278,23.565283],[120.78614,23.565948],[120.785747,23.56652],[120.785153,23.566917],[120.784319,23.567089]]]}},
{"type":"Feature","properties":{"ID":5793138,"redListCat":"VU"},"geometry":{"type":"Polygon","coordinates":[[[120.918245,23.628548],[120.917523,23.628421],[120.916903,23.628058],[120.916471,23.627511],[120.916285,23.626742],[120.916471,23.625973],[120.916903,23.625426],[120.917523,23.625063],[120.918245,23.624936],[120.918966,23.625063],[120.919586,23.625426],[120.920018,23.625973],[120.920205,23.626742],[120.920018,23.627511],[120.919586,23.628058],[120.918966,23.628421],[120.918245,23.628548]]]}},
{"type":"Feature","properties":{"ID":5823157,"redListCat":"VU"},"geometry":{"type":"Polygon","coordinates":[[[120.779124,23.831175],[120.778288,23.831003],[120.777693,23.830605],[120.777299,23.830034],[120.777161,23.829369],[120.777299,23.828705],[120.777693,23.828133],[120.778288,23.827735],[120.779124,23.827564],[120.77996,23.827735],[120.780555,23.828133],[120.780949,23.828705],[120.781087,23.829369],[120.780949,23.830034],[120.780555,23.830605],[120.77996,23.831003],[120.779124,23.831175]]]}},
{"type":"Feature","properties":{"ID":5823908,"redListCat":"VU"},"geometry":{"type":"Polygon","coordinates":[[[120.873911,23.513899],[120.87319,23.513772],[120.872571,23.513409],[120.872139,23.512862],[120.871953,23.512093],[120.87209,23.511428],[120.872484,23.510857],[120.87319,23.510414],[120.873911,23.510287],[120.874632,23.510414],[120.875339,23.510857],[120.875732,23.511428],[120.875869,23.512093],[120.875683,23.512862],[120.875252,23.513409],[120.874632,23.513772],[120.873911,23.513899]]]}},
{"type":"Feature","properties":{"ID":5823909,"redListCat":"VU"},"geometry":{"type":"Polygon","coordinates":[[[120.679243,23.510891],[120.678522,23.510764],[120.677815,23.510322],[120.677422,23.50975],[120.677285,23.509085],[120.677422,23.508421],[120.677815,23.507849],[120.678409,23.507451],[120.679243,23.507279],[120.680077,23.507451],[120.68067,23.507849],[120.681063,23.508421],[120.681201,23.509085],[120.681063,23.50975],[120.68067,23.510322],[120.679964,23.510764],[120.679243,23.510891]]]}},
{"type":"Feature","properties":{"ID":5823488,"redListCat":"VU"},"geometry":{"type":"Polygon","coordinates":[[[120.874203,23.510892],[120.873482,23.510766],[120.872775,23.510323],[120.872382,23.509751],[120.872245,23.509087],[120.872382,23.508422],[120.872775,23.50785],[120.873369,23.507453],[120.874203,23.507281],[120.875037,23.507453],[120.87563,23.50785],[120.876023,23.508422],[120.876161,23.509087],[120.876023,23.509751],[120.87563,23.510323],[120.874924,23.510766],[120.874203,23.510892]]]}},
{"type":"Feature","properties":{"ID":5832548,"redListCat":"VU"},"geometry":{"type":"Polygon","coordinates":[[[120.810024,23.563329],[120.809303,23.563202],[120.808683,23.56284],[120.808203,23.562188],[120.808065,23.561523],[120.808203,23.560858],[120.808596,23.560287],[120.80919,23.559889],[120.810024,23.559717],[120.810858,23.559889],[120.811452,23.560287],[120.811845,23.560858],[120.811983,23.561523],[120.811845,23.562188],[120.811365,23.56284],[120.810745,23.563202],[120.810024,23.563329]]]}},
{"type":"Feature","properties":{"ID":13211637,"redListCat":"VU"},"geometry":{"type":"Polygon","coordinates":[[[121.17411,23.954595],[121.173273,23.954423],[121.172678,23.954025],[121.172283,23.953454],[121.172145,23.952789],[121.172332,23.95202],[121.172765,23.951473],[121.173387,23.95111],[121.17411,23.950984],[121.174833,23.95111],[121.175455,23.951473],[121.175888,23.95202],[121.176075,23.952789],[121.175937,23.953454],[121.175542,23.954025],[121.174947,23.954423],[121.17411,23.954595]]]}},
{"type":"Feature","properties":{"ID":5790828,"redListCat":"VU"},"geometry":{"type":"Polygon","coordinates":[[[120.918664,23.84776],[120.917941,23.847633],[120.91732,23.84727],[120.916839,23.846618],[120.916701,23.845954],[120.916839,23.845289],[120.91732,23.844637],[120.917941,23.844275],[120.918664,23.844148],[120.919387,23.844275],[120.920008,23.844637],[120.920489,23.845289],[120.920627,23.845954],[120.920489,23.846618],[120.920008,23.84727],[120.919387,23.847633],[120.918664,23.84776]]]}},
{"type":"Feature","properties":{"ID":5166284,"redListCat":"VU"},"geometry":{"type":"Polygon","coordinates":[[[120.790517,23.671173],[120.789682,23.671001],[120.789087,23.670603],[120.788694,23.670032],[120.788556,23.669367],[120.788743,23.668598],[120.789175,23.668051],[120.789795,23.667688],[120.790517,23.667561],[120.791238,23.667688],[120.791859,23.668051],[120.792291,23.668598],[120.792477,23.669367],[120.79234,23.670032],[120.791946,23.670603],[120.791351,23.671001],[120.790517,23.671173]]]}},
{"type":"Feature","properties":{"ID":5806670,"redListCat":"VU"},"geometry":{"type":"Polygon","coordinates":[[[120.81012,23.564527],[120.809399,23.5644],[120.808779,23.564037],[120.808348,23.56349],[120.808161,23.562721],[120.808299,23.562056],[120.808779,23.561404],[120.809399,23.561042],[120.81012,23.560915],[120.810841,23.561042],[120.811461,23.561404],[120.811942,23.562056],[120.812079,23.562721],[120.811893,23.56349],[120.811461,23.564037],[120.810841,23.5644],[120.81012,23.564527]]]}},
{"type":"Feature","properties":{"ID":5806671,"redListCat":"VU"},"geometry":{"type":"Polygon","coordinates":[[[120.797444,23.695278],[120.796722,23.695151],[120.796102,23.694788],[120.79567,23.694241],[120.795483,23.693472],[120.795621,23.692807],[120.796014,23.692236],[120.796722,23.691793],[120.797444,23.691666],[120.798166,23.691793],[120.798873,23.692236],[120.799267,23.692807],[120.799405,23.693472],[120.799218,23.694241],[120.798786,23.694788],[120.798166,23.695151],[120.797444,23.695278]]]}},
{"type":"Feature","properties":{"ID":5806672,"redListCat":"VU"},"geometry":{"type":"Polygon","coordinates":[[[120.729129,23.610834],[120.728408,23.610708],[120.727701,23.610265],[120.727307,23.609693],[120.72717,23.609029],[120.727356,23.60826],[120.727788,23.607712],[120.728408,23.60735],[120.729129,23.607223],[120.729851,23.60735],[120.730471,23.607712],[120.730903,23.60826],[120.731089,23.609029],[120.730951,23.609693],[120.730558,23.610265],[120.729851,23.610708],[120.729129,23.610834]]]}},
{"type":"Feature","properties":{"ID":5836972,"redListCat":"VU"},"geometry":{"type":"Polygon","coordinates":[[[120.863303,23.832924],[120.86258,23.832797],[120.861872,23.832354],[120.861477,23.831783],[120.86134,23.831118],[120.861477,23.830454],[120.861872,23.829882],[120.86258,23.829439],[120.863303,23.829312],[120.864025,23.829439],[120.864734,23.829882],[120.865128,23.830454],[120.865266,23.831118],[120.865128,23.831783],[120.864734,23.832354],[120.864025,23.832797],[120.863303,23.832924]]]}},
{"type":"Feature","properties":{"ID":5180523,"redListCat":"VU"},"geometry":{"type":"Polygon","coordinates":[[[121.209349,24.05157],[121.208625,24.051444],[121.208003,24.051081],[121.207521,24.050429],[121.207383,24.049765],[121.207521,24.0491],[121.208003,24.048448],[121.208625,24.048086],[121.209349,24.047959],[121.210073,24.048086],[121.210695,24.048448],[121.211177,24.0491],[121.211315,24.049765],[121.211177,24.050429],[121.210695,24.051081],[121.210073,24.051444],[121.209349,24.05157]]]}},
{"type":"Feature","properties":{"ID":5924971,"redListCat":"VU"},"geometry":{"type":"Polygon","coordinates":[[[121.218405,24.037035],[121.217681,24.036908],[121.217059,24.036545],[121.216626,24.035998],[121.216439,24.035229],[121.216577,24.034564],[121.216972,24.033993],[121.217568,24.033595],[121.218405,24.033423],[121.219242,24.033595],[121.219838,24.033993],[121.220233,24.034564],[121.220371,24.035229],[121.220184,24.035998],[121.219751,24.036545],[121.219129,24.036908],[121.218405,24.037035]]]}},
{"type":"Feature","properties":{"ID":5815073,"redListCat":"VU"},"geometry":{"type":"Polygon","coordinates":[[[121.176134,23.805814],[121.175412,23.805687],[121.174791,23.805325],[121.174309,23.804673],[121.174172,23.804008],[121.174309,23.803343],[121.174791,23.802692],[121.175412,23.802329],[121.176134,23.802202],[121.176857,23.802329],[121.177478,23.802692],[121.177959,23.803343],[121.178097,23.804008],[121.177959,23.804673],[121.177478,23.805325],[121.176857,23.805687],[121.176134,23.805814]]]}},
{"type":"Feature","properties":{"ID":5815074,"redListCat":"VU"},"geometry":{"type":"Polygon","coordinates":[[[121.167898,23.808826],[121.167176,23.8087],[121.166467,23.808257],[121.166073,23.807685],[121.165936,23.807021],[121.166122,23.806252],[121.166555,23.805704],[121.167176,23.805342],[121.167898,23.805215],[121.168621,23.805342],[121.169242,23.805704],[121.169674,23.806252],[121.169861,23.807021],[121.169723,23.807685],[121.169329,23.808257],[121.168621,23.8087],[121.167898,23.808826]]]}},
{"type":"Feature","properties":{"ID":6984337,"redListCat":"CR"},"geometry":{"type":"Polygon","coordinates":[[[120.769019,23.53],[120.768298,23.529873],[120.767679,23.52951],[120.767198,23.528859],[120.767061,23.528194],[120.767198,23.527529],[120.767592,23.526958],[120.768186,23.52656],[120.769019,23.526388],[120.769853,23.52656],[120.770447,23.526958],[120.77084,23.527529],[120.770978,23.528194],[120.77084,23.528859],[120.77036,23.52951],[120.76974,23.529873],[120.769019,23.53]]]}},
{"type":"Feature","properties":{"ID":6984114,"redListCat":"CR"},"geometry":{"type":"Polygon","coordinates":[[[120.717178,23.601741],[120.716457,23.601614],[120.715837,23.601251],[120.715356,23.6006],[120.715219,23.599935],[120.715356,23.59927],[120.71575,23.598699],[120.716344,23.598301],[120.717178,23.598129],[120.718013,23.598301],[120.718607,23.598699],[120.719,23.59927],[120.719138,23.599935],[120.719,23.6006],[120.71852,23.601251],[120.7179,23.601614],[120.717178,23.601741]]]}},
{"type":"Feature","properties":{"ID":7084526,"redListCat":"CR"},"geometry":{"type":"Polygon","coordinates":[[[120.783341,23.636014],[120.782619,23.635887],[120.781999,23.635525],[120.781518,23.634873],[120.781381,23.634208],[120.781567,23.633439],[120.781999,23.632892],[120.782619,23.632529],[120.783341,23.632403],[120.784062,23.632529],[120.784682,23.632892],[120.785114,23.633439],[120.785301,23.634208],[120.785163,23.634873],[120.784682,23.635525],[120.784062,23.635887],[120.783341,23.636014]]]}},
{"type":"Feature","properties":{"ID":7011352,"redListCat":"CR"},"geometry":{"type":"Polygon","coordinates":[[[120.967574,23.539283],[120.966853,23.539156],[120.966233,23.538793],[120.965801,23.538246],[120.965615,23.537477],[120.965753,23.536812],[120.966233,23.53616],[120.966853,23.535798],[120.967574,23.535671],[120.968295,23.535798],[120.968914,23.53616],[120.969395,23.536812],[120.969532,23.537477],[120.969346,23.538246],[120.968914,23.538793],[120.968295,23.539156],[120.967574,23.539283]]]}},
{"type":"Feature","properties":{"ID":7069639,"redListCat":"CR"},"geometry":{"type":"Polygon","coordinates":[[[120.949488,23.535201],[120.948767,23.535074],[120.94806,23.534631],[120.947667,23.53406],[120.947529,23.533395],[120.947716,23.532626],[120.948147,23.532078],[120.948767,23.531716],[120.949488,23.531589],[120.950209,23.531716],[120.950828,23.532078],[120.95126,23.532626],[120.951446,23.533395],[120.951309,23.53406],[120.950915,23.534631],[120.950209,23.535074],[120.949488,23.535201]]]}},
{"type":"Feature","properties":{"ID":7055778,"redListCat":"CR"},"geometry":{"type":"Polygon","coordinates":[[[121.250824,24.001764],[121.2501,24.001637],[121.249478,24.001275],[121.249045,24.000727],[121.248858,23.999958],[121.248996,23.999294],[121.249391,23.998722],[121.2501,23.998279],[121.250824,23.998153],[121.251548,23.998279],[121.252257,23.998722],[121.252651,23.999294],[121.25279,23.999958],[121.252602,24.000727],[121.252169,24.001275],[121.251548,24.001637],[121.250824,24.001764]]]}},
{"type":"Feature","properties":{"ID":6982125,"redListCat":"CR"},"geometry":{"type":"Polygon","coordinates":[[[120.899705,23.902427],[120.898982,23.9023],[120.898361,23.901937],[120.897879,23.901286],[120.897741,23.900621],[120.897879,23.899956],[120.898361,23.899305],[120.898982,23.898942],[120.899705,23.898815],[120.900428,23.898942],[120.90105,23.899305],[120.901531,23.899956],[120.901669,23.900621],[120.901531,23.901286],[120.90105,23.901937],[120.900428,23.9023],[120.899705,23.902427]]]}},
{"type":"Feature","properties":{"ID":7014738,"redListCat":"CR"},"geometry":{"type":"Polygon","coordinates":[[[121.315514,24.116779],[121.315689,24.116203],[121.316123,24.115656],[121.316745,24.115293],[121.317346,24.11517],[121.317959,24.115223],[121.318626,24.115511],[121.31913,24.116004],[121.31938,24.116543],[121.318691,24.116607],[121.317364,24.116576],[121.315514,24.116779]]]}},
{"type":"Feature","properties":{"ID":7026113,"redListCat":"CR"},"geometry":{"type":"Polygon","coordinates":[[[120.765811,23.534679],[120.76509,23.534552],[120.76447,23.53419],[120.76399,23.533538],[120.763852,23.532873],[120.76399,23.532209],[120.764383,23.531637],[120.764977,23.531239],[120.765811,23.531067],[120.766645,23.531239],[120.767239,23.531637],[120.767632,23.532209],[120.767769,23.532873],[120.767632,23.533538],[120.767152,23.53419],[120.766532,23.534552],[120.765811,23.534679]]]}},
{"type":"Feature","properties":{"ID":7003708,"redListCat":"CR"},"geometry":{"type":"Polygon","coordinates":[[[120.782441,23.535087],[120.78172,23.53496],[120.781013,23.534517],[120.78062,23.533946],[120.780482,23.533281],[120.780668,23.532512],[120.7811,23.531965],[120.78172,23.531602],[120.782441,23.531475],[120.783162,23.531602],[120.783781,23.531965],[120.784213,23.532512],[120.784399,23.533281],[120.784262,23.533946],[120.783868,23.534517],[120.783162,23.53496],[120.782441,23.535087]]]}},
{"type":"Feature","properties":{"ID":7066565,"redListCat":"CR"},"geometry":{"type":"Polygon","coordinates":[[[120.7699,23.529972],[120.769179,23.529845],[120.768472,23.529402],[120.768079,23.528831],[120.767941,23.528166],[120.768079,23.527501],[120.768472,23.52693],[120.769066,23.526532],[120.7699,23.52636],[120.770733,23.526532],[120.771327,23.52693],[120.771721,23.527501],[120.771858,23.528166],[120.771721,23.528831],[120.771327,23.529402],[120.770621,23.529845],[120.7699,23.529972]]]}},
{"type":"Feature","properties":{"ID":7170562,"redListCat":"CR"},"geometry":{"type":"Polygon","coordinates":[[[120.418482,24.04873],[120.417758,24.048604],[120.417136,24.048241],[120.416654,24.047589],[120.416516,24.046925],[120.416654,24.04626],[120.417049,24.045689],[120.417758,24.045246],[120.418482,24.045119],[120.419206,24.045246],[120.419915,24.045689],[120.42031,24.04626],[120.420448,24.046925],[120.42031,24.047589],[120.419828,24.048241],[120.419206,24.048604],[120.418482,24.04873]]]}},
{"type":"Feature","properties":{"ID":6986251,"redListCat":"EN"},"geometry":{"type":"Polygon","coordinates":[[[121.132815,24.017928],[121.132091,24.017801],[121.131469,24.017438],[121.130987,24.016787],[121.130849,24.016122],[121.130987,24.015457],[121.131382,24.014886],[121.131978,24.014488],[121.132815,24.014316],[121.133652,24.014488],[121.134248,24.014886],[121.134642,24.015457],[121.134781,24.016122],[121.134643,24.016787],[121.13416,24.017438],[121.133538,24.017801],[121.132815,24.017928]]]}},
{"type":"Feature","properties":{"ID":6983914,"redListCat":"EN"},"geometry":{"type":"Polygon","coordinates":[[[121.311778,24.092457],[121.311054,24.09233],[121.310431,24.091967],[121.309949,24.091316],[121.309811,24.090651],[121.309949,24.089986],[121.310431,24.089335],[121.311054,24.088972],[121.311778,24.088845],[121.312502,24.088972],[121.313124,24.089335],[121.313607,24.089986],[121.313745,24.090651],[121.313607,24.091316],[121.313124,24.091967],[121.312502,24.09233],[121.311778,24.092457]]]}},
{"type":"Feature","properties":{"ID":7018716,"redListCat":"EN"},"geometry":{"type":"Polygon","coordinates":[[[121.252058,23.961103],[121.251335,23.960976],[121.250713,23.960614],[121.25028,23.960066],[121.250093,23.959297],[121.250231,23.958633],[121.250626,23.958061],[121.251335,23.957618],[121.252058,23.957492],[121.252782,23.957618],[121.253491,23.958061],[121.253885,23.958633],[121.254023,23.959297],[121.253836,23.960066],[121.253403,23.960614],[121.252782,23.960976],[121.252058,23.961103]]]}},
{"type":"Feature","properties":{"ID":6983277,"redListCat":"EN"},"geometry":{"type":"Polygon","coordinates":[[[120.883708,23.918023],[120.882984,23.917897],[120.882363,23.917534],[120.881881,23.916882],[120.881743,23.916218],[120.881881,23.915553],[120.882363,23.914901],[120.882984,23.914539],[120.883708,23.914412],[120.884431,23.914539],[120.885052,23.914901],[120.885534,23.915553],[120.885672,23.916218],[120.885534,23.916882],[120.885052,23.917534],[120.884431,23.917897],[120.883708,23.918023]]]}},
{"type":"Feature","properties":{"ID":6995510,"redListCat":"EN"},"geometry":{"type":"Polygon","coordinates":[[[120.905172,23.902696],[120.904449,23.902569],[120.903827,23.902207],[120.903395,23.901659],[120.903208,23.90089],[120.903395,23.900121],[120.903827,23.899574],[120.904449,23.899211],[120.905172,23.899085],[120.905895,23.899211],[120.906516,23.899574],[120.906949,23.900121],[120.907136,23.90089],[120.906949,23.901659],[120.906516,23.902207],[120.905895,23.902569],[120.905172,23.902696]]]}},
{"type":"Feature","properties":{"ID":7011057,"redListCat":"EN"},"geometry":{"type":"Polygon","coordinates":[[[120.917377,23.86792],[120.916541,23.867748],[120.915946,23.867351],[120.915552,23.866779],[120.915414,23.866115],[120.915552,23.86545],[120.915946,23.864878],[120.916541,23.864481],[120.917377,23.864309],[120.918213,23.864481],[120.918809,23.864878],[120.919203,23.86545],[120.919341,23.866115],[120.919203,23.866779],[120.918809,23.867351],[120.918213,23.867748],[120.917377,23.86792]]]}},
{"type":"Feature","properties":{"ID":7092999,"redListCat":"EN"},"geometry":{"type":"Polygon","coordinates":[[[120.899903,23.751146],[120.899181,23.751019],[120.898561,23.750657],[120.898128,23.750109],[120.897942,23.74934],[120.898079,23.748676],[120.898561,23.748024],[120.899181,23.747661],[120.899903,23.747535],[120.900626,23.747661],[120.901246,23.748024],[120.901727,23.748676],[120.901865,23.74934],[120.901679,23.750109],[120.901246,23.750657],[120.900626,23.751019],[120.899903,23.751146]]]}},
{"type":"Feature","properties":{"ID":6985842,"redListCat":"EN"},"geometry":{"type":"Polygon","coordinates":[[[120.76998,23.528905],[120.769259,23.528778],[120.768639,23.528415],[120.768208,23.527868],[120.768021,23.527099],[120.768208,23.52633],[120.768639,23.525783],[120.769259,23.52542],[120.76998,23.525293],[120.770701,23.52542],[120.77132,23.525783],[120.771752,23.52633],[120.771938,23.527099],[120.771752,23.527868],[120.77132,23.528415],[120.770701,23.528778],[120.76998,23.528905]]]}},
{"type":"Feature","properties":{"ID":6985890,"redListCat":"EN"},"geometry":{"type":"Polygon","coordinates":[[[120.772645,23.677284],[120.771923,23.677157],[120.771302,23.676795],[120.770822,23.676143],[120.770684,23.675478],[120.77087,23.674709],[120.771302,23.674162],[120.771923,23.673799],[120.772645,23.673672],[120.773366,23.673799],[120.773987,23.674162],[120.774419,23.674709],[120.774605,23.675478],[120.774468,23.676143],[120.773987,23.676795],[120.773366,23.677157],[120.772645,23.677284]]]}},
{"type":"Feature","properties":{"ID":5006002,"redListCat":"EN"},"geometry":{"type":"Polygon","coordinates":[[[121.206958,24.110024],[121.207392,24.109926],[121.207885,24.109926],[121.208362,24.110039],[121.208839,24.110289],[121.207916,24.110294],[121.206958,24.110024]]]}},
{"type":"Feature","properties":{"ID":5035940,"redListCat":"EN"},"geometry":{"type":"Polygon","coordinates":[[[120.911883,23.49331],[120.911162,23.493183],[120.910542,23.492821],[120.910111,23.492273],[120.909925,23.491504],[120.910062,23.490839],[120.910542,23.490188],[120.911162,23.489825],[120.911883,23.489698],[120.912603,23.489825],[120.913223,23.490188],[120.913703,23.490839],[120.913841,23.491504],[120.913654,23.492273],[120.913223,23.492821],[120.912603,23.493183],[120.911883,23.49331]]]}},
{"type":"Feature","properties":{"ID":5037256,"redListCat":"EN"},"geometry":{"type":"Polygon","coordinates":[[[121.203789,23.981053],[121.203065,23.980927],[121.202444,23.980564],[121.201962,23.979912],[121.201824,23.979248],[121.201962,23.978583],[121.202356,23.978012],[121.202952,23.977614],[121.203789,23.977442],[121.204626,23.977614],[121.205222,23.978012],[121.205616,23.978583],[121.205754,23.979248],[121.205616,23.979912],[121.205134,23.980564],[121.204512,23.980927],[121.203789,23.981053]]]}},
{"type":"Feature","properties":{"ID":5054330,"redListCat":"EN"},"geometry":{"type":"Polygon","coordinates":[[[120.903082,23.482013],[120.902361,23.481886],[120.901742,23.481524],[120.901311,23.480976],[120.901124,23.480207],[120.901262,23.479542],[120.901742,23.478891],[120.902361,23.478528],[120.903082,23.478401],[120.903803,23.478528],[120.904422,23.478891],[120.904902,23.479542],[120.90504,23.480207],[120.904854,23.480976],[120.904422,23.481524],[120.903803,23.481886],[120.903082,23.482013]]]}},
{"type":"Feature","properties":{"ID":5055636,"redListCat":"EN"},"geometry":{"type":"Polygon","coordinates":[[[120.911144,23.494352],[120.910423,23.494226],[120.909804,23.493863],[120.909372,23.493315],[120.909186,23.492547],[120.909324,23.491882],[120.909717,23.49131],[120.91031,23.490913],[120.911144,23.490741],[120.911978,23.490913],[120.912571,23.49131],[120.912965,23.491882],[120.913102,23.492547],[120.912916,23.493315],[120.912484,23.493863],[120.911865,23.494226],[120.911144,23.494352]]]}},
{"type":"Feature","properties":{"ID":5075223,"redListCat":"EN"},"geometry":{"type":"Polygon","coordinates":[[[120.898647,23.484196],[120.897927,23.484069],[120.89722,23.483626],[120.896827,23.483055],[120.89669,23.48239],[120.896827,23.481725],[120.897307,23.481073],[120.897927,23.480711],[120.898647,23.480584],[120.899368,23.480711],[120.899988,23.481073],[120.900468,23.481725],[120.900605,23.48239],[120.900468,23.483055],[120.900075,23.483626],[120.899368,23.484069],[120.898647,23.484196]]]}},
{"type":"Feature","properties":{"ID":5044395,"redListCat":"EN"},"geometry":{"type":"Polygon","coordinates":[[[120.909729,23.516671],[120.909008,23.516544],[120.908389,23.516181],[120.907957,23.515634],[120.907771,23.514865],[120.907908,23.5142],[120.908389,23.513548],[120.909008,23.513186],[120.909729,23.513059],[120.91045,23.513186],[120.91107,23.513548],[120.91155,23.5142],[120.911687,23.514865],[120.911501,23.515634],[120.91107,23.516181],[120.91045,23.516544],[120.909729,23.516671]]]}},
{"type":"Feature","properties":{"ID":5073114,"redListCat":"EN"},"geometry":{"type":"Polygon","coordinates":[[[120.72666,23.603035],[120.725939,23.602908],[120.725232,23.602465],[120.724838,23.601894],[120.724701,23.601229],[120.724838,23.600564],[120.725232,23.599993],[120.725939,23.59955],[120.72666,23.599423],[120.727382,23.59955],[120.728089,23.599993],[120.728482,23.600564],[120.72862,23.601229],[120.728482,23.601894],[120.728089,23.602465],[120.727382,23.602908],[120.72666,23.603035]]]}},
{"type":"Feature","properties":{"ID":7082848,"redListCat":"EN"},"geometry":{"type":"Polygon","coordinates":[[[120.766226,23.634825],[120.765504,23.634698],[120.764884,23.634336],[120.764452,23.633788],[120.764266,23.633019],[120.764452,23.63225],[120.764884,23.631703],[120.765504,23.63134],[120.766226,23.631213],[120.766947,23.63134],[120.767568,23.631703],[120.767999,23.63225],[120.768186,23.633019],[120.767999,23.633788],[120.767568,23.634336],[120.766947,23.634698],[120.766226,23.634825]]]}},
{"type":"Feature","properties":{"ID":7014498,"redListCat":"EN"},"geometry":{"type":"Polygon","coordinates":[[[121.235249,24.04768],[121.234412,24.047508],[121.233815,24.04711],[121.233421,24.046539],[121.233283,24.045874],[121.233421,24.045209],[121.233903,24.044558],[121.234525,24.044195],[121.235249,24.044068],[121.235973,24.044195],[121.236595,24.044558],[121.237077,24.045209],[121.237215,24.045874],[121.237077,24.046539],[121.236682,24.04711],[121.236086,24.047508],[121.235249,24.04768]]]}},
{"type":"Feature","properties":{"ID":7014565,"redListCat":"EN"},"geometry":{"type":"Polygon","coordinates":[[[121.181436,24.097825],[121.182102,24.097632],[121.182717,24.09765],[121.183403,24.097899],[121.183865,24.098273],[121.184178,24.098759],[121.184316,24.099424],[121.18422,24.099982],[121.18387,24.100568],[121.183015,24.100166],[121.18231,24.100171],[121.18219,24.099632],[121.181902,24.099185],[121.181436,24.097825]]]}},
{"type":"Feature","properties":{"ID":7080946,"redListCat":"EN"},"geometry":{"type":"Polygon","coordinates":[[[120.682724,23.568092],[120.682003,23.567965],[120.681383,23.567603],[120.680952,23.567055],[120.680765,23.566286],[120.680903,23.565621],[120.681296,23.56505],[120.68189,23.564652],[120.682724,23.56448],[120.683558,23.564652],[120.684152,23.56505],[120.684546,23.565621],[120.684683,23.566286],[120.684497,23.567055],[120.684065,23.567603],[120.683445,23.567965],[120.682724,23.568092]]]}},
{"type":"Feature","properties":{"ID":5003480,"redListCat":"EN"},"geometry":{"type":"Polygon","coordinates":[[[121.204058,23.981678],[121.203334,23.981551],[121.202712,23.981189],[121.20223,23.980537],[121.202092,23.979872],[121.202279,23.979104],[121.202712,23.978556],[121.203334,23.978194],[121.204058,23.978067],[121.204781,23.978194],[121.205403,23.978556],[121.205836,23.979104],[121.206023,23.979872],[121.205885,23.980537],[121.205403,23.981189],[121.204781,23.981551],[121.204058,23.981678]]]}},
{"type":"Feature","properties":{"ID":5011451,"redListCat":"EN"},"geometry":{"type":"Polygon","coordinates":[[[120.814368,23.557222],[120.813647,23.557095],[120.813027,23.556732],[120.812595,23.556185],[120.812409,23.555416],[120.812547,23.554751],[120.81294,23.55418],[120.813647,23.553737],[120.814368,23.55361],[120.815089,23.553737],[120.815796,23.55418],[120.816189,23.554751],[120.816327,23.555416],[120.81614,23.556185],[120.815709,23.556732],[120.815089,23.557095],[120.814368,23.557222]]]}},
{"type":"Feature","properties":{"ID":5012795,"redListCat":"EN"},"geometry":{"type":"Polygon","coordinates":[[[120.815365,23.554937],[120.814531,23.554765],[120.813937,23.554368],[120.813544,23.553796],[120.813406,23.553131],[120.813544,23.552467],[120.814024,23.551815],[120.814644,23.551452],[120.815365,23.551326],[120.816086,23.551452],[120.816706,23.551815],[120.817186,23.552467],[120.817324,23.553131],[120.817186,23.553796],[120.816793,23.554368],[120.816199,23.554765],[120.815365,23.554937]]]}},
{"type":"Feature","properties":{"ID":5017957,"redListCat":"EN"},"geometry":{"type":"Polygon","coordinates":[[[120.799686,23.5423],[120.798852,23.542128],[120.798259,23.54173],[120.797865,23.541159],[120.797728,23.540494],[120.797865,23.539829],[120.798259,23.539258],[120.798965,23.538815],[120.799686,23.538688],[120.800407,23.538815],[120.801114,23.539258],[120.801508,23.539829],[120.801645,23.540494],[120.801508,23.541159],[120.801114,23.54173],[120.80052,23.542128],[120.799686,23.5423]]]}},
{"type":"Feature","properties":{"ID":5023163,"redListCat":"EN"},"geometry":{"type":"Polygon","coordinates":[[[120.787776,23.531396],[120.787055,23.531269],[120.786435,23.530906],[120.785955,23.530255],[120.785817,23.52959],[120.785955,23.528925],[120.786348,23.528354],[120.786942,23.527956],[120.787776,23.527784],[120.78861,23.527956],[120.789204,23.528354],[120.789597,23.528925],[120.789734,23.52959],[120.789597,23.530255],[120.789117,23.530906],[120.788497,23.531269],[120.787776,23.531396]]]}},
{"type":"Feature","properties":{"ID":5025754,"redListCat":"EN"},"geometry":{"type":"Polygon","coordinates":[[[120.902459,23.483139],[120.901738,23.483012],[120.901032,23.482569],[120.900638,23.481998],[120.900501,23.481333],[120.900639,23.480668],[120.901119,23.480017],[120.901738,23.479654],[120.902459,23.479527],[120.90318,23.479654],[120.903799,23.480017],[120.904279,23.480668],[120.904417,23.481333],[120.904279,23.481998],[120.903886,23.482569],[120.90318,23.483012],[120.902459,23.483139]]]}},
{"type":"Feature","properties":{"ID":5029577,"redListCat":"EN"},"geometry":{"type":"Polygon","coordinates":[[[120.910305,23.494072],[120.909584,23.493945],[120.908965,23.493582],[120.908534,23.493035],[120.908347,23.492266],[120.908485,23.491601],[120.908878,23.49103],[120.909472,23.490632],[120.910305,23.49046],[120.911139,23.490632],[120.911733,23.49103],[120.912126,23.491601],[120.912263,23.492266],[120.912077,23.493035],[120.911646,23.493582],[120.911026,23.493945],[120.910305,23.494072]]]}},
{"type":"Feature","properties":{"ID":5029578,"redListCat":"EN"},"geometry":{"type":"Polygon","coordinates":[[[120.911223,23.493988],[120.910502,23.493861],[120.909882,23.493498],[120.909451,23.492951],[120.909265,23.492182],[120.909402,23.491517],[120.909795,23.490946],[120.910389,23.490548],[120.911223,23.490376],[120.912056,23.490548],[120.91265,23.490946],[120.913043,23.491517],[120.913181,23.492182],[120.912994,23.492951],[120.912563,23.493498],[120.911943,23.493861],[120.911223,23.493988]]]}},
{"type":"Feature","properties":{"ID":5033596,"redListCat":"EN"},"geometry":{"type":"Polygon","coordinates":[[[120.910332,23.487201],[120.909612,23.487074],[120.908992,23.486711],[120.908561,23.486164],[120.908374,23.485395],[120.908512,23.48473],[120.908992,23.484079],[120.909612,23.483716],[120.910332,23.483589],[120.911053,23.483716],[120.911673,23.484079],[120.912153,23.48473],[120.91229,23.485395],[120.912104,23.486164],[120.911673,23.486711],[120.911053,23.487074],[120.910332,23.487201]]]}},
{"type":"Feature","properties":{"ID":5047999,"redListCat":"EN"},"geometry":{"type":"Polygon","coordinates":[[[121.211572,23.81609],[121.210849,23.815963],[121.210141,23.815521],[121.209747,23.814949],[121.209609,23.814284],[121.209747,23.81362],[121.210228,23.812968],[121.210849,23.812605],[121.211572,23.812479],[121.212294,23.812605],[121.212915,23.812968],[121.213397,23.81362],[121.213535,23.814284],[121.213397,23.814949],[121.213003,23.815521],[121.212294,23.815963],[121.211572,23.81609]]]}},
{"type":"Feature","properties":{"ID":5054522,"redListCat":"EN"},"geometry":{"type":"Polygon","coordinates":[[[121.139782,23.748854],[121.139059,23.748727],[121.138439,23.748364],[121.138007,23.747817],[121.13782,23.747048],[121.137958,23.746383],[121.138352,23.745812],[121.139059,23.745369],[121.139782,23.745242],[121.140504,23.745369],[121.141212,23.745812],[121.141606,23.746383],[121.141743,23.747048],[121.141557,23.747817],[121.141125,23.748364],[121.140504,23.748727],[121.139782,23.748854]]]}},
{"type":"Feature","properties":{"ID":5058419,"redListCat":"EN"},"geometry":{"type":"Polygon","coordinates":[[[121.204772,23.979891],[121.204049,23.979765],[121.203427,23.979402],[121.202945,23.97875],[121.202807,23.978086],[121.202945,23.977421],[121.20334,23.97685],[121.204049,23.976407],[121.204772,23.97628],[121.205496,23.976407],[121.206205,23.97685],[121.206599,23.977421],[121.206737,23.978086],[121.206599,23.97875],[121.206118,23.979402],[121.205496,23.979765],[121.204772,23.979891]]]}},
{"type":"Feature","properties":{"ID":5061074,"redListCat":"EN"},"geometry":{"type":"Polygon","coordinates":[[[121.208225,23.979343],[121.207502,23.979216],[121.206792,23.978773],[121.206398,23.978202],[121.20626,23.977537],[121.206447,23.976768],[121.20688,23.976221],[121.207502,23.975858],[121.208225,23.975732],[121.208949,23.975858],[121.20957,23.976221],[121.210003,23.976768],[121.21019,23.977537],[121.210052,23.978202],[121.209658,23.978773],[121.208949,23.979216],[121.208225,23.979343]]]}},
{"type":"Feature","properties":{"ID":5061075,"redListCat":"EN"},"geometry":{"type":"Polygon","coordinates":[[[120.904446,23.484556],[120.903613,23.484385],[120.903019,23.483987],[120.902626,23.483415],[120.902488,23.482751],[120.902626,23.482086],[120.903019,23.481514],[120.903613,23.481117],[120.904446,23.480945],[120.90528,23.481117],[120.905873,23.481514],[120.906266,23.482086],[120.906404,23.482751],[120.906267,23.483415],[120.905873,23.483987],[120.90528,23.484385],[120.904446,23.484556]]]}},
{"type":"Feature","properties":{"ID":5068753,"redListCat":"EN"},"geometry":{"type":"Polygon","coordinates":[[[120.902685,23.480702],[120.901964,23.480575],[120.901344,23.480212],[120.900864,23.479561],[120.900727,23.478896],[120.900864,23.478231],[120.901258,23.47766],[120.901964,23.477217],[120.902685,23.47709],[120.903405,23.477217],[120.904112,23.47766],[120.904505,23.478231],[120.904642,23.478896],[120.904505,23.479561],[120.904025,23.480212],[120.903405,23.480575],[120.902685,23.480702]]]}},
{"type":"Feature","properties":{"ID":5070090,"redListCat":"EN"},"geometry":{"type":"Polygon","coordinates":[[[121.204529,23.979979],[121.203806,23.979852],[121.203184,23.97949],[121.202751,23.978942],[121.202564,23.978173],[121.202702,23.977508],[121.203097,23.976937],[121.203806,23.976494],[121.204529,23.976367],[121.205253,23.976494],[121.205962,23.976937],[121.206356,23.977508],[121.206494,23.978173],[121.206307,23.978942],[121.205875,23.97949],[121.205253,23.979852],[121.204529,23.979979]]]}},
{"type":"Feature","properties":{"ID":5075427,"redListCat":"EN"},"geometry":{"type":"Polygon","coordinates":[[[120.810332,23.558452],[120.809611,23.558326],[120.808991,23.557963],[120.80856,23.557415],[120.808373,23.556647],[120.80856,23.555878],[120.808991,23.55533],[120.809611,23.554968],[120.810332,23.554841],[120.811053,23.554968],[120.811673,23.55533],[120.812105,23.555878],[120.812291,23.556647],[120.812105,23.557415],[120.811673,23.557963],[120.811053,23.558326],[120.810332,23.558452]]]}},
{"type":"Feature","properties":{"ID":5078069,"redListCat":"EN"},"geometry":{"type":"Polygon","coordinates":[[[120.812666,23.557091],[120.811945,23.556964],[120.811325,23.556602],[120.810894,23.556054],[120.810707,23.555285],[120.810845,23.554621],[120.811238,23.554049],[120.811945,23.553606],[120.812666,23.553479],[120.813387,23.553606],[120.814094,23.554049],[120.814487,23.554621],[120.814625,23.555285],[120.814439,23.556054],[120.814007,23.556602],[120.813387,23.556964],[120.812666,23.557091]]]}},
{"type":"Feature","properties":{"ID":5078071,"redListCat":"EN"},"geometry":{"type":"Polygon","coordinates":[[[121.202031,23.979888],[121.201307,23.979762],[121.200685,23.979399],[121.200204,23.978747],[121.200066,23.978083],[121.200204,23.977418],[121.200598,23.976846],[121.201307,23.976404],[121.202031,23.976277],[121.202754,23.976404],[121.203463,23.976846],[121.203858,23.977418],[121.203996,23.978083],[121.203858,23.978747],[121.203376,23.979399],[121.202754,23.979762],[121.202031,23.979888]]]}},
{"type":"Feature","properties":{"ID":6988857,"redListCat":"EN"},"geometry":{"type":"Polygon","coordinates":[[[120.768642,23.528717],[120.767921,23.52859],[120.767301,23.528227],[120.76687,23.52768],[120.766683,23.526911],[120.766821,23.526246],[120.767301,23.525595],[120.767921,23.525232],[120.768642,23.525105],[120.769363,23.525232],[120.769982,23.525595],[120.770463,23.526246],[120.7706,23.526911],[120.770414,23.52768],[120.769983,23.528227],[120.769363,23.52859],[120.768642,23.528717]]]}},
{"type":"Feature","properties":{"ID":7090028,"redListCat":"EN"},"geometry":{"type":"Polygon","coordinates":[[[120.549395,23.985391],[120.548671,23.985264],[120.547962,23.984821],[120.547567,23.98425],[120.547429,23.983585],[120.547567,23.98292],[120.547962,23.982349],[120.548558,23.981951],[120.549395,23.981779],[120.550231,23.981951],[120.550827,23.982349],[120.551222,23.98292],[120.55136,23.983585],[120.551222,23.98425],[120.550827,23.984821],[120.550118,23.985264],[120.549395,23.985391]]]}},
{"type":"Feature","properties":{"ID":7074697,"redListCat":"EN"},"geometry":{"type":"Polygon","coordinates":[[[120.882822,23.918517],[120.881986,23.918345],[120.88139,23.917947],[120.880996,23.917376],[120.880858,23.916711],[120.880996,23.916046],[120.88139,23.915475],[120.882099,23.915032],[120.882822,23.914905],[120.883545,23.915032],[120.884254,23.915475],[120.884648,23.916046],[120.884786,23.916711],[120.884648,23.917376],[120.884254,23.917947],[120.883658,23.918345],[120.882822,23.918517]]]}},
{"type":"Feature","properties":{"ID":7018905,"redListCat":"EN"},"geometry":{"type":"Polygon","coordinates":[[[121.250611,24.00224],[121.249888,24.002113],[121.249179,24.00167],[121.248784,24.001099],[121.248646,24.000434],[121.248833,23.999665],[121.249266,23.999118],[121.249888,23.998755],[121.250611,23.998628],[121.251335,23.998755],[121.251957,23.999118],[121.25239,23.999665],[121.252577,24.000434],[121.252439,24.001099],[121.252044,24.00167],[121.251335,24.002113],[121.250611,24.00224]]]}},
{"type":"Feature","properties":{"ID":5070830,"redListCat":"EN"},"geometry":{"type":"Polygon","coordinates":[[[120.908053,23.51516],[120.907332,23.515033],[120.906625,23.51459],[120.906232,23.514019],[120.906094,23.513354],[120.906232,23.512689],[120.906712,23.512037],[120.907332,23.511675],[120.908053,23.511548],[120.908774,23.511675],[120.909393,23.512037],[120.909873,23.512689],[120.910011,23.513354],[120.909874,23.514019],[120.90948,23.51459],[120.908774,23.515033],[120.908053,23.51516]]]}},
{"type":"Feature","properties":{"ID":7091949,"redListCat":"EN"},"geometry":{"type":"Polygon","coordinates":[[[120.886541,23.482238],[120.88582,23.482111],[120.8852,23.481749],[120.884769,23.481201],[120.884583,23.480432],[120.88472,23.479767],[120.8852,23.479116],[120.88582,23.478753],[120.886541,23.478626],[120.887261,23.478753],[120.887881,23.479116],[120.888361,23.479767],[120.888498,23.480432],[120.888312,23.481201],[120.887881,23.481749],[120.887261,23.482111],[120.886541,23.482238]]]}},
{"type":"Feature","properties":{"ID":5006992,"redListCat":"EN"},"geometry":{"type":"Polygon","coordinates":[[[120.813638,23.559291],[120.812917,23.559164],[120.812297,23.558802],[120.811865,23.558254],[120.811679,23.557485],[120.811817,23.556821],[120.812297,23.556169],[120.812917,23.555806],[120.813638,23.555679],[120.814359,23.555806],[120.814979,23.556169],[120.815459,23.556821],[120.815597,23.557485],[120.81541,23.558254],[120.814979,23.558802],[120.814359,23.559164],[120.813638,23.559291]]]}},
{"type":"Feature","properties":{"ID":5021305,"redListCat":"EN"},"geometry":{"type":"Polygon","coordinates":[[[120.874084,23.512834],[120.873363,23.512707],[120.872744,23.512344],[120.872263,23.511693],[120.872126,23.511028],[120.872263,23.510363],[120.872657,23.509792],[120.87325,23.509394],[120.874084,23.509222],[120.874918,23.509394],[120.875512,23.509792],[120.875905,23.510363],[120.876042,23.511028],[120.875905,23.511693],[120.875425,23.512344],[120.874805,23.512707],[120.874084,23.512834]]]}},
{"type":"Feature","properties":{"ID":5026528,"redListCat":"EN"},"geometry":{"type":"Polygon","coordinates":[[[120.796458,23.665794],[120.795737,23.665667],[120.795116,23.665304],[120.794684,23.664757],[120.794498,23.663988],[120.794635,23.663323],[120.795029,23.662752],[120.795624,23.662354],[120.796458,23.662182],[120.797293,23.662354],[120.797887,23.662752],[120.798281,23.663323],[120.798419,23.663988],[120.798232,23.664757],[120.7978,23.665304],[120.79718,23.665667],[120.796458,23.665794]]]}},
{"type":"Feature","properties":{"ID":5042121,"redListCat":"EN"},"geometry":{"type":"Polygon","coordinates":[[[120.875124,23.514393],[120.87429,23.514221],[120.873696,23.513823],[120.873303,23.513252],[120.873166,23.512587],[120.873303,23.511922],[120.873783,23.511271],[120.874403,23.510908],[120.875124,23.510781],[120.875845,23.510908],[120.876464,23.511271],[120.876945,23.511922],[120.877082,23.512587],[120.876945,23.513252],[120.876551,23.513823],[120.875958,23.514221],[120.875124,23.514393]]]}},
{"type":"Feature","properties":{"ID":5051344,"redListCat":"EN"},"geometry":{"type":"Polygon","coordinates":[[[120.87473,23.511677],[120.874009,23.51155],[120.873389,23.511187],[120.872909,23.510536],[120.872772,23.509871],[120.872909,23.509206],[120.873302,23.508635],[120.873896,23.508237],[120.87473,23.508065],[120.875564,23.508237],[120.876157,23.508635],[120.87655,23.509206],[120.876688,23.509871],[120.87655,23.510536],[120.87607,23.511187],[120.875451,23.51155],[120.87473,23.511677]]]}},
{"type":"Feature","properties":{"ID":5061842,"redListCat":"EN"},"geometry":{"type":"Polygon","coordinates":[[[120.787953,23.531703],[120.787232,23.531576],[120.786612,23.531213],[120.786132,23.530562],[120.785994,23.529897],[120.786132,23.529232],[120.786525,23.528661],[120.787119,23.528263],[120.787953,23.528091],[120.788786,23.528263],[120.78938,23.528661],[120.789774,23.529232],[120.789911,23.529897],[120.789774,23.530562],[120.789293,23.531213],[120.788674,23.531576],[120.787953,23.531703]]]}},
{"type":"Feature","properties":{"ID":5076243,"redListCat":"EN"},"geometry":{"type":"Polygon","coordinates":[[[120.814863,23.555046],[120.814028,23.554874],[120.813435,23.554476],[120.813041,23.553905],[120.812904,23.55324],[120.813041,23.552575],[120.813435,23.552004],[120.814028,23.551606],[120.814863,23.551434],[120.815697,23.551606],[120.81629,23.552004],[120.816684,23.552575],[120.816821,23.55324],[120.816684,23.553905],[120.81629,23.554476],[120.815697,23.554874],[120.814863,23.555046]]]}},
{"type":"Feature","properties":{"ID":7036602,"redListCat":"EN"},"geometry":{"type":"Polygon","coordinates":[[[121.181823,24.098906],[121.18242,24.098614],[121.183028,24.098526],[121.183636,24.098614],[121.184184,24.09887],[121.18462,24.09927],[121.184899,24.099773],[121.184995,24.100331],[121.184866,24.100973],[121.183015,24.100166],[121.18231,24.100171],[121.18219,24.099632],[121.181902,24.099185],[121.181823,24.098906]]]}},
{"type":"Feature","properties":{"ID":7016809,"redListCat":"EN"},"geometry":{"type":"Polygon","coordinates":[[[120.783126,23.534326],[120.782405,23.534199],[120.781698,23.533756],[120.781305,23.533184],[120.781167,23.53252],[120.781353,23.531751],[120.781785,23.531203],[120.782405,23.530841],[120.783126,23.530714],[120.783847,23.530841],[120.784466,23.531203],[120.784898,23.531751],[120.785084,23.53252],[120.784947,23.533184],[120.784553,23.533756],[120.783847,23.534199],[120.783126,23.534326]]]}},
{"type":"Feature","properties":{"ID":7042491,"redListCat":"EN"},"geometry":{"type":"Polygon","coordinates":[[[120.768626,23.529976],[120.767905,23.529849],[120.767198,23.529406],[120.766805,23.528834],[120.766668,23.52817],[120.766805,23.527505],[120.767198,23.526933],[120.767792,23.526536],[120.768626,23.526364],[120.76946,23.526536],[120.770054,23.526933],[120.770447,23.527505],[120.770584,23.52817],[120.770447,23.528834],[120.770054,23.529406],[120.769347,23.529849],[120.768626,23.529976]]]}},
{"type":"Feature","properties":{"ID":6986800,"redListCat":"EN"},"geometry":{"type":"Polygon","coordinates":[[[121.132619,24.018292],[121.131896,24.018166],[121.131274,24.017803],[121.130841,24.017256],[121.130654,24.016487],[121.130792,24.015822],[121.131186,24.015251],[121.131782,24.014853],[121.132619,24.014681],[121.133456,24.014853],[121.134052,24.015251],[121.134447,24.015822],[121.134585,24.016487],[121.134398,24.017256],[121.133965,24.017803],[121.133343,24.018166],[121.132619,24.018292]]]}},
{"type":"Feature","properties":{"ID":7004253,"redListCat":"EN"},"geometry":{"type":"Polygon","coordinates":[[[121.216688,24.115713],[121.216209,24.115064],[121.216071,24.114399],[121.216209,24.113735],[121.216604,24.113163],[121.2172,24.112765],[121.217915,24.112597],[121.218762,24.11272],[121.219385,24.113083],[121.219867,24.113735],[121.220005,24.114399],[121.219867,24.115064],[121.219472,24.115635],[121.218986,24.115982],[121.218346,24.116182],[121.217619,24.116062],[121.216688,24.115713]]]}},
{"type":"Feature","properties":{"ID":7073433,"redListCat":"EN"},"geometry":{"type":"Polygon","coordinates":[[[121.282898,24.134779],[121.282327,24.134297],[121.282013,24.133685],[121.281987,24.132898],[121.282258,24.132269],[121.282763,24.131775],[121.28343,24.131487],[121.284166,24.131445],[121.284974,24.131711],[121.285511,24.132175],[121.285852,24.132898],[121.285852,24.133574],[121.285581,24.134204],[121.285494,24.134317],[121.284152,24.134461],[121.282898,24.134779]]]}},
{"type":"Feature","properties":{"ID":6992442,"redListCat":"EN"},"geometry":{"type":"Polygon","coordinates":[[[120.783583,23.685622],[120.782749,23.68545],[120.782154,23.685052],[120.78176,23.684481],[120.781623,23.683816],[120.78176,23.683151],[120.782154,23.68258],[120.782862,23.682137],[120.783583,23.68201],[120.784305,23.682137],[120.784926,23.6825],[120.785358,23.683047],[120.785544,23.683816],[120.785407,23.684481],[120.785013,23.685052],[120.784418,23.68545],[120.783583,23.685622]]]}},
{"type":"Feature","properties":{"ID":7068636,"redListCat":"EN"},"geometry":{"type":"Polygon","coordinates":[[[120.764052,23.849977],[120.76433,23.84931],[120.764935,23.848753],[120.765741,23.848486],[120.766486,23.848531],[120.765634,23.848699],[120.765322,23.848992],[120.764718,23.849328],[120.764149,23.849977],[120.764052,23.849977]]]}},
{"type":"Feature","properties":{"ID":7074707,"redListCat":"EN"},"geometry":{"type":"Polygon","coordinates":[[[120.882836,23.919229],[120.882,23.919057],[120.881404,23.918659],[120.88101,23.918088],[120.880872,23.917423],[120.88101,23.916758],[120.881404,23.916187],[120.882,23.915789],[120.882836,23.915617],[120.883673,23.915789],[120.884268,23.916187],[120.884663,23.916758],[120.884801,23.917423],[120.884663,23.918088],[120.884268,23.918659],[120.883673,23.919057],[120.882836,23.919229]]]}},
{"type":"Feature","properties":{"ID":7050613,"redListCat":"EN"},"geometry":{"type":"Polygon","coordinates":[[[120.988071,23.502487],[120.987351,23.50236],[120.986644,23.501917],[120.986251,23.501346],[120.986113,23.500681],[120.986251,23.500016],[120.986644,23.499445],[120.987238,23.499047],[120.988071,23.498875],[120.988905,23.499047],[120.989499,23.499445],[120.989892,23.500016],[120.99003,23.500681],[120.989892,23.501346],[120.989499,23.501917],[120.988792,23.50236],[120.988071,23.502487]]]}},
{"type":"Feature","properties":{"ID":7081688,"redListCat":"EN"},"geometry":{"type":"Polygon","coordinates":[[[120.951214,23.467747],[120.950702,23.467811],[120.950215,23.467754],[120.949758,23.467587],[120.949292,23.467257],[120.950552,23.467619],[120.951214,23.467747]]]}},
{"type":"Feature","properties":{"ID":7073803,"redListCat":"VU"},"geometry":{"type":"Polygon","coordinates":[[[121.316364,24.102388],[121.315526,24.102216],[121.31493,24.101818],[121.314535,24.101247],[121.314397,24.100582],[121.314584,24.099813],[121.315017,24.099266],[121.31564,24.098903],[121.316364,24.098777],[121.317088,24.098903],[121.31771,24.099266],[121.318144,24.099813],[121.318331,24.100582],[121.318193,24.101247],[121.317798,24.101818],[121.317201,24.102216],[121.316364,24.102388]]]}},
{"type":"Feature","properties":{"ID":7017969,"redListCat":"VU"},"geometry":{"type":"Polygon","coordinates":[[[120.9539,23.838629],[120.953177,23.838503],[120.952469,23.83806],[120.952074,23.837488],[120.951937,23.836824],[120.952074,23.836159],[120.952469,23.835587],[120.953177,23.835145],[120.9539,23.835018],[120.954622,23.835145],[120.955331,23.835587],[120.955725,23.836159],[120.955863,23.836824],[120.955725,23.837488],[120.955331,23.83806],[120.954622,23.838503],[120.9539,23.838629]]]}},
{"type":"Feature","properties":{"ID":7057981,"redListCat":"VU"},"geometry":{"type":"Polygon","coordinates":[[[120.78416,23.684844],[120.783325,23.684672],[120.78273,23.684274],[120.782337,23.683703],[120.782199,23.683038],[120.782337,23.682373],[120.78273,23.681802],[120.783325,23.681404],[120.78416,23.681232],[120.784995,23.681404],[120.785589,23.681802],[120.785983,23.682373],[120.786121,23.683038],[120.785983,23.683703],[120.785589,23.684274],[120.784995,23.684672],[120.78416,23.684844]]]}},
{"type":"Feature","properties":{"ID":7058202,"redListCat":"VU"},"geometry":{"type":"Polygon","coordinates":[[[120.769021,23.529804],[120.7683,23.529677],[120.767593,23.529234],[120.7672,23.528663],[120.767062,23.527998],[120.7672,23.527333],[120.76768,23.526682],[120.7683,23.526319],[120.769021,23.526192],[120.769742,23.526319],[120.770361,23.526682],[120.770842,23.527333],[120.770979,23.527998],[120.770793,23.528767],[120.770361,23.529315],[120.769742,23.529677],[120.769021,23.529804]]]}},
{"type":"Feature","properties":{"ID":6984021,"redListCat":"VU"},"geometry":{"type":"Polygon","coordinates":[[[120.716153,23.602352],[120.715431,23.602225],[120.714724,23.601782],[120.714331,23.601211],[120.714193,23.600546],[120.71438,23.599777],[120.714811,23.59923],[120.715431,23.598867],[120.716153,23.59874],[120.716874,23.598867],[120.717494,23.59923],[120.717926,23.599777],[120.718112,23.600546],[120.717975,23.601211],[120.717581,23.601782],[120.716874,23.602225],[120.716153,23.602352]]]}},
{"type":"Feature","properties":{"ID":7052543,"redListCat":"VU"},"geometry":{"type":"Polygon","coordinates":[[[120.769056,23.528647],[120.768335,23.52852],[120.767715,23.528157],[120.767284,23.52761],[120.767097,23.526841],[120.767235,23.526176],[120.767628,23.525605],[120.768335,23.525162],[120.769056,23.525035],[120.769777,23.525162],[120.770483,23.525605],[120.770877,23.526176],[120.771014,23.526841],[120.770828,23.52761],[120.770396,23.528157],[120.769777,23.52852],[120.769056,23.528647]]]}},
{"type":"Feature","properties":{"ID":6979452,"redListCat":"VU"},"geometry":{"type":"Polygon","coordinates":[[[121.311513,24.092689],[121.310789,24.092563],[121.310166,24.0922],[121.309684,24.091548],[121.309546,24.090884],[121.309684,24.090219],[121.310166,24.089567],[121.310789,24.089205],[121.311513,24.089078],[121.312237,24.089205],[121.312859,24.089567],[121.313342,24.090219],[121.31348,24.090884],[121.313342,24.091548],[121.312859,24.0922],[121.312237,24.092563],[121.311513,24.092689]]]}},
{"type":"Feature","properties":{"ID":7055966,"redListCat":"VU"},"geometry":{"type":"Polygon","coordinates":[[[121.253039,23.961543],[121.252316,23.961416],[121.251607,23.960973],[121.251212,23.960402],[121.251074,23.959737],[121.251261,23.958968],[121.251694,23.958421],[121.252316,23.958058],[121.253039,23.957931],[121.253762,23.958058],[121.254384,23.958421],[121.254817,23.958968],[121.255004,23.959737],[121.254866,23.960402],[121.254472,23.960973],[121.253763,23.961416],[121.253039,23.961543]]]}},
{"type":"Feature","properties":{"ID":6984436,"redListCat":"VU"},"geometry":{"type":"Polygon","coordinates":[[[120.769252,23.528353],[120.768531,23.528226],[120.767912,23.527864],[120.767431,23.527212],[120.767294,23.526547],[120.767431,23.525883],[120.767912,23.525231],[120.768531,23.524868],[120.769252,23.524741],[120.769973,23.524868],[120.770593,23.525231],[120.771073,23.525883],[120.771211,23.526547],[120.771073,23.527212],[120.770593,23.527864],[120.769973,23.528226],[120.769252,23.528353]]]}},
{"type":"Feature","properties":{"ID":7067381,"redListCat":"VU"},"geometry":{"type":"Polygon","coordinates":[[[120.883914,23.485287],[120.883081,23.485115],[120.882487,23.484717],[120.882094,23.484146],[120.881957,23.483481],[120.882143,23.482712],[120.882574,23.482165],[120.883194,23.481802],[120.883914,23.481675],[120.884635,23.481802],[120.885255,23.482165],[120.885686,23.482712],[120.885872,23.483481],[120.885735,23.484146],[120.885342,23.484717],[120.884748,23.485115],[120.883914,23.485287]]]}},
{"type":"Feature","properties":{"ID":6998396,"redListCat":"VU"},"geometry":{"type":"Polygon","coordinates":[[[121.218951,24.11544],[121.218227,24.115313],[121.217604,24.114951],[121.217122,24.114299],[121.216984,24.113634],[121.217171,24.112866],[121.217604,24.112318],[121.218227,24.111956],[121.218951,24.111829],[121.219675,24.111956],[121.220298,24.112318],[121.220731,24.112866],[121.220918,24.113634],[121.22078,24.114299],[121.220298,24.114951],[121.219675,24.115313],[121.218951,24.11544]]]}},
{"type":"Feature","properties":{"ID":6984238,"redListCat":"VU"},"geometry":{"type":"Polygon","coordinates":[[[120.716353,23.602328],[120.715632,23.602201],[120.714924,23.601758],[120.714531,23.601187],[120.714393,23.600522],[120.714531,23.599857],[120.714924,23.599286],[120.715632,23.598843],[120.716353,23.598716],[120.717074,23.598843],[120.717694,23.599206],[120.718175,23.599857],[120.718313,23.600522],[120.718175,23.601187],[120.717781,23.601758],[120.717074,23.602201],[120.716353,23.602328]]]}},
{"type":"Feature","properties":{"ID":7066084,"redListCat":"VU"},"geometry":{"type":"Polygon","coordinates":[[[120.915976,23.867894],[120.91514,23.867722],[120.914545,23.867325],[120.914151,23.866753],[120.914013,23.866088],[120.9142,23.86532],[120.914632,23.864772],[120.915254,23.864409],[120.915976,23.864283],[120.916699,23.864409],[120.91732,23.864772],[120.917753,23.86532],[120.91794,23.866088],[120.917802,23.866753],[120.917408,23.867325],[120.916812,23.867722],[120.915976,23.867894]]]}},
{"type":"Feature","properties":{"ID":7073469,"redListCat":"VU"},"geometry":{"type":"Polygon","coordinates":[[[121.281855,24.135236],[121.281196,24.134762],[121.280841,24.134169],[121.280748,24.133498],[121.280932,24.132842],[121.281458,24.13222],[121.282104,24.131894],[121.282835,24.131809],[121.28355,24.131977],[121.284228,24.13246],[121.284583,24.133053],[121.284676,24.133725],[121.284492,24.13438],[121.282696,24.134843],[121.281855,24.135236]]]}},
{"type":"Feature","properties":{"ID":6984607,"redListCat":"VU"},"geometry":{"type":"Polygon","coordinates":[[[120.769122,23.528532],[120.768401,23.528406],[120.767781,23.528043],[120.76735,23.527495],[120.767163,23.526727],[120.767301,23.526062],[120.767781,23.52541],[120.768401,23.525048],[120.769122,23.524921],[120.769843,23.525048],[120.770462,23.52541],[120.770943,23.526062],[120.77108,23.526727],[120.770894,23.527495],[120.770462,23.528043],[120.769843,23.528406],[120.769122,23.528532]]]}},
{"type":"Feature","properties":{"ID":6984718,"redListCat":"VU"},"geometry":{"type":"Polygon","coordinates":[[[120.963503,23.73176],[120.962668,23.731588],[120.962073,23.73119],[120.961679,23.730619],[120.961541,23.729954],[120.961679,23.729289],[120.962073,23.728718],[120.962781,23.728275],[120.963503,23.728148],[120.964225,23.728275],[120.964933,23.728718],[120.965327,23.729289],[120.965464,23.729954],[120.965327,23.730619],[120.964933,23.73119],[120.964338,23.731588],[120.963503,23.73176]]]}},
{"type":"Feature","properties":{"ID":7044425,"redListCat":"VU"},"geometry":{"type":"Polygon","coordinates":[[[121.181309,24.097632],[121.181804,24.097573],[121.182412,24.097662],[121.18296,24.097918],[121.183395,24.098318],[121.183675,24.098821],[121.183771,24.099379],[121.183675,24.099937],[121.18345,24.100366],[121.183015,24.100166],[121.18231,24.100171],[121.18219,24.099632],[121.181902,24.099185],[121.181625,24.098257],[121.181309,24.097632]]]}},
{"type":"Feature","properties":{"ID":6980019,"redListCat":"VU"},"geometry":{"type":"Polygon","coordinates":[[[121.310814,24.091763],[121.31009,24.091637],[121.309467,24.091274],[121.308985,24.090622],[121.308847,24.089958],[121.308985,24.089293],[121.309467,24.088641],[121.31009,24.088279],[121.310814,24.088152],[121.311538,24.088279],[121.31216,24.088641],[121.312643,24.089293],[121.312781,24.089958],[121.312643,24.090622],[121.31216,24.091274],[121.311538,24.091637],[121.310814,24.091763]]]}},
{"type":"Feature","properties":{"ID":7092239,"redListCat":"VU"},"geometry":{"type":"Polygon","coordinates":[[[120.813809,23.712054],[120.813087,23.711927],[120.812467,23.711564],[120.812035,23.711017],[120.811848,23.710248],[120.811986,23.709583],[120.81238,23.709012],[120.812974,23.708614],[120.813809,23.708442],[120.814644,23.708614],[120.815239,23.709012],[120.815633,23.709583],[120.81577,23.710248],[120.815584,23.711017],[120.815152,23.711564],[120.814531,23.711927],[120.813809,23.712054]]]}},
{"type":"Feature","properties":{"ID":7076913,"redListCat":"VU"},"geometry":{"type":"Polygon","coordinates":[[[120.649887,23.651102],[120.649165,23.650976],[120.648545,23.650613],[120.648064,23.649961],[120.647927,23.649297],[120.648064,23.648632],[120.648458,23.64806],[120.649052,23.647663],[120.649887,23.647491],[120.650721,23.647663],[120.651316,23.64806],[120.651709,23.648632],[120.651847,23.649297],[120.651709,23.649961],[120.651229,23.650613],[120.650608,23.650976],[120.649887,23.651102]]]}},
{"type":"Feature","properties":{"ID":5013881,"redListCat":"VU"},"geometry":{"type":"Polygon","coordinates":[[[121.211649,23.816075],[121.210926,23.815948],[121.210218,23.815505],[121.209824,23.814934],[121.209686,23.814269],[121.209824,23.813604],[121.210305,23.812953],[121.210926,23.81259],[121.211649,23.812463],[121.212371,23.81259],[121.212992,23.812953],[121.213474,23.813604],[121.213612,23.814269],[121.213474,23.814934],[121.21308,23.815505],[121.212371,23.815948],[121.211649,23.816075]]]}},
{"type":"Feature","properties":{"ID":6979186,"redListCat":"VU"},"geometry":{"type":"Polygon","coordinates":[[[121.180538,24.025739],[121.179814,24.025612],[121.179104,24.025169],[121.17871,24.024598],[121.178572,24.023933],[121.17871,24.023268],[121.179104,24.022697],[121.179814,24.022254],[121.180538,24.022127],[121.181261,24.022254],[121.181971,24.022697],[121.182365,24.023268],[121.182503,24.023933],[121.182365,24.024598],[121.181971,24.025169],[121.181261,24.025612],[121.180538,24.025739]]]}},
{"type":"Feature","properties":{"ID":7005825,"redListCat":"VU"},"geometry":{"type":"Polygon","coordinates":[[[120.988852,23.502086],[120.988131,23.501959],[120.987425,23.501516],[120.987031,23.500945],[120.986894,23.50028],[120.987031,23.499615],[120.987512,23.498963],[120.988131,23.498601],[120.988852,23.498474],[120.989573,23.498601],[120.990192,23.498963],[120.990673,23.499615],[120.99081,23.50028],[120.990673,23.500945],[120.990279,23.501516],[120.989573,23.501959],[120.988852,23.502086]]]}},
{"type":"Feature","properties":{"ID":7038598,"redListCat":"VU"},"geometry":{"type":"Polygon","coordinates":[[[120.782409,23.736897],[120.781687,23.73677],[120.781066,23.736408],[120.780634,23.73586],[120.780447,23.735091],[120.780585,23.734427],[120.780979,23.733855],[120.781574,23.733457],[120.782409,23.733286],[120.783244,23.733457],[120.783839,23.733855],[120.784233,23.734427],[120.78437,23.735091],[120.784184,23.73586],[120.783752,23.736408],[120.783131,23.73677],[120.782409,23.736897]]]}},
{"type":"Feature","properties":{"ID":6992734,"redListCat":"VU"},"geometry":{"type":"Polygon","coordinates":[[[121.134132,24.018027],[121.133408,24.0179],[121.132699,24.017458],[121.132304,24.016886],[121.132166,24.016221],[121.132304,24.015557],[121.132699,24.014985],[121.133295,24.014588],[121.134132,24.014416],[121.134969,24.014588],[121.135565,24.014985],[121.13596,24.015557],[121.136098,24.016221],[121.13596,24.016886],[121.135565,24.017458],[121.134856,24.0179],[121.134132,24.018027]]]}},
{"type":"Feature","properties":{"ID":6982344,"redListCat":"VU"},"geometry":{"type":"Polygon","coordinates":[[[120.766283,23.651126],[120.765562,23.650999],[120.764941,23.650637],[120.764461,23.649985],[120.764323,23.64932],[120.764461,23.648656],[120.764854,23.648084],[120.765449,23.647686],[120.766283,23.647515],[120.767118,23.647686],[120.767712,23.648084],[120.768106,23.648656],[120.768244,23.64932],[120.768106,23.649985],[120.767625,23.650637],[120.767005,23.650999],[120.766283,23.651126]]]}},
{"type":"Feature","properties":{"ID":6982703,"redListCat":"VU"},"geometry":{"type":"Polygon","coordinates":[[[120.783102,23.634686],[120.782381,23.63456],[120.781674,23.634117],[120.78128,23.633545],[120.781142,23.632881],[120.78128,23.632216],[120.781674,23.631644],[120.782381,23.631202],[120.783102,23.631075],[120.783824,23.631202],[120.784531,23.631644],[120.784925,23.632216],[120.785063,23.632881],[120.784925,23.633545],[120.784531,23.634117],[120.783824,23.63456],[120.783102,23.634686]]]}},
{"type":"Feature","properties":{"ID":6988023,"redListCat":"VU"},"geometry":{"type":"Polygon","coordinates":[[[120.769876,23.52939],[120.769155,23.529264],[120.768448,23.528821],[120.768055,23.528249],[120.767917,23.527585],[120.768104,23.526816],[120.768535,23.526268],[120.769155,23.525906],[120.769876,23.525779],[120.770597,23.525906],[120.771217,23.526268],[120.771648,23.526816],[120.771834,23.527585],[120.771697,23.528249],[120.771304,23.528821],[120.770597,23.529264],[120.769876,23.52939]]]}},
{"type":"Feature","properties":{"ID":7002082,"redListCat":"VU"},"geometry":{"type":"Polygon","coordinates":[[[120.882752,23.785307],[120.882029,23.785181],[120.881321,23.784738],[120.880927,23.784166],[120.880789,23.783502],[120.880927,23.782837],[120.881321,23.782265],[120.882029,23.781823],[120.882752,23.781696],[120.883474,23.781823],[120.884182,23.782265],[120.884576,23.782837],[120.884714,23.783502],[120.884576,23.784166],[120.884182,23.784738],[120.883474,23.785181],[120.882752,23.785307]]]}},
{"type":"Feature","properties":{"ID":7068801,"redListCat":"VU"},"geometry":{"type":"Polygon","coordinates":[[[120.7228,23.495405],[120.723409,23.495909],[120.723722,23.496521],[120.723768,23.497196],[120.723541,23.49784],[120.722976,23.498431],[120.722312,23.498719],[120.72158,23.498762],[120.720882,23.498553],[120.720317,23.498121],[120.71998,23.497571],[120.721353,23.496534],[120.722398,23.495626],[120.7228,23.495405]]]}},
{"type":"Feature","properties":{"ID":7043678,"redListCat":"VU"},"geometry":{"type":"Polygon","coordinates":[[[120.467356,23.952098],[120.466632,23.951971],[120.466011,23.951608],[120.465529,23.950957],[120.465391,23.950292],[120.465578,23.949523],[120.466011,23.948975],[120.466632,23.948613],[120.467356,23.948486],[120.468079,23.948613],[120.468701,23.948975],[120.469133,23.949523],[120.46932,23.950292],[120.469182,23.950957],[120.468701,23.951608],[120.468079,23.951971],[120.467356,23.952098]]]}},
{"type":"Feature","properties":{"ID":7051397,"redListCat":"VU"},"geometry":{"type":"Polygon","coordinates":[[[120.883152,23.917731],[120.882429,23.917604],[120.881807,23.917241],[120.881375,23.916694],[120.881188,23.915925],[120.881326,23.91526],[120.881807,23.914609],[120.882429,23.914246],[120.883152,23.914119],[120.883875,23.914246],[120.884497,23.914609],[120.884978,23.91526],[120.885116,23.915925],[120.884929,23.916694],[120.884497,23.917241],[120.883875,23.917604],[120.883152,23.917731]]]}},
{"type":"Feature","properties":{"ID":7083998,"redListCat":"VU"},"geometry":{"type":"Polygon","coordinates":[[[120.79942,23.669205],[120.798698,23.669078],[120.797991,23.668636],[120.797597,23.668064],[120.79746,23.667399],[120.797597,23.666735],[120.797991,23.666163],[120.798585,23.665766],[120.79942,23.665594],[120.800255,23.665766],[120.800849,23.666163],[120.801243,23.666735],[120.801381,23.667399],[120.801243,23.668064],[120.800849,23.668636],[120.800142,23.669078],[120.79942,23.669205]]]}},
{"type":"Feature","properties":{"ID":7018643,"redListCat":"VU"},"geometry":{"type":"Polygon","coordinates":[[[120.867014,23.484351],[120.866294,23.484224],[120.865587,23.483781],[120.865194,23.48321],[120.865057,23.482545],[120.865194,23.48188],[120.865674,23.481229],[120.866294,23.480866],[120.867014,23.480739],[120.867735,23.480866],[120.868355,23.481229],[120.868835,23.48188],[120.868972,23.482545],[120.868835,23.48321],[120.868442,23.483781],[120.867735,23.484224],[120.867014,23.484351]]]}},
{"type":"Feature","properties":{"ID":7052256,"redListCat":"VU"},"geometry":{"type":"Polygon","coordinates":[[[121.279557,24.135784],[121.280078,24.135267],[121.280745,24.134979],[121.281481,24.134936],[121.282101,24.135107],[121.281727,24.135303],[121.281478,24.135879],[121.280841,24.135758],[121.279557,24.135784]]]}},
{"type":"Feature","properties":{"ID":7017902,"redListCat":"VU"},"geometry":{"type":"Polygon","coordinates":[[[120.953826,23.83674],[120.95299,23.836568],[120.952395,23.83617],[120.952001,23.835598],[120.951863,23.834934],[120.952001,23.834269],[120.952482,23.833617],[120.953104,23.833255],[120.953826,23.833128],[120.954549,23.833255],[120.95517,23.833617],[120.955651,23.834269],[120.955789,23.834934],[120.955652,23.835598],[120.955257,23.83617],[120.954662,23.836568],[120.953826,23.83674]]]}},
{"type":"Feature","properties":{"ID":7066399,"redListCat":"VU"},"geometry":{"type":"Polygon","coordinates":[[[120.768943,23.530036],[120.768222,23.529909],[120.767602,23.529547],[120.767171,23.528999],[120.766985,23.52823],[120.767122,23.527565],[120.767515,23.526994],[120.768109,23.526596],[120.768943,23.526424],[120.769777,23.526596],[120.770371,23.526994],[120.770764,23.527565],[120.770902,23.52823],[120.770715,23.528999],[120.770284,23.529547],[120.769664,23.529909],[120.768943,23.530036]]]}},
{"type":"Feature","properties":{"ID":7006513,"redListCat":"VU"},"geometry":{"type":"Polygon","coordinates":[[[120.766954,23.535886],[120.766233,23.535759],[120.765613,23.535397],[120.765133,23.534745],[120.764995,23.53408],[120.765133,23.533415],[120.765526,23.532844],[120.76612,23.532446],[120.766954,23.532274],[120.767788,23.532446],[120.768382,23.532844],[120.768775,23.533415],[120.768912,23.53408],[120.768775,23.534745],[120.768295,23.535397],[120.767675,23.535759],[120.766954,23.535886]]]}},
{"type":"Feature","properties":{"ID":7190881,"redListCat":"VU"},"geometry":{"type":"Polygon","coordinates":[[[121.279851,24.046366],[121.279013,24.046194],[121.278417,24.045796],[121.278022,24.045225],[121.277884,24.04456],[121.278071,24.043791],[121.278505,24.043244],[121.279127,24.042881],[121.279851,24.042754],[121.280574,24.042881],[121.281197,24.043244],[121.28163,24.043791],[121.281817,24.04456],[121.281679,24.045225],[121.281284,24.045796],[121.280688,24.046194],[121.279851,24.046366]]]}},
{"type":"Feature","properties":{"ID":7002384,"redListCat":"VU"},"geometry":{"type":"Polygon","coordinates":[[[120.882382,23.48489],[120.881548,23.484718],[120.880955,23.48432],[120.880562,23.483749],[120.880424,23.483084],[120.88061,23.482315],[120.881042,23.481768],[120.881661,23.481405],[120.882382,23.481278],[120.883103,23.481405],[120.883722,23.481768],[120.884153,23.482315],[120.88434,23.483084],[120.884202,23.483749],[120.883809,23.48432],[120.883216,23.484718],[120.882382,23.48489]]]}},
{"type":"Feature","properties":{"ID":6998910,"redListCat":"VU"},"geometry":{"type":"Polygon","coordinates":[[[121.266143,24.060385],[121.265305,24.060213],[121.264709,24.059815],[121.264314,24.059244],[121.264176,24.058579],[121.264363,24.05781],[121.264796,24.057263],[121.265419,24.0569],[121.266143,24.056773],[121.266866,24.0569],[121.267489,24.057263],[121.267922,24.05781],[121.268109,24.058579],[121.267971,24.059244],[121.267576,24.059815],[121.26698,24.060213],[121.266143,24.060385]]]}},
{"type":"Feature","properties":{"ID":5019701,"redListCat":"VU"},"geometry":{"type":"Polygon","coordinates":[[[120.814807,23.557836],[120.814086,23.557709],[120.813467,23.557346],[120.813035,23.556799],[120.812849,23.55603],[120.812986,23.555365],[120.813467,23.554713],[120.814086,23.554351],[120.814807,23.554224],[120.815529,23.554351],[120.816148,23.554713],[120.816629,23.555365],[120.816766,23.55603],[120.81658,23.556799],[120.816148,23.557346],[120.815529,23.557709],[120.814807,23.557836]]]}},
{"type":"Feature","properties":{"ID":5039274,"redListCat":"VU"},"geometry":{"type":"Polygon","coordinates":[[[120.813061,23.556821],[120.81234,23.556694],[120.81172,23.556331],[120.811289,23.555784],[120.811102,23.555015],[120.81124,23.55435],[120.811633,23.553779],[120.81234,23.553336],[120.813061,23.553209],[120.813782,23.553336],[120.814489,23.553779],[120.814882,23.55435],[120.81502,23.555015],[120.814834,23.555784],[120.814402,23.556331],[120.813782,23.556694],[120.813061,23.556821]]]}},
{"type":"Feature","properties":{"ID":5075967,"redListCat":"VU"},"geometry":{"type":"Polygon","coordinates":[[[120.815713,23.55658],[120.814879,23.556408],[120.814285,23.55601],[120.813892,23.555439],[120.813754,23.554774],[120.813892,23.554109],[120.814285,23.553538],[120.814879,23.55314],[120.815713,23.552968],[120.816547,23.55314],[120.817141,23.553538],[120.817534,23.554109],[120.817672,23.554774],[120.817534,23.555439],[120.817141,23.55601],[120.816547,23.556408],[120.815713,23.55658]]]}},
{"type":"Feature","properties":{"ID":7156805,"redListCat":"VU"},"geometry":{"type":"Polygon","coordinates":[[[120.870412,23.469891],[120.870654,23.470477],[120.870654,23.471153],[120.870384,23.471783],[120.869882,23.472276],[120.869218,23.472564],[120.868486,23.472607],[120.867788,23.472398],[120.867247,23.471992],[120.86822,23.470905],[120.868645,23.470569],[120.870412,23.469891]]]}},
{"type":"Feature","properties":{"ID":7008725,"redListCat":"VU"},"geometry":{"type":"Polygon","coordinates":[[[120.666491,23.769263],[120.665769,23.769137],[120.665148,23.768774],[120.664716,23.768226],[120.664529,23.767458],[120.664716,23.766689],[120.665148,23.766141],[120.665769,23.765779],[120.666491,23.765652],[120.667214,23.765779],[120.667835,23.766141],[120.668267,23.766689],[120.668453,23.767458],[120.668267,23.768226],[120.667835,23.768774],[120.667214,23.769137],[120.666491,23.769263]]]}},
{"type":"Feature","properties":{"ID":7073851,"redListCat":"VU"},"geometry":{"type":"Polygon","coordinates":[[[120.882601,23.919009],[120.881765,23.918837],[120.881169,23.918439],[120.880775,23.917868],[120.880637,23.917203],[120.880775,23.916538],[120.881169,23.915967],[120.881765,23.915569],[120.882601,23.915397],[120.883438,23.915569],[120.884033,23.915967],[120.884428,23.916538],[120.884566,23.917203],[120.884428,23.917868],[120.884033,23.918439],[120.883438,23.918837],[120.882601,23.919009]]]}},
{"type":"Feature","properties":{"ID":6989074,"redListCat":"VU"},"geometry":{"type":"Polygon","coordinates":[[[121.316649,24.084375],[121.315811,24.084203],[121.315215,24.083806],[121.31482,24.083234],[121.314682,24.082569],[121.31482,24.081905],[121.315215,24.081333],[121.315811,24.080936],[121.316649,24.080764],[121.317486,24.080936],[121.318082,24.081333],[121.318477,24.081905],[121.318615,24.082569],[121.318477,24.083234],[121.318082,24.083806],[121.317486,24.084203],[121.316649,24.084375]]]}},
{"type":"Feature","properties":{"ID":6979708,"redListCat":"VU"},"geometry":{"type":"Polygon","coordinates":[[[120.931821,23.558463],[120.9311,23.558337],[120.93048,23.557974],[120.93,23.557322],[120.929862,23.556658],[120.930049,23.555889],[120.93048,23.555341],[120.9311,23.554979],[120.931821,23.554852],[120.932542,23.554979],[120.933162,23.555341],[120.933594,23.555889],[120.93378,23.556658],[120.933643,23.557322],[120.933162,23.557974],[120.932542,23.558337],[120.931821,23.558463]]]}},
{"type":"Feature","properties":{"ID":7211571,"redListCat":"VU"},"geometry":{"type":"Polygon","coordinates":[[[120.884054,23.484902],[120.883221,23.48473],[120.882627,23.484332],[120.882234,23.483761],[120.882096,23.483096],[120.882234,23.482431],[120.882714,23.48178],[120.883333,23.481417],[120.884054,23.48129],[120.884775,23.481417],[120.885394,23.48178],[120.885875,23.482431],[120.886012,23.483096],[120.885875,23.483761],[120.885481,23.484332],[120.884888,23.48473],[120.884054,23.484902]]]}},
{"type":"Feature","properties":{"ID":7195323,"redListCat":"VU"},"geometry":{"type":"Polygon","coordinates":[[[121.179971,24.09641],[121.180639,24.096121],[121.181375,24.096079],[121.182076,24.096288],[121.182719,24.096809],[121.183033,24.097421],[121.18308,24.098097],[121.182789,24.098838],[121.182284,24.099331],[121.182075,24.099453],[121.181902,24.099185],[121.181475,24.097885],[121.180548,24.096521],[121.180167,24.096395],[121.179971,24.09641]]]}},
{"type":"Feature","properties":{"ID":7040772,"redListCat":"VU"},"geometry":{"type":"Polygon","coordinates":[[[120.666879,23.535731],[120.666045,23.535559],[120.665451,23.535161],[120.665058,23.53459],[120.664921,23.533925],[120.665107,23.533156],[120.665538,23.532609],[120.666158,23.532246],[120.666879,23.532119],[120.6676,23.532246],[120.66822,23.532609],[120.668651,23.533156],[120.668838,23.533925],[120.6687,23.53459],[120.668307,23.535161],[120.667713,23.535559],[120.666879,23.535731]]]}},
{"type":"Feature","properties":{"ID":7007801,"redListCat":"VU"},"geometry":{"type":"Polygon","coordinates":[[[121.130711,24.017006],[121.130744,24.016252],[121.131057,24.01564],[121.131594,24.015177],[121.132279,24.014927],[121.133137,24.014952],[121.133803,24.01524],[121.134308,24.015734],[121.134579,24.016363],[121.134552,24.01715],[121.134238,24.017763],[121.133701,24.018226],[121.133016,24.018475],[121.132159,24.01845],[121.131492,24.018162],[121.130988,24.017669],[121.130711,24.017006]]]}},
{"type":"Feature","properties":{"ID":6979676,"redListCat":"VU"},"geometry":{"type":"Polygon","coordinates":[[[121.18184,24.025384],[121.181117,24.025258],[121.180495,24.024895],[121.180062,24.024347],[121.179874,24.023579],[121.180012,24.022914],[121.180407,24.022343],[121.181117,24.0219],[121.18184,24.021773],[121.182564,24.0219],[121.183273,24.022343],[121.183668,24.022914],[121.183806,24.023579],[121.183619,24.024347],[121.183186,24.024895],[121.182564,24.025258],[121.18184,24.025384]]]}},
{"type":"Feature","properties":{"ID":6979055,"redListCat":"VU"},"geometry":{"type":"Polygon","coordinates":[[[121.18709,24.030282],[121.186367,24.030155],[121.185745,24.029793],[121.185312,24.029245],[121.185124,24.028476],[121.185263,24.027812],[121.185657,24.02724],[121.186367,24.026798],[121.18709,24.026671],[121.187814,24.026798],[121.188524,24.02724],[121.188918,24.027812],[121.189056,24.028476],[121.188869,24.029245],[121.188436,24.029793],[121.187814,24.030155],[121.18709,24.030282]]]}},
{"type":"Feature","properties":{"ID":6987889,"redListCat":"VU"},"geometry":{"type":"Polygon","coordinates":[[[120.769076,23.53025],[120.768355,23.530123],[120.767649,23.52968],[120.767255,23.529109],[120.767118,23.528444],[120.767255,23.527779],[120.767649,23.527208],[120.768242,23.52681],[120.769076,23.526638],[120.769797,23.526765],[120.770504,23.527208],[120.770897,23.527779],[120.771035,23.528444],[120.770897,23.529109],[120.770504,23.52968],[120.769797,23.530123],[120.769076,23.53025]]]}},
{"type":"Feature","properties":{"ID":7001219,"redListCat":"VU"},"geometry":{"type":"Polygon","coordinates":[[[121.31587,24.084893],[121.315146,24.084767],[121.314524,24.084404],[121.314091,24.083857],[121.313903,24.083088],[121.314091,24.082319],[121.314524,24.081771],[121.315146,24.081409],[121.31587,24.081282],[121.316594,24.081409],[121.317217,24.081771],[121.31765,24.082319],[121.317837,24.083088],[121.31765,24.083857],[121.317217,24.084404],[121.316594,24.084767],[121.31587,24.084893]]]}},
{"type":"Feature","properties":{"ID":7009091,"redListCat":"VU"},"geometry":{"type":"Polygon","coordinates":[[[121.282465,24.134943],[121.28167,24.134678],[121.281132,24.134214],[121.280818,24.133602],[121.280772,24.132927],[121.281,24.132283],[121.28147,24.131762],[121.282116,24.131436],[121.28297,24.131362],[121.283778,24.131628],[121.284316,24.132092],[121.28463,24.132704],[121.284676,24.133379],[121.284448,24.134023],[121.284058,24.13448],[121.282465,24.134943]]]}},
{"type":"Feature","properties":{"ID":7009949,"redListCat":"VU"},"geometry":{"type":"Polygon","coordinates":[[[120.883168,23.4842],[120.882447,23.484073],[120.88174,23.48363],[120.881347,23.483059],[120.88121,23.482394],[120.881347,23.481729],[120.881827,23.481078],[120.882447,23.480715],[120.883168,23.480588],[120.883888,23.480715],[120.884508,23.481078],[120.884988,23.481729],[120.885125,23.482394],[120.884988,23.483059],[120.884595,23.48363],[120.883888,23.484073],[120.883168,23.4842]]]}},
{"type":"Feature","properties":{"ID":7011229,"redListCat":"VU"},"geometry":{"type":"Polygon","coordinates":[[[121.133888,24.018903],[121.133051,24.018731],[121.132455,24.018333],[121.13206,24.017762],[121.131922,24.017097],[121.13206,24.016432],[121.132455,24.015861],[121.133051,24.015463],[121.133888,24.015291],[121.134725,24.015463],[121.135321,24.015861],[121.135716,24.016432],[121.135854,24.017097],[121.135716,24.017762],[121.135321,24.018333],[121.134725,24.018731],[121.133888,24.018903]]]}},
{"type":"Feature","properties":{"ID":7020117,"redListCat":"VU"},"geometry":{"type":"Polygon","coordinates":[[[121.181708,24.098526],[121.182284,24.098201],[121.183008,24.098074],[121.183732,24.098201],[121.184354,24.098563],[121.184788,24.099111],[121.184959,24.099653],[121.184913,24.100329],[121.184624,24.100907],[121.183015,24.100166],[121.18231,24.100171],[121.18219,24.099632],[121.181902,24.099185],[121.181708,24.098526]]]}},
{"type":"Feature","properties":{"ID":7051106,"redListCat":"VU"},"geometry":{"type":"Polygon","coordinates":[[[120.867332,23.702365],[120.866497,23.702193],[120.865902,23.701795],[120.865508,23.701224],[120.865371,23.700559],[120.865557,23.69979],[120.865989,23.699242],[120.86661,23.69888],[120.867332,23.698753],[120.868053,23.69888],[120.868674,23.699242],[120.869106,23.69979],[120.869293,23.700559],[120.869155,23.701224],[120.868761,23.701795],[120.868167,23.702193],[120.867332,23.702365]]]}},
{"type":"Feature","properties":{"ID":7001078,"redListCat":"VU"},"geometry":{"type":"Polygon","coordinates":[[[121.317545,24.08497],[121.316821,24.084843],[121.316199,24.08448],[121.315765,24.083933],[121.315578,24.083164],[121.315765,24.082395],[121.316199,24.081848],[121.316821,24.081485],[121.317545,24.081358],[121.318269,24.081485],[121.318891,24.081848],[121.319325,24.082395],[121.319512,24.083164],[121.319325,24.083933],[121.318891,24.08448],[121.318269,24.084843],[121.317545,24.08497]]]}},
{"type":"Feature","properties":{"ID":7009873,"redListCat":"VU"},"geometry":{"type":"Polygon","coordinates":[[[121.279794,24.135781],[121.279982,24.13533],[121.280272,24.134964],[121.280652,24.134675],[121.281099,24.134483],[121.281583,24.134398],[121.282075,24.134426],[121.282544,24.134566],[121.282912,24.134774],[121.281727,24.135303],[121.281478,24.135879],[121.280841,24.135758],[121.279794,24.135781]]]}},
{"type":"Feature","properties":{"ID":7072365,"redListCat":"VU"},"geometry":{"type":"Polygon","coordinates":[[[120.982494,23.501991],[120.981773,23.501864],[120.981066,23.501421],[120.980673,23.500849],[120.980536,23.500185],[120.980673,23.49952],[120.981066,23.498948],[120.98166,23.498551],[120.982494,23.498379],[120.983327,23.498551],[120.983921,23.498948],[120.984314,23.49952],[120.984452,23.500185],[120.984314,23.500849],[120.983921,23.501421],[120.983215,23.501864],[120.982494,23.501991]]]}},
{"type":"Feature","properties":{"ID":7073488,"redListCat":"VU"},"geometry":{"type":"Polygon","coordinates":[[[121.283236,24.134677],[121.28251,24.13428],[121.282077,24.133733],[121.281894,24.133077],[121.281986,24.132406],[121.282423,24.131728],[121.28302,24.13133],[121.283734,24.131162],[121.284465,24.131247],[121.285112,24.131573],[121.285582,24.132094],[121.28581,24.132738],[121.285729,24.133522],[121.285519,24.133931],[121.28512,24.134348],[121.284152,24.134461],[121.283236,24.134677]]]}},
{"type":"Feature","properties":{"ID":7097460,"redListCat":"VU"},"geometry":{"type":"Polygon","coordinates":[[[120.988731,23.501121],[120.988011,23.500994],[120.987304,23.500551],[120.986911,23.49998],[120.986773,23.499315],[120.98696,23.498546],[120.987391,23.497998],[120.988011,23.497636],[120.988731,23.497509],[120.989452,23.497636],[120.990072,23.497998],[120.990503,23.498546],[120.990689,23.499315],[120.990552,23.49998],[120.990159,23.500551],[120.989452,23.500994],[120.988731,23.501121]]]}},
{"type":"Feature","properties":{"ID":6981691,"redListCat":"VU"},"geometry":{"type":"Polygon","coordinates":[[[121.283079,24.134721],[121.282573,24.134174],[121.282345,24.13353],[121.282426,24.132746],[121.282781,24.132153],[121.283349,24.131722],[121.28405,24.131513],[121.284905,24.131587],[121.285551,24.131913],[121.286021,24.132434],[121.286249,24.133078],[121.286203,24.133753],[121.285952,24.134279],[121.284152,24.134461],[121.283079,24.134721]]]}},
{"type":"Feature","properties":{"ID":6983287,"redListCat":"VU"},"geometry":{"type":"Polygon","coordinates":[[[120.884076,23.919062],[120.883239,23.918891],[120.882644,23.918493],[120.882249,23.917921],[120.882111,23.917257],[120.882298,23.916488],[120.882731,23.91594],[120.883353,23.915578],[120.884076,23.915451],[120.884799,23.915578],[120.88542,23.91594],[120.885853,23.916488],[120.88604,23.917257],[120.885902,23.917921],[120.885508,23.918493],[120.884912,23.918891],[120.884076,23.919062]]]}},
{"type":"Feature","properties":{"ID":7001913,"redListCat":"VU"},"geometry":{"type":"Polygon","coordinates":[[[120.899648,23.90217],[120.898812,23.901998],[120.898217,23.9016],[120.897822,23.901029],[120.897684,23.900364],[120.897822,23.899699],[120.898217,23.899128],[120.898812,23.89873],[120.899648,23.898558],[120.900485,23.89873],[120.90108,23.899128],[120.901475,23.899699],[120.901612,23.900364],[120.901475,23.901029],[120.90108,23.9016],[120.900485,23.901998],[120.899648,23.90217]]]}},
{"type":"Feature","properties":{"ID":7002000,"redListCat":"VU"},"geometry":{"type":"Polygon","coordinates":[[[120.550022,23.986069],[120.549299,23.985943],[120.548677,23.98558],[120.548195,23.984928],[120.548057,23.984264],[120.548244,23.983495],[120.548677,23.982947],[120.549299,23.982585],[120.550022,23.982458],[120.550745,23.982585],[120.551367,23.982947],[120.5518,23.983495],[120.551987,23.984264],[120.551849,23.984928],[120.551367,23.98558],[120.550745,23.985943],[120.550022,23.986069]]]}},
{"type":"Feature","properties":{"ID":7002039,"redListCat":"VU"},"geometry":{"type":"Polygon","coordinates":[[[121.181815,24.09888],[121.182465,24.099042],[121.182974,24.09936],[121.183351,24.099806],[121.183575,24.100427],[121.183015,24.100166],[121.18231,24.100171],[121.18219,24.099632],[121.181902,24.099185],[121.181815,24.09888]]]}},
{"type":"Feature","properties":{"ID":7012459,"redListCat":"VU"},"geometry":{"type":"Polygon","coordinates":[[[121.181453,24.097852],[121.182076,24.097679],[121.182691,24.097697],[121.183376,24.097946],[121.183838,24.09832],[121.184151,24.098806],[121.184289,24.099471],[121.184193,24.100029],[121.183879,24.100573],[121.183015,24.100166],[121.18231,24.100171],[121.18219,24.099632],[121.181902,24.099185],[121.181453,24.097852]]]}},
{"type":"Feature","properties":{"ID":5008513,"redListCat":"VU"},"geometry":{"type":"Polygon","coordinates":[[[121.317728,24.116585],[121.318077,24.116183],[121.318476,24.115917],[121.318935,24.11575],[121.319424,24.115693],[121.319913,24.11575],[121.320372,24.115917],[121.320771,24.116183],[121.321057,24.116494],[121.319727,24.116487],[121.318691,24.116607],[121.317728,24.116585]]]}},
{"type":"Feature","properties":{"ID":5016305,"redListCat":"VU"},"geometry":{"type":"Polygon","coordinates":[[[121.320373,24.116499],[121.32088,24.116073],[121.321565,24.115824],[121.322302,24.115824],[121.32294,24.116047],[121.321593,24.116452],[121.320373,24.116499]]]}},
{"type":"Feature","properties":{"ID":5055442,"redListCat":"VU"},"geometry":{"type":"Polygon","coordinates":[[[121.240887,24.120692],[121.241639,24.120343],[121.242375,24.120301],[121.243076,24.12051],[121.243714,24.121024],[121.24302,24.121084],[121.242602,24.120947],[121.240887,24.120692]]]}},
{"type":"Feature","properties":{"ID":7065675,"redListCat":"VU"},"geometry":{"type":"Polygon","coordinates":[[[121.263444,24.110261],[121.26272,24.110135],[121.262098,24.109772],[121.261615,24.10912],[121.261477,24.108456],[121.261664,24.107687],[121.262098,24.107139],[121.26272,24.106777],[121.263444,24.10665],[121.264169,24.106777],[121.264791,24.107139],[121.265224,24.107687],[121.265412,24.108456],[121.265274,24.10912],[121.264791,24.109772],[121.264169,24.110135],[121.263444,24.110261]]]}},
{"type":"Feature","properties":{"ID":7067062,"redListCat":"VU"},"geometry":{"type":"Polygon","coordinates":[[[121.219637,24.043981],[121.218913,24.043855],[121.218291,24.043492],[121.217857,24.042945],[121.21767,24.042176],[121.217808,24.041511],[121.218203,24.04094],[121.218913,24.040497],[121.219637,24.04037],[121.22036,24.040497],[121.22107,24.04094],[121.221465,24.041511],[121.221603,24.042176],[121.221416,24.042945],[121.220982,24.043492],[121.22036,24.043855],[121.219637,24.043981]]]}},
{"type":"Feature","properties":{"ID":7069073,"redListCat":"VU"},"geometry":{"type":"Polygon","coordinates":[[[121.229357,24.077859],[121.228519,24.077687],[121.227923,24.077289],[121.227528,24.076718],[121.22739,24.076053],[121.227577,24.075284],[121.22801,24.074736],[121.228633,24.074374],[121.229357,24.074247],[121.230081,24.074374],[121.230703,24.074736],[121.231136,24.075284],[121.231323,24.076053],[121.231185,24.076718],[121.23079,24.077289],[121.230194,24.077687],[121.229357,24.077859]]]}},
{"type":"Feature","properties":{"ID":7176181,"redListCat":"VU"},"geometry":{"type":"Polygon","coordinates":[[[120.899547,23.864926],[120.898711,23.864755],[120.898116,23.864357],[120.897721,23.863785],[120.897583,23.863121],[120.897721,23.862456],[120.898203,23.861804],[120.898824,23.861442],[120.899547,23.861315],[120.90027,23.861442],[120.900891,23.861804],[120.901372,23.862456],[120.90151,23.863121],[120.901372,23.863785],[120.900978,23.864357],[120.900383,23.864755],[120.899547,23.864926]]]}},
{"type":"Feature","properties":{"ID":7188122,"redListCat":"VU"},"geometry":{"type":"Polygon","coordinates":[[[120.834255,23.479076],[120.833534,23.478949],[120.832828,23.478506],[120.832435,23.477935],[120.832297,23.47727],[120.832435,23.476605],[120.832828,23.476034],[120.833422,23.475636],[120.834255,23.475464],[120.835089,23.475636],[120.835682,23.476034],[120.836075,23.476605],[120.836213,23.47727],[120.836075,23.477935],[120.835682,23.478506],[120.834976,23.478949],[120.834255,23.479076]]]}},
{"type":"Feature","properties":{"ID":7055820,"redListCat":"VU"},"geometry":{"type":"Polygon","coordinates":[[[121.218736,24.044003],[121.218012,24.043876],[121.21739,24.043514],[121.216908,24.042862],[121.21677,24.042197],[121.216908,24.041533],[121.217303,24.040961],[121.218012,24.040519],[121.218736,24.040392],[121.21946,24.040519],[121.220169,24.040961],[121.220564,24.041533],[121.220702,24.042197],[121.220564,24.042862],[121.220082,24.043514],[121.21946,24.043876],[121.218736,24.044003]]]}},
{"type":"Feature","properties":{"ID":7151726,"redListCat":"VU"},"geometry":{"type":"Polygon","coordinates":[[[120.667477,23.534619],[120.666756,23.534492],[120.666049,23.53405],[120.665656,23.533478],[120.665518,23.532813],[120.665705,23.532045],[120.666136,23.531497],[120.666756,23.531134],[120.667477,23.531008],[120.668198,23.531134],[120.668818,23.531497],[120.669249,23.532045],[120.669435,23.532813],[120.669298,23.533478],[120.668905,23.53405],[120.668198,23.534492],[120.667477,23.534619]]]}},
{"type":"Feature","properties":{"ID":7150526,"redListCat":"VU"},"geometry":{"type":"Polygon","coordinates":[[[121.219013,24.04405],[121.218289,24.043924],[121.217667,24.043561],[121.217234,24.043014],[121.217047,24.042245],[121.217185,24.04158],[121.21758,24.041009],[121.218289,24.040566],[121.219013,24.040439],[121.219737,24.040566],[121.220447,24.041009],[121.220841,24.04158],[121.220979,24.042245],[121.220792,24.043014],[121.220359,24.043561],[121.219737,24.043924],[121.219013,24.04405]]]}},
{"type":"Feature","properties":{"ID":7171159,"redListCat":"VU"},"geometry":{"type":"Polygon","coordinates":[[[120.92926,23.619385],[120.928539,23.619258],[120.927919,23.618895],[120.927438,23.618244],[120.927301,23.617579],[120.927438,23.616914],[120.927832,23.616343],[120.928539,23.6159],[120.92926,23.615773],[120.929982,23.6159],[120.930689,23.616343],[120.931083,23.616914],[120.93122,23.617579],[120.931083,23.618244],[120.930602,23.618895],[120.929982,23.619258],[120.92926,23.619385]]]}},
{"type":"Feature","properties":{"ID":5010440,"redListCat":"VU"},"geometry":{"type":"Polygon","coordinates":[[[120.79756,23.539323],[120.796839,23.539196],[120.796219,23.538833],[120.795738,23.538181],[120.795601,23.537517],[120.795738,23.536852],[120.796132,23.536281],[120.796726,23.535883],[120.79756,23.535711],[120.798393,23.535883],[120.798987,23.536281],[120.799381,23.536852],[120.799518,23.537517],[120.799381,23.538181],[120.7989,23.538833],[120.798281,23.539196],[120.79756,23.539323]]]}},
{"type":"Feature","properties":{"ID":7065618,"redListCat":"VU"},"geometry":{"type":"Polygon","coordinates":[[[121.134147,24.018328],[121.13331,24.018156],[121.132714,24.017758],[121.132319,24.017187],[121.132181,24.016522],[121.132319,24.015857],[121.132801,24.015206],[121.133423,24.014843],[121.134147,24.014717],[121.134871,24.014843],[121.135493,24.015206],[121.135975,24.015857],[121.136113,24.016522],[121.135975,24.017187],[121.13558,24.017758],[121.134984,24.018156],[121.134147,24.018328]]]}},
{"type":"Feature","properties":{"ID":6982720,"redListCat":"VU"},"geometry":{"type":"Polygon","coordinates":[[[120.799864,23.669054],[120.799143,23.668927],[120.798522,23.668564],[120.79809,23.668017],[120.797904,23.667248],[120.798042,23.666583],[120.798435,23.666012],[120.79903,23.665614],[120.799864,23.665442],[120.800699,23.665614],[120.801294,23.666012],[120.801687,23.666583],[120.801825,23.667248],[120.801638,23.668017],[120.801206,23.668564],[120.800586,23.668927],[120.799864,23.669054]]]}},
{"type":"Feature","properties":{"ID":7009362,"redListCat":"VU"},"geometry":{"type":"Polygon","coordinates":[[[121.282756,24.134635],[121.282031,24.134508],[121.281409,24.134146],[121.280975,24.133598],[121.280788,24.132829],[121.280926,24.132165],[121.281409,24.131513],[121.282031,24.13115],[121.282756,24.131024],[121.28348,24.13115],[121.284103,24.131513],[121.284585,24.132165],[121.284723,24.132829],[121.284536,24.133598],[121.284103,24.134146],[121.28348,24.134508],[121.282756,24.134635]]]}},
{"type":"Feature","properties":{"ID":7018768,"redListCat":"VU"},"geometry":{"type":"Polygon","coordinates":[[[121.219022,24.042816],[121.218299,24.04269],[121.217676,24.042327],[121.217243,24.041779],[121.217056,24.041011],[121.217194,24.040346],[121.217589,24.039774],[121.218185,24.039377],[121.219022,24.039205],[121.21986,24.039377],[121.220456,24.039774],[121.220851,24.040346],[121.220989,24.041011],[121.220801,24.041779],[121.220368,24.042327],[121.219746,24.04269],[121.219022,24.042816]]]}},
{"type":"Feature","properties":{"ID":7068612,"redListCat":"VU"},"geometry":{"type":"Polygon","coordinates":[[[120.683726,23.534488],[120.683005,23.534362],[120.682385,23.533999],[120.681954,23.533451],[120.681767,23.532682],[120.681905,23.532018],[120.682298,23.531446],[120.682892,23.531049],[120.683726,23.530877],[120.68456,23.531049],[120.685154,23.531446],[120.685547,23.532018],[120.685684,23.532682],[120.685498,23.533451],[120.685067,23.533999],[120.684447,23.534362],[120.683726,23.534488]]]}},
{"type":"Feature","properties":{"ID":7026750,"redListCat":"VU"},"geometry":{"type":"Polygon","coordinates":[[[120.49305,24.184836],[120.492247,24.184945],[120.491532,24.184776],[120.490935,24.184379],[120.49054,24.183807],[120.490402,24.183143],[120.490589,24.182374],[120.491023,24.181826],[120.491646,24.181464],[120.49237,24.181337],[120.493095,24.181464],[120.493718,24.181826],[120.4942,24.182478],[120.494335,24.183256],[120.494151,24.183911],[120.493747,24.184432],[120.492983,24.184721],[120.49305,24.184836]]]}},
{"type":"Feature","properties":{"ID":6981897,"redListCat":"VU"},"geometry":{"type":"Polygon","coordinates":[[[121.311728,24.092905],[121.311003,24.092778],[121.310381,24.092415],[121.309899,24.091764],[121.309761,24.091099],[121.309899,24.090434],[121.310294,24.089863],[121.311003,24.08942],[121.311728,24.089293],[121.312452,24.08942],[121.313161,24.089863],[121.313556,24.090434],[121.313694,24.091099],[121.313556,24.091764],[121.313074,24.092415],[121.312452,24.092778],[121.311728,24.092905]]]}},
{"type":"Feature","properties":{"ID":7064585,"redListCat":"VU"},"geometry":{"type":"Polygon","coordinates":[[[121.268516,24.12065],[121.267791,24.120523],[121.267081,24.120081],[121.266686,24.119509],[121.266548,24.118845],[121.266736,24.118076],[121.267169,24.117528],[121.267791,24.117166],[121.268516,24.117039],[121.26924,24.117166],[121.269862,24.117528],[121.270296,24.118076],[121.270483,24.118845],[121.270345,24.119509],[121.26995,24.120081],[121.26924,24.120523],[121.268516,24.12065]]]}},
{"type":"Feature","properties":{"ID":7041449,"redListCat":"VU"},"geometry":{"type":"Polygon","coordinates":[[[120.95472,23.48888],[120.953999,23.488753],[120.953292,23.48831],[120.952899,23.487738],[120.952762,23.487074],[120.952948,23.486305],[120.953379,23.485757],[120.953999,23.485395],[120.95472,23.485268],[120.95544,23.485395],[120.95606,23.485757],[120.956491,23.486305],[120.956677,23.487074],[120.95654,23.487738],[120.956147,23.48831],[120.95544,23.488753],[120.95472,23.48888]]]}},
{"type":"Feature","properties":{"ID":5004609,"redListCat":"VU"},"geometry":{"type":"Polygon","coordinates":[[[121.147952,23.754611],[121.14723,23.754485],[121.146609,23.754122],[121.146128,23.75347],[121.145991,23.752806],[121.146128,23.752141],[121.146522,23.75157],[121.14723,23.751127],[121.147952,23.751],[121.148675,23.751127],[121.149383,23.75157],[121.149777,23.752141],[121.149914,23.752806],[121.149777,23.75347],[121.149295,23.754122],[121.148675,23.754485],[121.147952,23.754611]]]}},
{"type":"Feature","properties":{"ID":5015172,"redListCat":"VU"},"geometry":{"type":"Polygon","coordinates":[[[120.91146,23.492663],[120.910739,23.492536],[120.910119,23.492173],[120.909688,23.491626],[120.909502,23.490857],[120.909639,23.490192],[120.910032,23.489621],[120.910626,23.489223],[120.91146,23.489051],[120.912293,23.489223],[120.912887,23.489621],[120.91328,23.490192],[120.913417,23.490857],[120.913231,23.491626],[120.9128,23.492173],[120.91218,23.492536],[120.91146,23.492663]]]}},
{"type":"Feature","properties":{"ID":5017745,"redListCat":"VU"},"geometry":{"type":"Polygon","coordinates":[[[120.911199,23.487528],[120.910478,23.487401],[120.909858,23.487039],[120.909378,23.486387],[120.909241,23.485722],[120.909378,23.485057],[120.909771,23.484486],[120.910478,23.484043],[120.911199,23.483916],[120.911919,23.484043],[120.912626,23.484486],[120.913019,23.485057],[120.913156,23.485722],[120.913019,23.486387],[120.912539,23.487039],[120.911919,23.487401],[120.911199,23.487528]]]}},
{"type":"Feature","properties":{"ID":5022960,"redListCat":"VU"},"geometry":{"type":"Polygon","coordinates":[[[120.903203,23.480873],[120.902482,23.480746],[120.901862,23.480384],[120.901382,23.479732],[120.901245,23.479067],[120.901382,23.478402],[120.901775,23.477831],[120.902482,23.477388],[120.903203,23.477261],[120.903923,23.477388],[120.90463,23.477831],[120.905023,23.478402],[120.90516,23.479067],[120.905023,23.479732],[120.904543,23.480384],[120.903923,23.480746],[120.903203,23.480873]]]}},
{"type":"Feature","properties":{"ID":5025545,"redListCat":"VU"},"geometry":{"type":"Polygon","coordinates":[[[120.89935,23.483348],[120.89863,23.483221],[120.89801,23.482858],[120.897579,23.482311],[120.897393,23.481542],[120.89753,23.480877],[120.897923,23.480306],[120.898517,23.479908],[120.89935,23.479736],[120.900184,23.479908],[120.900778,23.480306],[120.901171,23.480877],[120.901308,23.481542],[120.901122,23.482311],[120.900691,23.482858],[120.900071,23.483221],[120.89935,23.483348]]]}},
{"type":"Feature","properties":{"ID":5025546,"redListCat":"VU"},"geometry":{"type":"Polygon","coordinates":[[[120.86846,23.511801],[120.86774,23.511674],[120.86712,23.511312],[120.866689,23.510764],[120.866502,23.509995],[120.86664,23.50933],[120.86712,23.508679],[120.86774,23.508316],[120.86846,23.508189],[120.869181,23.508316],[120.869801,23.508679],[120.870281,23.50933],[120.870419,23.509995],[120.870232,23.510764],[120.869801,23.511312],[120.869181,23.511674],[120.86846,23.511801]]]}},
{"type":"Feature","properties":{"ID":5028115,"redListCat":"VU"},"geometry":{"type":"Polygon","coordinates":[[[120.925606,23.514844],[120.924885,23.514717],[120.924179,23.514274],[120.923785,23.513703],[120.923648,23.513038],[120.923785,23.512373],[120.924179,23.511802],[120.924885,23.511359],[120.925606,23.511232],[120.926327,23.511359],[120.927034,23.511802],[120.927427,23.512373],[120.927564,23.513038],[120.927427,23.513703],[120.927034,23.514274],[120.926327,23.514717],[120.925606,23.514844]]]}},
{"type":"Feature","properties":{"ID":5029381,"redListCat":"VU"},"geometry":{"type":"Polygon","coordinates":[[[120.903622,23.483909],[120.902902,23.483782],[120.902282,23.483419],[120.901851,23.482872],[120.901664,23.482103],[120.901802,23.481438],[120.902195,23.480867],[120.902789,23.480469],[120.903622,23.480297],[120.904456,23.480469],[120.905049,23.480867],[120.905443,23.481438],[120.90558,23.482103],[120.905394,23.482872],[120.904962,23.483419],[120.904343,23.483782],[120.903622,23.483909]]]}},
{"type":"Feature","properties":{"ID":5030748,"redListCat":"VU"},"geometry":{"type":"Polygon","coordinates":[[[120.869904,23.519453],[120.869183,23.519326],[120.868563,23.518963],[120.868083,23.518311],[120.867946,23.517647],[120.868083,23.516982],[120.868476,23.51641],[120.869183,23.515968],[120.869904,23.515841],[120.870625,23.515968],[120.871332,23.51641],[120.871725,23.516982],[120.871862,23.517647],[120.871725,23.518311],[120.871245,23.518963],[120.870625,23.519326],[120.869904,23.519453]]]}},
{"type":"Feature","properties":{"ID":5051659,"redListCat":"VU"},"geometry":{"type":"Polygon","coordinates":[[[120.906471,23.488809],[120.90575,23.488683],[120.90513,23.48832],[120.904699,23.487772],[120.904513,23.487004],[120.904699,23.486235],[120.90513,23.485687],[120.90575,23.485325],[120.906471,23.485198],[120.907191,23.485325],[120.907811,23.485687],[120.908242,23.486235],[120.908429,23.487004],[120.908242,23.487772],[120.907811,23.48832],[120.907191,23.488683],[120.906471,23.488809]]]}},
{"type":"Feature","properties":{"ID":5052976,"redListCat":"VU"},"geometry":{"type":"Polygon","coordinates":[[[120.780081,23.531739],[120.779248,23.531567],[120.778654,23.531169],[120.77826,23.530598],[120.778123,23.529933],[120.778261,23.529268],[120.778654,23.528697],[120.779248,23.528299],[120.780081,23.528127],[120.780915,23.528299],[120.781509,23.528697],[120.781902,23.529268],[120.78204,23.529933],[120.781902,23.530598],[120.781509,23.531169],[120.780915,23.531567],[120.780081,23.531739]]]}},
{"type":"Feature","properties":{"ID":5059540,"redListCat":"VU"},"geometry":{"type":"Polygon","coordinates":[[[120.866711,23.510736],[120.86599,23.510609],[120.86537,23.510247],[120.86489,23.509595],[120.864753,23.50893],[120.86489,23.508266],[120.865284,23.507694],[120.86599,23.507251],[120.866711,23.507125],[120.867432,23.507251],[120.868138,23.507694],[120.868532,23.508266],[120.868669,23.50893],[120.868532,23.509595],[120.868051,23.510247],[120.867432,23.510609],[120.866711,23.510736]]]}},
{"type":"Feature","properties":{"ID":5071187,"redListCat":"VU"},"geometry":{"type":"Polygon","coordinates":[[[120.816707,23.555929],[120.815872,23.555758],[120.815279,23.55536],[120.814885,23.554788],[120.814748,23.554124],[120.814885,23.553459],[120.815279,23.552887],[120.815985,23.552445],[120.816707,23.552318],[120.817428,23.552445],[120.818134,23.552887],[120.818528,23.553459],[120.818665,23.554124],[120.818528,23.554788],[120.818135,23.55536],[120.817541,23.555758],[120.816707,23.555929]]]}},
{"type":"Feature","properties":{"ID":5073831,"redListCat":"VU"},"geometry":{"type":"Polygon","coordinates":[[[120.902234,23.483406],[120.901513,23.48328],[120.900894,23.482917],[120.900462,23.482369],[120.900276,23.481601],[120.900413,23.480936],[120.900894,23.480284],[120.901513,23.479921],[120.902234,23.479795],[120.902954,23.479921],[120.903574,23.480284],[120.904054,23.480936],[120.904192,23.481601],[120.904005,23.482369],[120.903574,23.482917],[120.902954,23.48328],[120.902234,23.483406]]]}},
{"type":"Feature","properties":{"ID":5075209,"redListCat":"VU"},"geometry":{"type":"Polygon","coordinates":[[[120.87113,23.514368],[120.870297,23.514196],[120.869703,23.513798],[120.86931,23.513227],[120.869172,23.512562],[120.869358,23.511793],[120.86979,23.511245],[120.870409,23.510883],[120.87113,23.510756],[120.871851,23.510883],[120.872471,23.511245],[120.872902,23.511793],[120.873089,23.512562],[120.872951,23.513227],[120.872558,23.513798],[120.871964,23.514196],[120.87113,23.514368]]]}},
{"type":"Feature","properties":{"ID":5077873,"redListCat":"VU"},"geometry":{"type":"Polygon","coordinates":[[[120.810396,23.558536],[120.809675,23.558409],[120.809055,23.558047],[120.808575,23.557395],[120.808437,23.55673],[120.808624,23.555961],[120.809055,23.555414],[120.809675,23.555051],[120.810396,23.554924],[120.811117,23.555051],[120.811737,23.555414],[120.812169,23.555961],[120.812355,23.55673],[120.812218,23.557395],[120.811737,23.558047],[120.811117,23.558409],[120.810396,23.558536]]]}},
{"type":"Feature","properties":{"ID":5079224,"redListCat":"VU"},"geometry":{"type":"Polygon","coordinates":[[[120.897849,23.487042],[120.897129,23.486915],[120.896509,23.486552],[120.896078,23.486005],[120.895892,23.485236],[120.896029,23.484571],[120.896422,23.484],[120.897129,23.483557],[120.897849,23.48343],[120.89857,23.483557],[120.899277,23.484],[120.89967,23.484571],[120.899807,23.485236],[120.899621,23.486005],[120.89919,23.486552],[120.89857,23.486915],[120.897849,23.487042]]]}},
{"type":"Feature","properties":{"ID":6985817,"redListCat":"VU"},"geometry":{"type":"Polygon","coordinates":[[[120.769033,23.529974],[120.768312,23.529847],[120.767605,23.529405],[120.767212,23.528833],[120.767074,23.528168],[120.767212,23.527504],[120.767605,23.526932],[120.768199,23.526534],[120.769033,23.526362],[120.769867,23.526534],[120.77046,23.526932],[120.770854,23.527504],[120.770991,23.528168],[120.770854,23.528833],[120.77046,23.529405],[120.769754,23.529847],[120.769033,23.529974]]]}},
{"type":"Feature","properties":{"ID":6990138,"redListCat":"VU"},"geometry":{"type":"Polygon","coordinates":[[[121.253126,23.960277],[121.252403,23.960151],[121.251694,23.959708],[121.251299,23.959136],[121.251161,23.958472],[121.251348,23.957703],[121.251781,23.957155],[121.252403,23.956793],[121.253126,23.956666],[121.25385,23.956793],[121.254471,23.957155],[121.254904,23.957703],[121.255091,23.958472],[121.254953,23.959136],[121.254559,23.959708],[121.25385,23.960151],[121.253126,23.960277]]]}},
{"type":"Feature","properties":{"ID":6991260,"redListCat":"VU"},"geometry":{"type":"Polygon","coordinates":[[[120.771653,23.676811],[120.770931,23.676685],[120.770311,23.676322],[120.76983,23.67567],[120.769693,23.675006],[120.76983,23.674341],[120.770311,23.673689],[120.770931,23.673327],[120.771653,23.6732],[120.772375,23.673327],[120.772995,23.673689],[120.773476,23.674341],[120.773614,23.675006],[120.773476,23.67567],[120.772995,23.676322],[120.772375,23.676685],[120.771653,23.676811]]]}},
{"type":"Feature","properties":{"ID":6998333,"redListCat":"VU"},"geometry":{"type":"Polygon","coordinates":[[[121.217282,24.115925],[121.216812,24.115285],[121.216674,24.11462],[121.216812,24.113955],[121.217207,24.113384],[121.217803,24.112986],[121.218518,24.112818],[121.219365,24.112941],[121.219988,24.113304],[121.22047,24.113955],[121.220608,24.11462],[121.22047,24.115285],[121.220075,24.115856],[121.219695,24.116145],[121.219233,24.116342],[121.218581,24.116191],[121.218144,24.116174],[121.217282,24.115925]]]}},
{"type":"Feature","properties":{"ID":7000157,"redListCat":"VU"},"geometry":{"type":"Polygon","coordinates":[[[121.150448,23.698135],[121.149613,23.697963],[121.149019,23.697565],[121.148625,23.696994],[121.148487,23.696329],[121.148625,23.695664],[121.149106,23.695012],[121.149726,23.69465],[121.150448,23.694523],[121.15117,23.69465],[121.151791,23.695012],[121.152271,23.695664],[121.152409,23.696329],[121.152271,23.696994],[121.151878,23.697565],[121.151283,23.697963],[121.150448,23.698135]]]}},
{"type":"Feature","properties":{"ID":7009317,"redListCat":"VU"},"geometry":{"type":"Polygon","coordinates":[[[121.18144,24.097832],[121.182136,24.097626],[121.182751,24.097644],[121.183436,24.097893],[121.183898,24.098266],[121.184211,24.098753],[121.184349,24.099417],[121.184211,24.100082],[121.183889,24.100578],[121.183015,24.100166],[121.18231,24.100171],[121.18219,24.099632],[121.181902,24.099185],[121.18144,24.097832]]]}},
{"type":"Feature","properties":{"ID":6983840,"redListCat":"VU"},"geometry":{"type":"Polygon","coordinates":[[[120.717484,23.617947],[120.716762,23.61782],[120.716055,23.617377],[120.715662,23.616806],[120.715524,23.616141],[120.715711,23.615372],[120.716142,23.614824],[120.716762,23.614462],[120.717484,23.614335],[120.718205,23.614462],[120.718825,23.614824],[120.719257,23.615372],[120.719444,23.616141],[120.719306,23.616806],[120.718913,23.617377],[120.718205,23.61782],[120.717484,23.617947]]]}}
]
}
